{
  "median": {
    "02-2020": 0.0318453459,
    "04-2020": 0.0270715918,
    "06-2020": 0.0240967742,
    "08-2020": 0.0196081447,
    "10-2020": 0.0162272473,
    "12-2020": 0.0132808368,
    "02-2021": 0.0114723173,
    "04-2021": 0.0083339121,
    "06-2021": 0.0043956256,
    "08-2021": 0.0040241612,
    "10-2021": 0.0037607273,
    "12-2021": 0,
    "02-2022": 0,
    "04-2022": 0,
    "06-2022": 0,
    "08-2022": 0,
    "10-2022": 0,
    "12-2022": 0,
    "02-2023": 0,
    "04-2023": 0,
    "06-2023": 0,
    "08-2023": 0,
    "10-2023": 0,
    "12-2023": 0,
    "02-2024": 0,
    "04-2024": 0,
    "06-2024": 0,
    "08-2024": 0,
    "10-2024": 0,
    "12-2024": 0,
    "02-2025": 0,
    "04-2025": 0,
    "06-2025": 0,
    "08-2025": 0,
    "10-2025": 0,
    "12-2025": 0,
    "02-2026": 0,
    "04-2026": 0,
    "06-2026": 0,
    "08-2026": 0,
    "10-2026": 0,
    "12-2026": 0,
    "02-2027": 0,
    "04-2027": 0,
    "06-2027": 0,
    "08-2027": 0,
    "10-2027": 0,
    "12-2027": 0,
    "02-2028": 0,
    "04-2028": 0,
    "06-2028": 0,
    "08-2028": 0,
    "10-2028": 0,
    "12-2028": 0,
    "02-2029": 0,
    "04-2029": 0,
    "06-2029": 0,
    "08-2029": 0,
    "10-2029": 0,
    "12-2029": 0,
    "02-2030": 0,
    "04-2030": 0,
    "06-2030": 0,
    "08-2030": 0,
    "10-2030": 0,
    "12-2030": 0
  },
  "percentile_25": {
    "02-2020": 0.0159370079,
    "04-2020": 0.0126994681,
    "06-2020": 0.012195122,
    "08-2020": 0.0078431373,
    "10-2020": 0.0043480705,
    "12-2020": 0.0041538066,
    "02-2021": 0.003798925,
    "04-2021": 0,
    "06-2021": 0,
    "08-2021": 0,
    "10-2021": 0,
    "12-2021": 0,
    "02-2022": 0,
    "04-2022": 0,
    "06-2022": 0,
    "08-2022": 0,
    "10-2022": 0,
    "12-2022": 0,
    "02-2023": 0,
    "04-2023": 0,
    "06-2023": 0,
    "08-2023": 0,
    "10-2023": 0,
    "12-2023": 0,
    "02-2024": 0,
    "04-2024": 0,
    "06-2024": 0,
    "08-2024": 0,
    "10-2024": 0,
    "12-2024": 0,
    "02-2025": 0,
    "04-2025": 0,
    "06-2025": 0,
    "08-2025": 0,
    "10-2025": 0,
    "12-2025": 0,
    "02-2026": 0,
    "04-2026": 0,
    "06-2026": 0,
    "08-2026": 0,
    "10-2026": 0,
    "12-2026": 0,
    "02-2027": 0,
    "04-2027": 0,
    "06-2027": 0,
    "08-2027": 0,
    "10-2027": 0,
    "12-2027": 0,
    "02-2028": 0,
    "04-2028": 0,
    "06-2028": 0,
    "08-2028": 0,
    "10-2028": 0,
    "12-2028": 0,
    "02-2029": 0,
    "04-2029": 0,
    "06-2029": 0,
    "08-2029": 0,
    "10-2029": 0,
    "12-2029": 0,
    "02-2030": 0,
    "04-2030": 0,
    "06-2030": 0,
    "08-2030": 0,
    "10-2030": 0,
    "12-2030": 0
  },
  "percentile_75": {
    "02-2020": 0.0552893738,
    "04-2020": 0.0525027056,
    "06-2020": 0.0500482625,
    "08-2020": 0.0445948396,
    "10-2020": 0.041314628,
    "12-2020": 0.032945377,
    "02-2021": 0.0261752137,
    "04-2021": 0.0214721527,
    "06-2021": 0.0167016807,
    "08-2021": 0.0135135135,
    "10-2021": 0.0124873601,
    "12-2021": 0.0095699918,
    "02-2022": 0.0113975428,
    "04-2022": 0.0088601818,
    "06-2022": 0.0089285714,
    "08-2022": 0.0094639562,
    "10-2022": 0.0117790574,
    "12-2022": 0.0119773519,
    "02-2023": 0.0131723858,
    "04-2023": 0.0157510081,
    "06-2023": 0.0191940709,
    "08-2023": 0.0177774973,
    "10-2023": 0.018215859,
    "12-2023": 0.0201110779,
    "02-2024": 0.0175571844,
    "04-2024": 0.0224417419,
    "06-2024": 0.0270355256,
    "08-2024": 0.0324935552,
    "10-2024": 0.0362486104,
    "12-2024": 0.0364562261,
    "02-2025": 0.0449421513,
    "04-2025": 0.0529116654,
    "06-2025": 0.0652033376,
    "08-2025": 0.0789467472,
    "10-2025": 0.0810389005,
    "12-2025": 0.1056985294,
    "02-2026": 0.1248300031,
    "04-2026": 0.1602291278,
    "06-2026": 0.1632378472,
    "08-2026": 0.168946932,
    "10-2026": 0.1914337588,
    "12-2026": 0.2174887443,
    "02-2027": 0.2476070733,
    "04-2027": 0.3036792142,
    "06-2027": 0.3228659885,
    "08-2027": 0.3326410829,
    "10-2027": 0.3235708335,
    "12-2027": 0.3572966507,
    "02-2028": 0.3867129886,
    "04-2028": 0.4176808228,
    "06-2028": 0.4304040404,
    "08-2028": 0.4426904598,
    "10-2028": 0.4525248933,
    "12-2028": 0.4421134705,
    "02-2029": 0.4433487918,
    "04-2029": 0.4350574713,
    "06-2029": 0.4210481789,
    "08-2029": 0.4303209768,
    "10-2029": 0.4319682183,
    "12-2029": 0.421201089,
    "02-2030": 0.4255152602,
    "04-2030": 0.4207717216,
    "06-2030": 0.4258282623,
    "08-2030": 0.4062365937,
    "10-2030": 0.4009259259,
    "12-2030": 0.3975041623
  }
}
