{
  "median": {
    "02-2020": 0.0336140388,
    "04-2020": 0.0360367672,
    "06-2020": 0.0377754876,
    "08-2020": 0.0358571429,
    "10-2020": 0.0338449429,
    "12-2020": 0.0334939126,
    "02-2021": 0.0276588769,
    "04-2021": 0.0224219755,
    "06-2021": 0.0189568015,
    "08-2021": 0.0131884058,
    "10-2021": 0.0114723173,
    "12-2021": 0.0078741378,
    "02-2022": 0.0041666667,
    "04-2022": 0.0040568118,
    "06-2022": 0,
    "08-2022": 0,
    "10-2022": 0,
    "12-2022": 0,
    "02-2023": 0,
    "04-2023": 0,
    "06-2023": 0,
    "08-2023": 0,
    "10-2023": 0,
    "12-2023": 0,
    "02-2024": 0,
    "04-2024": 0,
    "06-2024": 0,
    "08-2024": 0,
    "10-2024": 0,
    "12-2024": 0,
    "02-2025": 0,
    "04-2025": 0,
    "06-2025": 0,
    "08-2025": 0,
    "10-2025": 0,
    "12-2025": 0,
    "02-2026": 0,
    "04-2026": 0,
    "06-2026": 0,
    "08-2026": 0,
    "10-2026": 0,
    "12-2026": 0,
    "02-2027": 0,
    "04-2027": 0,
    "06-2027": 0,
    "08-2027": 0,
    "10-2027": 0,
    "12-2027": 0,
    "02-2028": 0,
    "04-2028": 0,
    "06-2028": 0,
    "08-2028": 0,
    "10-2028": 0,
    "12-2028": 0,
    "02-2029": 0,
    "04-2029": 0,
    "06-2029": 0,
    "08-2029": 0,
    "10-2029": 0,
    "12-2029": 0,
    "02-2030": 0,
    "04-2030": 0,
    "06-2030": 0,
    "08-2030": 0,
    "10-2030": 0,
    "12-2030": 0
  },
  "percentile_25": {
    "02-2020": 0.0169326241,
    "04-2020": 0.0157639575,
    "06-2020": 0.0154447009,
    "08-2020": 0.014925992,
    "10-2020": 0.0150281955,
    "12-2020": 0.0120973595,
    "02-2021": 0.0096827405,
    "04-2021": 0.0084567725,
    "06-2021": 0.0077370304,
    "08-2021": 0.0038872802,
    "10-2021": 0,
    "12-2021": 0,
    "02-2022": 0,
    "04-2022": 0,
    "06-2022": 0,
    "08-2022": 0,
    "10-2022": 0,
    "12-2022": 0,
    "02-2023": 0,
    "04-2023": 0,
    "06-2023": 0,
    "08-2023": 0,
    "10-2023": 0,
    "12-2023": 0,
    "02-2024": 0,
    "04-2024": 0,
    "06-2024": 0,
    "08-2024": 0,
    "10-2024": 0,
    "12-2024": 0,
    "02-2025": 0,
    "04-2025": 0,
    "06-2025": 0,
    "08-2025": 0,
    "10-2025": 0,
    "12-2025": 0,
    "02-2026": 0,
    "04-2026": 0,
    "06-2026": 0,
    "08-2026": 0,
    "10-2026": 0,
    "12-2026": 0,
    "02-2027": 0,
    "04-2027": 0,
    "06-2027": 0,
    "08-2027": 0,
    "10-2027": 0,
    "12-2027": 0,
    "02-2028": 0,
    "04-2028": 0,
    "06-2028": 0,
    "08-2028": 0,
    "10-2028": 0,
    "12-2028": 0,
    "02-2029": 0,
    "04-2029": 0,
    "06-2029": 0,
    "08-2029": 0,
    "10-2029": 0,
    "12-2029": 0,
    "02-2030": 0,
    "04-2030": 0,
    "06-2030": 0,
    "08-2030": 0,
    "10-2030": 0,
    "12-2030": 0
  },
  "percentile_75": {
    "02-2020": 0.0655895943,
    "04-2020": 0.0711904762,
    "06-2020": 0.0798412775,
    "08-2020": 0.0732763172,
    "10-2020": 0.0710298346,
    "12-2020": 0.0702097039,
    "02-2021": 0.0575231095,
    "04-2021": 0.0503030155,
    "06-2021": 0.0448070772,
    "08-2021": 0.0326865172,
    "10-2021": 0.0286007026,
    "12-2021": 0.0211032774,
    "02-2022": 0.0160804508,
    "04-2022": 0.0121225643,
    "06-2022": 0.0086769126,
    "08-2022": 0.0083249067,
    "10-2022": 0.007626499,
    "12-2022": 0.0072466643,
    "02-2023": 0.0039880478,
    "04-2023": 0.0038685155,
    "06-2023": 0,
    "08-2023": 0,
    "10-2023": 0,
    "12-2023": 0,
    "02-2024": 0,
    "04-2024": 0,
    "06-2024": 0,
    "08-2024": 0,
    "10-2024": 0,
    "12-2024": 0,
    "02-2025": 0,
    "04-2025": 0,
    "06-2025": 0,
    "08-2025": 0,
    "10-2025": 0,
    "12-2025": 0.0009469697,
    "02-2026": 0,
    "04-2026": 0,
    "06-2026": 0.0009765625,
    "08-2026": 0.0009765625,
    "10-2026": 0,
    "12-2026": 0,
    "02-2027": 0,
    "04-2027": 0,
    "06-2027": 0,
    "08-2027": 0,
    "10-2027": 0,
    "12-2027": 0,
    "02-2028": 0,
    "04-2028": 0,
    "06-2028": 0,
    "08-2028": 0,
    "10-2028": 0,
    "12-2028": 0,
    "02-2029": 0,
    "04-2029": 0,
    "06-2029": 0,
    "08-2029": 0,
    "10-2029": 0,
    "12-2029": 0,
    "02-2030": 0,
    "04-2030": 0,
    "06-2030": 0,
    "08-2030": 0,
    "10-2030": 0.0008865248,
    "12-2030": 0
  }
}
