{
  "median": {
    "02-2020": 0.032130587,
    "04-2020": 0.0289256198,
    "06-2020": 0.0254787407,
    "08-2020": 0.0242918961,
    "10-2020": 0.024640761,
    "12-2020": 0.0247938118,
    "02-2021": 0.022173058,
    "04-2021": 0.0206615098,
    "06-2021": 0.0195701461,
    "08-2021": 0.0174702472,
    "10-2021": 0.0169870523,
    "12-2021": 0.0161945974,
    "02-2022": 0.014733015,
    "04-2022": 0.0120748299,
    "06-2022": 0.0120724835,
    "08-2022": 0.0114957717,
    "10-2022": 0.0109494885,
    "12-2022": 0.0082474577,
    "02-2023": 0.0084033613,
    "04-2023": 0.0081306187,
    "06-2023": 0.0058008658,
    "08-2023": 0.0076484352,
    "10-2023": 0.0044351349,
    "12-2023": 0.0081634013,
    "02-2024": 0.0084585122,
    "04-2024": 0.0115610799,
    "06-2024": 0.011884963,
    "08-2024": 0.014681321,
    "10-2024": 0.0159152033,
    "12-2024": 0.018053388,
    "02-2025": 0.0173429959,
    "04-2025": 0.0201296509,
    "06-2025": 0.0229412022,
    "08-2025": 0.0217590255,
    "10-2025": 0.024640761,
    "12-2025": 0.0282258065,
    "02-2026": 0.0287121556,
    "04-2026": 0.0325466784,
    "06-2026": 0.0340989173,
    "08-2026": 0.0383797054,
    "10-2026": 0.0352413793,
    "12-2026": 0.0417628458,
    "02-2027": 0.0411764706,
    "04-2027": 0.0458973234,
    "06-2027": 0.0506839945,
    "08-2027": 0.0525291829,
    "10-2027": 0.0548558897,
    "12-2027": 0.0556489428,
    "02-2028": 0.0600479185,
    "04-2028": 0.0731314836,
    "06-2028": 0.0755722208,
    "08-2028": 0.0771976796,
    "10-2028": 0.0794595037,
    "12-2028": 0.0885291031,
    "02-2029": 0.0909090909,
    "04-2029": 0.090460853,
    "06-2029": 0.098737886,
    "08-2029": 0.1025071097,
    "10-2029": 0.1113758553,
    "12-2029": 0.1111127422,
    "02-2030": 0.1209611172,
    "04-2030": 0.132724935,
    "06-2030": 0.139336587,
    "08-2030": 0.1291488191,
    "10-2030": 0.1497567807,
    "12-2030": 0.1608168246
  },
  "percentile_25": {
    "02-2020": 0.0161128385,
    "04-2020": 0.0125262591,
    "06-2020": 0.0120361446,
    "08-2020": 0.0084038027,
    "10-2020": 0.0082136558,
    "12-2020": 0.0074978338,
    "02-2021": 0.0045722926,
    "04-2021": 0.0040941787,
    "06-2021": 0.003944819,
    "08-2021": 0.0028735632,
    "10-2021": 0.0028846154,
    "12-2021": 0,
    "02-2022": 0,
    "04-2022": 0,
    "06-2022": 0,
    "08-2022": 0,
    "10-2022": 0,
    "12-2022": 0,
    "02-2023": 0,
    "04-2023": 0,
    "06-2023": 0,
    "08-2023": 0,
    "10-2023": 0,
    "12-2023": 0,
    "02-2024": 0,
    "04-2024": 0,
    "06-2024": 0,
    "08-2024": 0,
    "10-2024": 0,
    "12-2024": 0,
    "02-2025": 0,
    "04-2025": 0,
    "06-2025": 0,
    "08-2025": 0,
    "10-2025": 0,
    "12-2025": 0,
    "02-2026": 0,
    "04-2026": 0,
    "06-2026": 0,
    "08-2026": 0,
    "10-2026": 0,
    "12-2026": 0,
    "02-2027": 0,
    "04-2027": 0,
    "06-2027": 0,
    "08-2027": 0,
    "10-2027": 0,
    "12-2027": 0,
    "02-2028": 0,
    "04-2028": 0,
    "06-2028": 0,
    "08-2028": 0,
    "10-2028": 0,
    "12-2028": 0,
    "02-2029": 0,
    "04-2029": 0,
    "06-2029": 0,
    "08-2029": 0,
    "10-2029": 0,
    "12-2029": 0,
    "02-2030": 0,
    "04-2030": 0,
    "06-2030": 0,
    "08-2030": 0,
    "10-2030": 0,
    "12-2030": 0
  },
  "percentile_75": {
    "02-2020": 0.0583943515,
    "04-2020": 0.0550930869,
    "06-2020": 0.0549104269,
    "08-2020": 0.0515873016,
    "10-2020": 0.0521086142,
    "12-2020": 0.0542124155,
    "02-2021": 0.050209205,
    "04-2021": 0.0438130386,
    "06-2021": 0.0417062738,
    "08-2021": 0.0399206387,
    "10-2021": 0.0417461832,
    "12-2021": 0.0461391019,
    "02-2022": 0.0423044843,
    "04-2022": 0.0421195652,
    "06-2022": 0.0384615385,
    "08-2022": 0.0387635649,
    "10-2022": 0.040373444,
    "12-2022": 0.0421497437,
    "02-2023": 0.043564871,
    "04-2023": 0.0493852459,
    "06-2023": 0.0508628659,
    "08-2023": 0.0542233264,
    "10-2023": 0.0589481555,
    "12-2023": 0.0696563853,
    "02-2024": 0.0727192222,
    "04-2024": 0.0788497217,
    "06-2024": 0.0880109364,
    "08-2024": 0.1085087812,
    "10-2024": 0.122954023,
    "12-2024": 0.1467023173,
    "02-2025": 0.18252509,
    "04-2025": 0.2173202614,
    "06-2025": 0.256664459,
    "08-2025": 0.2729347501,
    "10-2025": 0.3137544578,
    "12-2025": 0.3569965569,
    "02-2026": 0.3953346631,
    "04-2026": 0.4457248627,
    "06-2026": 0.4866798291,
    "08-2026": 0.5261696025,
    "10-2026": 0.5387338561,
    "12-2026": 0.550105042,
    "02-2027": 0.553006993,
    "04-2027": 0.5480151474,
    "06-2027": 0.5406665994,
    "08-2027": 0.5425281955,
    "10-2027": 0.5408412145,
    "12-2027": 0.5374703161,
    "02-2028": 0.5288388733,
    "04-2028": 0.5248590789,
    "06-2028": 0.522280404,
    "08-2028": 0.5093345478,
    "10-2028": 0.506703523,
    "12-2028": 0.5158768037,
    "02-2029": 0.5190286694,
    "04-2029": 0.5205040881,
    "06-2029": 0.5127272727,
    "08-2029": 0.5018126931,
    "10-2029": 0.4878652098,
    "12-2029": 0.4920268365,
    "02-2030": 0.4766389569,
    "04-2030": 0.4699197861,
    "06-2030": 0.4823584983,
    "08-2030": 0.4723062736,
    "10-2030": 0.4693065895,
    "12-2030": 0.4663322884
  }
}
