{
  "median": {
    "02-2020": 0.032130587,
    "04-2020": 0.0289256198,
    "06-2020": 0.0254787407,
    "08-2020": 0.0242918961,
    "10-2020": 0.024640761,
    "12-2020": 0.0247938118,
    "02-2021": 0.022173058,
    "04-2021": 0.0206615098,
    "06-2021": 0.0195701461,
    "08-2021": 0.0174702472,
    "10-2021": 0.0169870523,
    "12-2021": 0.0161945974,
    "02-2022": 0.014733015,
    "04-2022": 0.0120748299,
    "06-2022": 0.0120724835,
    "08-2022": 0.0114957717,
    "10-2022": 0.0109494885,
    "12-2022": 0.0082474577,
    "02-2023": 0.00842109,
    "04-2023": 0.008016837,
    "06-2023": 0.0058392748,
    "08-2023": 0.0074923183,
    "10-2023": 0.0041666667,
    "12-2023": 0.0040822447,
    "02-2024": 0.0040901335,
    "04-2024": 0.0040323236,
    "06-2024": 0.0039526309,
    "08-2024": 0.0038095376,
    "10-2024": 0.0019230769,
    "12-2024": 0,
    "02-2025": 0,
    "04-2025": 0,
    "06-2025": 0,
    "08-2025": 0,
    "10-2025": 0,
    "12-2025": 0,
    "02-2026": 0,
    "04-2026": 0,
    "06-2026": 0,
    "08-2026": 0,
    "10-2026": 0,
    "12-2026": 0,
    "02-2027": 0,
    "04-2027": 0,
    "06-2027": 0,
    "08-2027": 0,
    "10-2027": 0,
    "12-2027": 0,
    "02-2028": 0,
    "04-2028": 0,
    "06-2028": 0,
    "08-2028": 0,
    "10-2028": 0,
    "12-2028": 0,
    "02-2029": 0,
    "04-2029": 0,
    "06-2029": 0,
    "08-2029": 0,
    "10-2029": 0,
    "12-2029": 0,
    "02-2030": 0,
    "04-2030": 0,
    "06-2030": 0,
    "08-2030": 0,
    "10-2030": 0,
    "12-2030": 0
  },
  "percentile_25": {
    "02-2020": 0.0161128385,
    "04-2020": 0.0125262591,
    "06-2020": 0.0120361446,
    "08-2020": 0.0084038027,
    "10-2020": 0.0082136558,
    "12-2020": 0.0074978338,
    "02-2021": 0.0045722926,
    "04-2021": 0.0040941787,
    "06-2021": 0.003944819,
    "08-2021": 0.0028735632,
    "10-2021": 0.0028846154,
    "12-2021": 0,
    "02-2022": 0,
    "04-2022": 0,
    "06-2022": 0,
    "08-2022": 0,
    "10-2022": 0,
    "12-2022": 0,
    "02-2023": 0,
    "04-2023": 0,
    "06-2023": 0,
    "08-2023": 0,
    "10-2023": 0,
    "12-2023": 0,
    "02-2024": 0,
    "04-2024": 0,
    "06-2024": 0,
    "08-2024": 0,
    "10-2024": 0,
    "12-2024": 0,
    "02-2025": 0,
    "04-2025": 0,
    "06-2025": 0,
    "08-2025": 0,
    "10-2025": 0,
    "12-2025": 0,
    "02-2026": 0,
    "04-2026": 0,
    "06-2026": 0,
    "08-2026": 0,
    "10-2026": 0,
    "12-2026": 0,
    "02-2027": 0,
    "04-2027": 0,
    "06-2027": 0,
    "08-2027": 0,
    "10-2027": 0,
    "12-2027": 0,
    "02-2028": 0,
    "04-2028": 0,
    "06-2028": 0,
    "08-2028": 0,
    "10-2028": 0,
    "12-2028": 0,
    "02-2029": 0,
    "04-2029": 0,
    "06-2029": 0,
    "08-2029": 0,
    "10-2029": 0,
    "12-2029": 0,
    "02-2030": 0,
    "04-2030": 0,
    "06-2030": 0,
    "08-2030": 0,
    "10-2030": 0,
    "12-2030": 0
  },
  "percentile_75": {
    "02-2020": 0.0583943515,
    "04-2020": 0.0550930869,
    "06-2020": 0.0549104269,
    "08-2020": 0.0515873016,
    "10-2020": 0.0521086142,
    "12-2020": 0.0542124155,
    "02-2021": 0.050209205,
    "04-2021": 0.0438130386,
    "06-2021": 0.0417062738,
    "08-2021": 0.0399206387,
    "10-2021": 0.0417461832,
    "12-2021": 0.0461391019,
    "02-2022": 0.0423044843,
    "04-2022": 0.0421195652,
    "06-2022": 0.0384615385,
    "08-2022": 0.0387635649,
    "10-2022": 0.040373444,
    "12-2022": 0.0421497437,
    "02-2023": 0.042898035,
    "04-2023": 0.0366400013,
    "06-2023": 0.0343958895,
    "08-2023": 0.0320399765,
    "10-2023": 0.0331267218,
    "12-2023": 0.0333682008,
    "02-2024": 0.0313529799,
    "04-2024": 0.0286007026,
    "06-2024": 0.0271062078,
    "08-2024": 0.0256424427,
    "10-2024": 0.0280647383,
    "12-2024": 0.0306637807,
    "02-2025": 0.0296990685,
    "04-2025": 0.0283724985,
    "06-2025": 0.0261205022,
    "08-2025": 0.0271847747,
    "10-2025": 0.0259420926,
    "12-2025": 0.0286302175,
    "02-2026": 0.0271303665,
    "04-2026": 0.0279163347,
    "06-2026": 0.0276137358,
    "08-2026": 0.0281026841,
    "10-2026": 0.0300476677,
    "12-2026": 0.0292469189,
    "02-2027": 0.0284583425,
    "04-2027": 0.0263169137,
    "06-2027": 0.0293887951,
    "08-2027": 0.0276137358,
    "10-2027": 0.0277791006,
    "12-2027": 0.0301399977,
    "02-2028": 0.0291499812,
    "04-2028": 0.0252122991,
    "06-2028": 0.0265491651,
    "08-2028": 0.0261294505,
    "10-2028": 0.0274248085,
    "12-2028": 0.0217966194,
    "02-2029": 0.0154275699,
    "04-2029": 0.0152546869,
    "06-2029": 0.0113863189,
    "08-2029": 0.0108238184,
    "10-2029": 0.0110038849,
    "12-2029": 0.0139393417,
    "02-2030": 0.0110803608,
    "04-2030": 0.0156761554,
    "06-2030": 0.0153263507,
    "08-2030": 0.0214594566,
    "10-2030": 0.0226644197,
    "12-2030": 0.0288149997
  }
}
