{
  "median": {
    "02-2020": 0.032130587,
    "04-2020": 0.0289256198,
    "06-2020": 0.0254787407,
    "08-2020": 0.0242918961,
    "10-2020": 0.024640761,
    "12-2020": 0.0247938118,
    "02-2021": 0.022173058,
    "04-2021": 0.0206615098,
    "06-2021": 0.0195701461,
    "08-2021": 0.0174702472,
    "10-2021": 0.0169870523,
    "12-2021": 0.0161945974,
    "02-2022": 0.014733015,
    "04-2022": 0.0120748299,
    "06-2022": 0.0120724835,
    "08-2022": 0.0114957717,
    "10-2022": 0.0109494885,
    "12-2022": 0.0082474577,
    "02-2023": 0.00842109,
    "04-2023": 0.008016837,
    "06-2023": 0.0058392748,
    "08-2023": 0.0074923183,
    "10-2023": 0.0041666667,
    "12-2023": 0.0040822447,
    "02-2024": 0.0040817007,
    "04-2024": 0.0040322581,
    "06-2024": 0.003968254,
    "08-2024": 0.0039604116,
    "10-2024": 0.0058820705,
    "12-2024": 0.0058912411,
    "02-2025": 0.0040084185,
    "04-2025": 0.0041581659,
    "06-2025": 0.0042206115,
    "08-2025": 0.0041266762,
    "10-2025": 0.0057061659,
    "12-2025": 0.0074643494,
    "02-2026": 0.0076789294,
    "04-2026": 0.0078585765,
    "06-2026": 0.0098526401,
    "08-2026": 0.0082138641,
    "10-2026": 0.0107820364,
    "12-2026": 0.0109481773,
    "02-2027": 0.0116341991,
    "04-2027": 0.0114944216,
    "06-2027": 0.0133164006,
    "08-2027": 0.0114944216,
    "10-2027": 0.0115197524,
    "12-2027": 0.0156923077,
    "02-2028": 0.0200554172,
    "04-2028": 0.0237647059,
    "06-2028": 0.0255031067,
    "08-2028": 0.0298534769,
    "10-2028": 0.0360576923,
    "12-2028": 0.0352099762,
    "02-2029": 0.0367969925,
    "04-2029": 0.0366541353,
    "06-2029": 0.0387089018,
    "08-2029": 0.0430058565,
    "10-2029": 0.0490079365,
    "12-2029": 0.0537566686,
    "02-2030": 0.0521735492,
    "04-2030": 0.0578131135,
    "06-2030": 0.0594104197,
    "08-2030": 0.0631775288,
    "10-2030": 0.0590277778,
    "12-2030": 0.0595905232
  },
  "percentile_25": {
    "02-2020": 0.0161128385,
    "04-2020": 0.0125262591,
    "06-2020": 0.0120361446,
    "08-2020": 0.0084038027,
    "10-2020": 0.0082136558,
    "12-2020": 0.0074978338,
    "02-2021": 0.0045722926,
    "04-2021": 0.0040941787,
    "06-2021": 0.003944819,
    "08-2021": 0.0028735632,
    "10-2021": 0.0028846154,
    "12-2021": 0,
    "02-2022": 0,
    "04-2022": 0,
    "06-2022": 0,
    "08-2022": 0,
    "10-2022": 0,
    "12-2022": 0,
    "02-2023": 0,
    "04-2023": 0,
    "06-2023": 0,
    "08-2023": 0,
    "10-2023": 0,
    "12-2023": 0,
    "02-2024": 0,
    "04-2024": 0,
    "06-2024": 0,
    "08-2024": 0,
    "10-2024": 0,
    "12-2024": 0,
    "02-2025": 0,
    "04-2025": 0,
    "06-2025": 0,
    "08-2025": 0,
    "10-2025": 0,
    "12-2025": 0,
    "02-2026": 0,
    "04-2026": 0,
    "06-2026": 0,
    "08-2026": 0,
    "10-2026": 0,
    "12-2026": 0,
    "02-2027": 0,
    "04-2027": 0,
    "06-2027": 0,
    "08-2027": 0,
    "10-2027": 0,
    "12-2027": 0,
    "02-2028": 0,
    "04-2028": 0,
    "06-2028": 0,
    "08-2028": 0,
    "10-2028": 0,
    "12-2028": 0,
    "02-2029": 0,
    "04-2029": 0,
    "06-2029": 0,
    "08-2029": 0,
    "10-2029": 0,
    "12-2029": 0,
    "02-2030": 0,
    "04-2030": 0,
    "06-2030": 0,
    "08-2030": 0,
    "10-2030": 0,
    "12-2030": 0
  },
  "percentile_75": {
    "02-2020": 0.0583943515,
    "04-2020": 0.0550930869,
    "06-2020": 0.0549104269,
    "08-2020": 0.0515873016,
    "10-2020": 0.0521086142,
    "12-2020": 0.0542124155,
    "02-2021": 0.050209205,
    "04-2021": 0.0438130386,
    "06-2021": 0.0417062738,
    "08-2021": 0.0399206387,
    "10-2021": 0.0417461832,
    "12-2021": 0.0461391019,
    "02-2022": 0.0423044843,
    "04-2022": 0.0421195652,
    "06-2022": 0.0384615385,
    "08-2022": 0.0387635649,
    "10-2022": 0.040373444,
    "12-2022": 0.0421497437,
    "02-2023": 0.042898035,
    "04-2023": 0.0366400013,
    "06-2023": 0.0343958895,
    "08-2023": 0.0320399765,
    "10-2023": 0.0331267218,
    "12-2023": 0.0333682008,
    "02-2024": 0.0333682008,
    "04-2024": 0.0332996269,
    "06-2024": 0.034871078,
    "08-2024": 0.0417380926,
    "10-2024": 0.0457640608,
    "12-2024": 0.051016972,
    "02-2025": 0.0724517403,
    "04-2025": 0.0798859316,
    "06-2025": 0.0848880597,
    "08-2025": 0.1008198562,
    "10-2025": 0.1094689729,
    "12-2025": 0.1212446837,
    "02-2026": 0.1490427962,
    "04-2026": 0.183330349,
    "06-2026": 0.2134854251,
    "08-2026": 0.2397227084,
    "10-2026": 0.2742458158,
    "12-2026": 0.3163386711,
    "02-2027": 0.3663867204,
    "04-2027": 0.4208375463,
    "06-2027": 0.4563271562,
    "08-2027": 0.5169869492,
    "10-2027": 0.5284409012,
    "12-2027": 0.5379144314,
    "02-2028": 0.5361129558,
    "04-2028": 0.5392049026,
    "06-2028": 0.534076051,
    "08-2028": 0.5343606705,
    "10-2028": 0.5390867798,
    "12-2028": 0.5304195804,
    "02-2029": 0.5271625679,
    "04-2029": 0.5333109938,
    "06-2029": 0.5176612812,
    "08-2029": 0.5112794613,
    "10-2029": 0.5035401256,
    "12-2029": 0.5043341819,
    "02-2030": 0.5004480287,
    "04-2030": 0.4906476502,
    "06-2030": 0.4838205687,
    "08-2030": 0.4842233498,
    "10-2030": 0.4772720623,
    "12-2030": 0.4763636364
  }
}
