{"median":{"02-2020":0.0566861663,"04-2020":0.0525254669,"06-2020":0.0532319392,"08-2020":0.0605449658,"10-2020":0.0632658165,"12-2020":0.065220111,"02-2021":0.0642580645,"04-2021":0.0642039858,"06-2021":0.0658401541,"08-2021":0.0698043853,"10-2021":0.075426519,"12-2021":0.0847862892,"02-2022":0.0798245614,"04-2022":0.0839804764,"06-2022":0.0852792616,"08-2022":0.099403826,"10-2022":0.1032741179,"12-2022":0.1067010712,"02-2023":0.1054253926,"04-2023":0.1106172471,"06-2023":0.1258207956,"08-2023":0.1324720069,"10-2023":0.150313253,"12-2023":0.1610249785,"02-2024":0.163337469,"04-2024":0.1686602871,"06-2024":0.1821795869,"08-2024":0.2105850564,"10-2024":0.2278825963,"12-2024":0.2527685493,"02-2025":0.2564607138,"04-2025":0.2725504068,"06-2025":0.3223646827,"08-2025":0.4031253917,"10-2025":0.4825578775,"12-2025":0.5441520468,"02-2026":0.5623579755,"04-2026":0.5647145669,"06-2026":0.5741444867,"08-2026":0.5624904332,"10-2026":0.554848856,"12-2026":0.5546234154,"02-2027":0.5567765568,"04-2027":0.557027972,"06-2027":0.5521070718,"08-2027":0.5360232328,"10-2027":0.5286918963,"12-2027":0.5149869354,"02-2028":0.5169443948,"04-2028":0.5155979671,"06-2028":0.502688172,"08-2028":0.4981330547,"10-2028":0.4974106466,"12-2028":0.4844453654,"02-2029":0.4779364049,"04-2029":0.4654509284,"06-2029":0.4677083333,"08-2029":0.4551638837,"10-2029":0.4476277372,"12-2029":0.4412811388,"02-2030":0.4444476914,"04-2030":0.4409608335,"06-2030":0.4277244495,"08-2030":0.4197037511,"10-2030":0.4223811442,"12-2030":0.4234875445},"percentile_25":{"02-2020":0.0365483361,"04-2020":0.0332304527,"06-2020":0.0314345472,"08-2020":0.0290156373,"10-2020":0.0286014137,"12-2020":0.0300190775,"02-2021":0.0276692708,"04-2021":0.0271425424,"06-2021":0.0240178738,"08-2021":0.0248045475,"10-2021":0.02172163,"12-2021":0.0194746923,"02-2022":0.0168102251,"04-2022":0.0159697614,"06-2022":0.0118468594,"08-2022":0.0108298788,"10-2022":0.0079848807,"12-2022":0.0083076132,"02-2023":0.0074836492,"04-2023":0.0074909496,"06-2023":0.0063884985,"08-2023":0.006365174,"10-2023":0.0063034009,"12-2023":0.0036497798,"02-2024":0.0036007835,"04-2024":0.0,"06-2024":0.0,"08-2024":0.0,"10-2024":0.0,"12-2024":0.0,"02-2025":0.0,"04-2025":0.0,"06-2025":0.0,"08-2025":0.0,"10-2025":0.0,"12-2025":0.0,"02-2026":0.0,"04-2026":0.0,"06-2026":0.0,"08-2026":0.0,"10-2026":0.0,"12-2026":0.0,"02-2027":0.0,"04-2027":0.0,"06-2027":0.0,"08-2027":0.0,"10-2027":0.0,"12-2027":0.0,"02-2028":0.0,"04-2028":0.0,"06-2028":0.0,"08-2028":0.0,"10-2028":0.0,"12-2028":0.0,"02-2029":0.0,"04-2029":0.0,"06-2029":0.0,"08-2029":0.0,"10-2029":0.0,"12-2029":0.0,"02-2030":0.0,"04-2030":0.0,"06-2030":0.0,"08-2030":0.0,"10-2030":0.0,"12-2030":0.0},"percentile_75":{"02-2020":0.0910901847,"04-2020":0.0910726765,"06-2020":0.0984298102,"08-2020":0.1106530612,"10-2020":0.1266086218,"12-2020":0.1434303769,"02-2021":0.1441094662,"04-2021":0.1460736739,"06-2021":0.1594957416,"08-2021":0.1886381323,"10-2021":0.2175547565,"12-2021":0.25,"02-2022":0.2724424476,"04-2022":0.2549282297,"06-2022":0.2702460731,"08-2022":0.2842643318,"10-2022":0.3145733413,"12-2022":0.3362415195,"02-2023":0.3515445062,"04-2023":0.3391116333,"06-2023":0.3639681486,"08-2023":0.3890449438,"10-2023":0.4122647881,"12-2023":0.4470741786,"02-2024":0.4519078575,"04-2024":0.443117737,"06-2024":0.4423464468,"08-2024":0.4558752998,"10-2024":0.476154998,"12-2024":0.4950848854,"02-2025":0.5263157895,"04-2025":0.560650673,"06-2025":0.6006728778,"08-2025":0.6395241243,"10-2025":0.6694269139,"12-2025":0.6798454517,"02-2026":0.6760647482,"04-2026":0.6801808499,"06-2026":0.6704847822,"08-2026":0.6634243416,"10-2026":0.6514625807,"12-2026":0.635261194,"02-2027":0.6242865716,"04-2027":0.625,"06-2027":0.6146481796,"08-2027":0.6125908218,"10-2027":0.5977539922,"12-2027":0.5903180816,"02-2028":0.5848180279,"04-2028":0.5837723338,"06-2028":0.575095057,"08-2028":0.5625024089,"10-2028":0.5588122605,"12-2028":0.5400503149,"02-2029":0.5319759425,"04-2029":0.5254179931,"06-2029":0.5300045472,"08-2029":0.5217105263,"10-2029":0.5146375208,"12-2029":0.505577147,"02-2030":0.4883931745,"04-2030":0.4892656297,"06-2030":0.4761184011,"08-2030":0.4756317354,"10-2030":0.480308397,"12-2030":0.486109129}}