{"median":{"02-2020":0.0566861663,"04-2020":0.0525254669,"06-2020":0.0532319392,"08-2020":0.0605449658,"10-2020":0.0632658165,"12-2020":0.065220111,"02-2021":0.0642580645,"04-2021":0.0642039858,"06-2021":0.0658401541,"08-2021":0.0698043853,"10-2021":0.075426519,"12-2021":0.0847862892,"02-2022":0.0798245614,"04-2022":0.0839804764,"06-2022":0.0852792616,"08-2022":0.099403826,"10-2022":0.1032741179,"12-2022":0.1067010712,"02-2023":0.1269420459,"04-2023":0.1389223239,"06-2023":0.1697997924,"08-2023":0.1988593156,"10-2023":0.2155281839,"12-2023":0.2627637642,"02-2024":0.30834375,"04-2024":0.3681640062,"06-2024":0.4288461538,"08-2024":0.5135714286,"10-2024":0.5477272727,"12-2024":0.5751698293,"02-2025":0.5845532082,"04-2025":0.5786356209,"06-2025":0.5831594715,"08-2025":0.5787816573,"10-2025":0.5742211519,"12-2025":0.5781746032,"02-2026":0.5579581709,"04-2026":0.5420617066,"06-2026":0.5464599196,"08-2026":0.5339666173,"10-2026":0.5306860622,"12-2026":0.5178163352,"02-2027":0.5075796727,"04-2027":0.4897504825,"06-2027":0.4880030112,"08-2027":0.4812923006,"10-2027":0.47599384,"12-2027":0.4727784819,"02-2028":0.4651715571,"04-2028":0.4631447888,"06-2028":0.4527822365,"08-2028":0.4454322273,"10-2028":0.4464615182,"12-2028":0.4341613324,"02-2029":0.4296726473,"04-2029":0.4298497798,"06-2029":0.4124826384,"08-2029":0.405156975,"10-2029":0.3970853684,"12-2029":0.3953425481,"02-2030":0.3932265331,"04-2030":0.3949651882,"06-2030":0.385280319,"08-2030":0.3789672693,"10-2030":0.3809408184,"12-2030":0.3899748924},"percentile_25":{"02-2020":0.0365483361,"04-2020":0.0332304527,"06-2020":0.0314345472,"08-2020":0.0290156373,"10-2020":0.0286014137,"12-2020":0.0300190775,"02-2021":0.0276692708,"04-2021":0.0271425424,"06-2021":0.0240178738,"08-2021":0.0248045475,"10-2021":0.02172163,"12-2021":0.0194746923,"02-2022":0.0168102251,"04-2022":0.0159697614,"06-2022":0.0118468594,"08-2022":0.0108298788,"10-2022":0.0079848807,"12-2022":0.0083076132,"02-2023":0.00742806,"04-2023":0.00742806,"06-2023":0.0067672518,"08-2023":0.0093054418,"10-2023":0.0110385768,"12-2023":0.0099876889,"02-2024":0.0073427663,"04-2024":0.0092567484,"06-2024":0.0092914142,"08-2024":0.007477333,"10-2024":0.0074074074,"12-2024":0.0072246093,"02-2025":0.00740771,"04-2025":0.0064338235,"06-2025":0.0070753559,"08-2025":0.0065754273,"10-2025":0.0091979847,"12-2025":0.0100040258,"02-2026":0.0074376589,"04-2026":0.0066059491,"06-2026":0.0130410092,"08-2026":0.0152740172,"10-2026":0.0151472431,"12-2026":0.0155168685,"02-2027":0.0146939916,"04-2027":0.0154427484,"06-2027":0.0135868892,"08-2027":0.0138379225,"10-2027":0.0100847116,"12-2027":0.0060710331,"02-2028":0.0070185664,"04-2028":0.0161330618,"06-2028":0.0163047569,"08-2028":0.0175341705,"10-2028":0.0149959809,"12-2028":0.0171558277,"02-2029":0.0266192607,"04-2029":0.0264866712,"06-2029":0.0275281961,"08-2029":0.0276584318,"10-2029":0.033162731,"12-2029":0.0363021794,"02-2030":0.0400882353,"04-2030":0.0427900327,"06-2030":0.0496916509,"08-2030":0.0589925373,"10-2030":0.0648728288,"12-2030":0.075191787},"percentile_75":{"02-2020":0.0910901847,"04-2020":0.0910726765,"06-2020":0.0984298102,"08-2020":0.1106530612,"10-2020":0.1266086218,"12-2020":0.1434303769,"02-2021":0.1441094662,"04-2021":0.1460736739,"06-2021":0.1594957416,"08-2021":0.1886381323,"10-2021":0.2175547565,"12-2021":0.25,"02-2022":0.2724424476,"04-2022":0.2549282297,"06-2022":0.2702460731,"08-2022":0.2842643318,"10-2022":0.3145733413,"12-2022":0.3362415195,"02-2023":0.3836348158,"04-2023":0.420066859,"06-2023":0.4714989075,"08-2023":0.5833333333,"10-2023":0.6420874525,"12-2023":0.6699221719,"02-2024":0.6861607143,"04-2024":0.6993829423,"06-2024":0.6984086738,"08-2024":0.690722024,"10-2024":0.6855008825,"12-2024":0.6754011161,"02-2025":0.6834978334,"04-2025":0.6589370044,"06-2025":0.6577565706,"08-2025":0.6534639652,"10-2025":0.6389149468,"12-2025":0.6407251603,"02-2026":0.6348371777,"04-2026":0.6229642035,"06-2026":0.626766208,"08-2026":0.6153846154,"10-2026":0.6058129514,"12-2026":0.5927910686,"02-2027":0.5702764977,"04-2027":0.556400273,"06-2027":0.5567924268,"08-2027":0.5573197559,"10-2027":0.5482569358,"12-2027":0.5407027094,"02-2028":0.5330495016,"04-2028":0.5273226773,"06-2028":0.5160027473,"08-2028":0.5112364315,"10-2028":0.5018157841,"12-2028":0.4984177215,"02-2029":0.4862028574,"04-2029":0.4791542101,"06-2029":0.4711722234,"08-2029":0.4596129838,"10-2029":0.4522486431,"12-2029":0.451048951,"02-2030":0.4511860525,"04-2030":0.4550205892,"06-2030":0.441942402,"08-2030":0.4302790603,"10-2030":0.4317382451,"12-2030":0.4354488556}}