{"median":{"02-2020":0.0566861663,"04-2020":0.0525254669,"06-2020":0.0532319392,"08-2020":0.0605449658,"10-2020":0.0632658165,"12-2020":0.065220111,"02-2021":0.0642580645,"04-2021":0.0642039858,"06-2021":0.0658401541,"08-2021":0.0698043853,"10-2021":0.075426519,"12-2021":0.0847862892,"02-2022":0.0890275245,"04-2022":0.099030663,"06-2022":0.1149351018,"08-2022":0.1362179487,"10-2022":0.1648601177,"12-2022":0.1893498491,"02-2023":0.2278893587,"04-2023":0.2691553972,"06-2023":0.3288132508,"08-2023":0.3945515104,"10-2023":0.4708560119,"12-2023":0.5151408908,"02-2024":0.5595248306,"04-2024":0.596344736,"06-2024":0.5919676049,"08-2024":0.5906423859,"10-2024":0.5872831147,"12-2024":0.5868618798,"02-2025":0.5811320755,"04-2025":0.5762123913,"06-2025":0.5626152833,"08-2025":0.5611667622,"10-2025":0.5649019818,"12-2025":0.5490552585,"02-2026":0.5330329468,"04-2026":0.5253547835,"06-2026":0.518503153,"08-2026":0.5059288538,"10-2026":0.500965251,"12-2026":0.5008833922,"02-2027":0.4933318694,"04-2027":0.4815538785,"06-2027":0.4732824427,"08-2027":0.4649667647,"10-2027":0.4587792438,"12-2027":0.4374923887,"02-2028":0.4442874557,"04-2028":0.4389737122,"06-2028":0.4285742315,"08-2028":0.4224939115,"10-2028":0.4145414078,"12-2028":0.4157702703,"02-2029":0.4105915268,"04-2029":0.4070846395,"06-2029":0.4089086182,"08-2029":0.3996197719,"10-2029":0.3992393683,"12-2029":0.3957965253,"02-2030":0.3925247359,"04-2030":0.3857545934,"06-2030":0.3829874313,"08-2030":0.3777802186,"10-2030":0.3728522337,"12-2030":0.379959381},"percentile_25":{"02-2020":0.0365483361,"04-2020":0.0332304527,"06-2020":0.0314345472,"08-2020":0.0290156373,"10-2020":0.0286014137,"12-2020":0.0300190775,"02-2021":0.0276692708,"04-2021":0.0271425424,"06-2021":0.0240178738,"08-2021":0.0248045475,"10-2021":0.02172163,"12-2021":0.0194746923,"02-2022":0.0165119206,"04-2022":0.0200148948,"06-2022":0.0146072051,"08-2022":0.0153179439,"10-2022":0.0176999189,"12-2022":0.0201923077,"02-2023":0.0199211455,"04-2023":0.0261284386,"06-2023":0.0297272727,"08-2023":0.0291943338,"10-2023":0.0372863978,"12-2023":0.0466998494,"02-2024":0.0551137459,"04-2024":0.0591053193,"06-2024":0.0710812772,"08-2024":0.0713028299,"10-2024":0.0798947803,"12-2024":0.0950316177,"02-2025":0.1026862027,"04-2025":0.1077236588,"06-2025":0.1148569954,"08-2025":0.148796225,"10-2025":0.1561456608,"12-2025":0.1646654858,"02-2026":0.1770983791,"04-2026":0.1893509813,"06-2026":0.214428723,"08-2026":0.2292798913,"10-2026":0.2283325387,"12-2026":0.2586953514,"02-2027":0.28875129,"04-2027":0.316497093,"06-2027":0.3521224666,"08-2027":0.358843582,"10-2027":0.3453796412,"12-2027":0.3376831502,"02-2028":0.3396282974,"04-2028":0.3327205882,"06-2028":0.3269936653,"08-2028":0.3156524313,"10-2028":0.3194642857,"12-2028":0.3279305374,"02-2029":0.332387849,"04-2029":0.3350111857,"06-2029":0.3159155773,"08-2029":0.3175098279,"10-2029":0.3106028505,"12-2029":0.3181197415,"02-2030":0.304258945,"04-2030":0.3044503195,"06-2030":0.2866556779,"08-2030":0.2971875522,"10-2030":0.2878205128,"12-2030":0.2919150345},"percentile_75":{"02-2020":0.0910901847,"04-2020":0.0910726765,"06-2020":0.0984298102,"08-2020":0.1106530612,"10-2020":0.1266086218,"12-2020":0.1434303769,"02-2021":0.1441094662,"04-2021":0.1460736739,"06-2021":0.1594957416,"08-2021":0.1886381323,"10-2021":0.2175547565,"12-2021":0.25,"02-2022":0.2983565194,"04-2022":0.3299239884,"06-2022":0.3791223404,"08-2022":0.4558895279,"10-2022":0.5399713683,"12-2022":0.6419797571,"02-2023":0.7231052632,"04-2023":0.7402326141,"06-2023":0.7196180556,"08-2023":0.703221178,"10-2023":0.6985307134,"12-2023":0.6914498141,"02-2024":0.6815445715,"04-2024":0.6839867894,"06-2024":0.670906489,"08-2024":0.6644804822,"10-2024":0.6561509434,"12-2024":0.6472727273,"02-2025":0.6456891496,"04-2025":0.6450789757,"06-2025":0.6329463109,"08-2025":0.6224289692,"10-2025":0.6138755282,"12-2025":0.614844867,"02-2026":0.5984767353,"04-2026":0.5950184502,"06-2026":0.5901736632,"08-2026":0.5805651247,"10-2026":0.5775930565,"12-2026":0.5621573064,"02-2027":0.5541291513,"04-2027":0.5432231573,"06-2027":0.5311241317,"08-2027":0.5194843465,"10-2027":0.5115135341,"12-2027":0.5076520011,"02-2028":0.4966893759,"04-2028":0.4925294004,"06-2028":0.4871128367,"08-2028":0.4870024668,"10-2028":0.479420773,"12-2028":0.4633222363,"02-2029":0.4676537131,"04-2029":0.4671586716,"06-2029":0.4544481381,"08-2029":0.4577054862,"10-2029":0.4517824273,"12-2029":0.4484802201,"02-2030":0.4382031269,"04-2030":0.4379856813,"06-2030":0.4317996153,"08-2030":0.4292255892,"10-2030":0.4311762567,"12-2030":0.4342800196}}