{"median":{"02-2020":0.0566861663,"04-2020":0.0525254669,"06-2020":0.0532319392,"08-2020":0.0605449658,"10-2020":0.0632658165,"12-2020":0.065220111,"02-2021":0.0642580645,"04-2021":0.0642039858,"06-2021":0.0658401541,"08-2021":0.0698043853,"10-2021":0.075426519,"12-2021":0.0847862892,"02-2022":0.0798245614,"04-2022":0.0839804764,"06-2022":0.0852792616,"08-2022":0.099403826,"10-2022":0.1032741179,"12-2022":0.1067010712,"02-2023":0.1054253926,"04-2023":0.1106172471,"06-2023":0.1258207956,"08-2023":0.1324720069,"10-2023":0.150313253,"12-2023":0.1610249785,"02-2024":0.163337469,"04-2024":0.1686602871,"06-2024":0.1821795869,"08-2024":0.2105850564,"10-2024":0.2278825963,"12-2024":0.2527685493,"02-2025":0.2406093937,"04-2025":0.2373595506,"06-2025":0.2570754717,"08-2025":0.2584046693,"10-2025":0.2766601064,"12-2025":0.2867685377,"02-2026":0.2915354847,"04-2026":0.2953789042,"06-2026":0.3041173759,"08-2026":0.3204177481,"10-2026":0.3345498783,"12-2026":0.3332947888,"02-2027":0.3253787879,"04-2027":0.3114468864,"06-2027":0.2927433019,"08-2027":0.287563053,"10-2027":0.2950373415,"12-2027":0.3039193645,"02-2028":0.3442180032,"04-2028":0.3759028651,"06-2028":0.4073450135,"08-2028":0.4449158884,"10-2028":0.4686741136,"12-2028":0.4946433272,"02-2029":0.5123277648,"04-2029":0.519433327,"06-2029":0.5244039674,"08-2029":0.5346406467,"10-2029":0.5238856298,"12-2029":0.5362257959,"02-2030":0.5242469957,"04-2030":0.5238910633,"06-2030":0.5129896659,"08-2030":0.5151418675,"10-2030":0.5160605541,"12-2030":0.5121252442},"percentile_25":{"02-2020":0.0365483361,"04-2020":0.0332304527,"06-2020":0.0314345472,"08-2020":0.0290156373,"10-2020":0.0286014137,"12-2020":0.0300190775,"02-2021":0.0276692708,"04-2021":0.0271425424,"06-2021":0.0240178738,"08-2021":0.0248045475,"10-2021":0.02172163,"12-2021":0.0194746923,"02-2022":0.0168102251,"04-2022":0.0159697614,"06-2022":0.0118468594,"08-2022":0.0108298788,"10-2022":0.0079848807,"12-2022":0.0083076132,"02-2023":0.0074836492,"04-2023":0.0074909496,"06-2023":0.0063884985,"08-2023":0.006365174,"10-2023":0.0063034009,"12-2023":0.0036497798,"02-2024":0.0036007835,"04-2024":0.0,"06-2024":0.0,"08-2024":0.0,"10-2024":0.0,"12-2024":0.0,"02-2025":0.0,"04-2025":0.0,"06-2025":0.0,"08-2025":0.0,"10-2025":0.0,"12-2025":0.0,"02-2026":0.0,"04-2026":0.0,"06-2026":0.0,"08-2026":0.0,"10-2026":0.0,"12-2026":0.0,"02-2027":0.0,"04-2027":0.0,"06-2027":0.0,"08-2027":0.0,"10-2027":0.0,"12-2027":0.0,"02-2028":0.0,"04-2028":0.0,"06-2028":0.0,"08-2028":0.0,"10-2028":0.0,"12-2028":0.0,"02-2029":0.0,"04-2029":0.0,"06-2029":0.0,"08-2029":0.0,"10-2029":0.0,"12-2029":0.0,"02-2030":0.0,"04-2030":0.0,"06-2030":0.0,"08-2030":0.0,"10-2030":0.0,"12-2030":0.0},"percentile_75":{"02-2020":0.0910901847,"04-2020":0.0910726765,"06-2020":0.0984298102,"08-2020":0.1106530612,"10-2020":0.1266086218,"12-2020":0.1434303769,"02-2021":0.1441094662,"04-2021":0.1460736739,"06-2021":0.1594957416,"08-2021":0.1886381323,"10-2021":0.2175547565,"12-2021":0.25,"02-2022":0.2724424476,"04-2022":0.2549282297,"06-2022":0.2702460731,"08-2022":0.2842643318,"10-2022":0.3145733413,"12-2022":0.3362415195,"02-2023":0.3515445062,"04-2023":0.3391116333,"06-2023":0.3639681486,"08-2023":0.3890449438,"10-2023":0.4122647881,"12-2023":0.4470741786,"02-2024":0.4519078575,"04-2024":0.443117737,"06-2024":0.4423464468,"08-2024":0.4558752998,"10-2024":0.476154998,"12-2024":0.4950848854,"02-2025":0.4795511498,"04-2025":0.4626804237,"06-2025":0.4377264493,"08-2025":0.4450640018,"10-2025":0.4614052497,"12-2025":0.4927139532,"02-2026":0.4693161232,"04-2026":0.4496080139,"06-2026":0.44385759,"08-2026":0.4531722598,"10-2026":0.4632849294,"12-2026":0.4791838959,"02-2027":0.4537665925,"04-2027":0.428698075,"06-2027":0.4098458532,"08-2027":0.4008928571,"10-2027":0.4029304029,"12-2027":0.4252362424,"02-2028":0.4637969323,"04-2028":0.4840753425,"06-2028":0.5133783784,"08-2028":0.5527933563,"10-2028":0.5715570401,"12-2028":0.5951086957,"02-2029":0.6018560747,"04-2029":0.608938096,"06-2029":0.6130952381,"08-2029":0.5987074534,"10-2029":0.5967070793,"12-2029":0.5962264151,"02-2030":0.5904220282,"04-2030":0.5886329279,"06-2030":0.5809686239,"08-2030":0.5710666023,"10-2030":0.572070045,"12-2030":0.5664936349}}