{"median":{"02-2020":0.0566861663,"04-2020":0.0525254669,"06-2020":0.0532319392,"08-2020":0.0605449658,"10-2020":0.0632658165,"12-2020":0.065220111,"02-2021":0.0693654104,"04-2021":0.0811220784,"06-2021":0.0970962821,"08-2021":0.1144835629,"10-2021":0.1417989418,"12-2021":0.1660402372,"02-2022":0.1911855037,"04-2022":0.2368976858,"06-2022":0.2909525648,"08-2022":0.3368831169,"10-2022":0.3732577385,"12-2022":0.4293374966,"02-2023":0.484429938,"04-2023":0.5133079848,"06-2023":0.5468289822,"08-2023":0.5958315241,"10-2023":0.5988929889,"12-2023":0.6023082999,"02-2024":0.5952380952,"04-2024":0.5981668144,"06-2024":0.5896044347,"08-2024":0.5935766569,"10-2024":0.5780448718,"12-2024":0.5716921455,"02-2025":0.5656934307,"04-2025":0.5689965695,"06-2025":0.5592972824,"08-2025":0.5553490468,"10-2025":0.5401497857,"12-2025":0.5349718758,"02-2026":0.5280306598,"04-2026":0.5122242099,"06-2026":0.5019627161,"08-2026":0.4898787073,"10-2026":0.4893568841,"12-2026":0.4697239297,"02-2027":0.4696534284,"04-2027":0.4616852613,"06-2027":0.4633797137,"08-2027":0.4538644876,"10-2027":0.4462317181,"12-2027":0.4371615523,"02-2028":0.4316133829,"04-2028":0.4215255293,"06-2028":0.4171201784,"08-2028":0.4144065155,"10-2028":0.4139140956,"12-2028":0.4078632175,"02-2029":0.410661802,"04-2029":0.4073694217,"06-2029":0.3960235448,"08-2029":0.3910596703,"10-2029":0.3924360672,"12-2029":0.3920931737,"02-2030":0.3843492148,"04-2030":0.3843492148,"06-2030":0.3901574122,"08-2030":0.3891096979,"10-2030":0.3903619529,"12-2030":0.389802725},"percentile_25":{"02-2020":0.0365483361,"04-2020":0.0332304527,"06-2020":0.0314345472,"08-2020":0.0290156373,"10-2020":0.0286014137,"12-2020":0.0300190775,"02-2021":0.029227938,"04-2021":0.0291364108,"06-2021":0.0307105109,"08-2021":0.0338621206,"10-2021":0.0388388597,"12-2021":0.0457579891,"02-2022":0.0529538131,"04-2022":0.062934706,"06-2022":0.0693877551,"08-2022":0.0822916667,"10-2022":0.0936254496,"12-2022":0.1121813706,"02-2023":0.1232250037,"04-2023":0.1381065775,"06-2023":0.1482377761,"08-2023":0.1470849802,"10-2023":0.1656477492,"12-2023":0.1856137898,"02-2024":0.2014821499,"04-2024":0.2378972279,"06-2024":0.2809499876,"08-2024":0.3212455437,"10-2024":0.3215460164,"12-2024":0.3373655914,"02-2025":0.353738029,"04-2025":0.410144973,"06-2025":0.425088299,"08-2025":0.4271135516,"10-2025":0.4602346229,"12-2025":0.4598298483,"02-2026":0.4464748651,"04-2026":0.4293410633,"06-2026":0.4056394994,"08-2026":0.4159763799,"10-2026":0.4134968326,"12-2026":0.3961876919,"02-2027":0.4094300637,"04-2027":0.384206932,"06-2027":0.3829768271,"08-2027":0.3808229814,"10-2027":0.3803445371,"12-2027":0.3765545131,"02-2028":0.3636267961,"04-2028":0.3531468531,"06-2028":0.3545183324,"08-2028":0.3493769599,"10-2028":0.3439730694,"12-2028":0.3441266913,"02-2029":0.3509206131,"04-2029":0.3531785714,"06-2029":0.3480639731,"08-2029":0.3430481678,"10-2029":0.335847858,"12-2029":0.3288774099,"02-2030":0.334760274,"04-2030":0.3250619307,"06-2030":0.3391449946,"08-2030":0.3318811129,"10-2030":0.3383921451,"12-2030":0.340639433},"percentile_75":{"02-2020":0.0910901847,"04-2020":0.0910726765,"06-2020":0.0984298102,"08-2020":0.1106530612,"10-2020":0.1266086218,"12-2020":0.1434303769,"02-2021":0.1586161376,"04-2021":0.1874013587,"06-2021":0.2244444444,"08-2021":0.281966933,"10-2021":0.3438564615,"12-2021":0.3980652681,"02-2022":0.465308182,"04-2022":0.5484462151,"06-2022":0.6571609632,"08-2022":0.7156356279,"10-2022":0.7258363202,"12-2022":0.728126425,"02-2023":0.719701463,"04-2023":0.7040971522,"06-2023":0.6972170686,"08-2023":0.6884615385,"10-2023":0.6653528714,"12-2023":0.6780120482,"02-2024":0.6785682585,"04-2024":0.6722304012,"06-2024":0.6653908737,"08-2024":0.645256917,"10-2024":0.642971192,"12-2024":0.6405263158,"02-2025":0.6419094606,"04-2025":0.631629947,"06-2025":0.6210976979,"08-2025":0.6099695586,"10-2025":0.6037506918,"12-2025":0.5917279147,"02-2026":0.5765476977,"04-2026":0.5662632542,"06-2026":0.5697276058,"08-2026":0.5524920081,"10-2026":0.5384094965,"12-2026":0.5412002488,"02-2027":0.5307376802,"04-2027":0.5200307651,"06-2027":0.5225330942,"08-2027":0.5081724441,"10-2027":0.4980863106,"12-2027":0.4932170016,"02-2028":0.4871338659,"04-2028":0.4873183447,"06-2028":0.4762579505,"08-2028":0.4645851422,"10-2028":0.4639608387,"12-2028":0.4587038053,"02-2029":0.4611801242,"04-2029":0.45667558,"06-2029":0.4452322346,"08-2029":0.4410424469,"10-2029":0.4312162916,"12-2029":0.4402387805,"02-2030":0.4312643021,"04-2030":0.4335669911,"06-2030":0.4251954032,"08-2030":0.4286950074,"10-2030":0.4316728143,"12-2030":0.4380804954}}