{"median":{"02-2020":0.0570102337,"04-2020":0.0530973451,"06-2020":0.054250427,"08-2020":0.0530621085,"10-2020":0.056019569,"12-2020":0.0561228022,"02-2021":0.0527167277,"04-2021":0.0518059856,"06-2021":0.0545827633,"08-2021":0.0600377348,"10-2021":0.0642039858,"12-2021":0.0622931487,"02-2022":0.0576526303,"04-2022":0.0550505051,"06-2022":0.0513833992,"08-2022":0.0485938149,"10-2022":0.0511811024,"12-2022":0.0533911415,"02-2023":0.0526918995,"04-2023":0.0483278054,"06-2023":0.0491798561,"08-2023":0.0456511362,"10-2023":0.0468269028,"12-2023":0.0519089281,"02-2024":0.0477139063,"04-2024":0.0497068483,"06-2024":0.0478760248,"08-2024":0.0452586541,"10-2024":0.047151459,"12-2024":0.0530493319,"02-2025":0.0528103437,"04-2025":0.0455197323,"06-2025":0.0444450541,"08-2025":0.0477846277,"10-2025":0.0588265202,"12-2025":0.0664315916,"02-2026":0.0747445384,"04-2026":0.0756419862,"06-2026":0.0874322169,"08-2026":0.1057379086,"10-2026":0.1300043898,"12-2026":0.1387344119,"02-2027":0.1748603956,"04-2027":0.2014162562,"06-2027":0.2362559381,"08-2027":0.2981241721,"10-2027":0.3690986557,"12-2027":0.4426211015,"02-2028":0.5075230182,"04-2028":0.526488564,"06-2028":0.5352249538,"08-2028":0.5194583955,"10-2028":0.5124228598,"12-2028":0.5303844901,"02-2029":0.5358983167,"04-2029":0.5243746075,"06-2029":0.5108315954,"08-2029":0.5051442867,"10-2029":0.4964433634,"12-2029":0.5036654135,"02-2030":0.4911013997,"04-2030":0.4867917005,"06-2030":0.4908405245,"08-2030":0.4847345362,"10-2030":0.4783807659,"12-2030":0.4571406704},"percentile_25":{"02-2020":0.034351145,"04-2020":0.0297033151,"06-2020":0.0267187161,"08-2020":0.0261138418,"10-2020":0.0229665702,"12-2020":0.0235437366,"02-2021":0.0214133089,"04-2021":0.0181166504,"06-2021":0.0133198942,"08-2021":0.0120022681,"10-2021":0.0099676724,"12-2021":0.0082732467,"02-2022":0.0076268257,"04-2022":0.003917739,"06-2022":0.0039217482,"08-2022":0.0038461538,"10-2022":0.0036850323,"12-2022":0.0038241336,"02-2023":0.0035719676,"04-2023":0.0,"06-2023":0.0,"08-2023":0.0,"10-2023":0.0,"12-2023":0.0,"02-2024":0.0,"04-2024":0.0,"06-2024":0.0,"08-2024":0.0,"10-2024":0.0,"12-2024":0.0,"02-2025":0.0,"04-2025":0.0,"06-2025":0.0,"08-2025":0.0,"10-2025":0.0,"12-2025":0.0,"02-2026":0.0,"04-2026":0.0,"06-2026":0.0,"08-2026":0.0,"10-2026":0.0,"12-2026":0.0,"02-2027":0.0,"04-2027":0.0,"06-2027":0.0,"08-2027":0.0,"10-2027":0.0,"12-2027":0.0,"02-2028":0.0,"04-2028":0.0,"06-2028":0.0,"08-2028":0.0,"10-2028":0.0,"12-2028":0.0,"02-2029":0.0,"04-2029":0.0,"06-2029":0.0,"08-2029":0.0,"10-2029":0.0,"12-2029":0.0,"02-2030":0.0,"04-2030":0.0,"06-2030":0.0,"08-2030":0.0,"10-2030":0.0,"12-2030":0.0},"percentile_75":{"02-2020":0.087724082,"04-2020":0.0853542666,"06-2020":0.0938167735,"08-2020":0.1016264205,"10-2020":0.1137254902,"12-2020":0.124757763,"02-2021":0.1281699701,"04-2021":0.1243805106,"06-2021":0.121385654,"08-2021":0.1326566846,"10-2021":0.1397802096,"12-2021":0.1649090649,"02-2022":0.1626370887,"04-2022":0.1529513889,"06-2022":0.1545150502,"08-2022":0.1632452866,"10-2022":0.1780048077,"12-2022":0.2060669456,"02-2023":0.1870748589,"04-2023":0.1869677005,"06-2023":0.1923737279,"08-2023":0.2009803922,"10-2023":0.2197445684,"12-2023":0.2375330688,"02-2024":0.2409682184,"04-2024":0.22800873,"06-2024":0.2269713963,"08-2024":0.237543554,"10-2024":0.2616564885,"12-2024":0.268468434,"02-2025":0.2755420255,"04-2025":0.2710168796,"06-2025":0.2952658504,"08-2025":0.2853088772,"10-2025":0.2944499799,"12-2025":0.319845126,"02-2026":0.3607407407,"04-2026":0.4021198396,"06-2026":0.4851851852,"08-2026":0.5702156334,"10-2026":0.6368906397,"12-2026":0.6693420834,"02-2027":0.6806897368,"04-2027":0.6720648588,"06-2027":0.6685663191,"08-2027":0.6538732895,"10-2027":0.6491540764,"12-2027":0.6439585039,"02-2028":0.643464968,"04-2028":0.6365193026,"06-2028":0.6292957456,"08-2028":0.6310157042,"10-2028":0.6212201853,"12-2028":0.6305640644,"02-2029":0.6138468611,"04-2029":0.6068768097,"06-2029":0.5982924638,"08-2029":0.5790463297,"10-2029":0.5764706697,"12-2029":0.5812008817,"02-2030":0.5590170227,"04-2030":0.5544534491,"06-2030":0.5650702998,"08-2030":0.5510316489,"10-2030":0.5374755085,"12-2030":0.5205918775}}