{"median":{"02-2020":0.0570102337,"04-2020":0.0530973451,"06-2020":0.054250427,"08-2020":0.0530621085,"10-2020":0.056019569,"12-2020":0.0561228022,"02-2021":0.0527167277,"04-2021":0.0518059856,"06-2021":0.0545827633,"08-2021":0.0600377348,"10-2021":0.0642039858,"12-2021":0.0622931487,"02-2022":0.0576526303,"04-2022":0.0550505051,"06-2022":0.0513833992,"08-2022":0.0485938149,"10-2022":0.0511811024,"12-2022":0.0533911415,"02-2023":0.0526918995,"04-2023":0.0483278054,"06-2023":0.0491798561,"08-2023":0.0456511362,"10-2023":0.0468269028,"12-2023":0.0519089281,"02-2024":0.0581462494,"04-2024":0.0609263842,"06-2024":0.0769329688,"08-2024":0.0946866123,"10-2024":0.1019654289,"12-2024":0.1290506195,"02-2025":0.1609193095,"04-2025":0.1962825066,"06-2025":0.2336075896,"08-2025":0.2680321226,"10-2025":0.3077017235,"12-2025":0.3700183038,"02-2026":0.4450677887,"04-2026":0.5024174162,"06-2026":0.5264638347,"08-2026":0.5509594883,"10-2026":0.5591266578,"12-2026":0.5645756458,"02-2027":0.555562649,"04-2027":0.5398592635,"06-2027":0.52723469,"08-2027":0.5181328839,"10-2027":0.5277493344,"12-2027":0.5168195959,"02-2028":0.5059576749,"04-2028":0.5062030075,"06-2028":0.5044302177,"08-2028":0.4938861985,"10-2028":0.4839283664,"12-2028":0.4663812043,"02-2029":0.4656167979,"04-2029":0.4573479396,"06-2029":0.4527822365,"08-2029":0.4410144928,"10-2029":0.4423456261,"12-2029":0.4414362918,"02-2030":0.4357467046,"04-2030":0.4558419158,"06-2030":0.4532665505,"08-2030":0.4383795177,"10-2030":0.4238196898,"12-2030":0.415333045},"percentile_25":{"02-2020":0.034351145,"04-2020":0.0297033151,"06-2020":0.0267187161,"08-2020":0.0261138418,"10-2020":0.0229665702,"12-2020":0.0235437366,"02-2021":0.0214133089,"04-2021":0.0181166504,"06-2021":0.0133198942,"08-2021":0.0120022681,"10-2021":0.0099676724,"12-2021":0.0082732467,"02-2022":0.0076268257,"04-2022":0.003917739,"06-2022":0.0039217482,"08-2022":0.0038461538,"10-2022":0.0036850323,"12-2022":0.0038241336,"02-2023":0.0035719676,"04-2023":0.0,"06-2023":0.0,"08-2023":0.0,"10-2023":0.0,"12-2023":0.0,"02-2024":0.0,"04-2024":0.0,"06-2024":0.0,"08-2024":0.0,"10-2024":0.0,"12-2024":0.0,"02-2025":0.0,"04-2025":0.0,"06-2025":0.0,"08-2025":0.0,"10-2025":0.0,"12-2025":0.0,"02-2026":0.0,"04-2026":0.0,"06-2026":0.0,"08-2026":0.0,"10-2026":0.0,"12-2026":0.0,"02-2027":0.0,"04-2027":0.0,"06-2027":0.0,"08-2027":0.0,"10-2027":0.0,"12-2027":0.0,"02-2028":0.0,"04-2028":0.0,"06-2028":0.0,"08-2028":0.0,"10-2028":0.0,"12-2028":0.0,"02-2029":0.0,"04-2029":0.0,"06-2029":0.0,"08-2029":0.0,"10-2029":0.0,"12-2029":0.0,"02-2030":0.0,"04-2030":0.0,"06-2030":0.0,"08-2030":0.0,"10-2030":0.0,"12-2030":0.0},"percentile_75":{"02-2020":0.087724082,"04-2020":0.0853542666,"06-2020":0.0938167735,"08-2020":0.1016264205,"10-2020":0.1137254902,"12-2020":0.124757763,"02-2021":0.1281699701,"04-2021":0.1243805106,"06-2021":0.121385654,"08-2021":0.1326566846,"10-2021":0.1397802096,"12-2021":0.1649090649,"02-2022":0.1626370887,"04-2022":0.1529513889,"06-2022":0.1545150502,"08-2022":0.1632452866,"10-2022":0.1780048077,"12-2022":0.2060669456,"02-2023":0.1870748589,"04-2023":0.1869677005,"06-2023":0.1923737279,"08-2023":0.2009803922,"10-2023":0.2197445684,"12-2023":0.2375330688,"02-2024":0.2633581472,"04-2024":0.3036033395,"06-2024":0.3589899341,"08-2024":0.4556265399,"10-2024":0.5344172049,"12-2024":0.6301755223,"02-2025":0.6844428827,"04-2025":0.6837596525,"06-2025":0.6879344266,"08-2025":0.6744844941,"10-2025":0.6685393258,"12-2025":0.6588695206,"02-2026":0.6542874,"04-2026":0.665105395,"06-2026":0.6477292672,"08-2026":0.6490852915,"10-2026":0.6360322085,"12-2026":0.6403700466,"02-2027":0.6394531449,"04-2027":0.6269230769,"06-2027":0.6202476797,"08-2027":0.6126132764,"10-2027":0.6052642018,"12-2027":0.6097188566,"02-2028":0.6007360177,"04-2028":0.5949543002,"06-2028":0.5755779924,"08-2028":0.5656754956,"10-2028":0.5630874954,"12-2028":0.555952381,"02-2029":0.5572252737,"04-2029":0.542675428,"06-2029":0.532100939,"08-2029":0.5165897133,"10-2029":0.5090134218,"12-2029":0.5119479073,"02-2030":0.5066821301,"04-2030":0.5148825533,"06-2030":0.5069268583,"08-2030":0.4909233876,"10-2030":0.4778873222,"12-2030":0.4768648608}}