{"median":{"02-2020":0.0570102337,"04-2020":0.0530973451,"06-2020":0.054250427,"08-2020":0.0530621085,"10-2020":0.056019569,"12-2020":0.0561228022,"02-2021":0.0527167277,"04-2021":0.0518059856,"06-2021":0.0545827633,"08-2021":0.0600377348,"10-2021":0.0642039858,"12-2021":0.0622931487,"02-2022":0.0576526303,"04-2022":0.0550505051,"06-2022":0.0513833992,"08-2022":0.0485938149,"10-2022":0.0511811024,"12-2022":0.0533911415,"02-2023":0.0582526468,"04-2023":0.0659127694,"06-2023":0.0793700787,"08-2023":0.096184739,"10-2023":0.1045548504,"12-2023":0.1044197617,"02-2024":0.1154564499,"04-2024":0.1473590734,"06-2024":0.1733766775,"08-2024":0.2197316061,"10-2024":0.2659659181,"12-2024":0.3339385048,"02-2025":0.3883928571,"04-2025":0.4492470562,"06-2025":0.4953234715,"08-2025":0.5391736568,"10-2025":0.5531619349,"12-2025":0.5586625715,"02-2026":0.5608482098,"04-2026":0.5624062969,"06-2026":0.5465706871,"08-2026":0.5417519493,"10-2026":0.5389280712,"12-2026":0.5329462314,"02-2027":0.5308349411,"04-2027":0.5172963918,"06-2027":0.5086150941,"08-2027":0.4914052809,"10-2027":0.4999323135,"12-2027":0.496412037,"02-2028":0.4927796893,"04-2028":0.4872220224,"06-2028":0.4702570452,"08-2028":0.4553516663,"10-2028":0.4518018478,"12-2028":0.4450800915,"02-2029":0.444040404,"04-2029":0.440355818,"06-2029":0.4263764028,"08-2029":0.4225883946,"10-2029":0.4263689994,"12-2029":0.4258498842,"02-2030":0.4205318909,"04-2030":0.4329377984,"06-2030":0.4226111259,"08-2030":0.416659004,"10-2030":0.404988211,"12-2030":0.4006920415},"percentile_25":{"02-2020":0.034351145,"04-2020":0.0297033151,"06-2020":0.0267187161,"08-2020":0.0261138418,"10-2020":0.0229665702,"12-2020":0.0235437366,"02-2021":0.0214133089,"04-2021":0.0181166504,"06-2021":0.0133198942,"08-2021":0.0120022681,"10-2021":0.0099676724,"12-2021":0.0082732467,"02-2022":0.0076268257,"04-2022":0.003917739,"06-2022":0.0039217482,"08-2022":0.0038461538,"10-2022":0.0036850323,"12-2022":0.0038241336,"02-2023":0.0035945843,"04-2023":0.0,"06-2023":0.0,"08-2023":0.0,"10-2023":0.0,"12-2023":0.0,"02-2024":0.0025083612,"04-2024":0.0,"06-2024":0.0,"08-2024":0.0,"10-2024":0.0,"12-2024":0.0,"02-2025":0.0,"04-2025":0.0,"06-2025":0.0055350554,"08-2025":0.0062564234,"10-2025":0.0098792395,"12-2025":0.0120743115,"02-2026":0.0106382979,"04-2026":0.0079225352,"06-2026":0.0078947368,"08-2026":0.0124618709,"10-2026":0.0132144878,"12-2026":0.0157527332,"02-2027":0.0240436851,"04-2027":0.0272243215,"06-2027":0.0342663195,"08-2027":0.0438082236,"10-2027":0.0391280079,"12-2027":0.0517756148,"02-2028":0.0539506619,"04-2028":0.0684207094,"06-2028":0.0815287686,"08-2028":0.1004976668,"10-2028":0.117944672,"12-2028":0.1281520031,"02-2029":0.140656789,"04-2029":0.1614188391,"06-2029":0.1838981712,"08-2029":0.1978059712,"10-2029":0.1927055703,"12-2029":0.2029045613,"02-2030":0.2435673236,"04-2030":0.2574204947,"06-2030":0.2841720903,"08-2030":0.3049990568,"10-2030":0.3225291824,"12-2030":0.3195686248},"percentile_75":{"02-2020":0.087724082,"04-2020":0.0853542666,"06-2020":0.0938167735,"08-2020":0.1016264205,"10-2020":0.1137254902,"12-2020":0.124757763,"02-2021":0.1281699701,"04-2021":0.1243805106,"06-2021":0.121385654,"08-2021":0.1326566846,"10-2021":0.1397802096,"12-2021":0.1649090649,"02-2022":0.1626370887,"04-2022":0.1529513889,"06-2022":0.1545150502,"08-2022":0.1632452866,"10-2022":0.1780048077,"12-2022":0.2060669456,"02-2023":0.2211101214,"04-2023":0.251984127,"06-2023":0.3248889376,"08-2023":0.4053550725,"10-2023":0.5175653595,"12-2023":0.6245047814,"02-2024":0.667085409,"04-2024":0.6953464359,"06-2024":0.7148299028,"08-2024":0.7155626386,"10-2024":0.6998207885,"12-2024":0.670167637,"02-2025":0.6633366633,"04-2025":0.6511872191,"06-2025":0.6495850365,"08-2025":0.6453170875,"10-2025":0.6488575269,"12-2025":0.6505524216,"02-2026":0.6463664457,"04-2026":0.651567645,"06-2026":0.6419435737,"08-2026":0.6301418911,"10-2026":0.6227668872,"12-2026":0.6151994341,"02-2027":0.6038540795,"04-2027":0.587778791,"06-2027":0.5883462819,"08-2027":0.585352966,"10-2027":0.5837705299,"12-2027":0.5861769809,"02-2028":0.5704439034,"04-2028":0.5592465355,"06-2028":0.5491422746,"08-2028":0.5279068011,"10-2028":0.5213142614,"12-2028":0.5067863228,"02-2029":0.5041732752,"04-2029":0.5016892474,"06-2029":0.4901510783,"08-2029":0.4803358209,"10-2029":0.4776533997,"12-2029":0.4780976099,"02-2030":0.4760944053,"04-2030":0.4845125058,"06-2030":0.4800879982,"08-2030":0.4764063013,"10-2030":0.4588117368,"12-2030":0.4450559751}}