{"median":{"02-2020":0.0570102337,"04-2020":0.0530973451,"06-2020":0.054250427,"08-2020":0.0530621085,"10-2020":0.056019569,"12-2020":0.0561228022,"02-2021":0.0527167277,"04-2021":0.0518059856,"06-2021":0.0545827633,"08-2021":0.0600377348,"10-2021":0.0642039858,"12-2021":0.0622931487,"02-2022":0.0654202996,"04-2022":0.0691823899,"06-2022":0.0776772247,"08-2022":0.0916392844,"10-2022":0.1020202288,"12-2022":0.121666214,"02-2023":0.148268633,"04-2023":0.1663373162,"06-2023":0.1897503039,"08-2023":0.2270726767,"10-2023":0.2672425279,"12-2023":0.3332941781,"02-2024":0.3769788183,"04-2024":0.433083177,"06-2024":0.4886195573,"08-2024":0.541382668,"10-2024":0.5694980695,"12-2024":0.5781534091,"02-2025":0.5833501133,"04-2025":0.5680076628,"06-2025":0.5706155761,"08-2025":0.5603033006,"10-2025":0.5574712644,"12-2025":0.5544848374,"02-2026":0.5442116477,"04-2026":0.5382666629,"06-2026":0.5391052462,"08-2026":0.5300488426,"10-2026":0.519469697,"12-2026":0.5249521073,"02-2027":0.5053991066,"04-2027":0.5037125037,"06-2027":0.4940696639,"08-2027":0.4799342105,"10-2027":0.4708900695,"12-2027":0.4726027397,"02-2028":0.4634630053,"04-2028":0.4628901128,"06-2028":0.4531244349,"08-2028":0.4391084776,"10-2028":0.4306562232,"12-2028":0.4178451178,"02-2029":0.4200089922,"04-2029":0.4141791045,"06-2029":0.4091173055,"08-2029":0.4145356558,"10-2029":0.4000076539,"12-2029":0.4029038113,"02-2030":0.3953887555,"04-2030":0.4070702882,"06-2030":0.4071248424,"08-2030":0.4038794994,"10-2030":0.3961651556,"12-2030":0.3873808349},"percentile_25":{"02-2020":0.034351145,"04-2020":0.0297033151,"06-2020":0.0267187161,"08-2020":0.0261138418,"10-2020":0.0229665702,"12-2020":0.0235437366,"02-2021":0.0214133089,"04-2021":0.0181166504,"06-2021":0.0133198942,"08-2021":0.0120022681,"10-2021":0.0099676724,"12-2021":0.0082732467,"02-2022":0.0077691454,"04-2022":0.00708633,"06-2022":0.0062319781,"08-2022":0.0041454082,"10-2022":0.0061393852,"12-2022":0.0070859334,"02-2023":0.0080832333,"04-2023":0.0111940299,"06-2023":0.0146689189,"08-2023":0.016552224,"10-2023":0.0161638601,"12-2023":0.0264376533,"02-2024":0.0297491039,"04-2024":0.035013707,"06-2024":0.0372891583,"08-2024":0.0410492081,"10-2024":0.0340438871,"12-2024":0.0387579268,"02-2025":0.0502157629,"04-2025":0.0619815859,"06-2025":0.0701086501,"08-2025":0.0684440108,"10-2025":0.0733882259,"12-2025":0.0792450432,"02-2026":0.0918194981,"04-2026":0.1099493029,"06-2026":0.13913879,"08-2026":0.1412347469,"10-2026":0.1633860193,"12-2026":0.1973022207,"02-2027":0.2406107993,"04-2027":0.2664044289,"06-2027":0.2827635126,"08-2027":0.2867327897,"10-2027":0.3036453493,"12-2027":0.3095580275,"02-2028":0.3328504492,"04-2028":0.3336865173,"06-2028":0.3465584962,"08-2028":0.3257379644,"10-2028":0.3246050186,"12-2028":0.3220831515,"02-2029":0.3129310345,"04-2029":0.3173747096,"06-2029":0.3256342957,"08-2029":0.3219512943,"10-2029":0.3156029386,"12-2029":0.3264604811,"02-2030":0.3108563971,"04-2030":0.3238699077,"06-2030":0.3330388693,"08-2030":0.3276204776,"10-2030":0.3308989435,"12-2030":0.3296580876},"percentile_75":{"02-2020":0.087724082,"04-2020":0.0853542666,"06-2020":0.0938167735,"08-2020":0.1016264205,"10-2020":0.1137254902,"12-2020":0.124757763,"02-2021":0.1281699701,"04-2021":0.1243805106,"06-2021":0.121385654,"08-2021":0.1326566846,"10-2021":0.1397802096,"12-2021":0.1649090649,"02-2022":0.1826698156,"04-2022":0.2032520844,"06-2022":0.2454071929,"08-2022":0.3068653956,"10-2022":0.3701975283,"12-2022":0.4495373297,"02-2023":0.5381592568,"04-2023":0.6467123757,"06-2023":0.7107217799,"08-2023":0.7076859206,"10-2023":0.705241578,"12-2023":0.7019345238,"02-2024":0.6828866981,"04-2024":0.6900436429,"06-2024":0.6831641844,"08-2024":0.6786437914,"10-2024":0.6641781895,"12-2024":0.6610737284,"02-2025":0.6570275792,"04-2025":0.6620232686,"06-2025":0.6589727195,"08-2025":0.6464070361,"10-2025":0.635796315,"12-2025":0.6200696741,"02-2026":0.6130805865,"04-2026":0.6035745157,"06-2026":0.6003690037,"08-2026":0.5935941221,"10-2026":0.5868120873,"12-2026":0.5857456736,"02-2027":0.577427805,"04-2027":0.5663291038,"06-2027":0.5611510791,"08-2027":0.5544171437,"10-2027":0.5332671301,"12-2027":0.5304789262,"02-2028":0.5202893504,"04-2028":0.5219378546,"06-2028":0.507674926,"08-2028":0.4974832215,"10-2028":0.4891882516,"12-2028":0.4861171751,"02-2029":0.4688276172,"04-2029":0.4613163049,"06-2029":0.4661290323,"08-2029":0.459277461,"10-2029":0.4576100515,"12-2029":0.4576621312,"02-2030":0.4523966122,"04-2030":0.4621259787,"06-2030":0.4602542373,"08-2030":0.458796614,"10-2030":0.450164855,"12-2030":0.4305399898}}