{"median":{"02-2020":0.0570102337,"04-2020":0.0530973451,"06-2020":0.054250427,"08-2020":0.0530621085,"10-2020":0.056019569,"12-2020":0.0561228022,"02-2021":0.0567353067,"04-2021":0.0657403435,"06-2021":0.0764752791,"08-2021":0.0905253356,"10-2021":0.1032051282,"12-2021":0.1344417077,"02-2022":0.143384291,"04-2022":0.1735873775,"06-2022":0.1999316327,"08-2022":0.2435410283,"10-2022":0.2863704716,"12-2022":0.3203030987,"02-2023":0.3849122707,"04-2023":0.4342398884,"06-2023":0.4754930227,"08-2023":0.5467592593,"10-2023":0.5700198479,"12-2023":0.5805949374,"02-2024":0.5843768145,"04-2024":0.5862057607,"06-2024":0.6007157986,"08-2024":0.5962419181,"10-2024":0.5969938749,"12-2024":0.5772945519,"02-2025":0.5643382353,"04-2025":0.555959596,"06-2025":0.5479834376,"08-2025":0.5434399344,"10-2025":0.5409504036,"12-2025":0.5286918963,"02-2026":0.5188703429,"04-2026":0.5143062451,"06-2026":0.5168577161,"08-2026":0.5147186147,"10-2026":0.4972118186,"12-2026":0.4881823821,"02-2027":0.4730212336,"04-2027":0.465537557,"06-2027":0.4644462067,"08-2027":0.4613893858,"10-2027":0.461826555,"12-2027":0.4452187379,"02-2028":0.4373911312,"04-2028":0.4317534247,"06-2028":0.4244107342,"08-2028":0.4291048415,"10-2028":0.4290871583,"12-2028":0.425103458,"02-2029":0.4212406015,"04-2029":0.4089086182,"06-2029":0.4053117638,"08-2029":0.4010287419,"10-2029":0.4035714286,"12-2029":0.4056673646,"02-2030":0.4072124756,"04-2030":0.4192628248,"06-2030":0.4143835616,"08-2030":0.4133250325,"10-2030":0.4098894924,"12-2030":0.4047619048},"percentile_25":{"02-2020":0.034351145,"04-2020":0.0297033151,"06-2020":0.0267187161,"08-2020":0.0261138418,"10-2020":0.0229665702,"12-2020":0.0235437366,"02-2021":0.0236231371,"04-2021":0.0218581403,"06-2021":0.0198828125,"08-2021":0.0242687785,"10-2021":0.0236920731,"12-2021":0.0298937704,"02-2022":0.0323295172,"04-2022":0.0376046838,"06-2022":0.0439159381,"08-2022":0.0539090909,"10-2022":0.0620005726,"12-2022":0.0721925134,"02-2023":0.075975224,"04-2023":0.0774341151,"06-2023":0.0904911736,"08-2023":0.1122806649,"10-2023":0.1308296992,"12-2023":0.136465721,"02-2024":0.1591164373,"04-2024":0.175704267,"06-2024":0.207251406,"08-2024":0.2348647488,"10-2024":0.2666741945,"12-2024":0.2914215686,"02-2025":0.3168138113,"04-2025":0.3386566214,"06-2025":0.3572378608,"08-2025":0.4067430764,"10-2025":0.4458861099,"12-2025":0.4436446629,"02-2026":0.4428749642,"04-2026":0.4369776417,"06-2026":0.4412828025,"08-2026":0.423345566,"10-2026":0.4219320808,"12-2026":0.3937035727,"02-2027":0.3915837812,"04-2027":0.3901548072,"06-2027":0.3970159075,"08-2027":0.392544955,"10-2027":0.3937001287,"12-2027":0.3905898589,"02-2028":0.3837010144,"04-2028":0.38125,"06-2028":0.37475993,"08-2028":0.3632016782,"10-2028":0.3564180285,"12-2028":0.3573465508,"02-2029":0.3577067669,"04-2029":0.3551724138,"06-2029":0.3457688338,"08-2029":0.3511274274,"10-2029":0.35082969,"12-2029":0.3552746596,"02-2030":0.3523724313,"04-2030":0.3512056909,"06-2030":0.3524034705,"08-2030":0.3603529862,"10-2030":0.352727709,"12-2030":0.3528414756},"percentile_75":{"02-2020":0.087724082,"04-2020":0.0853542666,"06-2020":0.0938167735,"08-2020":0.1016264205,"10-2020":0.1137254902,"12-2020":0.124757763,"02-2021":0.1457030559,"04-2021":0.1793716319,"06-2021":0.2232051575,"08-2021":0.2704007519,"10-2021":0.3228070175,"12-2021":0.3961154273,"02-2022":0.4986783597,"04-2022":0.5807923169,"06-2022":0.6499535501,"08-2022":0.7123077754,"10-2022":0.7236401276,"12-2022":0.7301606621,"02-2023":0.726798991,"04-2023":0.7277741726,"06-2023":0.7067931482,"08-2023":0.6820095486,"10-2023":0.6758750834,"12-2023":0.6682917376,"02-2024":0.6584013413,"04-2024":0.6569490587,"06-2024":0.6496134021,"08-2024":0.6513578598,"10-2024":0.6402564103,"12-2024":0.6359968551,"02-2025":0.6297313797,"04-2025":0.6302907632,"06-2025":0.6123363957,"08-2025":0.6072727273,"10-2025":0.6080522388,"12-2025":0.6009796028,"02-2026":0.5858888889,"04-2026":0.5785930853,"06-2026":0.5675675676,"08-2026":0.5578398018,"10-2026":0.5577965664,"12-2026":0.5491246342,"02-2027":0.5443729575,"04-2027":0.5329099598,"06-2027":0.537188914,"08-2027":0.5269880538,"10-2027":0.5180246583,"12-2027":0.5062967543,"02-2028":0.5,"04-2028":0.4994924728,"06-2028":0.4968343527,"08-2028":0.4810576758,"10-2028":0.4780639203,"12-2028":0.4687507797,"02-2029":0.4675659378,"04-2029":0.4559492783,"06-2029":0.4534439785,"08-2029":0.4486604282,"10-2029":0.452281746,"12-2029":0.4527915668,"02-2030":0.4551753558,"04-2030":0.462406015,"06-2030":0.4621731009,"08-2030":0.4611095224,"10-2030":0.4528464861,"12-2030":0.446881127}}