{"median":{"02-2020":0.0570102337,"04-2020":0.0530973451,"06-2020":0.054250427,"08-2020":0.0530621085,"10-2020":0.056019569,"12-2020":0.0561228022,"02-2021":0.0527167277,"04-2021":0.0518059856,"06-2021":0.0545827633,"08-2021":0.0600377348,"10-2021":0.0642039858,"12-2021":0.0622931487,"02-2022":0.0576526303,"04-2022":0.0550505051,"06-2022":0.0513833992,"08-2022":0.0485938149,"10-2022":0.0511811024,"12-2022":0.0533911415,"02-2023":0.0526918995,"04-2023":0.0483278054,"06-2023":0.0491798561,"08-2023":0.0456511362,"10-2023":0.0468269028,"12-2023":0.0519089281,"02-2024":0.0477139063,"04-2024":0.0497068483,"06-2024":0.0478760248,"08-2024":0.0452586541,"10-2024":0.047151459,"12-2024":0.0530493319,"02-2025":0.0586716659,"04-2025":0.0682823682,"06-2025":0.0773381295,"08-2025":0.0925894326,"10-2025":0.114484127,"12-2025":0.1543926149,"02-2026":0.2028764086,"04-2026":0.2272652701,"06-2026":0.2886027697,"08-2026":0.3367473871,"10-2026":0.3654113845,"12-2026":0.4347355033,"02-2027":0.4734023924,"04-2027":0.5080714977,"06-2027":0.5351592852,"08-2027":0.5303678467,"10-2027":0.539511376,"12-2027":0.5495363877,"02-2028":0.5410520137,"04-2028":0.5435532802,"06-2028":0.5319090075,"08-2028":0.5288936087,"10-2028":0.5075175297,"12-2028":0.5112373737,"02-2029":0.4908120599,"04-2029":0.487147618,"06-2029":0.4736842105,"08-2029":0.4649014778,"10-2029":0.4773783335,"12-2029":0.4710297589,"02-2030":0.4712215321,"04-2030":0.4614871577,"06-2030":0.4750861283,"08-2030":0.4485157699,"10-2030":0.4328363956,"12-2030":0.4261361015},"percentile_25":{"02-2020":0.034351145,"04-2020":0.0297033151,"06-2020":0.0267187161,"08-2020":0.0261138418,"10-2020":0.0229665702,"12-2020":0.0235437366,"02-2021":0.0214133089,"04-2021":0.0181166504,"06-2021":0.0133198942,"08-2021":0.0120022681,"10-2021":0.0099676724,"12-2021":0.0082732467,"02-2022":0.0076268257,"04-2022":0.003917739,"06-2022":0.0039217482,"08-2022":0.0038461538,"10-2022":0.0036850323,"12-2022":0.0038241336,"02-2023":0.0035719676,"04-2023":0.0,"06-2023":0.0,"08-2023":0.0,"10-2023":0.0,"12-2023":0.0,"02-2024":0.0,"04-2024":0.0,"06-2024":0.0,"08-2024":0.0,"10-2024":0.0,"12-2024":0.0,"02-2025":0.0,"04-2025":0.0,"06-2025":0.0,"08-2025":0.0,"10-2025":0.0,"12-2025":0.0,"02-2026":0.0,"04-2026":0.0,"06-2026":0.0,"08-2026":0.0,"10-2026":0.0,"12-2026":0.0,"02-2027":0.0,"04-2027":0.0,"06-2027":0.0,"08-2027":0.0,"10-2027":0.0,"12-2027":0.0,"02-2028":0.0,"04-2028":0.0,"06-2028":0.0,"08-2028":0.0,"10-2028":0.0,"12-2028":0.0,"02-2029":0.0,"04-2029":0.0,"06-2029":0.0,"08-2029":0.0,"10-2029":0.0,"12-2029":0.0,"02-2030":0.0,"04-2030":0.0,"06-2030":0.0,"08-2030":0.0,"10-2030":0.0,"12-2030":0.0},"percentile_75":{"02-2020":0.087724082,"04-2020":0.0853542666,"06-2020":0.0938167735,"08-2020":0.1016264205,"10-2020":0.1137254902,"12-2020":0.124757763,"02-2021":0.1281699701,"04-2021":0.1243805106,"06-2021":0.121385654,"08-2021":0.1326566846,"10-2021":0.1397802096,"12-2021":0.1649090649,"02-2022":0.1626370887,"04-2022":0.1529513889,"06-2022":0.1545150502,"08-2022":0.1632452866,"10-2022":0.1780048077,"12-2022":0.2060669456,"02-2023":0.1870748589,"04-2023":0.1869677005,"06-2023":0.1923737279,"08-2023":0.2009803922,"10-2023":0.2197445684,"12-2023":0.2375330688,"02-2024":0.2409682184,"04-2024":0.22800873,"06-2024":0.2269713963,"08-2024":0.237543554,"10-2024":0.2616564885,"12-2024":0.268468434,"02-2025":0.3128523194,"04-2025":0.3707386364,"06-2025":0.4732260012,"08-2025":0.5399794621,"10-2025":0.6160679476,"12-2025":0.6782651283,"02-2026":0.6829194945,"04-2026":0.6834626118,"06-2026":0.6661330173,"08-2026":0.6624835838,"10-2026":0.6693421436,"12-2026":0.6453767872,"02-2027":0.6579416193,"04-2027":0.6520395817,"06-2027":0.63815847,"08-2027":0.6268730563,"10-2027":0.6328567266,"12-2027":0.6286027569,"02-2028":0.6205008809,"04-2028":0.6206603774,"06-2028":0.6106220096,"08-2028":0.6003322259,"10-2028":0.5943395614,"12-2028":0.5843560933,"02-2029":0.5874572508,"04-2029":0.5745185762,"06-2029":0.5607891179,"08-2029":0.5532826614,"10-2029":0.5425391974,"12-2029":0.5441249108,"02-2030":0.5483047557,"04-2030":0.5306786757,"06-2030":0.5316901408,"08-2030":0.5125004818,"10-2030":0.5,"12-2030":0.4907570125}}