{"median":{"02-2020":0.0570102337,"04-2020":0.0530973451,"06-2020":0.054250427,"08-2020":0.0530621085,"10-2020":0.056019569,"12-2020":0.0561228022,"02-2021":0.0527167277,"04-2021":0.0518059856,"06-2021":0.0545827633,"08-2021":0.0600377348,"10-2021":0.0642039858,"12-2021":0.0622931487,"02-2022":0.0576526303,"04-2022":0.0550505051,"06-2022":0.0513833992,"08-2022":0.0485938149,"10-2022":0.0511811024,"12-2022":0.0533911415,"02-2023":0.0526918995,"04-2023":0.0483278054,"06-2023":0.0491798561,"08-2023":0.0456511362,"10-2023":0.0468269028,"12-2023":0.0519089281,"02-2024":0.0477139063,"04-2024":0.0497068483,"06-2024":0.0478760248,"08-2024":0.0452586541,"10-2024":0.047151459,"12-2024":0.0530493319,"02-2025":0.0528103437,"04-2025":0.0455197323,"06-2025":0.0444450541,"08-2025":0.0477846277,"10-2025":0.0588265202,"12-2025":0.0664315916,"02-2026":0.0652534171,"04-2026":0.0560354467,"06-2026":0.0493627162,"08-2026":0.0487137384,"10-2026":0.0528086756,"12-2026":0.0637558062,"02-2027":0.0568035427,"04-2027":0.0638960481,"06-2027":0.0630494505,"08-2027":0.0637020411,"10-2027":0.0544127172,"12-2027":0.0639088729,"02-2028":0.0722222222,"04-2028":0.0805966698,"06-2028":0.0935939061,"08-2028":0.1249370874,"10-2028":0.1484831355,"12-2028":0.1813346228,"02-2029":0.2118898623,"04-2029":0.2599082824,"06-2029":0.3223464199,"08-2029":0.3898890742,"10-2029":0.4232585828,"12-2029":0.5048112158,"02-2030":0.5139393939,"04-2030":0.5160809509,"06-2030":0.5536862493,"08-2030":0.554368977,"10-2030":0.5502128483,"12-2030":0.537701429},"percentile_25":{"02-2020":0.034351145,"04-2020":0.0297033151,"06-2020":0.0267187161,"08-2020":0.0261138418,"10-2020":0.0229665702,"12-2020":0.0235437366,"02-2021":0.0214133089,"04-2021":0.0181166504,"06-2021":0.0133198942,"08-2021":0.0120022681,"10-2021":0.0099676724,"12-2021":0.0082732467,"02-2022":0.0076268257,"04-2022":0.003917739,"06-2022":0.0039217482,"08-2022":0.0038461538,"10-2022":0.0036850323,"12-2022":0.0038241336,"02-2023":0.0035719676,"04-2023":0.0,"06-2023":0.0,"08-2023":0.0,"10-2023":0.0,"12-2023":0.0,"02-2024":0.0,"04-2024":0.0,"06-2024":0.0,"08-2024":0.0,"10-2024":0.0,"12-2024":0.0,"02-2025":0.0,"04-2025":0.0,"06-2025":0.0,"08-2025":0.0,"10-2025":0.0,"12-2025":0.0,"02-2026":0.0,"04-2026":0.0,"06-2026":0.0,"08-2026":0.0,"10-2026":0.0,"12-2026":0.0,"02-2027":0.0,"04-2027":0.0,"06-2027":0.0,"08-2027":0.0,"10-2027":0.0,"12-2027":0.0,"02-2028":0.0,"04-2028":0.0,"06-2028":0.0,"08-2028":0.0,"10-2028":0.0,"12-2028":0.0,"02-2029":0.0,"04-2029":0.0,"06-2029":0.0,"08-2029":0.0,"10-2029":0.0,"12-2029":0.0,"02-2030":0.0,"04-2030":0.0,"06-2030":0.0,"08-2030":0.0,"10-2030":0.0,"12-2030":0.0},"percentile_75":{"02-2020":0.087724082,"04-2020":0.0853542666,"06-2020":0.0938167735,"08-2020":0.1016264205,"10-2020":0.1137254902,"12-2020":0.124757763,"02-2021":0.1281699701,"04-2021":0.1243805106,"06-2021":0.121385654,"08-2021":0.1326566846,"10-2021":0.1397802096,"12-2021":0.1649090649,"02-2022":0.1626370887,"04-2022":0.1529513889,"06-2022":0.1545150502,"08-2022":0.1632452866,"10-2022":0.1780048077,"12-2022":0.2060669456,"02-2023":0.1870748589,"04-2023":0.1869677005,"06-2023":0.1923737279,"08-2023":0.2009803922,"10-2023":0.2197445684,"12-2023":0.2375330688,"02-2024":0.2409682184,"04-2024":0.22800873,"06-2024":0.2269713963,"08-2024":0.237543554,"10-2024":0.2616564885,"12-2024":0.268468434,"02-2025":0.2755420255,"04-2025":0.2710168796,"06-2025":0.2952658504,"08-2025":0.2853088772,"10-2025":0.2944499799,"12-2025":0.319845126,"02-2026":0.3144667832,"04-2026":0.3106831395,"06-2026":0.2944933448,"08-2026":0.3036559094,"10-2026":0.3159738812,"12-2026":0.3336499815,"02-2027":0.3240546875,"04-2027":0.3115581395,"06-2027":0.3017946518,"08-2027":0.305314781,"10-2027":0.3153915703,"12-2027":0.350752967,"02-2028":0.3760429704,"04-2028":0.4220762561,"06-2028":0.4899243866,"08-2028":0.5756737113,"10-2028":0.5971505931,"12-2028":0.6289524148,"02-2029":0.6502950857,"04-2029":0.6498646209,"06-2029":0.6518510192,"08-2029":0.6441115702,"10-2029":0.6455531018,"12-2029":0.642199892,"02-2030":0.6429235263,"04-2030":0.6399808909,"06-2030":0.6485243651,"08-2030":0.6446886447,"10-2030":0.6296653941,"12-2030":0.6074661732}}