{"median":{"02-2006":0.3490706069,"04-2006":0.3499615779,"06-2006":0.3492756637,"08-2006":0.3517241379,"10-2006":0.3618735303,"12-2006":0.3523279623,"02-2007":0.3299717959,"04-2007":0.2805182412,"06-2007":0.2400873362,"08-2007":0.206061447,"10-2007":0.1838869439,"12-2007":0.1645892857,"02-2008":0.1396309789,"04-2008":0.118896502,"06-2008":0.1090913543,"08-2008":0.0916431535,"10-2008":0.0907131661,"12-2008":0.0871462264,"02-2009":0.0800003546,"04-2009":0.0710084034,"06-2009":0.0657403435,"08-2009":0.0622337679,"10-2009":0.0619812033,"12-2009":0.06325,"02-2010":0.0546423885,"04-2010":0.0514283292,"06-2010":0.0497925311,"08-2010":0.0458333333,"10-2010":0.048000768,"12-2010":0.0495840424,"02-2011":0.0477139063,"04-2011":0.0419303797,"06-2011":0.0371900826,"08-2011":0.0389556743,"10-2011":0.0369318182,"12-2011":0.0394552529,"02-2012":0.0382125823,"04-2012":0.034901032,"06-2012":0.0347410759,"08-2012":0.0363107009,"10-2012":0.0365491651,"12-2012":0.0346925134,"02-2013":0.0346120661,"04-2013":0.0350535873,"06-2013":0.032388664,"08-2013":0.0290456432,"10-2013":0.0274577366,"12-2013":0.0278924308,"02-2014":0.0258461636,"04-2014":0.0270274299,"06-2014":0.030305302,"08-2014":0.0318770638,"10-2014":0.031561255,"12-2014":0.0368112014,"02-2015":0.0349533503,"04-2015":0.0308954,"06-2015":0.0323233642,"08-2015":0.0323296976,"10-2015":0.0323244196,"12-2015":0.0333952912,"02-2016":0.0318745337,"04-2016":0.0285719046,"06-2016":0.0289848553,"08-2016":0.0322601626,"10-2016":0.032787436,"12-2016":0.0346158967,"02-2017":0.0346281909,"04-2017":0.0337196902,"06-2017":0.0339302846,"08-2017":0.0344320576,"10-2017":0.0360315537,"12-2017":0.036101083,"02-2018":0.035578125,"04-2018":0.035921147,"06-2018":0.0366596498,"08-2018":0.0392156863,"10-2018":0.0403671084,"12-2018":0.0467838035,"02-2019":0.0465116279,"04-2019":0.0438253968,"06-2019":0.0445799458,"08-2019":0.0452682563,"10-2019":0.0504506142,"12-2019":0.0543847974},"percentile_25":{"02-2006":0.2684227537,"04-2006":0.2732681121,"06-2006":0.2781760813,"08-2006":0.280152376,"10-2006":0.2712313607,"12-2006":0.2798198198,"02-2007":0.2507716049,"04-2007":0.2162735849,"06-2007":0.1864876033,"08-2007":0.161285261,"10-2007":0.1432589118,"12-2007":0.1251708817,"02-2008":0.1042152416,"04-2008":0.0879665272,"06-2008":0.0752511692,"08-2008":0.0617147985,"10-2008":0.0604231442,"12-2008":0.0583576524,"02-2009":0.0521603659,"04-2009":0.0478177301,"06-2009":0.0425734878,"08-2009":0.0433930094,"10-2009":0.0411958172,"12-2009":0.0381073983,"02-2010":0.0324874099,"04-2010":0.0313115129,"06-2010":0.0275320364,"08-2010":0.0236827877,"10-2010":0.0238524575,"12-2010":0.0230062968,"02-2011":0.0206004886,"04-2011":0.0190847972,"06-2011":0.0194176945,"08-2011":0.0189402031,"10-2011":0.0166322314,"12-2011":0.01622738,"02-2012":0.0161618132,"04-2012":0.0163601226,"06-2012":0.0126057041,"08-2012":0.012345679,"10-2012":0.0124870332,"12-2012":0.0124225193,"02-2013":0.012282536,"04-2013":0.0119285703,"06-2013":0.0120846288,"08-2013":0.0120846288,"10-2013":0.012145749,"12-2013":0.0121213599,"02-2014":0.0121093117,"04-2014":0.0084124473,"06-2014":0.0081967213,"08-2014":0.0085564123,"10-2014":0.0087248701,"12-2014":0.0113758903,"02-2015":0.0118409091,"04-2015":0.0121093117,"06-2015":0.0122201107,"08-2015":0.0126851588,"10-2015":0.0143309803,"12-2015":0.0161290323,"02-2016":0.0129877369,"04-2016":0.0120846288,"06-2016":0.0121583897,"08-2016":0.012270092,"10-2016":0.0123204837,"12-2016":0.0142230576,"02-2017":0.0136175186,"04-2017":0.0137548696,"06-2017":0.012170535,"08-2017":0.014911502,"10-2017":0.016,"12-2017":0.0169135451,"02-2018":0.0163649482,"04-2018":0.0155642023,"06-2018":0.0153043776,"08-2018":0.0156257097,"10-2018":0.019342576,"12-2018":0.0215441932,"02-2019":0.0214902426,"04-2019":0.0210181756,"06-2019":0.0222222222,"08-2019":0.0275052288,"10-2019":0.0284774879,"12-2019":0.0320213523},"percentile_75":{"02-2006":0.4297271732,"04-2006":0.4219954047,"06-2006":0.4399202992,"08-2006":0.4355878464,"10-2006":0.4262295082,"12-2006":0.4299814643,"02-2007":0.3818522169,"04-2007":0.3346737019,"06-2007":0.283711656,"08-2007":0.249270428,"10-2007":0.2273660161,"12-2007":0.2057605885,"02-2008":0.1868257885,"04-2008":0.1647611379,"06-2008":0.1475755689,"08-2008":0.1364142714,"10-2008":0.1273781279,"12-2008":0.1203030303,"02-2009":0.1138746256,"04-2009":0.1066188638,"06-2009":0.098135711,"08-2009":0.0968992248,"10-2009":0.0928358038,"12-2009":0.0974646579,"02-2010":0.089710966,"04-2010":0.0878254052,"06-2010":0.0835192117,"08-2010":0.0851302357,"10-2010":0.0850757155,"12-2010":0.0828977499,"02-2011":0.0780975181,"04-2011":0.0746423484,"06-2011":0.0731318828,"08-2011":0.0716322651,"10-2011":0.0750553097,"12-2011":0.0780094825,"02-2012":0.0719300218,"04-2012":0.0713722461,"06-2012":0.0646767044,"08-2012":0.0647004615,"10-2012":0.0670454545,"12-2012":0.0670771469,"02-2013":0.0651897542,"04-2013":0.0614911728,"06-2013":0.0609497494,"08-2013":0.0630073847,"10-2013":0.0630485733,"12-2013":0.064560576,"02-2014":0.0645193017,"04-2014":0.0659116417,"06-2014":0.0643524669,"08-2014":0.0614002054,"10-2014":0.0691492047,"12-2014":0.0741830065,"02-2015":0.0722902639,"04-2015":0.0688344099,"06-2015":0.0678285897,"08-2015":0.0694349021,"10-2015":0.0712218955,"12-2015":0.0728832969,"02-2016":0.0701161946,"04-2016":0.0664648275,"06-2016":0.0675437892,"08-2016":0.067209205,"10-2016":0.0748059447,"12-2016":0.0722547987,"02-2017":0.0758492136,"04-2017":0.0692285357,"06-2017":0.0683520599,"08-2017":0.0681370968,"10-2017":0.0708311206,"12-2017":0.0821226884,"02-2018":0.0745029166,"04-2018":0.0723684211,"06-2018":0.0694153337,"08-2018":0.0752635046,"10-2018":0.0727790755,"12-2018":0.0709540686,"02-2019":0.071404262,"04-2019":0.0734997424,"06-2019":0.0723986857,"08-2019":0.0748990284,"10-2019":0.0787919602,"12-2019":0.0926835534}}