{"median":{"02-2020":0.0584857832,"04-2020":0.0547452547,"06-2020":0.0524193548,"08-2020":0.0458333333,"10-2020":0.0449290433,"12-2020":0.0467350467,"02-2021":0.0457423327,"04-2021":0.0411285363,"06-2021":0.0365408581,"08-2021":0.033197307,"10-2021":0.0310690154,"12-2021":0.0307052965,"02-2022":0.0307102859,"04-2022":0.0264673929,"06-2022":0.024917287,"08-2022":0.0250523013,"10-2022":0.0217186247,"12-2022":0.0228592163,"02-2023":0.0219106327,"04-2023":0.0185187725,"06-2023":0.013502455,"08-2023":0.0124185976,"10-2023":0.0109560558,"12-2023":0.0091653028,"02-2024":0.0075757576,"04-2024":0.0072083539,"06-2024":0.0037880962,"08-2024":0.0,"10-2024":0.0,"12-2024":0.0,"02-2025":0.0,"04-2025":0.0,"06-2025":0.0,"08-2025":0.0,"10-2025":0.0,"12-2025":0.0,"02-2026":0.0,"04-2026":0.0,"06-2026":0.0,"08-2026":0.0,"10-2026":0.0,"12-2026":0.0,"02-2027":0.0,"04-2027":0.0,"06-2027":0.0,"08-2027":0.0,"10-2027":0.0,"12-2027":0.0,"02-2028":0.0,"04-2028":0.0,"06-2028":0.0,"08-2028":0.0,"10-2028":0.0,"12-2028":0.0,"02-2029":0.0,"04-2029":0.0,"06-2029":0.0,"08-2029":0.0,"10-2029":0.0,"12-2029":0.0,"02-2030":0.0,"04-2030":0.0,"06-2030":0.0,"08-2030":0.0,"10-2030":0.0,"12-2030":0.0},"percentile_25":{"02-2020":0.0310386112,"04-2020":0.0285135917,"06-2020":0.0255332902,"08-2020":0.0208333333,"10-2020":0.019646592,"12-2020":0.0155045694,"02-2021":0.014911502,"04-2021":0.0111733002,"06-2021":0.0071877981,"08-2021":0.0039643328,"10-2021":0.0039139391,"12-2021":0.0038572914,"02-2022":0.0027881041,"04-2022":0.0,"06-2022":0.0,"08-2022":0.0,"10-2022":0.0,"12-2022":0.0,"02-2023":0.0,"04-2023":0.0,"06-2023":0.0,"08-2023":0.0,"10-2023":0.0,"12-2023":0.0,"02-2024":0.0,"04-2024":0.0,"06-2024":0.0,"08-2024":0.0,"10-2024":0.0,"12-2024":0.0,"02-2025":0.0,"04-2025":0.0,"06-2025":0.0,"08-2025":0.0,"10-2025":0.0,"12-2025":0.0,"02-2026":0.0,"04-2026":0.0,"06-2026":0.0,"08-2026":0.0,"10-2026":0.0,"12-2026":0.0,"02-2027":0.0,"04-2027":0.0,"06-2027":0.0,"08-2027":0.0,"10-2027":0.0,"12-2027":0.0,"02-2028":0.0,"04-2028":0.0,"06-2028":0.0,"08-2028":0.0,"10-2028":0.0,"12-2028":0.0,"02-2029":0.0,"04-2029":0.0,"06-2029":0.0,"08-2029":0.0,"10-2029":0.0,"12-2029":0.0,"02-2030":0.0,"04-2030":0.0,"06-2030":0.0,"08-2030":0.0,"10-2030":0.0,"12-2030":0.0},"percentile_75":{"02-2020":0.0989606632,"04-2020":0.0918811428,"06-2020":0.0891660029,"08-2020":0.0926682692,"10-2020":0.0920485936,"12-2020":0.0992198422,"02-2021":0.0976720273,"04-2021":0.0997424841,"06-2021":0.093480828,"08-2021":0.1020537455,"10-2021":0.1116352201,"12-2021":0.1134676806,"02-2022":0.1086538462,"04-2022":0.1121128736,"06-2022":0.1087360595,"08-2022":0.1119592875,"10-2022":0.1196039811,"12-2022":0.1390371988,"02-2023":0.1218079673,"04-2023":0.1169911682,"06-2023":0.1108134921,"08-2023":0.113240831,"10-2023":0.1205846445,"12-2023":0.1306946129,"02-2024":0.1377433662,"04-2024":0.1363596195,"06-2024":0.1427615658,"08-2024":0.1451900826,"10-2024":0.1631241565,"12-2024":0.1787839618,"02-2025":0.1559019194,"04-2025":0.1593101042,"06-2025":0.1482563626,"08-2025":0.1666035354,"10-2025":0.1771284624,"12-2025":0.2002225435,"02-2026":0.1989234913,"04-2026":0.1922422669,"06-2026":0.1963004584,"08-2026":0.196925121,"10-2026":0.2095658191,"12-2026":0.2263570961,"02-2027":0.2143833686,"04-2027":0.2090578741,"06-2027":0.1998557526,"08-2027":0.2048921167,"10-2027":0.2335241513,"12-2027":0.231920575,"02-2028":0.2275677929,"04-2028":0.220729406,"06-2028":0.2342586162,"08-2028":0.238986519,"10-2028":0.2437551983,"12-2028":0.2745454545,"02-2029":0.2599688218,"04-2029":0.2427262784,"06-2029":0.2263044774,"08-2029":0.2272698966,"10-2029":0.2301372801,"12-2029":0.24224484,"02-2030":0.27253861,"04-2030":0.3285804816,"06-2030":0.4105326877,"08-2030":0.5038195628,"10-2030":0.5829673658,"12-2030":0.653548906}}