{"median":{"02-2020":0.0584857832,"04-2020":0.0547452547,"06-2020":0.0524193548,"08-2020":0.0458333333,"10-2020":0.0449290433,"12-2020":0.0467350467,"02-2021":0.0457423327,"04-2021":0.0411285363,"06-2021":0.0365408581,"08-2021":0.033197307,"10-2021":0.0310690154,"12-2021":0.0307052965,"02-2022":0.0307102859,"04-2022":0.0264673929,"06-2022":0.024917287,"08-2022":0.0250523013,"10-2022":0.0217186247,"12-2022":0.0228592163,"02-2023":0.0219106327,"04-2023":0.0185187725,"06-2023":0.013502455,"08-2023":0.0124185976,"10-2023":0.0109560558,"12-2023":0.0091653028,"02-2024":0.0075757576,"04-2024":0.0072083539,"06-2024":0.0037880962,"08-2024":0.0,"10-2024":0.0,"12-2024":0.0,"02-2025":0.0,"04-2025":0.0,"06-2025":0.0,"08-2025":0.0,"10-2025":0.0,"12-2025":0.0,"02-2026":0.0,"04-2026":0.0,"06-2026":0.0,"08-2026":0.0,"10-2026":0.0,"12-2026":0.0,"02-2027":0.0,"04-2027":0.0,"06-2027":0.0,"08-2027":0.0,"10-2027":0.0,"12-2027":0.0,"02-2028":0.0,"04-2028":0.0,"06-2028":0.0,"08-2028":0.0,"10-2028":0.0,"12-2028":0.0,"02-2029":0.0,"04-2029":0.0,"06-2029":0.0,"08-2029":0.0,"10-2029":0.0,"12-2029":0.0,"02-2030":0.0,"04-2030":0.0,"06-2030":0.0,"08-2030":0.0,"10-2030":0.0,"12-2030":0.0},"percentile_25":{"02-2020":0.0310386112,"04-2020":0.0285135917,"06-2020":0.0255332902,"08-2020":0.0208333333,"10-2020":0.019646592,"12-2020":0.0155045694,"02-2021":0.014911502,"04-2021":0.0111733002,"06-2021":0.0071877981,"08-2021":0.0039643328,"10-2021":0.0039139391,"12-2021":0.0038572914,"02-2022":0.0027881041,"04-2022":0.0,"06-2022":0.0,"08-2022":0.0,"10-2022":0.0,"12-2022":0.0,"02-2023":0.0,"04-2023":0.0,"06-2023":0.0,"08-2023":0.0,"10-2023":0.0,"12-2023":0.0,"02-2024":0.0,"04-2024":0.0,"06-2024":0.0,"08-2024":0.0,"10-2024":0.0,"12-2024":0.0,"02-2025":0.0,"04-2025":0.0,"06-2025":0.0,"08-2025":0.0,"10-2025":0.0,"12-2025":0.0,"02-2026":0.0,"04-2026":0.0,"06-2026":0.0,"08-2026":0.0,"10-2026":0.0,"12-2026":0.0,"02-2027":0.0,"04-2027":0.0,"06-2027":0.0,"08-2027":0.0,"10-2027":0.0,"12-2027":0.0,"02-2028":0.0,"04-2028":0.0,"06-2028":0.0,"08-2028":0.0,"10-2028":0.0,"12-2028":0.0,"02-2029":0.0,"04-2029":0.0,"06-2029":0.0,"08-2029":0.0,"10-2029":0.0,"12-2029":0.0,"02-2030":0.0,"04-2030":0.0,"06-2030":0.0,"08-2030":0.0,"10-2030":0.0,"12-2030":0.0},"percentile_75":{"02-2020":0.0989606632,"04-2020":0.0918811428,"06-2020":0.0891660029,"08-2020":0.0926682692,"10-2020":0.0920485936,"12-2020":0.0992198422,"02-2021":0.0976720273,"04-2021":0.0997424841,"06-2021":0.093480828,"08-2021":0.1020537455,"10-2021":0.1116352201,"12-2021":0.1134676806,"02-2022":0.1086538462,"04-2022":0.1121128736,"06-2022":0.1087360595,"08-2022":0.1119592875,"10-2022":0.1196039811,"12-2022":0.1390371988,"02-2023":0.1218079673,"04-2023":0.1169911682,"06-2023":0.1108134921,"08-2023":0.113240831,"10-2023":0.1205846445,"12-2023":0.1306946129,"02-2024":0.1377433662,"04-2024":0.1363596195,"06-2024":0.1427615658,"08-2024":0.1451900826,"10-2024":0.1631241565,"12-2024":0.1787839618,"02-2025":0.1869629328,"04-2025":0.2181726619,"06-2025":0.2541191978,"08-2025":0.3261352996,"10-2025":0.4041137326,"12-2025":0.5033016209,"02-2026":0.5889406395,"04-2026":0.6644071691,"06-2026":0.6888930358,"08-2026":0.7019726282,"10-2026":0.6999865816,"12-2026":0.6730090046,"02-2027":0.6617768058,"04-2027":0.653744224,"06-2027":0.6306060044,"08-2027":0.6396199099,"10-2027":0.6223883815,"12-2027":0.6083479021,"02-2028":0.6049228033,"04-2028":0.5972727273,"06-2028":0.5848715098,"08-2028":0.5752580753,"10-2028":0.5724563207,"12-2028":0.5562015504,"02-2029":0.5446180556,"04-2029":0.5334917891,"06-2029":0.5285723156,"08-2029":0.5244840295,"10-2029":0.5176002512,"12-2029":0.5225721785,"02-2030":0.5032311516,"04-2030":0.4888435117,"06-2030":0.5051282502,"08-2030":0.4874315929,"10-2030":0.4853473998,"12-2030":0.4721539313}}