{"median":{"02-2020":0.0584857832,"04-2020":0.0547452547,"06-2020":0.0524193548,"08-2020":0.0458333333,"10-2020":0.0449290433,"12-2020":0.0467350467,"02-2021":0.0457423327,"04-2021":0.0411285363,"06-2021":0.0365408581,"08-2021":0.033197307,"10-2021":0.0310690154,"12-2021":0.0307052965,"02-2022":0.0336205164,"04-2022":0.0354528536,"06-2022":0.0387763967,"08-2022":0.0459415584,"10-2022":0.0515503763,"12-2022":0.0642570281,"02-2023":0.08496875,"04-2023":0.0973534574,"06-2023":0.1205796665,"08-2023":0.1560473189,"10-2023":0.1666153846,"12-2023":0.2000124127,"02-2024":0.2536231884,"04-2024":0.2917624237,"06-2024":0.3686515013,"08-2024":0.4283333333,"10-2024":0.508302583,"12-2024":0.5573944574,"02-2025":0.5542344597,"04-2025":0.5630852392,"06-2025":0.5561282932,"08-2025":0.5480262491,"10-2025":0.5331054612,"12-2025":0.5281842567,"02-2026":0.5232572115,"04-2026":0.5112246607,"06-2026":0.4964064271,"08-2026":0.4937209902,"10-2026":0.5053245723,"12-2026":0.4817210417,"02-2027":0.4836146971,"04-2027":0.4636931188,"06-2027":0.4629518217,"08-2027":0.4520288671,"10-2027":0.4474496426,"12-2027":0.4367043155,"02-2028":0.4394340984,"04-2028":0.4221040189,"06-2028":0.4094223539,"08-2028":0.4103720714,"10-2028":0.4125082912,"12-2028":0.4021694268,"02-2029":0.4027704926,"04-2029":0.39332039,"06-2029":0.3897447286,"08-2029":0.3823836021,"10-2029":0.3837885703,"12-2029":0.3907884437,"02-2030":0.3904032302,"04-2030":0.3959720204,"06-2030":0.3975173664,"08-2030":0.3902014495,"10-2030":0.3894760263,"12-2030":0.3888874615},"percentile_25":{"02-2020":0.0310386112,"04-2020":0.0285135917,"06-2020":0.0255332902,"08-2020":0.0208333333,"10-2020":0.019646592,"12-2020":0.0155045694,"02-2021":0.014911502,"04-2021":0.0111733002,"06-2021":0.0071877981,"08-2021":0.0039643328,"10-2021":0.0039139391,"12-2021":0.0038572914,"02-2022":0.0,"04-2022":0.0,"06-2022":0.0,"08-2022":0.0,"10-2022":0.0,"12-2022":0.0,"02-2023":0.0,"04-2023":0.0,"06-2023":0.0,"08-2023":0.0,"10-2023":0.0,"12-2023":0.0,"02-2024":0.0,"04-2024":0.0,"06-2024":0.0,"08-2024":0.0,"10-2024":0.0,"12-2024":0.0,"02-2025":0.0,"04-2025":0.0,"06-2025":0.0,"08-2025":0.0,"10-2025":0.0,"12-2025":0.0,"02-2026":0.0,"04-2026":0.0,"06-2026":0.0,"08-2026":0.0,"10-2026":0.0,"12-2026":0.0,"02-2027":0.0,"04-2027":0.0,"06-2027":0.0,"08-2027":0.0,"10-2027":0.0,"12-2027":0.0,"02-2028":0.0,"04-2028":0.0,"06-2028":0.0,"08-2028":0.0,"10-2028":0.0,"12-2028":0.0,"02-2029":0.0,"04-2029":0.0,"06-2029":0.0,"08-2029":0.0,"10-2029":0.0,"12-2029":0.0,"02-2030":0.0,"04-2030":0.0,"06-2030":0.0,"08-2030":0.0,"10-2030":0.0,"12-2030":0.0},"percentile_75":{"02-2020":0.0989606632,"04-2020":0.0918811428,"06-2020":0.0891660029,"08-2020":0.0926682692,"10-2020":0.0920485936,"12-2020":0.0992198422,"02-2021":0.0976720273,"04-2021":0.0997424841,"06-2021":0.093480828,"08-2021":0.1020537455,"10-2021":0.1116352201,"12-2021":0.1134676806,"02-2022":0.1316929007,"04-2022":0.16030284,"06-2022":0.1917972596,"08-2022":0.2481856043,"10-2022":0.3075526532,"12-2022":0.3656830756,"02-2023":0.4491831164,"04-2023":0.5328912467,"06-2023":0.6191919192,"08-2023":0.6943510796,"10-2023":0.6980253922,"12-2023":0.7022727273,"02-2024":0.6900799068,"04-2024":0.6977770627,"06-2024":0.6878773542,"08-2024":0.6823829085,"10-2024":0.6838570312,"12-2024":0.6707061598,"02-2025":0.6550006685,"04-2025":0.6446205884,"06-2025":0.6394259715,"08-2025":0.6318726918,"10-2025":0.6346477281,"12-2025":0.620075188,"02-2026":0.6050517965,"04-2026":0.5857700893,"06-2026":0.5867474343,"08-2026":0.573992419,"10-2026":0.5680933852,"12-2026":0.5586022034,"02-2027":0.5559817613,"04-2027":0.5532619359,"06-2027":0.5269569871,"08-2027":0.5201246128,"10-2027":0.5118758435,"12-2027":0.5151146698,"02-2028":0.5017465353,"04-2028":0.4944687816,"06-2028":0.4986842105,"08-2028":0.4832521716,"10-2028":0.4637886009,"12-2028":0.4613442113,"02-2029":0.4693620415,"04-2029":0.4666053285,"06-2029":0.4567808534,"08-2029":0.4495180859,"10-2029":0.4486233362,"12-2029":0.4472344412,"02-2030":0.4592592593,"04-2030":0.4627562945,"06-2030":0.4640671766,"08-2030":0.4509013033,"10-2030":0.4499221743,"12-2030":0.4369506046}}