{"median":{"02-2020":0.0576999896,"04-2020":0.0599259342,"06-2020":0.0610462118,"08-2020":0.0620296497,"10-2020":0.0650958093,"12-2020":0.072669131,"02-2021":0.0735549864,"04-2021":0.0802748316,"06-2021":0.090045996,"08-2021":0.0965843858,"10-2021":0.1016566883,"12-2021":0.1214754098,"02-2022":0.1370523628,"04-2022":0.1574754902,"06-2022":0.1893675299,"08-2022":0.2332052243,"10-2022":0.2805091595,"12-2022":0.3410015399,"02-2023":0.419983534,"04-2023":0.4738974599,"06-2023":0.5155642023,"08-2023":0.5748935873,"10-2023":0.5999644781,"12-2023":0.6018518519,"02-2024":0.5996389892,"04-2024":0.6029421707,"06-2024":0.6035814607,"08-2024":0.6024821056,"10-2024":0.5970015033,"12-2024":0.5797702858,"02-2025":0.5776863375,"04-2025":0.5734999605,"06-2025":0.5641969697,"08-2025":0.5559891621,"10-2025":0.5603278689,"12-2025":0.5563505078,"02-2026":0.5432732749,"04-2026":0.5279543807,"06-2026":0.504471259,"08-2026":0.5083955485,"10-2026":0.5034723897,"12-2026":0.500965251,"02-2027":0.4917175417,"04-2027":0.4858044361,"06-2027":0.4699731012,"08-2027":0.4642916491,"10-2027":0.4653477218,"12-2027":0.4681569126,"02-2028":0.4607071175,"04-2028":0.4704651873,"06-2028":0.4566145607,"08-2028":0.4401986755,"10-2028":0.4313371769,"12-2028":0.4188028946,"02-2029":0.4044732788,"04-2029":0.3963589292,"06-2029":0.3912988239,"08-2029":0.3803768219,"10-2029":0.3697141155,"12-2029":0.3756450949,"02-2030":0.3788592166,"04-2030":0.377979798,"06-2030":0.3669312993,"08-2030":0.3582867311,"10-2030":0.3622103387,"12-2030":0.3539952153},"percentile_25":{"02-2020":0.0350544462,"04-2020":0.030372472,"06-2020":0.0308583309,"08-2020":0.0297681335,"10-2020":0.0316205534,"12-2020":0.0318740157,"02-2021":0.028866346,"04-2021":0.0264406708,"06-2021":0.0262688853,"08-2021":0.0247808328,"10-2021":0.0244946141,"12-2021":0.026465311,"02-2022":0.027950217,"04-2022":0.0319123397,"06-2022":0.0353110811,"08-2022":0.0378861004,"10-2022":0.0429584536,"12-2022":0.0488369492,"02-2023":0.0568764351,"04-2023":0.0713515621,"06-2023":0.0784559772,"08-2023":0.0830506968,"10-2023":0.0862765957,"12-2023":0.0962516961,"02-2024":0.1140619092,"04-2024":0.1581821823,"06-2024":0.1982746195,"08-2024":0.2141414141,"10-2024":0.2318592058,"12-2024":0.2768776102,"02-2025":0.315560204,"04-2025":0.3473679792,"06-2025":0.389896304,"08-2025":0.4250401123,"10-2025":0.4434096321,"12-2025":0.4473492634,"02-2026":0.4476495726,"04-2026":0.4516203509,"06-2026":0.4337302441,"08-2026":0.4327895221,"10-2026":0.4380561636,"12-2026":0.4198118435,"02-2027":0.405564693,"04-2027":0.4036949239,"06-2027":0.4065453384,"08-2027":0.3874701389,"10-2027":0.3880074565,"12-2027":0.3935865732,"02-2028":0.3974792828,"04-2028":0.3984390412,"06-2028":0.3835272208,"08-2028":0.3744148936,"10-2028":0.3699055619,"12-2028":0.3479970631,"02-2029":0.3278223633,"04-2029":0.3378515548,"06-2029":0.3240831523,"08-2029":0.3121446394,"10-2029":0.3185870542,"12-2029":0.3124339901,"02-2030":0.3080395683,"04-2030":0.3011052484,"06-2030":0.3029408168,"08-2030":0.2908642273,"10-2030":0.2944169379,"12-2030":0.2902057036},"percentile_75":{"02-2020":0.0960384615,"04-2020":0.0989108065,"06-2020":0.1020345452,"08-2020":0.1154387385,"10-2020":0.125992254,"12-2020":0.1501221167,"02-2021":0.1534536892,"04-2021":0.1655382394,"06-2021":0.1817441721,"08-2021":0.2034641728,"10-2021":0.2268459213,"12-2021":0.2797800508,"02-2022":0.3311532754,"04-2022":0.4116275932,"06-2022":0.4759855914,"08-2022":0.554798895,"10-2022":0.6382533482,"12-2022":0.69646032,"02-2023":0.7291684545,"04-2023":0.7504562044,"06-2023":0.7416343207,"08-2023":0.7350863422,"10-2023":0.731761154,"12-2023":0.7115427928,"02-2024":0.6926799758,"04-2024":0.6806350333,"06-2024":0.6693967061,"08-2024":0.6666666667,"10-2024":0.6543720326,"12-2024":0.6385342579,"02-2025":0.6350178248,"04-2025":0.6319009937,"06-2025":0.6265014616,"08-2025":0.6183028389,"10-2025":0.618072485,"12-2025":0.6044717249,"02-2026":0.6008474576,"04-2026":0.5970553702,"06-2026":0.5783257271,"08-2026":0.5667170667,"10-2026":0.5593761851,"12-2026":0.5663355408,"02-2027":0.5617011041,"04-2027":0.5516392854,"06-2027":0.5366495507,"08-2027":0.5213145897,"10-2027":0.5177707812,"12-2027":0.5143085349,"02-2028":0.5126373844,"04-2028":0.511174188,"06-2028":0.5058900199,"08-2028":0.4881775027,"10-2028":0.4748247115,"12-2028":0.4700906678,"02-2029":0.4492616497,"04-2029":0.4433739608,"06-2029":0.4441334992,"08-2029":0.4330756014,"10-2029":0.4280787754,"12-2029":0.42658536,"02-2030":0.4294381968,"04-2030":0.4213913327,"06-2030":0.4100695013,"08-2030":0.4060471144,"10-2030":0.4010661263,"12-2030":0.394265233}}