{"median":{"02-2020":0.0576999896,"04-2020":0.0599259342,"06-2020":0.0610462118,"08-2020":0.0620296497,"10-2020":0.0650958093,"12-2020":0.072669131,"02-2021":0.0735549864,"04-2021":0.0802748316,"06-2021":0.090045996,"08-2021":0.0965843858,"10-2021":0.1016566883,"12-2021":0.1214754098,"02-2022":0.1254817706,"04-2022":0.1287308163,"06-2022":0.1317776873,"08-2022":0.1419799095,"10-2022":0.1579655096,"12-2022":0.1733952893,"02-2023":0.181490824,"04-2023":0.1865269085,"06-2023":0.180994152,"08-2023":0.1902958774,"10-2023":0.2277957482,"12-2023":0.2449397656,"02-2024":0.2509538772,"04-2024":0.2495157702,"06-2024":0.2623875665,"08-2024":0.2875771095,"10-2024":0.3017021336,"12-2024":0.3188405797,"02-2025":0.3207802664,"04-2025":0.3198633139,"06-2025":0.316834124,"08-2025":0.3315693208,"10-2025":0.3418212223,"12-2025":0.3613542255,"02-2026":0.3917691336,"04-2026":0.4388489209,"06-2026":0.4637547633,"08-2026":0.5168723657,"10-2026":0.5388750818,"12-2026":0.558081765,"02-2027":0.5680554458,"04-2027":0.5650497512,"06-2027":0.556932443,"08-2027":0.5470857908,"10-2027":0.5446329971,"12-2027":0.5517188076,"02-2028":0.5512243878,"04-2028":0.5489790061,"06-2028":0.556890416,"08-2028":0.5520156926,"10-2028":0.5470222481,"12-2028":0.5301220524,"02-2029":0.5140643101,"04-2029":0.5098938224,"06-2029":0.4929063742,"08-2029":0.4913291329,"10-2029":0.4865747624,"12-2029":0.4720486909,"02-2030":0.4656544151,"04-2030":0.4548846676,"06-2030":0.4504682239,"08-2030":0.449251379,"10-2030":0.4364541387,"12-2030":0.4285977421},"percentile_25":{"02-2020":0.0350544462,"04-2020":0.030372472,"06-2020":0.0308583309,"08-2020":0.0297681335,"10-2020":0.0316205534,"12-2020":0.0318740157,"02-2021":0.028866346,"04-2021":0.0264406708,"06-2021":0.0262688853,"08-2021":0.0247808328,"10-2021":0.0244946141,"12-2021":0.026465311,"02-2022":0.0240396379,"04-2022":0.0203149113,"06-2022":0.0191957456,"08-2022":0.0248903509,"10-2022":0.027394636,"12-2022":0.0285817956,"02-2023":0.0282894377,"04-2023":0.0290702206,"06-2023":0.026465311,"08-2023":0.0296849065,"10-2023":0.0263411715,"12-2023":0.0282494005,"02-2024":0.0246087101,"04-2024":0.0239469202,"06-2024":0.027965559,"08-2024":0.0265125022,"10-2024":0.0271537944,"12-2024":0.0287868229,"02-2025":0.0348975545,"04-2025":0.0313199778,"06-2025":0.035280509,"08-2025":0.0324173512,"10-2025":0.0335840767,"12-2025":0.0407185301,"02-2026":0.046789229,"04-2026":0.0514550694,"06-2026":0.052747651,"08-2026":0.0600796569,"10-2026":0.0691764066,"12-2026":0.0842974514,"02-2027":0.1018333333,"04-2027":0.1178487903,"06-2027":0.1348805147,"08-2027":0.1556172975,"10-2027":0.1764512633,"12-2027":0.1999578268,"02-2028":0.2255106011,"04-2028":0.2875123266,"06-2028":0.3225273145,"08-2028":0.3688484193,"10-2028":0.3971583978,"12-2028":0.4175021703,"02-2029":0.4347076462,"04-2029":0.4243238304,"06-2029":0.418019398,"08-2029":0.4109574667,"10-2029":0.3996441281,"12-2029":0.4000128838,"02-2030":0.3863169919,"04-2030":0.3938807429,"06-2030":0.3845472009,"08-2030":0.374635214,"10-2030":0.3737758945,"12-2030":0.3634951826},"percentile_75":{"02-2020":0.0960384615,"04-2020":0.0989108065,"06-2020":0.1020345452,"08-2020":0.1154387385,"10-2020":0.125992254,"12-2020":0.1501221167,"02-2021":0.1534536892,"04-2021":0.1655382394,"06-2021":0.1817441721,"08-2021":0.2034641728,"10-2021":0.2268459213,"12-2021":0.2797800508,"02-2022":0.2952285231,"04-2022":0.310625054,"06-2022":0.3176313911,"08-2022":0.3437645644,"10-2022":0.3790922619,"12-2022":0.4224352376,"02-2023":0.4219584907,"04-2023":0.4284751075,"06-2023":0.4418121926,"08-2023":0.4618366368,"10-2023":0.4888725298,"12-2023":0.530517024,"02-2024":0.5128324214,"04-2024":0.5062303235,"06-2024":0.5035281747,"08-2024":0.4907511077,"10-2024":0.4986842105,"12-2024":0.5309994583,"02-2025":0.5175598735,"04-2025":0.4895194606,"06-2025":0.4709951664,"08-2025":0.4758604385,"10-2025":0.4777255639,"12-2025":0.5089605735,"02-2026":0.5267356787,"04-2026":0.5596750903,"06-2026":0.5978450897,"08-2026":0.6200731887,"10-2026":0.6432866812,"12-2026":0.6454013785,"02-2027":0.6527994995,"04-2027":0.6361875242,"06-2027":0.626779661,"08-2027":0.6198639204,"10-2027":0.6157757497,"12-2027":0.614087402,"02-2028":0.607216647,"04-2028":0.6062040562,"06-2028":0.6289057787,"08-2028":0.6210270419,"10-2028":0.5957983193,"12-2028":0.5897067392,"02-2029":0.5678512482,"04-2029":0.550967082,"06-2029":0.5439671815,"08-2029":0.5408220721,"10-2029":0.5312512766,"12-2029":0.5156255691,"02-2030":0.5086996167,"04-2030":0.5022340723,"06-2030":0.4934438224,"08-2030":0.4911789669,"10-2030":0.4819804194,"12-2030":0.4835459912}}