{"median":{"02-2020":0.0576999896,"04-2020":0.0599259342,"06-2020":0.0610462118,"08-2020":0.0620296497,"10-2020":0.0650958093,"12-2020":0.072669131,"02-2021":0.0735549864,"04-2021":0.0802748316,"06-2021":0.090045996,"08-2021":0.0965843858,"10-2021":0.1016566883,"12-2021":0.1214754098,"02-2022":0.1254817706,"04-2022":0.1287308163,"06-2022":0.1317776873,"08-2022":0.1419799095,"10-2022":0.1579655096,"12-2022":0.1733952893,"02-2023":0.181490824,"04-2023":0.1865269085,"06-2023":0.180994152,"08-2023":0.1902958774,"10-2023":0.2277957482,"12-2023":0.2449397656,"02-2024":0.2509538772,"04-2024":0.2495157702,"06-2024":0.2623875665,"08-2024":0.2875771095,"10-2024":0.3017021336,"12-2024":0.3188405797,"02-2025":0.3207802664,"04-2025":0.3198633139,"06-2025":0.316834124,"08-2025":0.3315693208,"10-2025":0.3418212223,"12-2025":0.3613542255,"02-2026":0.3540122668,"04-2026":0.3404597224,"06-2026":0.343111873,"08-2026":0.3375231007,"10-2026":0.3492414785,"12-2026":0.3848842702,"02-2027":0.3782466392,"04-2027":0.3520169436,"06-2027":0.3515354739,"08-2027":0.3449477352,"10-2027":0.3506210782,"12-2027":0.3549555867,"02-2028":0.3815394889,"04-2028":0.4062229437,"06-2028":0.4518407167,"08-2028":0.4841676084,"10-2028":0.512729453,"12-2028":0.5289978731,"02-2029":0.5225373877,"04-2029":0.5238856298,"06-2029":0.524582548,"08-2029":0.5156629432,"10-2029":0.5104895105,"12-2029":0.5141429285,"02-2030":0.512455516,"04-2030":0.5181258958,"06-2030":0.510638833,"08-2030":0.5017859193,"10-2030":0.4983219776,"12-2030":0.4908424908},"percentile_25":{"02-2020":0.0350544462,"04-2020":0.030372472,"06-2020":0.0308583309,"08-2020":0.0297681335,"10-2020":0.0316205534,"12-2020":0.0318740157,"02-2021":0.028866346,"04-2021":0.0264406708,"06-2021":0.0262688853,"08-2021":0.0247808328,"10-2021":0.0244946141,"12-2021":0.026465311,"02-2022":0.0240396379,"04-2022":0.0203149113,"06-2022":0.0191957456,"08-2022":0.0248903509,"10-2022":0.027394636,"12-2022":0.0285817956,"02-2023":0.0282894377,"04-2023":0.0290702206,"06-2023":0.026465311,"08-2023":0.0296849065,"10-2023":0.0263411715,"12-2023":0.0282494005,"02-2024":0.0246087101,"04-2024":0.0239469202,"06-2024":0.027965559,"08-2024":0.0265125022,"10-2024":0.0271537944,"12-2024":0.0287868229,"02-2025":0.0348975545,"04-2025":0.0313199778,"06-2025":0.035280509,"08-2025":0.0324173512,"10-2025":0.0335840767,"12-2025":0.0407185301,"02-2026":0.0450805945,"04-2026":0.0431720759,"06-2026":0.0519432773,"08-2026":0.0504530393,"10-2026":0.04750102,"12-2026":0.0559439851,"02-2027":0.0573906188,"04-2027":0.0533192799,"06-2027":0.0510355872,"08-2027":0.0561878598,"10-2027":0.0541670084,"12-2027":0.055720339,"02-2028":0.0565400111,"04-2028":0.0544315192,"06-2028":0.0622383531,"08-2028":0.0633994244,"10-2028":0.0700377911,"12-2028":0.0794937206,"02-2029":0.0822261281,"04-2029":0.1037225905,"06-2029":0.1149030163,"08-2029":0.1579746236,"10-2029":0.189171123,"12-2029":0.2370606796,"02-2030":0.2729041792,"04-2030":0.2935255963,"06-2030":0.3519573556,"08-2030":0.3763736264,"10-2030":0.3634869083,"12-2030":0.3682036247},"percentile_75":{"02-2020":0.0960384615,"04-2020":0.0989108065,"06-2020":0.1020345452,"08-2020":0.1154387385,"10-2020":0.125992254,"12-2020":0.1501221167,"02-2021":0.1534536892,"04-2021":0.1655382394,"06-2021":0.1817441721,"08-2021":0.2034641728,"10-2021":0.2268459213,"12-2021":0.2797800508,"02-2022":0.2952285231,"04-2022":0.310625054,"06-2022":0.3176313911,"08-2022":0.3437645644,"10-2022":0.3790922619,"12-2022":0.4224352376,"02-2023":0.4219584907,"04-2023":0.4284751075,"06-2023":0.4418121926,"08-2023":0.4618366368,"10-2023":0.4888725298,"12-2023":0.530517024,"02-2024":0.5128324214,"04-2024":0.5062303235,"06-2024":0.5035281747,"08-2024":0.4907511077,"10-2024":0.4986842105,"12-2024":0.5309994583,"02-2025":0.5175598735,"04-2025":0.4895194606,"06-2025":0.4709951664,"08-2025":0.4758604385,"10-2025":0.4777255639,"12-2025":0.5089605735,"02-2026":0.487778868,"04-2026":0.4748651079,"06-2026":0.4490724382,"08-2026":0.4493385783,"10-2026":0.4585648148,"12-2026":0.4704733488,"02-2027":0.4650893261,"04-2027":0.4529603819,"06-2027":0.4272760224,"08-2027":0.4323318525,"10-2027":0.4310221783,"12-2027":0.4578571429,"02-2028":0.4889527845,"04-2028":0.5139880952,"06-2028":0.5632344276,"08-2028":0.5864488349,"10-2028":0.5948430048,"12-2028":0.5980174525,"02-2029":0.6001507526,"04-2029":0.591285591,"06-2029":0.5899487334,"08-2029":0.58354811,"10-2029":0.5673145263,"12-2029":0.5695719259,"02-2030":0.5666691465,"04-2030":0.5636002679,"06-2030":0.5580191292,"08-2030":0.5613926685,"10-2030":0.5579913695,"12-2030":0.5472821204}}