{"median":{"02-2020":0.0576999896,"04-2020":0.0599259342,"06-2020":0.0610462118,"08-2020":0.0620296497,"10-2020":0.0650958093,"12-2020":0.072669131,"02-2021":0.0735549864,"04-2021":0.0802748316,"06-2021":0.090045996,"08-2021":0.0965843858,"10-2021":0.1016566883,"12-2021":0.1214754098,"02-2022":0.1254817706,"04-2022":0.1287308163,"06-2022":0.1317776873,"08-2022":0.1419799095,"10-2022":0.1579655096,"12-2022":0.1733952893,"02-2023":0.1943690297,"04-2023":0.2100331675,"06-2023":0.241506004,"08-2023":0.2954043449,"10-2023":0.3401678559,"12-2023":0.4013736264,"02-2024":0.453307888,"04-2024":0.5173336627,"06-2024":0.5641726619,"08-2024":0.5887628866,"10-2024":0.5799241022,"12-2024":0.5870320459,"02-2025":0.5933936955,"04-2025":0.5918191351,"06-2025":0.5910766613,"08-2025":0.5816546666,"10-2025":0.5820512821,"12-2025":0.5709128417,"02-2026":0.5532327088,"04-2026":0.5596362472,"06-2026":0.5439613527,"08-2026":0.5293449451,"10-2026":0.5227622944,"12-2026":0.525708061,"02-2027":0.5120493542,"04-2027":0.5,"06-2027":0.4948795918,"08-2027":0.4884530931,"10-2027":0.4833312755,"12-2027":0.4848073376,"02-2028":0.4791896289,"04-2028":0.4720793391,"06-2028":0.4693582035,"08-2028":0.4542230819,"10-2028":0.4388236733,"12-2028":0.4256037953,"02-2029":0.4210250437,"04-2029":0.4120791055,"06-2029":0.4070427915,"08-2029":0.3989966555,"10-2029":0.3895644283,"12-2029":0.3911692768,"02-2030":0.3897987896,"04-2030":0.389091405,"06-2030":0.3774558775,"08-2030":0.3655547319,"10-2030":0.3649549405,"12-2030":0.3543882979},"percentile_25":{"02-2020":0.0350544462,"04-2020":0.030372472,"06-2020":0.0308583309,"08-2020":0.0297681335,"10-2020":0.0316205534,"12-2020":0.0318740157,"02-2021":0.028866346,"04-2021":0.0264406708,"06-2021":0.0262688853,"08-2021":0.0247808328,"10-2021":0.0244946141,"12-2021":0.026465311,"02-2022":0.0240396379,"04-2022":0.0203149113,"06-2022":0.0191957456,"08-2022":0.0248903509,"10-2022":0.027394636,"12-2022":0.0285817956,"02-2023":0.028632624,"04-2023":0.0293552322,"06-2023":0.0335743963,"08-2023":0.0315822259,"10-2023":0.0393894778,"12-2023":0.0370076763,"02-2024":0.0414351852,"04-2024":0.0516929569,"06-2024":0.0574555969,"08-2024":0.0693116504,"10-2024":0.0698642994,"12-2024":0.0866133218,"02-2025":0.099137931,"04-2025":0.1113268311,"06-2025":0.1331628541,"08-2025":0.1410659802,"10-2025":0.1588556642,"12-2025":0.1608254176,"02-2026":0.184691829,"04-2026":0.2124714249,"06-2026":0.2309027166,"08-2026":0.2673374613,"10-2026":0.2919504644,"12-2026":0.3095360825,"02-2027":0.34693169,"04-2027":0.3743358201,"06-2027":0.3844458596,"08-2027":0.3882969619,"10-2027":0.3637927384,"12-2027":0.3684844376,"02-2028":0.3751147437,"04-2028":0.3759708584,"06-2028":0.3856023009,"08-2028":0.3758562833,"10-2028":0.3717672414,"12-2028":0.3396256289,"02-2029":0.3440031801,"04-2029":0.3187927664,"06-2029":0.3368544601,"08-2029":0.3259724785,"10-2029":0.3162936788,"12-2029":0.3050595238,"02-2030":0.3058441814,"04-2030":0.2855885312,"06-2030":0.2923023079,"08-2030":0.2883928571,"10-2030":0.2862167451,"12-2030":0.2871160666},"percentile_75":{"02-2020":0.0960384615,"04-2020":0.0989108065,"06-2020":0.1020345452,"08-2020":0.1154387385,"10-2020":0.125992254,"12-2020":0.1501221167,"02-2021":0.1534536892,"04-2021":0.1655382394,"06-2021":0.1817441721,"08-2021":0.2034641728,"10-2021":0.2268459213,"12-2021":0.2797800508,"02-2022":0.2952285231,"04-2022":0.310625054,"06-2022":0.3176313911,"08-2022":0.3437645644,"10-2022":0.3790922619,"12-2022":0.4224352376,"02-2023":0.4611672112,"04-2023":0.5267752519,"06-2023":0.5887237998,"08-2023":0.6679139679,"10-2023":0.7023331595,"12-2023":0.7260853493,"02-2024":0.7241239316,"04-2024":0.718690596,"06-2024":0.7116950671,"08-2024":0.6916883794,"10-2024":0.685446459,"12-2024":0.6729347779,"02-2025":0.6578196918,"04-2025":0.6620481616,"06-2025":0.6572272216,"08-2025":0.638332812,"10-2025":0.6451451515,"12-2025":0.6321142093,"02-2026":0.6245536379,"04-2026":0.6197227272,"06-2026":0.6084249084,"08-2026":0.5962381916,"10-2026":0.5861048021,"12-2026":0.5815656566,"02-2027":0.5765568996,"04-2027":0.5704959279,"06-2027":0.5569484055,"08-2027":0.5474143955,"10-2027":0.5421726559,"12-2027":0.5379397715,"02-2028":0.5377744176,"04-2028":0.5273226773,"06-2028":0.5199219325,"08-2028":0.5085272207,"10-2028":0.5037737255,"12-2028":0.4895833333,"02-2029":0.4763504766,"04-2029":0.4594594595,"06-2029":0.4570591518,"08-2029":0.4426494851,"10-2029":0.4451406846,"12-2029":0.4368953937,"02-2030":0.4420499022,"04-2030":0.4259983298,"06-2030":0.4242084931,"08-2030":0.418454622,"10-2030":0.4176875115,"12-2030":0.4030598712}}