{"median":{"02-2020":0.0576999896,"04-2020":0.0599259342,"06-2020":0.0610462118,"08-2020":0.0620296497,"10-2020":0.0650958093,"12-2020":0.072669131,"02-2021":0.0735549864,"04-2021":0.0802748316,"06-2021":0.090045996,"08-2021":0.0965843858,"10-2021":0.1016566883,"12-2021":0.1214754098,"02-2022":0.1254817706,"04-2022":0.1287308163,"06-2022":0.1317776873,"08-2022":0.1419799095,"10-2022":0.1579655096,"12-2022":0.1733952893,"02-2023":0.181490824,"04-2023":0.1865269085,"06-2023":0.180994152,"08-2023":0.1902958774,"10-2023":0.2277957482,"12-2023":0.2449397656,"02-2024":0.2509538772,"04-2024":0.2495157702,"06-2024":0.2623875665,"08-2024":0.2875771095,"10-2024":0.3017021336,"12-2024":0.3188405797,"02-2025":0.3207802664,"04-2025":0.3198633139,"06-2025":0.316834124,"08-2025":0.3315693208,"10-2025":0.3418212223,"12-2025":0.3613542255,"02-2026":0.3540122668,"04-2026":0.3404597224,"06-2026":0.343111873,"08-2026":0.3375231007,"10-2026":0.3492414785,"12-2026":0.3848842702,"02-2027":0.4174422188,"04-2027":0.4324262694,"06-2027":0.4649166168,"08-2027":0.5017985612,"10-2027":0.5204417293,"12-2027":0.5404844291,"02-2028":0.5445888319,"04-2028":0.5493832736,"06-2028":0.5649154775,"08-2028":0.5563260107,"10-2028":0.5437710438,"12-2028":0.5377492877,"02-2029":0.5352152355,"04-2029":0.528536036,"06-2029":0.5213917756,"08-2029":0.5228427754,"10-2029":0.5210909924,"12-2029":0.5105654762,"02-2030":0.4991289199,"04-2030":0.4964028777,"06-2030":0.4930068226,"08-2030":0.47957287,"10-2030":0.4697151566,"12-2030":0.4645538578},"percentile_25":{"02-2020":0.0350544462,"04-2020":0.030372472,"06-2020":0.0308583309,"08-2020":0.0297681335,"10-2020":0.0316205534,"12-2020":0.0318740157,"02-2021":0.028866346,"04-2021":0.0264406708,"06-2021":0.0262688853,"08-2021":0.0247808328,"10-2021":0.0244946141,"12-2021":0.026465311,"02-2022":0.0240396379,"04-2022":0.0203149113,"06-2022":0.0191957456,"08-2022":0.0248903509,"10-2022":0.027394636,"12-2022":0.0285817956,"02-2023":0.0282894377,"04-2023":0.0290702206,"06-2023":0.026465311,"08-2023":0.0296849065,"10-2023":0.0263411715,"12-2023":0.0282494005,"02-2024":0.0246087101,"04-2024":0.0239469202,"06-2024":0.027965559,"08-2024":0.0265125022,"10-2024":0.0271537944,"12-2024":0.0287868229,"02-2025":0.0348975545,"04-2025":0.0313199778,"06-2025":0.035280509,"08-2025":0.0324173512,"10-2025":0.0335840767,"12-2025":0.0407185301,"02-2026":0.0450805945,"04-2026":0.0431720759,"06-2026":0.0519432773,"08-2026":0.0504530393,"10-2026":0.04750102,"12-2026":0.0559439851,"02-2027":0.0594318809,"04-2027":0.0606096285,"06-2027":0.0788995151,"08-2027":0.1022897642,"10-2027":0.1236960841,"12-2027":0.1525587484,"02-2028":0.1826974809,"04-2028":0.19921875,"06-2028":0.2140049292,"08-2028":0.2220648868,"10-2028":0.2473591792,"12-2028":0.2638736264,"02-2029":0.3333345569,"04-2029":0.3282124682,"06-2029":0.3616499832,"08-2029":0.4127291688,"10-2029":0.4146937309,"12-2029":0.4001728246,"02-2030":0.4135192735,"04-2030":0.4141696819,"06-2030":0.391565298,"08-2030":0.3897407285,"10-2030":0.4165027829,"12-2030":0.3970165505},"percentile_75":{"02-2020":0.0960384615,"04-2020":0.0989108065,"06-2020":0.1020345452,"08-2020":0.1154387385,"10-2020":0.125992254,"12-2020":0.1501221167,"02-2021":0.1534536892,"04-2021":0.1655382394,"06-2021":0.1817441721,"08-2021":0.2034641728,"10-2021":0.2268459213,"12-2021":0.2797800508,"02-2022":0.2952285231,"04-2022":0.310625054,"06-2022":0.3176313911,"08-2022":0.3437645644,"10-2022":0.3790922619,"12-2022":0.4224352376,"02-2023":0.4219584907,"04-2023":0.4284751075,"06-2023":0.4418121926,"08-2023":0.4618366368,"10-2023":0.4888725298,"12-2023":0.530517024,"02-2024":0.5128324214,"04-2024":0.5062303235,"06-2024":0.5035281747,"08-2024":0.4907511077,"10-2024":0.4986842105,"12-2024":0.5309994583,"02-2025":0.5175598735,"04-2025":0.4895194606,"06-2025":0.4709951664,"08-2025":0.4758604385,"10-2025":0.4777255639,"12-2025":0.5089605735,"02-2026":0.487778868,"04-2026":0.4748651079,"06-2026":0.4490724382,"08-2026":0.4493385783,"10-2026":0.4585648148,"12-2026":0.4704733488,"02-2027":0.5036972026,"04-2027":0.538412044,"06-2027":0.5580488214,"08-2027":0.5769230769,"10-2027":0.6005474453,"12-2027":0.6182467478,"02-2028":0.628007305,"04-2028":0.6276816404,"06-2028":0.6283599624,"08-2028":0.6170021527,"10-2028":0.6108625694,"12-2028":0.6010776196,"02-2029":0.590862988,"04-2029":0.5845360089,"06-2029":0.5735934424,"08-2029":0.5815085472,"10-2029":0.5810523114,"12-2029":0.567242477,"02-2030":0.5479615007,"04-2030":0.5471400595,"06-2030":0.5338884847,"08-2030":0.5288847118,"10-2030":0.5217391304,"12-2030":0.510010692}}