{"median":{"02-2020":0.0576999896,"04-2020":0.0599259342,"06-2020":0.0610462118,"08-2020":0.0620296497,"10-2020":0.0650958093,"12-2020":0.072669131,"02-2021":0.0837070875,"04-2021":0.1021537601,"06-2021":0.1166110493,"08-2021":0.1357737082,"10-2021":0.1670144483,"12-2021":0.2044096386,"02-2022":0.2359464153,"04-2022":0.2849343058,"06-2022":0.3327627575,"08-2022":0.382346976,"10-2022":0.4456620066,"12-2022":0.5160833762,"02-2023":0.5814772476,"04-2023":0.6141439206,"06-2023":0.602661597,"08-2023":0.6238258877,"10-2023":0.6109152963,"12-2023":0.606270903,"02-2024":0.5992932716,"04-2024":0.6027143237,"06-2024":0.5922417586,"08-2024":0.592431874,"10-2024":0.580126634,"12-2024":0.5675679283,"02-2025":0.5637330754,"04-2025":0.5677631579,"06-2025":0.5561538462,"08-2025":0.53904209,"10-2025":0.5419112317,"12-2025":0.5390202747,"02-2026":0.5288605697,"04-2026":0.5165202768,"06-2026":0.5111208743,"08-2026":0.4981881917,"10-2026":0.491915342,"12-2026":0.478980346,"02-2027":0.4715476769,"04-2027":0.4726577081,"06-2027":0.4603065973,"08-2027":0.4506103862,"10-2027":0.4473762029,"12-2027":0.4520288671,"02-2028":0.4412283757,"04-2028":0.4533333333,"06-2028":0.4444444444,"08-2028":0.4321542014,"10-2028":0.4222527886,"12-2028":0.4160956493,"02-2029":0.4034493012,"04-2029":0.3907749171,"06-2029":0.3804403482,"08-2029":0.3753881988,"10-2029":0.3704369837,"12-2029":0.3700443401,"02-2030":0.3679563492,"04-2030":0.370174488,"06-2030":0.366149439,"08-2030":0.3653895556,"10-2030":0.361684171,"12-2030":0.3595171321},"percentile_25":{"02-2020":0.0350544462,"04-2020":0.030372472,"06-2020":0.0308583309,"08-2020":0.0297681335,"10-2020":0.0316205534,"12-2020":0.0318740157,"02-2021":0.0328141017,"04-2021":0.0334982739,"06-2021":0.0352908293,"08-2021":0.0406293043,"10-2021":0.0480284079,"12-2021":0.0520995653,"02-2022":0.0591342275,"04-2022":0.0678559177,"06-2022":0.0767832168,"08-2022":0.0866459627,"10-2022":0.0913949275,"12-2022":0.1096632904,"02-2023":0.1280284797,"04-2023":0.1476157129,"06-2023":0.157020535,"08-2023":0.1855228982,"10-2023":0.2157738493,"12-2023":0.2396903539,"02-2024":0.3001287453,"04-2024":0.3404608001,"06-2024":0.3855606759,"08-2024":0.4020965496,"10-2024":0.4233941734,"12-2024":0.467888182,"02-2025":0.4670454545,"04-2025":0.4700562364,"06-2025":0.479532967,"08-2025":0.4866371825,"10-2025":0.4575672502,"12-2025":0.4539284296,"02-2026":0.4532441535,"04-2026":0.4517302093,"06-2026":0.4352517986,"08-2026":0.4275529488,"10-2026":0.415786352,"12-2026":0.4175964838,"02-2027":0.4089854173,"04-2027":0.407281696,"06-2027":0.4019014429,"08-2027":0.3837823452,"10-2027":0.3780744412,"12-2027":0.3864342951,"02-2028":0.3787977471,"04-2028":0.3979052722,"06-2028":0.391061904,"08-2028":0.391061904,"10-2028":0.37813147,"12-2028":0.3695777906,"02-2029":0.3553730442,"04-2029":0.3520668643,"06-2029":0.34375,"08-2029":0.3428775871,"10-2029":0.3243633989,"12-2029":0.3191287879,"02-2030":0.3179761064,"04-2030":0.3215232206,"06-2030":0.3189071567,"08-2030":0.3140699613,"10-2030":0.3112032799,"12-2030":0.3064591785},"percentile_75":{"02-2020":0.0960384615,"04-2020":0.0989108065,"06-2020":0.1020345452,"08-2020":0.1154387385,"10-2020":0.125992254,"12-2020":0.1501221167,"02-2021":0.1695606061,"04-2021":0.1965664644,"06-2021":0.2424336624,"08-2021":0.2965421366,"10-2021":0.366868204,"12-2021":0.4406230765,"02-2022":0.5295322519,"04-2022":0.597761194,"06-2022":0.6871481678,"08-2022":0.7180025791,"10-2022":0.7328592129,"12-2022":0.7359230145,"02-2023":0.7208989229,"04-2023":0.7138975155,"06-2023":0.7218657255,"08-2023":0.7045298823,"10-2023":0.6869090114,"12-2023":0.6702917669,"02-2024":0.6658134243,"04-2024":0.6656586022,"06-2024":0.6497975709,"08-2024":0.6504657784,"10-2024":0.6425909857,"12-2024":0.6318660287,"02-2025":0.6194952046,"04-2025":0.6087157118,"06-2025":0.6055100132,"08-2025":0.597874101,"10-2025":0.5937445537,"12-2025":0.5915788051,"02-2026":0.5815914437,"04-2026":0.5767191384,"06-2026":0.5697540719,"08-2026":0.5548453766,"10-2026":0.5431930891,"12-2026":0.5362824312,"02-2027":0.5336899685,"04-2027":0.5185447886,"06-2027":0.5078444479,"08-2027":0.5076773356,"10-2027":0.5040013012,"12-2027":0.4951674168,"02-2028":0.49246633,"04-2028":0.5004180602,"06-2028":0.4917890466,"08-2028":0.4802954076,"10-2028":0.4744035654,"12-2028":0.4708735332,"02-2029":0.453357618,"04-2029":0.4386595986,"06-2029":0.4290780142,"08-2029":0.4238513165,"10-2029":0.4277026281,"12-2029":0.4190167152,"02-2030":0.4169127095,"04-2030":0.414893617,"06-2030":0.4039796867,"08-2030":0.4029393487,"10-2030":0.4005338078,"12-2030":0.3971908925}}