{"median":{"02-2020":0.0599696356,"04-2020":0.0572599532,"06-2020":0.0542236797,"08-2020":0.0578064863,"10-2020":0.0547474425,"12-2020":0.0558884462,"02-2021":0.0541190745,"04-2021":0.052,"06-2021":0.0563071215,"08-2021":0.0534509804,"10-2021":0.0593743115,"12-2021":0.0682129174,"02-2022":0.067826806,"04-2022":0.062677131,"06-2022":0.0649491567,"08-2022":0.0717056303,"10-2022":0.0741244706,"12-2022":0.0855827579,"02-2023":0.0829787234,"04-2023":0.0820895522,"06-2023":0.0888404347,"08-2023":0.0897349883,"10-2023":0.0839427239,"12-2023":0.0883633634,"02-2024":0.1048910342,"04-2024":0.121875635,"06-2024":0.1391747736,"08-2024":0.1628782811,"10-2024":0.2146769205,"12-2024":0.2760262067,"02-2025":0.3191838291,"04-2025":0.3658651889,"06-2025":0.4570088075,"08-2025":0.5096646674,"10-2025":0.5510900727,"12-2025":0.5927995392,"02-2026":0.5891706506,"04-2026":0.5873929094,"06-2026":0.5951969023,"08-2026":0.5910714286,"10-2026":0.5868248663,"12-2026":0.5758127266,"02-2027":0.5651319996,"04-2027":0.5496256731,"06-2027":0.5466969839,"08-2027":0.5507982307,"10-2027":0.5381309971,"12-2027":0.5276223776,"02-2028":0.5140031336,"04-2028":0.5151117701,"06-2028":0.5086186558,"08-2028":0.5017125095,"10-2028":0.4919544791,"12-2028":0.4866560622,"02-2029":0.4780268755,"04-2029":0.4666467206,"06-2029":0.4630991285,"08-2029":0.455421147,"10-2029":0.4551415797,"12-2029":0.4522996389,"02-2030":0.44590301,"04-2030":0.4576251709,"06-2030":0.453125,"08-2030":0.4377164288,"10-2030":0.4305254017,"12-2030":0.4223697708},"percentile_25":{"02-2020":0.0311003352,"04-2020":0.0299625468,"06-2020":0.0281774009,"08-2020":0.024702381,"10-2020":0.024691358,"12-2020":0.0238337987,"02-2021":0.0172785548,"04-2021":0.0169890873,"06-2021":0.0145306901,"08-2021":0.0137880562,"10-2021":0.0120241924,"12-2021":0.0143945252,"02-2022":0.0112178388,"04-2022":0.007905506,"06-2022":0.0076703715,"08-2022":0.0077370304,"10-2022":0.0076866127,"12-2022":0.0080855255,"02-2023":0.0077745604,"04-2023":0.007477333,"06-2023":0.0071867813,"08-2023":0.0060710331,"10-2023":0.0069940189,"12-2023":0.0062175179,"02-2024":0.0074361593,"04-2024":0.0075471698,"06-2024":0.0075268366,"08-2024":0.0037523847,"10-2024":0.0038581376,"12-2024":0.0057251908,"02-2025":0.0068179206,"04-2025":0.0065652104,"06-2025":0.0109249606,"08-2025":0.0108190778,"10-2025":0.0121225319,"12-2025":0.0185129219,"02-2026":0.0225937678,"04-2026":0.0348992262,"06-2026":0.0288320221,"08-2026":0.0384823204,"10-2026":0.041002602,"12-2026":0.0453973843,"02-2027":0.0515389082,"04-2027":0.0509063305,"06-2027":0.0646554254,"08-2027":0.0840953119,"10-2027":0.0920498084,"12-2027":0.1129636851,"02-2028":0.114204867,"04-2028":0.1200361011,"06-2028":0.1206341379,"08-2028":0.126256901,"10-2028":0.141709454,"12-2028":0.1590335377,"02-2029":0.1725600486,"04-2029":0.1978866838,"06-2029":0.2173092394,"08-2029":0.2351406534,"10-2029":0.2668771777,"12-2029":0.275226322,"02-2030":0.2538592742,"04-2030":0.2644312244,"06-2030":0.2803214385,"08-2030":0.3107183345,"10-2030":0.3064873503,"12-2030":0.2811621839},"percentile_75":{"02-2020":0.1002016129,"04-2020":0.095469268,"06-2020":0.0991744757,"08-2020":0.103615169,"10-2020":0.1128855355,"12-2020":0.1270491803,"02-2021":0.1279055748,"04-2021":0.127889455,"06-2021":0.1226808153,"08-2021":0.1316939891,"10-2021":0.1478278531,"12-2021":0.1758211893,"02-2022":0.1759493079,"04-2022":0.1760636674,"06-2022":0.1812838864,"08-2022":0.1910125969,"10-2022":0.214159756,"12-2022":0.2424099977,"02-2023":0.2376092693,"04-2023":0.2233498372,"06-2023":0.2248181818,"08-2023":0.2457308652,"10-2023":0.2669587579,"12-2023":0.2918977551,"02-2024":0.3490020127,"04-2024":0.4049982983,"06-2024":0.4908848992,"08-2024":0.5748357035,"10-2024":0.653522296,"12-2024":0.7100086188,"02-2025":0.7207785605,"04-2025":0.7218815982,"06-2025":0.724738676,"08-2025":0.7083299093,"10-2025":0.7039596273,"12-2025":0.6968650886,"02-2026":0.6705729167,"04-2026":0.6685691551,"06-2026":0.6645604396,"08-2026":0.6546345811,"10-2026":0.6549743174,"12-2026":0.6396511628,"02-2027":0.6393981273,"04-2027":0.6230664209,"06-2027":0.6115023474,"08-2027":0.6156200942,"10-2027":0.6021505376,"12-2027":0.5855752841,"02-2028":0.580318323,"04-2028":0.5723991796,"06-2028":0.5629148172,"08-2028":0.5570873206,"10-2028":0.5435780602,"12-2028":0.5415461731,"02-2029":0.5391062638,"04-2029":0.5257906922,"06-2029":0.5057809331,"08-2029":0.5039631407,"10-2029":0.5,"12-2029":0.4987113402,"02-2030":0.4897743726,"04-2030":0.5021101126,"06-2030":0.4909090909,"08-2030":0.4873961592,"10-2030":0.4798006391,"12-2030":0.4669910669}}