{"median":{"02-2020":0.0599696356,"04-2020":0.0572599532,"06-2020":0.0542236797,"08-2020":0.0578064863,"10-2020":0.0547474425,"12-2020":0.0558884462,"02-2021":0.0541190745,"04-2021":0.052,"06-2021":0.0563071215,"08-2021":0.0534509804,"10-2021":0.0593743115,"12-2021":0.0682129174,"02-2022":0.067826806,"04-2022":0.062677131,"06-2022":0.0649491567,"08-2022":0.0717056303,"10-2022":0.0741244706,"12-2022":0.0855827579,"02-2023":0.0829787234,"04-2023":0.0820895522,"06-2023":0.0888404347,"08-2023":0.0897349883,"10-2023":0.0839427239,"12-2023":0.0883633634,"02-2024":0.0942140297,"04-2024":0.0928880512,"06-2024":0.0846787962,"08-2024":0.0901946372,"10-2024":0.102337612,"12-2024":0.1078215021,"02-2025":0.10308136,"04-2025":0.1102347762,"06-2025":0.1173421235,"08-2025":0.1239064213,"10-2025":0.1219264377,"12-2025":0.1406023416,"02-2026":0.1508597884,"04-2026":0.1544190665,"06-2026":0.1523809524,"08-2026":0.1629719052,"10-2026":0.1725575149,"12-2026":0.1816717562,"02-2027":0.1767857143,"04-2027":0.1677497153,"06-2027":0.1666623844,"08-2027":0.1747436696,"10-2027":0.1749136124,"12-2027":0.1872724275,"02-2028":0.1894161774,"04-2028":0.2279710067,"06-2028":0.2726098191,"08-2028":0.3049226375,"10-2028":0.3666311273,"12-2028":0.4501732848,"02-2029":0.5182360743,"04-2029":0.5638446128,"06-2029":0.5664404915,"08-2029":0.5747915416,"10-2029":0.5731909123,"12-2029":0.585961921,"02-2030":0.5782823485,"04-2030":0.5885620915,"06-2030":0.5940529283,"08-2030":0.5817209084,"10-2030":0.5687300203,"12-2030":0.5537443718},"percentile_25":{"02-2020":0.0311003352,"04-2020":0.0299625468,"06-2020":0.0281774009,"08-2020":0.024702381,"10-2020":0.024691358,"12-2020":0.0238337987,"02-2021":0.0172785548,"04-2021":0.0169890873,"06-2021":0.0145306901,"08-2021":0.0137880562,"10-2021":0.0120241924,"12-2021":0.0143945252,"02-2022":0.0112178388,"04-2022":0.007905506,"06-2022":0.0076703715,"08-2022":0.0077370304,"10-2022":0.0076866127,"12-2022":0.0080855255,"02-2023":0.0077745604,"04-2023":0.007477333,"06-2023":0.0071867813,"08-2023":0.0060710331,"10-2023":0.0069940189,"12-2023":0.0062175179,"02-2024":0.0062769159,"04-2024":0.0038648312,"06-2024":0.0036497798,"08-2024":0.0037420581,"10-2024":0.0036740407,"12-2024":0.0037807587,"02-2025":0.0036803049,"04-2025":0.0036386078,"06-2025":0.0027173913,"08-2025":0.0026978417,"10-2025":0.0,"12-2025":0.0027573529,"02-2026":0.0,"04-2026":0.0,"06-2026":0.0,"08-2026":0.0,"10-2026":0.0,"12-2026":0.0,"02-2027":0.0,"04-2027":0.0,"06-2027":0.0,"08-2027":0.0,"10-2027":0.0,"12-2027":0.0,"02-2028":0.0,"04-2028":0.0,"06-2028":0.0,"08-2028":0.0,"10-2028":0.0,"12-2028":0.0,"02-2029":0.0,"04-2029":0.0,"06-2029":0.0,"08-2029":0.0,"10-2029":0.0,"12-2029":0.0,"02-2030":0.0,"04-2030":0.0,"06-2030":0.0,"08-2030":0.0,"10-2030":0.0,"12-2030":0.0},"percentile_75":{"02-2020":0.1002016129,"04-2020":0.095469268,"06-2020":0.0991744757,"08-2020":0.103615169,"10-2020":0.1128855355,"12-2020":0.1270491803,"02-2021":0.1279055748,"04-2021":0.127889455,"06-2021":0.1226808153,"08-2021":0.1316939891,"10-2021":0.1478278531,"12-2021":0.1758211893,"02-2022":0.1759493079,"04-2022":0.1760636674,"06-2022":0.1812838864,"08-2022":0.1910125969,"10-2022":0.214159756,"12-2022":0.2424099977,"02-2023":0.2376092693,"04-2023":0.2233498372,"06-2023":0.2248181818,"08-2023":0.2457308652,"10-2023":0.2669587579,"12-2023":0.2918977551,"02-2024":0.292332437,"04-2024":0.2978553922,"06-2024":0.2862701501,"08-2024":0.3030765058,"10-2024":0.3323087432,"12-2024":0.3553724054,"02-2025":0.3490133407,"04-2025":0.3263870276,"06-2025":0.3124423963,"08-2025":0.3202507151,"10-2025":0.3293807642,"12-2025":0.3432851792,"02-2026":0.3413421185,"04-2026":0.3297576225,"06-2026":0.3293849556,"08-2026":0.3458661185,"10-2026":0.3440589059,"12-2026":0.3804029304,"02-2027":0.3732246377,"04-2027":0.3672664141,"06-2027":0.3487743705,"08-2027":0.3457800512,"10-2027":0.3522910344,"12-2027":0.3788486249,"02-2028":0.4162909986,"04-2028":0.4745262847,"06-2028":0.5323117761,"08-2028":0.5907583132,"10-2028":0.638212517,"12-2028":0.6741870735,"02-2029":0.6800676384,"04-2029":0.6734094202,"06-2029":0.6768450381,"08-2029":0.6604514604,"10-2029":0.6678476779,"12-2029":0.6648616125,"02-2030":0.6572461845,"04-2030":0.6544893276,"06-2030":0.6546665014,"08-2030":0.6320746215,"10-2030":0.6299715564,"12-2030":0.616559652}}