{"median":{"02-2020":0.0599696356,"04-2020":0.0572599532,"06-2020":0.0542236797,"08-2020":0.0578064863,"10-2020":0.0547474425,"12-2020":0.0558884462,"02-2021":0.0541190745,"04-2021":0.052,"06-2021":0.0563071215,"08-2021":0.0534509804,"10-2021":0.0593743115,"12-2021":0.0682129174,"02-2022":0.067826806,"04-2022":0.062677131,"06-2022":0.0649491567,"08-2022":0.0717056303,"10-2022":0.0741244706,"12-2022":0.0855827579,"02-2023":0.0955221786,"04-2023":0.1127694156,"06-2023":0.1321268629,"08-2023":0.1619069609,"10-2023":0.1796298932,"12-2023":0.2237511196,"02-2024":0.275657277,"04-2024":0.3213898568,"06-2024":0.3932456907,"08-2024":0.4613653945,"10-2024":0.5129430668,"12-2024":0.5763624752,"02-2025":0.5899666612,"04-2025":0.5942544742,"06-2025":0.6018581851,"08-2025":0.5955645015,"10-2025":0.5883197736,"12-2025":0.5735420716,"02-2026":0.571971223,"04-2026":0.567335563,"06-2026":0.563961039,"08-2026":0.5539014942,"10-2026":0.544054977,"12-2026":0.5349658347,"02-2027":0.5211538462,"04-2027":0.5160405288,"06-2027":0.5073268921,"08-2027":0.4990909091,"10-2027":0.5,"12-2027":0.4982142629,"02-2028":0.485942078,"04-2028":0.476548398,"06-2028":0.4684722728,"08-2028":0.4614030336,"10-2028":0.4514469528,"12-2028":0.4484556995,"02-2029":0.4444444444,"04-2029":0.4317762496,"06-2029":0.4251918159,"08-2029":0.4242007992,"10-2029":0.4246359141,"12-2029":0.4212411942,"02-2030":0.4145068768,"04-2030":0.4312382306,"06-2030":0.4230858967,"08-2030":0.4157013933,"10-2030":0.4036774629,"12-2030":0.3948282201},"percentile_25":{"02-2020":0.0311003352,"04-2020":0.0299625468,"06-2020":0.0281774009,"08-2020":0.024702381,"10-2020":0.024691358,"12-2020":0.0238337987,"02-2021":0.0172785548,"04-2021":0.0169890873,"06-2021":0.0145306901,"08-2021":0.0137880562,"10-2021":0.0120241924,"12-2021":0.0143945252,"02-2022":0.0112178388,"04-2022":0.007905506,"06-2022":0.0076703715,"08-2022":0.0077370304,"10-2022":0.0076866127,"12-2022":0.0080855255,"02-2023":0.0077745604,"04-2023":0.007518797,"06-2023":0.0076482671,"08-2023":0.0097539253,"10-2023":0.0146825397,"12-2023":0.0184509327,"02-2024":0.0250429369,"04-2024":0.0205243222,"06-2024":0.0221730815,"08-2024":0.0242116141,"10-2024":0.0280075188,"12-2024":0.0407794391,"02-2025":0.049487575,"04-2025":0.053956044,"06-2025":0.0620768859,"08-2025":0.0714065763,"10-2025":0.0723823348,"12-2025":0.0781214745,"02-2026":0.0859541616,"04-2026":0.0909372885,"06-2026":0.0963137905,"08-2026":0.1047107272,"10-2026":0.107031857,"12-2026":0.1155797101,"02-2027":0.1297409806,"04-2027":0.1314106069,"06-2027":0.1422032193,"08-2027":0.1568287037,"10-2027":0.1799187407,"12-2027":0.1932411552,"02-2028":0.2267907336,"04-2028":0.2499220638,"06-2028":0.2758273381,"08-2028":0.2940954119,"10-2028":0.3167670215,"12-2028":0.3272448243,"02-2029":0.3394726928,"04-2029":0.3290944552,"06-2029":0.3261945858,"08-2029":0.3315789474,"10-2029":0.3353256362,"12-2029":0.3266086728,"02-2030":0.3465284715,"04-2030":0.34540235,"06-2030":0.3567606209,"08-2030":0.3538513559,"10-2030":0.3495214463,"12-2030":0.3299125874},"percentile_75":{"02-2020":0.1002016129,"04-2020":0.095469268,"06-2020":0.0991744757,"08-2020":0.103615169,"10-2020":0.1128855355,"12-2020":0.1270491803,"02-2021":0.1279055748,"04-2021":0.127889455,"06-2021":0.1226808153,"08-2021":0.1316939891,"10-2021":0.1478278531,"12-2021":0.1758211893,"02-2022":0.1759493079,"04-2022":0.1760636674,"06-2022":0.1812838864,"08-2022":0.1910125969,"10-2022":0.214159756,"12-2022":0.2424099977,"02-2023":0.268157621,"04-2023":0.3124687656,"06-2023":0.3835742515,"08-2023":0.4985741445,"10-2023":0.5722149649,"12-2023":0.69460387,"02-2024":0.7233072917,"04-2024":0.7352836879,"06-2024":0.7422215558,"08-2024":0.739342445,"10-2024":0.7299724712,"12-2024":0.7127064147,"02-2025":0.7066161558,"04-2025":0.7018133483,"06-2025":0.6868329628,"08-2025":0.6769807565,"10-2025":0.6629518808,"12-2025":0.6550721732,"02-2026":0.6479698462,"04-2026":0.637905699,"06-2026":0.6235560597,"08-2026":0.6179006969,"10-2026":0.6146579313,"12-2026":0.5986875125,"02-2027":0.5891852024,"04-2027":0.5803363997,"06-2027":0.5758182868,"08-2027":0.5669805881,"10-2027":0.5537345935,"12-2027":0.55160938,"02-2028":0.5419477354,"04-2028":0.5412698413,"06-2028":0.5367066394,"08-2028":0.5084534352,"10-2028":0.500464684,"12-2028":0.5017247033,"02-2029":0.4864297469,"04-2029":0.4869791667,"06-2029":0.4745108259,"08-2029":0.4691230736,"10-2029":0.4724610298,"12-2029":0.4747311828,"02-2030":0.4725169579,"04-2030":0.4802060993,"06-2030":0.4829780564,"08-2030":0.4794461286,"10-2030":0.464573348,"12-2030":0.4464450448}}