{"median":{"02-2020":0.0599696356,"04-2020":0.0572599532,"06-2020":0.0542236797,"08-2020":0.0578064863,"10-2020":0.0547474425,"12-2020":0.0558884462,"02-2021":0.0541190745,"04-2021":0.052,"06-2021":0.0563071215,"08-2021":0.0534509804,"10-2021":0.0593743115,"12-2021":0.0682129174,"02-2022":0.067826806,"04-2022":0.062677131,"06-2022":0.0649491567,"08-2022":0.0717056303,"10-2022":0.0741244706,"12-2022":0.0855827579,"02-2023":0.0829787234,"04-2023":0.0820895522,"06-2023":0.0888404347,"08-2023":0.0897349883,"10-2023":0.0839427239,"12-2023":0.0883633634,"02-2024":0.0942140297,"04-2024":0.0928880512,"06-2024":0.0846787962,"08-2024":0.0901946372,"10-2024":0.102337612,"12-2024":0.1078215021,"02-2025":0.1175066028,"04-2025":0.1501069783,"06-2025":0.1746410836,"08-2025":0.2106701366,"10-2025":0.2523378445,"12-2025":0.305775068,"02-2026":0.3565353013,"04-2026":0.4222100557,"06-2026":0.4732402634,"08-2026":0.564210466,"10-2026":0.5917602996,"12-2026":0.5800521725,"02-2027":0.5746834353,"04-2027":0.5722039298,"06-2027":0.5822793492,"08-2027":0.5645635829,"10-2027":0.5656767702,"12-2027":0.5603850974,"02-2028":0.5496571321,"04-2028":0.5401855709,"06-2028":0.5360591206,"08-2028":0.5231588609,"10-2028":0.5308277027,"12-2028":0.5169850019,"02-2029":0.5117062094,"04-2029":0.5083645426,"06-2029":0.4943608226,"08-2029":0.4883704557,"10-2029":0.4865765766,"12-2029":0.4779411765,"02-2030":0.47241715,"04-2030":0.4598739524,"06-2030":0.4663304322,"08-2030":0.4561569922,"10-2030":0.442136605,"12-2030":0.4279931094},"percentile_25":{"02-2020":0.0311003352,"04-2020":0.0299625468,"06-2020":0.0281774009,"08-2020":0.024702381,"10-2020":0.024691358,"12-2020":0.0238337987,"02-2021":0.0172785548,"04-2021":0.0169890873,"06-2021":0.0145306901,"08-2021":0.0137880562,"10-2021":0.0120241924,"12-2021":0.0143945252,"02-2022":0.0112178388,"04-2022":0.007905506,"06-2022":0.0076703715,"08-2022":0.0077370304,"10-2022":0.0076866127,"12-2022":0.0080855255,"02-2023":0.0077745604,"04-2023":0.007477333,"06-2023":0.0071867813,"08-2023":0.0060710331,"10-2023":0.0069940189,"12-2023":0.0062175179,"02-2024":0.0062769159,"04-2024":0.0038648312,"06-2024":0.0036497798,"08-2024":0.0037420581,"10-2024":0.0036740407,"12-2024":0.0037807587,"02-2025":0.0037561146,"04-2025":0.0036809612,"06-2025":0.0063041126,"08-2025":0.0037665183,"10-2025":0.0027675277,"12-2025":0.0027372263,"02-2026":0.002688172,"04-2026":0.0027573529,"06-2026":0.0027173913,"08-2026":0.0026785714,"10-2026":0.0026690391,"12-2026":0.0,"02-2027":0.0,"04-2027":0.0,"06-2027":0.0,"08-2027":0.0,"10-2027":0.0,"12-2027":0.0,"02-2028":0.0,"04-2028":0.0,"06-2028":0.0,"08-2028":0.0,"10-2028":0.0,"12-2028":0.0,"02-2029":0.0,"04-2029":0.0,"06-2029":0.0,"08-2029":0.0,"10-2029":0.0,"12-2029":0.0,"02-2030":0.0,"04-2030":0.0,"06-2030":0.0,"08-2030":0.0,"10-2030":0.0,"12-2030":0.0},"percentile_75":{"02-2020":0.1002016129,"04-2020":0.095469268,"06-2020":0.0991744757,"08-2020":0.103615169,"10-2020":0.1128855355,"12-2020":0.1270491803,"02-2021":0.1279055748,"04-2021":0.127889455,"06-2021":0.1226808153,"08-2021":0.1316939891,"10-2021":0.1478278531,"12-2021":0.1758211893,"02-2022":0.1759493079,"04-2022":0.1760636674,"06-2022":0.1812838864,"08-2022":0.1910125969,"10-2022":0.214159756,"12-2022":0.2424099977,"02-2023":0.2376092693,"04-2023":0.2233498372,"06-2023":0.2248181818,"08-2023":0.2457308652,"10-2023":0.2669587579,"12-2023":0.2918977551,"02-2024":0.292332437,"04-2024":0.2978553922,"06-2024":0.2862701501,"08-2024":0.3030765058,"10-2024":0.3323087432,"12-2024":0.3553724054,"02-2025":0.3963139994,"04-2025":0.4618187505,"06-2025":0.5460042984,"08-2025":0.633662599,"10-2025":0.6868423071,"12-2025":0.7227475832,"02-2026":0.7275197628,"04-2026":0.7354195982,"06-2026":0.721878225,"08-2026":0.6963015647,"10-2026":0.6898771598,"12-2026":0.6746225888,"02-2027":0.6666666667,"04-2027":0.6622711359,"06-2027":0.6436781609,"08-2027":0.6358766234,"10-2027":0.6330856643,"12-2027":0.6247911445,"02-2028":0.6123923739,"04-2028":0.5955010557,"06-2028":0.5945958647,"08-2028":0.5900024341,"10-2028":0.5792875045,"12-2028":0.5749095432,"02-2029":0.5679961089,"04-2029":0.5710287846,"06-2029":0.5506118881,"08-2029":0.541221101,"10-2029":0.5369853204,"12-2029":0.5397344027,"02-2030":0.5395109235,"04-2030":0.526271901,"06-2030":0.5244609335,"08-2030":0.5071584098,"10-2030":0.4926995798,"12-2030":0.4829022989}}