{"median":{"02-2009":0.3818463843,"04-2009":0.3807416772,"06-2009":0.38624075,"08-2009":0.3842659015,"10-2009":0.381046453,"12-2009":0.3838367347,"02-2010":0.3373704947,"04-2010":0.2972430262,"06-2010":0.2509806335,"08-2010":0.2145835867,"10-2010":0.1893239455,"12-2010":0.1721804511,"02-2011":0.1550951008,"04-2011":0.130943915,"06-2011":0.1133603239,"08-2011":0.1028849558,"10-2011":0.0964930843,"12-2011":0.0908960285,"02-2012":0.0824478552,"04-2012":0.0756045499,"06-2012":0.0732897669,"08-2012":0.0686893917,"10-2012":0.0706863762,"12-2012":0.0688957141,"02-2013":0.0640512821,"04-2013":0.0601634004,"06-2013":0.0561805633,"08-2013":0.0524150943,"10-2013":0.0515021459,"12-2013":0.0531544958,"02-2014":0.0515021459,"04-2014":0.0466345995,"06-2014":0.0449899632,"08-2014":0.0420894128,"10-2014":0.0420894128,"12-2014":0.0458333333,"02-2015":0.0472271975,"04-2015":0.0446887311,"06-2015":0.042371775,"08-2015":0.0434782609,"10-2015":0.0443013132,"12-2015":0.0480963855,"02-2016":0.0474315711,"04-2016":0.0433298319,"06-2016":0.0433178295,"08-2016":0.0479135452,"10-2016":0.0503066091,"12-2016":0.0549789086,"02-2017":0.0519219141,"04-2017":0.049382716,"06-2017":0.0467838035,"08-2017":0.0460204393,"10-2017":0.0441072439,"12-2017":0.047250686,"02-2018":0.0474315711,"04-2018":0.043978022,"06-2018":0.0475783476,"08-2018":0.0488073028,"10-2018":0.0514358587,"12-2018":0.0558676654,"02-2019":0.0557628524,"04-2019":0.0538132573,"06-2019":0.0523191786,"08-2019":0.0533937186,"10-2019":0.0572594157,"12-2019":0.0582926311},"percentile_25":{"02-2009":0.3083608664,"04-2009":0.3107041943,"06-2009":0.316170601,"08-2009":0.3199845871,"10-2009":0.3229316117,"12-2009":0.3142266824,"02-2010":0.2868740219,"04-2010":0.2514312977,"06-2010":0.2031716882,"08-2010":0.1744645501,"10-2010":0.1545855214,"12-2010":0.1348989932,"02-2011":0.1105583432,"04-2011":0.0940624137,"06-2011":0.0801687764,"08-2011":0.0726169505,"10-2011":0.0673685204,"12-2011":0.0643776824,"02-2012":0.0584033613,"04-2012":0.0497410926,"06-2012":0.0451751071,"08-2012":0.039988903,"10-2012":0.0368870895,"12-2012":0.0389951509,"02-2013":0.03515625,"04-2013":0.0319704013,"06-2013":0.0281693548,"08-2013":0.0273449921,"10-2013":0.0278884462,"12-2013":0.0243655574,"02-2014":0.022201722,"04-2014":0.0202225088,"06-2014":0.0206188186,"08-2014":0.0206831168,"10-2014":0.0217156032,"12-2014":0.0230150509,"02-2015":0.0206188186,"04-2015":0.0194552529,"06-2015":0.0173169825,"08-2015":0.0176847026,"10-2015":0.0160030242,"12-2015":0.0179414729,"02-2016":0.0194863135,"04-2016":0.020346445,"06-2016":0.0194377095,"08-2016":0.0193761287,"10-2016":0.016915335,"12-2016":0.0172423321,"02-2017":0.0166582278,"04-2017":0.0170940171,"06-2017":0.0203668512,"08-2017":0.0211419313,"10-2017":0.0210970464,"12-2017":0.024,"02-2018":0.0221474188,"04-2018":0.0214158939,"06-2018":0.0211227361,"08-2018":0.0227412652,"10-2018":0.0203046312,"12-2018":0.0252373418,"02-2019":0.0247678808,"04-2019":0.0244649079,"06-2019":0.0229213204,"08-2019":0.0241692577,"10-2019":0.0247240763,"12-2019":0.0263910932},"percentile_75":{"02-2009":0.4507913961,"04-2009":0.4506503843,"06-2009":0.4560195853,"08-2009":0.4518507575,"10-2009":0.4519121339,"12-2009":0.4472117997,"02-2010":0.4018042208,"04-2010":0.3423630717,"06-2010":0.2963647959,"08-2010":0.2601750973,"10-2010":0.2378256963,"12-2010":0.225796864,"02-2011":0.1973417804,"04-2011":0.1788186726,"06-2011":0.1509982448,"08-2011":0.1400378788,"10-2011":0.1335177511,"12-2011":0.1335497835,"02-2012":0.1245976395,"04-2012":0.117024552,"06-2012":0.1022348485,"08-2012":0.099784495,"10-2012":0.0991626086,"12-2012":0.1022816852,"02-2013":0.1007320532,"04-2013":0.0955882353,"06-2013":0.0844449854,"08-2013":0.0834163347,"10-2013":0.087215815,"12-2013":0.0907506153,"02-2014":0.0874687106,"04-2014":0.0832743682,"06-2014":0.0778483047,"08-2014":0.0816326531,"10-2014":0.0858584514,"12-2014":0.0848495279,"02-2015":0.0788928953,"04-2015":0.0801793722,"06-2015":0.0830604076,"08-2015":0.0832453308,"10-2015":0.0817722681,"12-2015":0.0924962406,"02-2016":0.0920462149,"04-2016":0.0841049383,"06-2016":0.0852852853,"08-2016":0.0870066902,"10-2016":0.0867058824,"12-2016":0.0953656126,"02-2017":0.092583545,"04-2017":0.0868217751,"06-2017":0.0909955064,"08-2017":0.0932954157,"10-2017":0.1012102219,"12-2017":0.1034907749,"02-2018":0.1007612734,"04-2018":0.0964204308,"06-2018":0.0980577137,"08-2018":0.1012514011,"10-2018":0.0984251969,"12-2018":0.1075265099,"02-2019":0.1070264665,"04-2019":0.0962093062,"06-2019":0.0939889777,"08-2019":0.0972885564,"10-2019":0.0981309657,"12-2019":0.10682524}}