{"median":{"02-2017":0.1924773185,"04-2017":0.1939237233,"06-2017":0.1965749415,"08-2017":0.1946902655,"10-2017":0.2000192111,"12-2017":0.1967741935,"02-2018":0.1783008658,"04-2018":0.1646271186,"06-2018":0.1433252753,"08-2018":0.1298725637,"10-2018":0.1035267176,"12-2018":0.0882836327,"02-2019":0.0734937845,"04-2019":0.0581658392,"06-2019":0.0451991828,"08-2019":0.0375401237,"10-2019":0.0342210271,"12-2019":0.0290461433},"percentile_25":{"02-2017":0.1281538462,"04-2017":0.1295383992,"06-2017":0.1239486579,"08-2017":0.1238329876,"10-2017":0.1215070365,"12-2017":0.1213072144,"02-2018":0.1220911441,"04-2018":0.1081084863,"06-2018":0.099164648,"08-2018":0.0863942924,"10-2018":0.0739933418,"12-2018":0.0603188617,"02-2019":0.0481501151,"04-2019":0.0380713919,"06-2019":0.0295071735,"08-2019":0.0230348947,"10-2019":0.0203874233,"12-2019":0.0159370079},"percentile_75":{"02-2017":0.3222647233,"04-2017":0.3160598291,"06-2017":0.3335418038,"08-2017":0.3176827285,"10-2017":0.3156803279,"12-2017":0.322850838,"02-2018":0.298131913,"04-2018":0.2606713634,"06-2018":0.2246339293,"08-2018":0.1911196911,"10-2018":0.1690964014,"12-2018":0.1424661105,"02-2019":0.1127358969,"04-2019":0.097342579,"06-2019":0.0815638451,"08-2019":0.066464414,"10-2019":0.0604450113,"12-2019":0.052140123}}