{"median":{"02-2020":0.0632836016,"04-2020":0.0675757095,"06-2020":0.0769330611,"08-2020":0.0829941501,"10-2020":0.0823529412,"12-2020":0.0869568325,"02-2021":0.083659186,"04-2021":0.0793377121,"06-2021":0.0718565737,"08-2021":0.0630013065,"10-2021":0.0558816184,"12-2021":0.0443261437,"02-2022":0.0387690088,"04-2022":0.0353646863,"06-2022":0.0263723299,"08-2022":0.0197640809,"10-2022":0.0180185445,"12-2022":0.0153866639,"02-2023":0.0113222058,"04-2023":0.0076777978,"06-2023":0.0070176303,"08-2023":0.0037105879,"10-2023":0.003623236,"12-2023":0.0016835017,"02-2024":0.0,"04-2024":0.0,"06-2024":0.0,"08-2024":0.0,"10-2024":0.0,"12-2024":0.0,"02-2025":0.0,"04-2025":0.0,"06-2025":0.0,"08-2025":0.0,"10-2025":0.0,"12-2025":0.0,"02-2026":0.0,"04-2026":0.0,"06-2026":0.0,"08-2026":0.0,"10-2026":0.0,"12-2026":0.0,"02-2027":0.0,"04-2027":0.0,"06-2027":0.0,"08-2027":0.0,"10-2027":0.0,"12-2027":0.0,"02-2028":0.0,"04-2028":0.0,"06-2028":0.0,"08-2028":0.0,"10-2028":0.0,"12-2028":0.0,"02-2029":0.0,"04-2029":0.0,"06-2029":0.0,"08-2029":0.0,"10-2029":0.0,"12-2029":0.0,"02-2030":0.0,"04-2030":0.0,"06-2030":0.0,"08-2030":0.0,"10-2030":0.0,"12-2030":0.0},"percentile_25":{"02-2020":0.0376642036,"04-2020":0.0366973619,"06-2020":0.0343847962,"08-2020":0.0331607284,"10-2020":0.0356206897,"12-2020":0.0315018315,"02-2021":0.0299029202,"04-2021":0.0278229194,"06-2021":0.0252054847,"08-2021":0.0202743176,"10-2021":0.0168916007,"12-2021":0.0118813273,"02-2022":0.0115944935,"04-2022":0.0076335878,"06-2022":0.0039217482,"08-2022":0.0,"10-2022":0.0,"12-2022":0.0,"02-2023":0.0,"04-2023":0.0,"06-2023":0.0,"08-2023":0.0,"10-2023":0.0,"12-2023":0.0,"02-2024":0.0,"04-2024":0.0,"06-2024":0.0,"08-2024":0.0,"10-2024":0.0,"12-2024":0.0,"02-2025":0.0,"04-2025":0.0,"06-2025":0.0,"08-2025":0.0,"10-2025":0.0,"12-2025":0.0,"02-2026":0.0,"04-2026":0.0,"06-2026":0.0,"08-2026":0.0,"10-2026":0.0,"12-2026":0.0,"02-2027":0.0,"04-2027":0.0,"06-2027":0.0,"08-2027":0.0,"10-2027":0.0,"12-2027":0.0,"02-2028":0.0,"04-2028":0.0,"06-2028":0.0,"08-2028":0.0,"10-2028":0.0,"12-2028":0.0,"02-2029":0.0,"04-2029":0.0,"06-2029":0.0,"08-2029":0.0,"10-2029":0.0,"12-2029":0.0,"02-2030":0.0,"04-2030":0.0,"06-2030":0.0,"08-2030":0.0,"10-2030":0.0,"12-2030":0.0},"percentile_75":{"02-2020":0.0991758242,"04-2020":0.1110003418,"06-2020":0.134958182,"08-2020":0.1510375494,"10-2020":0.1541390532,"12-2020":0.1650231877,"02-2021":0.1635723039,"04-2021":0.1490265377,"06-2021":0.1401892225,"08-2021":0.1322190231,"10-2021":0.1120629371,"12-2021":0.1012661114,"02-2022":0.0896696422,"04-2022":0.0863594257,"06-2022":0.0763198248,"08-2022":0.0669842926,"10-2022":0.0565454545,"12-2022":0.0512693751,"02-2023":0.0417256481,"04-2023":0.0406305078,"06-2023":0.0386040208,"08-2023":0.0329634168,"10-2023":0.02477727,"12-2023":0.0229242196,"02-2024":0.020232816,"04-2024":0.020033557,"06-2024":0.0197604546,"08-2024":0.0224090223,"10-2024":0.0274409499,"12-2024":0.037394958,"02-2025":0.0532549558,"04-2025":0.0606780035,"06-2025":0.082600069,"08-2025":0.1051397952,"10-2025":0.1247505277,"12-2025":0.1645299145,"02-2026":0.2064154633,"04-2026":0.2399247492,"06-2026":0.2935061315,"08-2026":0.3406722417,"10-2026":0.3923014325,"12-2026":0.4811312754,"02-2027":0.5568839324,"04-2027":0.5548036562,"06-2027":0.5262667367,"08-2027":0.5745632978,"10-2027":0.5838618858,"12-2027":0.5687981075,"02-2028":0.5642976634,"04-2028":0.5614023319,"06-2028":0.5534670078,"08-2028":0.5431370273,"10-2028":0.555632533,"12-2028":0.5373033894,"02-2029":0.5338145185,"04-2029":0.5167515546,"06-2029":0.5046303678,"08-2029":0.5216005205,"10-2029":0.5106998265,"12-2029":0.511198027,"02-2030":0.5063079893,"04-2030":0.4827645823,"06-2030":0.4907192818,"08-2030":0.4711191336,"10-2030":0.4580968821,"12-2030":0.4497360003}}