{"median":{"02-2020":0.0570102337,"04-2020":0.0530973451,"06-2020":0.0530493319,"08-2020":0.0523216461,"10-2020":0.0500029588,"12-2020":0.0457144516,"02-2021":0.0392937334,"04-2021":0.0333356483,"06-2021":0.0286357248,"08-2021":0.0232572115,"10-2021":0.0185195347,"12-2021":0.0155041089,"02-2022":0.0117648868,"04-2022":0.011010101,"06-2022":0.0079843182,"08-2022":0.0076340326,"10-2022":0.0053555894,"12-2022":0.0040827209,"02-2023":0.0039840637,"04-2023":0.0037453709,"06-2023":0.0035783787,"08-2023":0.0016835017,"10-2023":0.0,"12-2023":0.0034858441,"02-2024":0.0018050542,"04-2024":0.0,"06-2024":0.0016611296,"08-2024":0.0016556291,"10-2024":0.0016778523,"12-2024":0.0018518519,"02-2025":0.0037440864,"04-2025":0.0056295956,"06-2025":0.0075226244,"08-2025":0.0092526788,"10-2025":0.007810359,"12-2025":0.0117030965,"02-2026":0.015687358,"04-2026":0.0165712503,"06-2026":0.0172219921,"08-2026":0.0212737127,"10-2026":0.0232422226,"12-2026":0.0291239585,"02-2027":0.0333846154,"04-2027":0.0308341255,"06-2027":0.028278328,"08-2027":0.0337542088,"10-2027":0.0402070941,"12-2027":0.0455746559,"02-2028":0.0511685757,"04-2028":0.0512903925,"06-2028":0.0577962578,"08-2028":0.0656707962,"10-2028":0.0793444095,"12-2028":0.0906547866,"02-2029":0.0976528902,"04-2029":0.1059386973,"06-2029":0.1339668514,"08-2029":0.1451171361,"10-2029":0.1467418546,"12-2029":0.1678150001,"02-2030":0.1824479752,"04-2030":0.2007902971,"06-2030":0.2354149915,"08-2030":0.2497507607,"10-2030":0.2599161706,"12-2030":0.2895644283},"percentile_25":{"02-2020":0.034351145,"04-2020":0.0297033151,"06-2020":0.0260265577,"08-2020":0.0248705463,"10-2020":0.0233696308,"12-2020":0.0194364009,"02-2021":0.0176301453,"04-2021":0.0118229681,"06-2021":0.0078586368,"08-2021":0.0074010257,"10-2021":0.0038872802,"12-2021":0.0036231884,"02-2022":0.0,"04-2022":0.0,"06-2022":0.0,"08-2022":0.0,"10-2022":0.0,"12-2022":0.0,"02-2023":0.0,"04-2023":0.0,"06-2023":0.0,"08-2023":0.0,"10-2023":0.0,"12-2023":0.0,"02-2024":0.0,"04-2024":0.0,"06-2024":0.0,"08-2024":0.0,"10-2024":0.0,"12-2024":0.0,"02-2025":0.0,"04-2025":0.0,"06-2025":0.0,"08-2025":0.0,"10-2025":0.0,"12-2025":0.0,"02-2026":0.0,"04-2026":0.0,"06-2026":0.0,"08-2026":0.0,"10-2026":0.0,"12-2026":0.0,"02-2027":0.0,"04-2027":0.0,"06-2027":0.0,"08-2027":0.0,"10-2027":0.0,"12-2027":0.0,"02-2028":0.0,"04-2028":0.0,"06-2028":0.0,"08-2028":0.0,"10-2028":0.0,"12-2028":0.0,"02-2029":0.0,"04-2029":0.0,"06-2029":0.0,"08-2029":0.0,"10-2029":0.0,"12-2029":0.0,"02-2030":0.0,"04-2030":0.0,"06-2030":0.0,"08-2030":0.0,"10-2030":0.0,"12-2030":0.0},"percentile_75":{"02-2020":0.087724082,"04-2020":0.0853542666,"06-2020":0.0909872589,"08-2020":0.0910033949,"10-2020":0.0883384933,"12-2020":0.0889071493,"02-2021":0.0832565174,"04-2021":0.0780961792,"06-2021":0.072401133,"08-2021":0.063043351,"10-2021":0.0560338368,"12-2021":0.047312253,"02-2022":0.0403673817,"04-2022":0.0355033746,"06-2022":0.0339944254,"08-2022":0.0326320021,"10-2022":0.0319246303,"12-2022":0.0277439951,"02-2023":0.0328683618,"04-2023":0.0383106748,"06-2023":0.051301054,"08-2023":0.0610745614,"10-2023":0.0871008513,"12-2023":0.1116180049,"02-2024":0.1440331151,"04-2024":0.1778994999,"06-2024":0.2199094264,"08-2024":0.2714722491,"10-2024":0.3365538965,"12-2024":0.4139555023,"02-2025":0.4838129496,"04-2025":0.5594768869,"06-2025":0.5982107303,"08-2025":0.6320556171,"10-2025":0.6437303007,"12-2025":0.639300989,"02-2026":0.6418326152,"04-2026":0.6248829685,"06-2026":0.6072120311,"08-2026":0.6147552448,"10-2026":0.5984265734,"12-2026":0.5963959602,"02-2027":0.5918242492,"04-2027":0.5941011836,"06-2027":0.5969470344,"08-2027":0.5872943141,"10-2027":0.5842693727,"12-2027":0.567824405,"02-2028":0.5645920856,"04-2028":0.5660342694,"06-2028":0.5528139215,"08-2028":0.5389413821,"10-2028":0.5169790925,"12-2028":0.5075855792,"02-2029":0.4882452356,"04-2029":0.4848047581,"06-2029":0.4855022504,"08-2029":0.4774599542,"10-2029":0.4657039711,"12-2029":0.4753286884,"02-2030":0.4711180124,"04-2030":0.4689179024,"06-2030":0.476526274,"08-2030":0.4633223684,"10-2030":0.4499979574,"12-2030":0.4313766757}}