{"median":{"02-2020":0.0632836016,"04-2020":0.0675757095,"06-2020":0.0769330611,"08-2020":0.0829941501,"10-2020":0.0823529412,"12-2020":0.0869568325,"02-2021":0.083659186,"04-2021":0.0793377121,"06-2021":0.0718565737,"08-2021":0.0630013065,"10-2021":0.0558816184,"12-2021":0.0443261437,"02-2022":0.0387690088,"04-2022":0.0353646863,"06-2022":0.0263723299,"08-2022":0.0197640809,"10-2022":0.0180185445,"12-2022":0.0153866639,"02-2023":0.0116738587,"04-2023":0.0105326698,"06-2023":0.0075796727,"08-2023":0.0073685068,"10-2023":0.0072463768,"12-2023":0.0074490221,"02-2024":0.0075331971,"04-2024":0.0076192964,"06-2024":0.0076488826,"08-2024":0.0144182059,"10-2024":0.0173992128,"12-2024":0.0227842629,"02-2025":0.0188220487,"04-2025":0.0223710819,"06-2025":0.0258390542,"08-2025":0.0349804372,"10-2025":0.0501798561,"12-2025":0.0506394186,"02-2026":0.055019444,"04-2026":0.0627313208,"06-2026":0.0699777009,"08-2026":0.0878217849,"10-2026":0.1023840392,"12-2026":0.1272536688,"02-2027":0.1568055827,"04-2027":0.1872613202,"06-2027":0.2056984328,"08-2027":0.2420045497,"10-2027":0.2533347912,"12-2027":0.2875082617,"02-2028":0.3228973744,"04-2028":0.4018075787,"06-2028":0.4158805031,"08-2028":0.4371331555,"10-2028":0.4358919123,"12-2028":0.4118408371,"02-2029":0.4037458695,"04-2029":0.398378644,"06-2029":0.3843400301,"08-2029":0.3686967673,"10-2029":0.3946841585,"12-2029":0.4017103642,"02-2030":0.3971830986,"04-2030":0.4045552869,"06-2030":0.4045348552,"08-2030":0.3896551724,"10-2030":0.3735690236,"12-2030":0.3743327402},"percentile_25":{"02-2020":0.0376642036,"04-2020":0.0366973619,"06-2020":0.0343847962,"08-2020":0.0331607284,"10-2020":0.0356206897,"12-2020":0.0315018315,"02-2021":0.0299029202,"04-2021":0.0278229194,"06-2021":0.0252054847,"08-2021":0.0202743176,"10-2021":0.0168916007,"12-2021":0.0118813273,"02-2022":0.0115944935,"04-2022":0.0076335878,"06-2022":0.0039217482,"08-2022":0.0,"10-2022":0.0,"12-2022":0.0,"02-2023":0.0,"04-2023":0.0,"06-2023":0.0,"08-2023":0.0,"10-2023":0.0,"12-2023":0.0,"02-2024":0.0,"04-2024":0.0,"06-2024":0.0,"08-2024":0.0,"10-2024":0.0,"12-2024":0.0,"02-2025":0.0,"04-2025":0.0,"06-2025":0.0,"08-2025":0.0,"10-2025":0.0,"12-2025":0.0,"02-2026":0.0,"04-2026":0.0,"06-2026":0.0,"08-2026":0.0,"10-2026":0.0,"12-2026":0.0,"02-2027":0.0,"04-2027":0.0,"06-2027":0.0,"08-2027":0.0,"10-2027":0.0,"12-2027":0.0,"02-2028":0.0,"04-2028":0.0,"06-2028":0.0,"08-2028":0.0,"10-2028":0.0,"12-2028":0.0,"02-2029":0.0,"04-2029":0.0,"06-2029":0.0,"08-2029":0.0,"10-2029":0.0,"12-2029":0.0,"02-2030":0.0,"04-2030":0.0,"06-2030":0.0,"08-2030":0.0,"10-2030":0.0,"12-2030":0.0},"percentile_75":{"02-2020":0.0991758242,"04-2020":0.1110003418,"06-2020":0.134958182,"08-2020":0.1510375494,"10-2020":0.1541390532,"12-2020":0.1650231877,"02-2021":0.1635723039,"04-2021":0.1490265377,"06-2021":0.1401892225,"08-2021":0.1322190231,"10-2021":0.1120629371,"12-2021":0.1012661114,"02-2022":0.0896696422,"04-2022":0.0863594257,"06-2022":0.0763198248,"08-2022":0.0669842926,"10-2022":0.0565454545,"12-2022":0.0512693751,"02-2023":0.045286306,"04-2023":0.0444030219,"06-2023":0.0489998144,"08-2023":0.0568449608,"10-2023":0.0737745098,"12-2023":0.0864379085,"02-2024":0.0993695652,"04-2024":0.1199580932,"06-2024":0.1642902408,"08-2024":0.2075887694,"10-2024":0.2487212559,"12-2024":0.3214408726,"02-2025":0.4142909072,"04-2025":0.475053071,"06-2025":0.5793861311,"08-2025":0.6248646294,"10-2025":0.6508004803,"12-2025":0.6452184855,"02-2026":0.6396276596,"04-2026":0.6526252336,"06-2026":0.6489053723,"08-2026":0.6352377226,"10-2026":0.641795141,"12-2026":0.6287969148,"02-2027":0.6222571725,"04-2027":0.6173199372,"06-2027":0.6079352518,"08-2027":0.5966911765,"10-2027":0.5857152222,"12-2027":0.5769204328,"02-2028":0.5851774347,"04-2028":0.5786010056,"06-2028":0.5876182641,"08-2028":0.5587426817,"10-2028":0.5488629135,"12-2028":0.542002442,"02-2029":0.5409508902,"04-2029":0.5354940498,"06-2029":0.5131399454,"08-2029":0.5056383768,"10-2029":0.5079493901,"12-2029":0.5126816625,"02-2030":0.4888471632,"04-2030":0.4951777282,"06-2030":0.4925451322,"08-2030":0.4804000896,"10-2030":0.4571363888,"12-2030":0.4496306059}}