{"median":{"02-2020":0.0570102337,"04-2020":0.0530973451,"06-2020":0.0530493319,"08-2020":0.0523216461,"10-2020":0.0500029588,"12-2020":0.0457144516,"02-2021":0.0392937334,"04-2021":0.0333356483,"06-2021":0.0286357248,"08-2021":0.0232572115,"10-2021":0.0185195347,"12-2021":0.0155041089,"02-2022":0.0117648868,"04-2022":0.011010101,"06-2022":0.0080646473,"08-2022":0.0055403261,"10-2022":0.0040160643,"12-2022":0.0038244413,"02-2023":0.0036101554,"04-2023":0.0016447368,"06-2023":0.0,"08-2023":0.0,"10-2023":0.0,"12-2023":0.0,"02-2024":0.0,"04-2024":0.0,"06-2024":0.0,"08-2024":0.0,"10-2024":0.0,"12-2024":0.0,"02-2025":0.0,"04-2025":0.0,"06-2025":0.0,"08-2025":0.0,"10-2025":0.0,"12-2025":0.0,"02-2026":0.0,"04-2026":0.0,"06-2026":0.0,"08-2026":0.0,"10-2026":0.0,"12-2026":0.0,"02-2027":0.0,"04-2027":0.0,"06-2027":0.0,"08-2027":0.0,"10-2027":0.0,"12-2027":0.0,"02-2028":0.0,"04-2028":0.0,"06-2028":0.0,"08-2028":0.0,"10-2028":0.0,"12-2028":0.0,"02-2029":0.0,"04-2029":0.0,"06-2029":0.0,"08-2029":0.0,"10-2029":0.0,"12-2029":0.0,"02-2030":0.0,"04-2030":0.0,"06-2030":0.0,"08-2030":0.0,"10-2030":0.0,"12-2030":0.0},"percentile_25":{"02-2020":0.034351145,"04-2020":0.0297033151,"06-2020":0.0260265577,"08-2020":0.0248705463,"10-2020":0.0233696308,"12-2020":0.0194364009,"02-2021":0.0176301453,"04-2021":0.0118229681,"06-2021":0.0078586368,"08-2021":0.0074010257,"10-2021":0.0038872802,"12-2021":0.0036231884,"02-2022":0.0,"04-2022":0.0,"06-2022":0.0,"08-2022":0.0,"10-2022":0.0,"12-2022":0.0,"02-2023":0.0,"04-2023":0.0,"06-2023":0.0,"08-2023":0.0,"10-2023":0.0,"12-2023":0.0,"02-2024":0.0,"04-2024":0.0,"06-2024":0.0,"08-2024":0.0,"10-2024":0.0,"12-2024":0.0,"02-2025":0.0,"04-2025":0.0,"06-2025":0.0,"08-2025":0.0,"10-2025":0.0,"12-2025":0.0,"02-2026":0.0,"04-2026":0.0,"06-2026":0.0,"08-2026":0.0,"10-2026":0.0,"12-2026":0.0,"02-2027":0.0,"04-2027":0.0,"06-2027":0.0,"08-2027":0.0,"10-2027":0.0,"12-2027":0.0,"02-2028":0.0,"04-2028":0.0,"06-2028":0.0,"08-2028":0.0,"10-2028":0.0,"12-2028":0.0,"02-2029":0.0,"04-2029":0.0,"06-2029":0.0,"08-2029":0.0,"10-2029":0.0,"12-2029":0.0,"02-2030":0.0,"04-2030":0.0,"06-2030":0.0,"08-2030":0.0,"10-2030":0.0,"12-2030":0.0},"percentile_75":{"02-2020":0.087724082,"04-2020":0.0853542666,"06-2020":0.0909872589,"08-2020":0.0910033949,"10-2020":0.0883384933,"12-2020":0.0889071493,"02-2021":0.0832565174,"04-2021":0.0780961792,"06-2021":0.072401133,"08-2021":0.063043351,"10-2021":0.0560338368,"12-2021":0.047312253,"02-2022":0.0403673817,"04-2022":0.0355033746,"06-2022":0.0345493277,"08-2022":0.0305155252,"10-2022":0.0274248085,"12-2022":0.0229670783,"02-2023":0.0182165862,"04-2023":0.0160007742,"06-2023":0.0143772894,"08-2023":0.0113636364,"10-2023":0.0107526882,"12-2023":0.0109290709,"02-2024":0.0084366946,"04-2024":0.0073059544,"06-2024":0.0072271853,"08-2024":0.0047552651,"10-2024":0.004008456,"12-2024":0.0039644269,"02-2025":0.003752385,"04-2025":0.0037319763,"06-2025":0.0045590708,"08-2025":0.0036663704,"10-2025":0.0035625854,"12-2025":0.0009025271,"02-2026":0.0008960573,"04-2026":0.0008417508,"06-2026":0.0,"08-2026":0.0,"10-2026":0.0,"12-2026":0.0,"02-2027":0.0,"04-2027":0.0,"06-2027":0.0,"08-2027":0.0,"10-2027":0.0,"12-2027":0.0,"02-2028":0.0,"04-2028":0.0,"06-2028":0.0,"08-2028":0.0,"10-2028":0.0,"12-2028":0.0,"02-2029":0.0,"04-2029":0.0,"06-2029":0.0,"08-2029":0.0,"10-2029":0.0,"12-2029":0.0,"02-2030":0.0,"04-2030":0.0,"06-2030":0.0,"08-2030":0.0,"10-2030":0.0,"12-2030":0.0}}