{"median":{"02-2020":0.0632836016,"04-2020":0.0675757095,"06-2020":0.0769330611,"08-2020":0.0829941501,"10-2020":0.0823529412,"12-2020":0.0869568325,"02-2021":0.083659186,"04-2021":0.0793377121,"06-2021":0.0718565737,"08-2021":0.0630013065,"10-2021":0.0558816184,"12-2021":0.0443261437,"02-2022":0.0387690088,"04-2022":0.0353646863,"06-2022":0.0263723299,"08-2022":0.0197640809,"10-2022":0.0180185445,"12-2022":0.0153866639,"02-2023":0.0113222058,"04-2023":0.0076777978,"06-2023":0.0070176303,"08-2023":0.0037105879,"10-2023":0.003623236,"12-2023":0.0016835017,"02-2024":0.0,"04-2024":0.0,"06-2024":0.0,"08-2024":0.0,"10-2024":0.0,"12-2024":0.0,"02-2025":0.0,"04-2025":0.0,"06-2025":0.0,"08-2025":0.0,"10-2025":0.0,"12-2025":0.0,"02-2026":0.0,"04-2026":0.0,"06-2026":0.0,"08-2026":0.0,"10-2026":0.0,"12-2026":0.0,"02-2027":0.0,"04-2027":0.0,"06-2027":0.0,"08-2027":0.0,"10-2027":0.0,"12-2027":0.0,"02-2028":0.0,"04-2028":0.0,"06-2028":0.0,"08-2028":0.0,"10-2028":0.0,"12-2028":0.0,"02-2029":0.0,"04-2029":0.0,"06-2029":0.0,"08-2029":0.0,"10-2029":0.0,"12-2029":0.0,"02-2030":0.0,"04-2030":0.0,"06-2030":0.0,"08-2030":0.0,"10-2030":0.0,"12-2030":0.0},"percentile_25":{"02-2020":0.0376642036,"04-2020":0.0366973619,"06-2020":0.0343847962,"08-2020":0.0331607284,"10-2020":0.0356206897,"12-2020":0.0315018315,"02-2021":0.0299029202,"04-2021":0.0278229194,"06-2021":0.0252054847,"08-2021":0.0202743176,"10-2021":0.0168916007,"12-2021":0.0118813273,"02-2022":0.0115944935,"04-2022":0.0076335878,"06-2022":0.0039217482,"08-2022":0.0,"10-2022":0.0,"12-2022":0.0,"02-2023":0.0,"04-2023":0.0,"06-2023":0.0,"08-2023":0.0,"10-2023":0.0,"12-2023":0.0,"02-2024":0.0,"04-2024":0.0,"06-2024":0.0,"08-2024":0.0,"10-2024":0.0,"12-2024":0.0,"02-2025":0.0,"04-2025":0.0,"06-2025":0.0,"08-2025":0.0,"10-2025":0.0,"12-2025":0.0,"02-2026":0.0,"04-2026":0.0,"06-2026":0.0,"08-2026":0.0,"10-2026":0.0,"12-2026":0.0,"02-2027":0.0,"04-2027":0.0,"06-2027":0.0,"08-2027":0.0,"10-2027":0.0,"12-2027":0.0,"02-2028":0.0,"04-2028":0.0,"06-2028":0.0,"08-2028":0.0,"10-2028":0.0,"12-2028":0.0,"02-2029":0.0,"04-2029":0.0,"06-2029":0.0,"08-2029":0.0,"10-2029":0.0,"12-2029":0.0,"02-2030":0.0,"04-2030":0.0,"06-2030":0.0,"08-2030":0.0,"10-2030":0.0,"12-2030":0.0},"percentile_75":{"02-2020":0.0991758242,"04-2020":0.1110003418,"06-2020":0.134958182,"08-2020":0.1510375494,"10-2020":0.1541390532,"12-2020":0.1650231877,"02-2021":0.1635723039,"04-2021":0.1490265377,"06-2021":0.1401892225,"08-2021":0.1322190231,"10-2021":0.1120629371,"12-2021":0.1012661114,"02-2022":0.0896696422,"04-2022":0.0863594257,"06-2022":0.0763198248,"08-2022":0.0669842926,"10-2022":0.0565454545,"12-2022":0.0512693751,"02-2023":0.0417256481,"04-2023":0.0406305078,"06-2023":0.0386040208,"08-2023":0.0329634168,"10-2023":0.02477727,"12-2023":0.0229242196,"02-2024":0.0194552529,"04-2024":0.0180224868,"06-2024":0.0182511356,"08-2024":0.0144814038,"10-2024":0.0136101083,"12-2024":0.0163341948,"02-2025":0.0149819086,"04-2025":0.0126954867,"06-2025":0.0088018742,"08-2025":0.0071830967,"10-2025":0.0073063973,"12-2025":0.0038130048,"02-2026":0.0034462518,"04-2026":0.0033281734,"06-2026":0.0008064516,"08-2026":0.0008389262,"10-2026":0.0034952978,"12-2026":0.0036942224,"02-2027":0.0036597355,"04-2027":0.0055147804,"06-2027":0.0064407814,"08-2027":0.0103596671,"10-2027":0.0094007555,"12-2027":0.0082307061,"02-2028":0.0046800264,"04-2028":0.0009541985,"06-2028":0.0035821493,"08-2028":0.0045441161,"10-2028":0.0045487384,"12-2028":0.0045000329,"02-2029":0.0083075887,"04-2029":0.0125114724,"06-2029":0.0143079688,"08-2029":0.0158946824,"10-2029":0.0177979704,"12-2029":0.0265780731,"02-2030":0.0324343974,"04-2030":0.0382709733,"06-2030":0.062541084,"08-2030":0.0941818533,"10-2030":0.1145276579,"12-2030":0.138248878}}