{"median":{"02-2020":0.0570102337,"04-2020":0.0530973451,"06-2020":0.0530493319,"08-2020":0.0523216461,"10-2020":0.0500029588,"12-2020":0.0457144516,"02-2021":0.0392937334,"04-2021":0.0333356483,"06-2021":0.0286357248,"08-2021":0.0232572115,"10-2021":0.0185195347,"12-2021":0.0155041089,"02-2022":0.0117648868,"04-2022":0.011010101,"06-2022":0.0080646473,"08-2022":0.0055403261,"10-2022":0.0040160643,"12-2022":0.0038244413,"02-2023":0.0036037089,"04-2023":0.0,"06-2023":0.0,"08-2023":0.0,"10-2023":0.0,"12-2023":0.0,"02-2024":0.0,"04-2024":0.0,"06-2024":0.0,"08-2024":0.0,"10-2024":0.0,"12-2024":0.0,"02-2025":0.0,"04-2025":0.0,"06-2025":0.0,"08-2025":0.0,"10-2025":0.0,"12-2025":0.0,"02-2026":0.0,"04-2026":0.0,"06-2026":0.0,"08-2026":0.0,"10-2026":0.0,"12-2026":0.0,"02-2027":0.0,"04-2027":0.0,"06-2027":0.0,"08-2027":0.0,"10-2027":0.0,"12-2027":0.0,"02-2028":0.0,"04-2028":0.0,"06-2028":0.0,"08-2028":0.0,"10-2028":0.0,"12-2028":0.0,"02-2029":0.0,"04-2029":0.0,"06-2029":0.0,"08-2029":0.0,"10-2029":0.0,"12-2029":0.0,"02-2030":0.0,"04-2030":0.0,"06-2030":0.0,"08-2030":0.0,"10-2030":0.0,"12-2030":0.0},"percentile_25":{"02-2020":0.034351145,"04-2020":0.0297033151,"06-2020":0.0260265577,"08-2020":0.0248705463,"10-2020":0.0233696308,"12-2020":0.0194364009,"02-2021":0.0176301453,"04-2021":0.0118229681,"06-2021":0.0078586368,"08-2021":0.0074010257,"10-2021":0.0038872802,"12-2021":0.0036231884,"02-2022":0.0,"04-2022":0.0,"06-2022":0.0,"08-2022":0.0,"10-2022":0.0,"12-2022":0.0,"02-2023":0.0,"04-2023":0.0,"06-2023":0.0,"08-2023":0.0,"10-2023":0.0,"12-2023":0.0,"02-2024":0.0,"04-2024":0.0,"06-2024":0.0,"08-2024":0.0,"10-2024":0.0,"12-2024":0.0,"02-2025":0.0,"04-2025":0.0,"06-2025":0.0,"08-2025":0.0,"10-2025":0.0,"12-2025":0.0,"02-2026":0.0,"04-2026":0.0,"06-2026":0.0,"08-2026":0.0,"10-2026":0.0,"12-2026":0.0,"02-2027":0.0,"04-2027":0.0,"06-2027":0.0,"08-2027":0.0,"10-2027":0.0,"12-2027":0.0,"02-2028":0.0,"04-2028":0.0,"06-2028":0.0,"08-2028":0.0,"10-2028":0.0,"12-2028":0.0,"02-2029":0.0,"04-2029":0.0,"06-2029":0.0,"08-2029":0.0,"10-2029":0.0,"12-2029":0.0,"02-2030":0.0,"04-2030":0.0,"06-2030":0.0,"08-2030":0.0,"10-2030":0.0,"12-2030":0.0},"percentile_75":{"02-2020":0.087724082,"04-2020":0.0853542666,"06-2020":0.0909872589,"08-2020":0.0910033949,"10-2020":0.0883384933,"12-2020":0.0889071493,"02-2021":0.0832565174,"04-2021":0.0780961792,"06-2021":0.072401133,"08-2021":0.063043351,"10-2021":0.0560338368,"12-2021":0.047312253,"02-2022":0.0403673817,"04-2022":0.0355033746,"06-2022":0.0345493277,"08-2022":0.0305155252,"10-2022":0.0274248085,"12-2022":0.0229670783,"02-2023":0.0210994526,"04-2023":0.0191206694,"06-2023":0.0190478272,"08-2023":0.0185770751,"10-2023":0.0252025816,"12-2023":0.0290053744,"02-2024":0.0362554113,"04-2024":0.0463060321,"06-2024":0.0636756654,"08-2024":0.0770014468,"10-2024":0.0923967924,"12-2024":0.1245846352,"02-2025":0.1442118227,"04-2025":0.1610268642,"06-2025":0.2091158059,"08-2025":0.2369511515,"10-2025":0.272099877,"12-2025":0.3137681159,"02-2026":0.3898204655,"04-2026":0.4338068525,"06-2026":0.4714161387,"08-2026":0.5211298768,"10-2026":0.5569979915,"12-2026":0.5807878451,"02-2027":0.6078574157,"04-2027":0.6147997415,"06-2027":0.5778482686,"08-2027":0.5775306833,"10-2027":0.5785347985,"12-2027":0.5841293964,"02-2028":0.5704212845,"04-2028":0.5639017864,"06-2028":0.5570522633,"08-2028":0.5427003817,"10-2028":0.549077435,"12-2028":0.5313046329,"02-2029":0.5349921359,"04-2029":0.5103392893,"06-2029":0.4869594691,"08-2029":0.4864089381,"10-2029":0.503929255,"12-2029":0.5117278031,"02-2030":0.5036306775,"04-2030":0.4879871553,"06-2030":0.491832912,"08-2030":0.4779631036,"10-2030":0.4665786873,"12-2030":0.4528962863}}