{"median":{"02-2020":0.0570102337,"04-2020":0.0530973451,"06-2020":0.0530493319,"08-2020":0.0523216461,"10-2020":0.0500029588,"12-2020":0.0457144516,"02-2021":0.0392937334,"04-2021":0.0333356483,"06-2021":0.0286357248,"08-2021":0.0232572115,"10-2021":0.0185195347,"12-2021":0.0155041089,"02-2022":0.0154143154,"04-2022":0.0116526382,"06-2022":0.0107919255,"08-2022":0.008105669,"10-2022":0.010969838,"12-2022":0.0108502289,"02-2023":0.0126163597,"04-2023":0.0146551608,"06-2023":0.0183885666,"08-2023":0.0186272061,"10-2023":0.0216233766,"12-2023":0.027572631,"02-2024":0.0259748306,"04-2024":0.0356226926,"06-2024":0.0399904215,"08-2024":0.044558992,"10-2024":0.0495819903,"12-2024":0.0505050505,"02-2025":0.0555426055,"04-2025":0.0694037146,"06-2025":0.0854377104,"08-2025":0.0915078057,"10-2025":0.1011399371,"12-2025":0.1110687023,"02-2026":0.1158062061,"04-2026":0.1265136912,"06-2026":0.1455518166,"08-2026":0.1818934128,"10-2026":0.2048998697,"12-2026":0.2355100324,"02-2027":0.2548330298,"04-2027":0.2835824471,"06-2027":0.3076418827,"08-2027":0.3454125678,"10-2027":0.3769041682,"12-2027":0.4176158751,"02-2028":0.4224775657,"04-2028":0.3998123123,"06-2028":0.3979591837,"08-2028":0.4091711115,"10-2028":0.4042210976,"12-2028":0.3941190663,"02-2029":0.3958417035,"04-2029":0.3853299383,"06-2029":0.3615800641,"08-2029":0.3642743222,"10-2029":0.3658503919,"12-2029":0.3709217139,"02-2030":0.3694404484,"04-2030":0.3798166695,"06-2030":0.3882543986,"08-2030":0.3745263771,"10-2030":0.371902414,"12-2030":0.3671263693},"percentile_25":{"02-2020":0.034351145,"04-2020":0.0297033151,"06-2020":0.0260265577,"08-2020":0.0248705463,"10-2020":0.0233696308,"12-2020":0.0194364009,"02-2021":0.0176301453,"04-2021":0.0118229681,"06-2021":0.0078586368,"08-2021":0.0074010257,"10-2021":0.0038872802,"12-2021":0.0036231884,"02-2022":0.0,"04-2022":0.0,"06-2022":0.0,"08-2022":0.0,"10-2022":0.0,"12-2022":0.0,"02-2023":0.0,"04-2023":0.0,"06-2023":0.0,"08-2023":0.0,"10-2023":0.0,"12-2023":0.0,"02-2024":0.0,"04-2024":0.0,"06-2024":0.0,"08-2024":0.0,"10-2024":0.0,"12-2024":0.0,"02-2025":0.0,"04-2025":0.0,"06-2025":0.0,"08-2025":0.0,"10-2025":0.0,"12-2025":0.0,"02-2026":0.0,"04-2026":0.0,"06-2026":0.0,"08-2026":0.0,"10-2026":0.0,"12-2026":0.0,"02-2027":0.0,"04-2027":0.0,"06-2027":0.0,"08-2027":0.0,"10-2027":0.0,"12-2027":0.0,"02-2028":0.0,"04-2028":0.0,"06-2028":0.0,"08-2028":0.0,"10-2028":0.0,"12-2028":0.0,"02-2029":0.0,"04-2029":0.0,"06-2029":0.0,"08-2029":0.0,"10-2029":0.0,"12-2029":0.0,"02-2030":0.0,"04-2030":0.0,"06-2030":0.0,"08-2030":0.0,"10-2030":0.0,"12-2030":0.0},"percentile_75":{"02-2020":0.087724082,"04-2020":0.0853542666,"06-2020":0.0909872589,"08-2020":0.0910033949,"10-2020":0.0883384933,"12-2020":0.0889071493,"02-2021":0.0832565174,"04-2021":0.0780961792,"06-2021":0.072401133,"08-2021":0.063043351,"10-2021":0.0560338368,"12-2021":0.047312253,"02-2022":0.0421889387,"04-2022":0.0457815566,"06-2022":0.0477436769,"08-2022":0.0561456464,"10-2022":0.0598019905,"12-2022":0.0769230769,"02-2023":0.0988292152,"04-2023":0.1310719424,"06-2023":0.1566384429,"08-2023":0.1872117918,"10-2023":0.2221014826,"12-2023":0.3039153343,"02-2024":0.4083261785,"04-2024":0.4894266917,"06-2024":0.5773482363,"08-2024":0.6161665698,"10-2024":0.6530152349,"12-2024":0.6465161194,"02-2025":0.6453554395,"04-2025":0.6356907895,"06-2025":0.6495848708,"08-2025":0.6455341961,"10-2025":0.644463635,"12-2025":0.6387986045,"02-2026":0.6419853033,"04-2026":0.6312998449,"06-2026":0.6200793184,"08-2026":0.6080704237,"10-2026":0.6053910666,"12-2026":0.5802508329,"02-2027":0.5827553913,"04-2027":0.575,"06-2027":0.5586423004,"08-2027":0.5538152827,"10-2027":0.5444518717,"12-2027":0.5399278007,"02-2028":0.5270705697,"04-2028":0.5316955178,"06-2028":0.5216347761,"08-2028":0.5068051227,"10-2028":0.5022327249,"12-2028":0.5023988812,"02-2029":0.4964652642,"04-2029":0.4934116897,"06-2029":0.4785766423,"08-2029":0.453541556,"10-2029":0.4652693705,"12-2029":0.4800698393,"02-2030":0.4665904898,"04-2030":0.4734336466,"06-2030":0.4771648772,"08-2030":0.4598348896,"10-2030":0.4456521739,"12-2030":0.4390439337}}