{"median":{"02-2020":0.0570102337,"04-2020":0.0530973451,"06-2020":0.0530493319,"08-2020":0.0523216461,"10-2020":0.0500029588,"12-2020":0.0457144516,"02-2021":0.0392937334,"04-2021":0.0333356483,"06-2021":0.0282276423,"08-2021":0.0238095238,"10-2021":0.0229091068,"12-2021":0.0196853445,"02-2022":0.0225576662,"04-2022":0.0226863367,"06-2022":0.0253743105,"08-2022":0.029175751,"10-2022":0.0373706596,"12-2022":0.0528167145,"02-2023":0.059564022,"04-2023":0.0607616748,"06-2023":0.0721264573,"08-2023":0.0781499862,"10-2023":0.0896845633,"12-2023":0.1102726013,"02-2024":0.1237840831,"04-2024":0.1488850644,"06-2024":0.1700866201,"08-2024":0.1988372093,"10-2024":0.2563574252,"12-2024":0.2977560938,"02-2025":0.3440741494,"04-2025":0.3807189542,"06-2025":0.4425806452,"08-2025":0.5161613472,"10-2025":0.5011614402,"12-2025":0.5168015939,"02-2026":0.5103022968,"04-2026":0.5049182879,"06-2026":0.5199007601,"08-2026":0.512179196,"10-2026":0.502655725,"12-2026":0.4891996892,"02-2027":0.4861662531,"04-2027":0.4701465201,"06-2027":0.4736790257,"08-2027":0.4718574655,"10-2027":0.4653764205,"12-2027":0.4550424959,"02-2028":0.4537249321,"04-2028":0.4439966086,"06-2028":0.4413741772,"08-2028":0.4283268102,"10-2028":0.4231483662,"12-2028":0.4198827553,"02-2029":0.4139363272,"04-2029":0.4073609496,"06-2029":0.4007042254,"08-2029":0.3926886009,"10-2029":0.395656381,"12-2029":0.402584108,"02-2030":0.3957203777,"04-2030":0.4163283875,"06-2030":0.4105609769,"08-2030":0.4013793599,"10-2030":0.3897918989,"12-2030":0.3756355932},"percentile_25":{"02-2020":0.034351145,"04-2020":0.0297033151,"06-2020":0.0260265577,"08-2020":0.0248705463,"10-2020":0.0233696308,"12-2020":0.0194364009,"02-2021":0.0176301453,"04-2021":0.0118229681,"06-2021":0.0078586368,"08-2021":0.0072072772,"10-2021":0.0039101687,"12-2021":0.0,"02-2022":0.0,"04-2022":0.0,"06-2022":0.0,"08-2022":0.0,"10-2022":0.0,"12-2022":0.0,"02-2023":0.0,"04-2023":0.0,"06-2023":0.0,"08-2023":0.0,"10-2023":0.0,"12-2023":0.0,"02-2024":0.0,"04-2024":0.0,"06-2024":0.0,"08-2024":0.0,"10-2024":0.0,"12-2024":0.0,"02-2025":0.0,"04-2025":0.0,"06-2025":0.0,"08-2025":0.0,"10-2025":0.0,"12-2025":0.0,"02-2026":0.0,"04-2026":0.0,"06-2026":0.0,"08-2026":0.0,"10-2026":0.0,"12-2026":0.0,"02-2027":0.0,"04-2027":0.0,"06-2027":0.0,"08-2027":0.0,"10-2027":0.0,"12-2027":0.0,"02-2028":0.0,"04-2028":0.0,"06-2028":0.0,"08-2028":0.0,"10-2028":0.0,"12-2028":0.0,"02-2029":0.0,"04-2029":0.0,"06-2029":0.0,"08-2029":0.0,"10-2029":0.0,"12-2029":0.0,"02-2030":0.0,"04-2030":0.0,"06-2030":0.0,"08-2030":0.0,"10-2030":0.0,"12-2030":0.0},"percentile_75":{"02-2020":0.087724082,"04-2020":0.0853542666,"06-2020":0.0909872589,"08-2020":0.0910033949,"10-2020":0.0883384933,"12-2020":0.0889071493,"02-2021":0.0832565174,"04-2021":0.0780961792,"06-2021":0.0735347652,"08-2021":0.0694218609,"10-2021":0.0730045425,"12-2021":0.0744485294,"02-2022":0.0937351155,"04-2022":0.1122631246,"06-2022":0.1435719399,"08-2022":0.1733977754,"10-2022":0.2014699524,"12-2022":0.2549416528,"02-2023":0.3023596864,"04-2023":0.3994296578,"06-2023":0.4912179885,"08-2023":0.5952184753,"10-2023":0.650477115,"12-2023":0.7064493997,"02-2024":0.7227103751,"04-2024":0.7257742258,"06-2024":0.711260679,"08-2024":0.6913275584,"10-2024":0.6918210066,"12-2024":0.6660872273,"02-2025":0.65464524,"04-2025":0.6469799673,"06-2025":0.6392590618,"08-2025":0.6400874655,"10-2025":0.6359827899,"12-2025":0.6284909303,"02-2026":0.6151701517,"04-2026":0.6122398954,"06-2026":0.5957705104,"08-2026":0.5893746443,"10-2026":0.5820946031,"12-2026":0.5778368794,"02-2027":0.5637884873,"04-2027":0.5498948999,"06-2027":0.5570985401,"08-2027":0.5449408344,"10-2027":0.5410892188,"12-2027":0.5387744305,"02-2028":0.5327931203,"04-2028":0.5355243161,"06-2028":0.5172554314,"08-2028":0.5061012141,"10-2028":0.5008741259,"12-2028":0.4968048983,"02-2029":0.4887062937,"04-2029":0.4804379562,"06-2029":0.4737198286,"08-2029":0.4653092776,"10-2029":0.4666116427,"12-2029":0.4717355027,"02-2030":0.473582889,"04-2030":0.4858651986,"06-2030":0.4723639456,"08-2030":0.4667763158,"10-2030":0.4567065363,"12-2030":0.4428621547}}