{"median":{"02-2006":0.3453885258,"04-2006":0.3570617862,"06-2006":0.347641857,"08-2006":0.3501107946,"10-2006":0.3517990868,"12-2006":0.3612098917,"02-2007":0.3248081841,"04-2007":0.2848467039,"06-2007":0.2438878951,"08-2007":0.2125490196,"10-2007":0.1850984902,"12-2007":0.1633321947,"02-2008":0.1380031741,"04-2008":0.1190006976,"06-2008":0.1014141614,"08-2008":0.090224393,"10-2008":0.0911506708,"12-2008":0.0867846562,"02-2009":0.078655793,"04-2009":0.0683167467,"06-2009":0.0622417355,"08-2009":0.0558884462,"10-2009":0.0563643346,"12-2009":0.0576715974,"02-2010":0.0550245098,"04-2010":0.0528683742,"06-2010":0.0488346883,"08-2010":0.0455488495,"10-2010":0.0441917847,"12-2010":0.0457144516,"02-2011":0.0432221708,"04-2011":0.0398230088,"06-2011":0.036968703,"08-2011":0.0370240634,"10-2011":0.0399918257,"12-2011":0.0417756846,"02-2012":0.0393356944,"04-2012":0.0373604795,"06-2012":0.0351219846,"08-2012":0.0344833993,"10-2012":0.0358983536,"12-2012":0.0355042017,"02-2013":0.0340667311,"04-2013":0.0324841724,"06-2013":0.0276588769,"08-2013":0.0272550407,"10-2013":0.0304060746,"12-2013":0.0321539256,"02-2014":0.0313464236,"04-2014":0.0310224619,"06-2014":0.0295827473,"08-2014":0.0309758772,"10-2014":0.0298913477,"12-2014":0.0337769328,"02-2015":0.0334367968,"04-2015":0.0304929683,"06-2015":0.0327199732,"08-2015":0.0315642023,"10-2015":0.0341756354,"12-2015":0.0369648821,"02-2016":0.0332718327,"04-2016":0.0333351624,"06-2016":0.0353149033,"08-2016":0.0336429649,"10-2016":0.0362362173,"12-2016":0.0405721246,"02-2017":0.0394478852,"04-2017":0.0400803213,"06-2017":0.0392965228,"08-2017":0.0435573123,"10-2017":0.0436245964,"12-2017":0.046134221,"02-2018":0.0456280361,"04-2018":0.0423325676,"06-2018":0.0396643783,"08-2018":0.0427186077,"10-2018":0.0451904201,"12-2018":0.0480402227,"02-2019":0.0483571172,"04-2019":0.0455288334,"06-2019":0.0454702078,"08-2019":0.0470653378,"10-2019":0.0498194314,"12-2019":0.0555425486},"percentile_25":{"02-2006":0.2738465718,"04-2006":0.2825488485,"06-2006":0.2847889212,"08-2006":0.2861862807,"10-2006":0.2884698276,"12-2006":0.2907838983,"02-2007":0.2575979739,"04-2007":0.2337170084,"06-2007":0.1993697479,"08-2007":0.167153048,"10-2007":0.1469013293,"12-2007":0.1264822134,"02-2008":0.1044741877,"04-2008":0.0875788251,"06-2008":0.0746305169,"08-2008":0.0653746599,"10-2008":0.0589892247,"12-2008":0.0551383399,"02-2009":0.0525785229,"04-2009":0.046784157,"06-2009":0.0433090848,"08-2009":0.0377840909,"10-2009":0.0356092437,"12-2009":0.0319051383,"02-2010":0.0313654101,"04-2010":0.028875,"06-2010":0.0268589744,"08-2010":0.0265699067,"10-2010":0.0251837137,"12-2010":0.0245650719,"02-2011":0.0229484684,"04-2011":0.0203668512,"06-2011":0.0192480845,"08-2011":0.016114003,"10-2011":0.0156557565,"12-2011":0.0163265306,"02-2012":0.0160007619,"04-2012":0.0157325922,"06-2012":0.0154447009,"08-2012":0.0144968246,"10-2012":0.0154291654,"12-2012":0.015594719,"02-2013":0.0152255962,"04-2013":0.0121343893,"06-2013":0.0123095689,"08-2013":0.0123080397,"10-2013":0.0121093117,"12-2013":0.0123204837,"02-2014":0.012145749,"04-2014":0.0113862937,"06-2014":0.0116848154,"08-2014":0.0125523013,"10-2014":0.01291716,"12-2014":0.0157487581,"02-2015":0.0148288869,"04-2015":0.012195122,"06-2015":0.0125523013,"08-2015":0.0149703898,"10-2015":0.012605042,"12-2015":0.0125459465,"02-2016":0.0120241924,"04-2016":0.0121107683,"06-2016":0.0136997149,"08-2016":0.0148424533,"10-2016":0.0154593246,"12-2016":0.0156257097,"02-2017":0.0157480315,"04-2017":0.0160322565,"06-2017":0.0166339339,"08-2017":0.0168423283,"10-2017":0.0191026646,"12-2017":0.0221212121,"02-2018":0.0205550496,"04-2018":0.0202468339,"06-2018":0.0201846139,"08-2018":0.0196657403,"10-2018":0.0231670513,"12-2018":0.0250449623,"02-2019":0.0260830587,"04-2019":0.0237626547,"06-2019":0.0272645693,"08-2019":0.028831329,"10-2019":0.0305555556,"12-2019":0.0330294447},"percentile_75":{"02-2006":0.4118235294,"04-2006":0.4148217636,"06-2006":0.4185278148,"08-2006":0.4147012362,"10-2006":0.4224241246,"12-2006":0.4239107776,"02-2007":0.3823822358,"04-2007":0.3396648149,"06-2007":0.285106383,"08-2007":0.2540355125,"10-2007":0.2217285164,"12-2007":0.2050150897,"02-2008":0.1860838277,"04-2008":0.1545093611,"06-2008":0.1350250627,"08-2008":0.1288259702,"10-2008":0.1276790123,"12-2008":0.1247263095,"02-2009":0.1125,"04-2009":0.1017183707,"06-2009":0.0913866274,"08-2009":0.0897004714,"10-2009":0.089088649,"12-2009":0.0944896931,"02-2010":0.0912671516,"04-2010":0.0858208955,"06-2010":0.0816666108,"08-2010":0.0779130839,"10-2010":0.0745831403,"12-2010":0.0706495098,"02-2011":0.0694826768,"04-2011":0.066057965,"06-2011":0.0629293387,"08-2011":0.0616746699,"10-2011":0.0631419234,"12-2011":0.0689010023,"02-2012":0.0635088781,"04-2012":0.060646746,"06-2012":0.063834406,"08-2012":0.0591259319,"10-2012":0.0611076492,"12-2012":0.0615449794,"02-2013":0.0652616325,"04-2013":0.060858771,"06-2013":0.0643457299,"08-2013":0.0657748632,"10-2013":0.0728381375,"12-2013":0.0735579115,"02-2014":0.0675168973,"04-2014":0.0642116924,"06-2014":0.0652413932,"08-2014":0.0654319042,"10-2014":0.0720252039,"12-2014":0.0739780045,"02-2015":0.0687086237,"04-2015":0.067050783,"06-2015":0.0705246372,"08-2015":0.0757209485,"10-2015":0.0837177122,"12-2015":0.0910782818,"02-2016":0.0856867096,"04-2016":0.0835080252,"06-2016":0.0835084034,"08-2016":0.0806824754,"10-2016":0.0836539772,"12-2016":0.0936616383,"02-2017":0.0926159497,"04-2017":0.0873885411,"06-2017":0.0874096095,"08-2017":0.0910901847,"10-2017":0.0870427881,"12-2017":0.0936023152,"02-2018":0.0893378266,"04-2018":0.0840355805,"06-2018":0.0761948045,"08-2018":0.0770056124,"10-2018":0.0787855066,"12-2018":0.0909347826,"02-2019":0.0937902929,"04-2019":0.0858543417,"06-2019":0.0837670787,"08-2019":0.089737582,"10-2019":0.0909090909,"12-2019":0.0946502058}}