IUID,Endemicity,Prev_Year2000,Prev_Year2001,Prev_Year2002,Prev_Year2003,Prev_Year2004,Prev_Year2005,Prev_Year2006,Prev_Year2007,Prev_Year2008,Prev_Year2009,Prev_Year2010,Prev_Year2011,Prev_Year2012,Prev_Year2013,Prev_Year2014,Prev_Year2015,Prev_Year2016,Prev_Year2017,Prev_Year2018,Prev_Year2019
CIV15337,Endemic,0.17186,0.17215,0.17248,0.17273,0.17299,0.17333,0.17354,0.17389,0.17427,0.17457,0.17488,0.17486,0.16984,0.16425,0.15819,0.14896,0.13966,0.13031,0.12004,0.11141,0.10338,0.0489,0.0491,0.04942,0.04948,0.04977,0.04988,0.05009,0.05022,0.05041,0.05055,0.05076,0.05072,0.04963,0.04818,0.04648,0.04395,0.04114,0.03833,0.03494,0.03192,0.02909,0.38441,0.38473,0.3849,0.38514,0.38516,0.38578,0.38649,0.3861,0.38686,0.38753,0.38885,0.38865,0.37974,0.37058,0.36042,0.34491,0.32875,0.31276,0.29442,0.27922,0.26543