{"median":{"02-2005":0.3682964095,"04-2005":0.3620839216,"06-2005":0.3711227127,"08-2005":0.3708391936,"10-2005":0.3618897841,"12-2005":0.3611140323,"02-2006":0.3244003524,"04-2006":0.2883195307,"06-2006":0.2436814159,"08-2006":0.2109539821,"10-2006":0.1907664239,"12-2006":0.1755368814,"02-2007":0.1477935975,"04-2007":0.1231494186,"06-2007":0.1036536537,"08-2007":0.0961520893,"10-2007":0.0859048803,"12-2007":0.0901392846,"02-2008":0.0847594591,"04-2008":0.0763035322,"06-2008":0.068965801,"08-2008":0.0630013065,"10-2008":0.0649503722,"12-2008":0.0670411985,"02-2009":0.0597312244,"04-2009":0.0540542877,"06-2009":0.0496110945,"08-2009":0.0478032821,"10-2009":0.0467838035,"12-2009":0.046462565,"02-2010":0.0421970978,"04-2010":0.0417582034,"06-2010":0.0390964674,"08-2010":0.0371135598,"10-2010":0.0376628379,"12-2010":0.0404564933,"02-2011":0.0391730605,"04-2011":0.0391937811,"06-2011":0.0371580174,"08-2011":0.0362447088,"10-2011":0.034785239,"12-2011":0.0355030967,"02-2012":0.0316473808,"04-2012":0.030454207,"06-2012":0.030305302,"08-2012":0.0335274464,"10-2012":0.0348062954,"12-2012":0.0370053403,"02-2013":0.0365233282,"04-2013":0.0337077765,"06-2013":0.0385357885,"08-2013":0.0381334712,"10-2013":0.0392203403,"12-2013":0.0420007698,"02-2014":0.0388278818,"04-2014":0.0340265866,"06-2014":0.0371824019,"08-2014":0.0376254444,"10-2014":0.0388857783,"12-2014":0.0345551822,"02-2015":0.0340213146,"04-2015":0.029700397,"06-2015":0.0297402129,"08-2015":0.0321331785,"10-2015":0.0363872129,"12-2015":0.0368173605,"02-2016":0.0364396361,"04-2016":0.0342126476,"06-2016":0.0360838824,"08-2016":0.0381701632,"10-2016":0.0410670222,"12-2016":0.0428452232,"02-2017":0.044,"04-2017":0.0443245217,"06-2017":0.0462635567,"08-2017":0.0514273125,"10-2017":0.0487185723,"12-2017":0.0509811762,"02-2018":0.0535046276,"04-2018":0.0500007397,"06-2018":0.0530029428,"08-2018":0.05415881,"10-2018":0.0561178587,"12-2018":0.0569904114,"02-2019":0.0565171103,"04-2019":0.0502585844,"06-2019":0.0512391449,"08-2019":0.0553288246,"10-2019":0.0623730656,"12-2019":0.0673087676},"percentile_25":{"02-2005":0.2792972524,"04-2005":0.2804047642,"06-2005":0.2826911707,"08-2005":0.2881355932,"10-2005":0.2809324904,"12-2005":0.2893328446,"02-2006":0.2631054728,"04-2006":0.227575908,"06-2006":0.195158046,"08-2006":0.1703604171,"10-2006":0.1486499518,"12-2006":0.1253922594,"02-2007":0.1072079031,"04-2007":0.0878845728,"06-2007":0.0762752604,"08-2007":0.0690706476,"10-2007":0.0634418324,"12-2007":0.0577917219,"02-2008":0.0496011278,"04-2008":0.0455756348,"06-2008":0.0429551733,"08-2008":0.0414201413,"10-2008":0.0409003065,"12-2008":0.0367346939,"02-2009":0.0332065043,"04-2009":0.0282993392,"06-2009":0.0262688853,"08-2009":0.0255440927,"10-2009":0.0236231371,"12-2009":0.0216946948,"02-2010":0.0209215918,"04-2010":0.0194951544,"06-2010":0.0186970532,"08-2010":0.0169312737,"10-2010":0.0168959648,"12-2010":0.0176603012,"02-2011":0.0159404403,"04-2011":0.0134684685,"06-2011":0.0125658147,"08-2011":0.012605042,"10-2011":0.0131566761,"12-2011":0.0119296875,"02-2012":0.0115274094,"04-2012":0.0118377066,"06-2012":0.011628427,"08-2012":0.0105865345,"10-2012":0.0120846288,"12-2012":0.0131435302,"02-2013":0.0116736779,"04-2013":0.0121583897,"06-2013":0.0121093117,"08-2013":0.0129317491,"10-2013":0.0126719736,"12-2013":0.0123330298,"02-2014":0.0120725806,"04-2014":0.0115274094,"06-2014":0.0113960422,"08-2014":0.0084567725,"10-2014":0.0084926834,"12-2014":0.0102580273,"02-2015":0.0084576675,"04-2015":0.0079920319,"06-2015":0.0082901821,"08-2015":0.0083508394,"10-2015":0.0084849452,"12-2015":0.0117765557,"02-2016":0.0145225799,"04-2016":0.014008291,"06-2016":0.0138028548,"08-2016":0.0154447009,"10-2016":0.01900775,"12-2016":0.0198022122,"02-2017":0.0199203187,"04-2017":0.0192497568,"06-2017":0.0194552529,"08-2017":0.0199240542,"10-2017":0.0227311281,"12-2017":0.0231216438,"02-2018":0.0199815008,"04-2018":0.0184768422,"06-2018":0.0189393939,"08-2018":0.0207894737,"10-2018":0.02279355,"12-2018":0.0259035899,"02-2019":0.0267571295,"04-2019":0.0224094881,"06-2019":0.0228359499,"08-2019":0.0251610427,"10-2019":0.0292790401,"12-2019":0.0291292152},"percentile_75":{"02-2005":0.4220333854,"04-2005":0.4344295467,"06-2005":0.4289171697,"08-2005":0.4251549587,"10-2005":0.4279606987,"12-2005":0.4267376641,"02-2006":0.3794609246,"04-2006":0.3327011235,"06-2006":0.2902611667,"08-2006":0.2486656825,"10-2006":0.2249988095,"12-2006":0.2069652425,"02-2007":0.1789076509,"04-2007":0.1577841858,"06-2007":0.1370108209,"08-2007":0.1301440329,"10-2007":0.1262353636,"12-2007":0.1253591954,"02-2008":0.1218368479,"04-2008":0.1090399975,"06-2008":0.1061486133,"08-2008":0.1014605952,"10-2008":0.1053243866,"12-2008":0.106919772,"02-2009":0.1005112889,"04-2009":0.087260064,"06-2009":0.0858497871,"08-2009":0.0849924395,"10-2009":0.0825617284,"12-2009":0.0822553277,"02-2010":0.0806150979,"04-2010":0.0772235577,"06-2010":0.0757729084,"08-2010":0.0744434052,"10-2010":0.0730667232,"12-2010":0.0781632653,"02-2011":0.0759127167,"04-2011":0.0691762071,"06-2011":0.0666031065,"08-2011":0.0705168018,"10-2011":0.0749544788,"12-2011":0.0738872295,"02-2012":0.0725344743,"04-2012":0.0692037857,"06-2012":0.0705209363,"08-2012":0.0720866055,"10-2012":0.0717705365,"12-2012":0.0773955774,"02-2013":0.0802757941,"04-2013":0.0744738484,"06-2013":0.0741974708,"08-2013":0.0752635046,"10-2013":0.0793084393,"12-2013":0.0843877456,"02-2014":0.0852981582,"04-2014":0.0816558306,"06-2014":0.0840686275,"08-2014":0.0876399955,"10-2014":0.0940445269,"12-2014":0.1052088687,"02-2015":0.1096555614,"04-2015":0.1028384576,"06-2015":0.1041867761,"08-2015":0.1073280972,"10-2015":0.109000578,"12-2015":0.1150134809,"02-2016":0.1084975369,"04-2016":0.10663559,"06-2016":0.09805435,"08-2016":0.0965979853,"10-2016":0.1024364664,"12-2016":0.1077769442,"02-2017":0.1016752648,"04-2017":0.0945025054,"06-2017":0.1020537455,"08-2017":0.107045102,"10-2017":0.1072134387,"12-2017":0.1157112603,"02-2018":0.1132899399,"04-2018":0.1087886094,"06-2018":0.1030361407,"08-2018":0.0982773143,"10-2018":0.1050618903,"12-2018":0.1069341897,"02-2019":0.1097993427,"04-2019":0.1045011177,"06-2019":0.1123232964,"08-2019":0.1098532495,"10-2019":0.1191900247,"12-2019":0.1249844521}}