{"median":{"02-2006":0.3815958816,"04-2006":0.3758679907,"06-2006":0.3785831286,"08-2006":0.3923986871,"10-2006":0.3969278418,"12-2006":0.3934852989,"02-2007":0.3551207564,"04-2007":0.3117206109,"06-2007":0.267687264,"08-2007":0.221719457,"10-2007":0.1983799029,"12-2007":0.1833365229,"02-2008":0.1571987406,"04-2008":0.1310759539,"06-2008":0.1178784506,"08-2008":0.1079906103,"10-2008":0.1023741752,"12-2008":0.0993614966,"02-2009":0.0950498777,"04-2009":0.0857703064,"06-2009":0.0821411661,"08-2009":0.0799095965,"10-2009":0.0800269646,"12-2009":0.0811268473,"02-2010":0.0795895914,"04-2010":0.0732153806,"06-2010":0.0661407572,"08-2010":0.062746063,"10-2010":0.062745098,"12-2010":0.06140469,"02-2011":0.0587086397,"04-2011":0.0529457066,"06-2011":0.0523216461,"08-2011":0.0498347654,"10-2011":0.0499086273,"12-2011":0.0549053383,"02-2012":0.0543104845,"04-2012":0.0526393443,"06-2012":0.0489342404,"08-2012":0.0467110246,"10-2012":0.0485837923,"12-2012":0.049586321,"02-2013":0.0485861815,"04-2013":0.0467093401,"06-2013":0.049111008,"08-2013":0.0501142986,"10-2013":0.0493766737,"12-2013":0.0581845238,"02-2014":0.0552019473,"04-2014":0.0515319149,"06-2014":0.0502707581,"08-2014":0.051751073,"10-2014":0.0526393443,"12-2014":0.0575834832,"02-2015":0.05571185,"04-2015":0.0577521596,"06-2015":0.0579953873,"08-2015":0.0610160092,"10-2015":0.0707402946,"12-2015":0.070874642,"02-2016":0.0700431524,"04-2016":0.0676348126,"06-2016":0.0641887798,"08-2016":0.0674645669,"10-2016":0.0789993759,"12-2016":0.0777177368,"02-2017":0.0795307213,"04-2017":0.0767626491,"06-2017":0.0735144439,"08-2017":0.08,"10-2017":0.0851780847,"12-2017":0.0958087649,"02-2018":0.0966368899,"04-2018":0.0901113622,"06-2018":0.0892823933,"08-2018":0.088193708,"10-2018":0.0932350718,"12-2018":0.1020901933,"02-2019":0.0970877447,"04-2019":0.0946749245,"06-2019":0.0915856113,"08-2019":0.0977930659,"10-2019":0.1031140191,"12-2019":0.1094758172},"percentile_25":{"02-2006":0.3264430236,"04-2006":0.3298982028,"06-2006":0.3329545455,"08-2006":0.3329875519,"10-2006":0.3297182709,"12-2006":0.3333333333,"02-2007":0.3091060014,"04-2007":0.2677401427,"06-2007":0.226770338,"08-2007":0.1895938183,"10-2007":0.1689230769,"12-2007":0.1487324101,"02-2008":0.1203614458,"04-2008":0.1022348873,"06-2008":0.084934537,"08-2008":0.0778293135,"10-2008":0.0725771638,"12-2008":0.0713538553,"02-2009":0.0660203767,"04-2009":0.0589972209,"06-2009":0.0553652968,"08-2009":0.0538143675,"10-2009":0.0513982168,"12-2009":0.051536326,"02-2010":0.0440882353,"04-2010":0.0440887054,"06-2010":0.041623444,"08-2010":0.0387596899,"10-2010":0.0356472941,"12-2010":0.0334170198,"02-2011":0.0341361713,"04-2011":0.0310553411,"06-2011":0.0285423926,"08-2011":0.0265409246,"10-2011":0.0262870604,"12-2011":0.028397915,"02-2012":0.0245901639,"04-2012":0.0211864407,"06-2012":0.0203291699,"08-2012":0.0204501533,"10-2012":0.0236263736,"12-2012":0.0214135695,"02-2013":0.0202042199,"04-2013":0.0186293242,"06-2013":0.0201846139,"08-2013":0.0189430502,"10-2013":0.0165119206,"12-2013":0.0200803213,"02-2014":0.0191306611,"04-2014":0.0182315859,"06-2014":0.0184015243,"08-2014":0.0195696956,"10-2014":0.0209430245,"12-2014":0.0239546421,"02-2015":0.0269776251,"04-2015":0.023255814,"06-2015":0.0212811426,"08-2015":0.0224715048,"10-2015":0.0237648627,"12-2015":0.0274940839,"02-2016":0.0272019376,"04-2016":0.0286942149,"06-2016":0.031835642,"08-2016":0.0313115129,"10-2016":0.02923242,"12-2016":0.0366973619,"02-2017":0.0362920786,"04-2017":0.0351975132,"06-2017":0.0338750595,"08-2017":0.0362100576,"10-2017":0.0373835679,"12-2017":0.0390395894,"02-2018":0.0413306452,"04-2018":0.0380697674,"06-2018":0.0419826394,"08-2018":0.0438267717,"10-2018":0.0522714578,"12-2018":0.0587619985,"02-2019":0.0538461538,"04-2019":0.0512967288,"06-2019":0.0535035035,"08-2019":0.056401328,"10-2019":0.0595806581,"12-2019":0.0626025299},"percentile_75":{"02-2006":0.4391517477,"04-2006":0.4343891403,"06-2006":0.4398733172,"08-2006":0.4395668374,"10-2006":0.4441226941,"12-2006":0.450600615,"02-2007":0.4057206269,"04-2007":0.3500486381,"06-2007":0.2954775488,"08-2007":0.2583686441,"10-2007":0.2320214609,"12-2007":0.2128514056,"02-2008":0.1909177546,"04-2008":0.1707571138,"06-2008":0.1551017086,"08-2008":0.1437267459,"10-2008":0.1396562003,"12-2008":0.1431277056,"02-2009":0.1296938729,"04-2009":0.1223843968,"06-2009":0.1167396686,"08-2009":0.118575849,"10-2009":0.1217169377,"12-2009":0.1178795629,"02-2010":0.1205574277,"04-2010":0.1139918079,"06-2010":0.1034540922,"08-2010":0.0987570621,"10-2010":0.1070395257,"12-2010":0.1129765697,"02-2011":0.1112217795,"04-2011":0.1026337225,"06-2011":0.0998038941,"08-2011":0.0950926052,"10-2011":0.0933527542,"12-2011":0.0957306147,"02-2012":0.0891891417,"04-2012":0.0895696022,"06-2012":0.0924758792,"08-2012":0.091991833,"10-2012":0.094773784,"12-2012":0.1033802397,"02-2013":0.0944897959,"04-2013":0.0958728113,"06-2013":0.0966436865,"08-2013":0.0959307278,"10-2013":0.0999935426,"12-2013":0.1113058394,"02-2014":0.109000578,"04-2014":0.1090705528,"06-2014":0.1090898876,"08-2014":0.1117903386,"10-2014":0.1175348938,"12-2014":0.1275598456,"02-2015":0.1326152917,"04-2015":0.1235856638,"06-2015":0.1154895205,"08-2015":0.1238794821,"10-2015":0.1429994308,"12-2015":0.1445612648,"02-2016":0.1449565095,"04-2016":0.1404120198,"06-2016":0.1414201827,"08-2016":0.1485,"10-2016":0.1570171376,"12-2016":0.1758694734,"02-2017":0.1694541973,"04-2017":0.163015122,"06-2017":0.1573664122,"08-2017":0.1544213125,"10-2017":0.1621250995,"12-2017":0.1760600527,"02-2018":0.1743181818,"04-2018":0.1649557997,"06-2018":0.1592850819,"08-2018":0.1519316435,"10-2018":0.1571458844,"12-2018":0.1717168619,"02-2019":0.1647135417,"04-2019":0.1530366783,"06-2019":0.1482683983,"08-2019":0.1520248632,"10-2019":0.1640774094,"12-2019":0.1745524297}}