{"median":{"02-2020":0.0677462888,"04-2020":0.0747394898,"06-2020":0.0880613027,"08-2020":0.0962594372,"10-2020":0.1029900853,"12-2020":0.1115555556,"02-2021":0.1242760618,"04-2021":0.1329661579,"06-2021":0.1526685658,"08-2021":0.1800669662,"10-2021":0.1994768557,"12-2021":0.2422880503,"02-2022":0.2877232738,"04-2022":0.3458204098,"06-2022":0.4089285714,"08-2022":0.4716722966,"10-2022":0.5242822553,"12-2022":0.6007246377,"02-2023":0.6369308023,"04-2023":0.6418850147,"06-2023":0.6421470457,"08-2023":0.6327666014,"10-2023":0.619973545,"12-2023":0.6139433582,"02-2024":0.6047731338,"04-2024":0.5977852239,"06-2024":0.5840227388,"08-2024":0.5811971723,"10-2024":0.5782700136,"12-2024":0.5659479027,"02-2025":0.559296875,"04-2025":0.5511658198,"06-2025":0.5410703333,"08-2025":0.5310795455,"10-2025":0.5325747008,"12-2025":0.5243395589,"02-2026":0.5233022808,"04-2026":0.5091339423,"06-2026":0.5055290238,"08-2026":0.4902471483,"10-2026":0.486497545,"12-2026":0.4749023337,"02-2027":0.465948071,"04-2027":0.4601704731,"06-2027":0.4500922509,"08-2027":0.4385011442,"10-2027":0.4381962865,"12-2027":0.440985767,"02-2028":0.4396828765,"04-2028":0.4474576271,"06-2028":0.4459694887,"08-2028":0.4333325126,"10-2028":0.4217482766,"12-2028":0.4178837953,"02-2029":0.4003424658,"04-2029":0.3923338537,"06-2029":0.3895617491,"08-2029":0.3820855615,"10-2029":0.3716374948,"12-2029":0.3736702128,"02-2030":0.3713907651,"04-2030":0.3614376452,"06-2030":0.3681427462,"08-2030":0.3592384817,"10-2030":0.3567721206,"12-2030":0.3524287764},"percentile_25":{"02-2020":0.0388754191,"04-2020":0.0373866652,"06-2020":0.0428648604,"08-2020":0.0448318294,"10-2020":0.0433090848,"12-2020":0.0416585105,"02-2021":0.0429804852,"04-2021":0.041785488,"06-2021":0.0450323749,"08-2021":0.0487409822,"10-2021":0.0531896589,"12-2021":0.057828863,"02-2022":0.0674629725,"04-2022":0.0741018501,"06-2022":0.0787142132,"08-2022":0.0965705402,"10-2022":0.1213871064,"12-2022":0.1424588423,"02-2023":0.1555235261,"04-2023":0.1784526924,"06-2023":0.1991277125,"08-2023":0.2252955083,"10-2023":0.2449754902,"12-2023":0.273925268,"02-2024":0.3137400534,"04-2024":0.3422906602,"06-2024":0.3660024155,"08-2024":0.3942246282,"10-2024":0.4198986292,"12-2024":0.4619124907,"02-2025":0.4606819869,"04-2025":0.4492905743,"06-2025":0.4734800839,"08-2025":0.4740911557,"10-2025":0.4732562855,"12-2025":0.452001634,"02-2026":0.4556616012,"04-2026":0.4459179945,"06-2026":0.4581730769,"08-2026":0.4302869322,"10-2026":0.4132517986,"12-2026":0.4012557742,"02-2027":0.409085213,"04-2027":0.4040792847,"06-2027":0.3977937734,"08-2027":0.3911358616,"10-2027":0.3783996212,"12-2027":0.3773474411,"02-2028":0.382221789,"04-2028":0.3869063927,"06-2028":0.3939255227,"08-2028":0.388872585,"10-2028":0.3749853372,"12-2028":0.3758695411,"02-2029":0.3578662429,"04-2029":0.3481661471,"06-2029":0.338002267,"08-2029":0.3404001659,"10-2029":0.32926423,"12-2029":0.3245875746,"02-2030":0.3218830314,"04-2030":0.3177655678,"06-2030":0.3137684826,"08-2030":0.3123217681,"10-2030":0.3037906807,"12-2030":0.299906367},"percentile_75":{"02-2020":0.1061500406,"04-2020":0.1197397564,"06-2020":0.1457822361,"08-2020":0.1638422121,"10-2020":0.1868809524,"12-2020":0.2162380104,"02-2021":0.2466935861,"04-2021":0.2747002086,"06-2021":0.3071326336,"08-2021":0.3571371483,"10-2021":0.4146432631,"12-2021":0.4858627595,"02-2022":0.5897451757,"04-2022":0.6623341884,"06-2022":0.7064455911,"08-2022":0.7433899497,"10-2022":0.7427812009,"12-2022":0.746176822,"02-2023":0.7422466856,"04-2023":0.7342352671,"06-2023":0.7191454972,"08-2023":0.6957391304,"10-2023":0.6858596156,"12-2023":0.6625706373,"02-2024":0.6595172729,"04-2024":0.6427230478,"06-2024":0.6416994009,"08-2024":0.631629947,"10-2024":0.624651487,"12-2024":0.6181127757,"02-2025":0.6153899758,"04-2025":0.6027768162,"06-2025":0.5978647687,"08-2025":0.5896978022,"10-2025":0.5848743415,"12-2025":0.5781470535,"02-2026":0.5729259342,"04-2026":0.5644104371,"06-2026":0.551903781,"08-2026":0.5386907969,"10-2026":0.5318047423,"12-2026":0.5345149254,"02-2027":0.5230925744,"04-2027":0.5132577754,"06-2027":0.5,"08-2027":0.4776864035,"10-2027":0.4890300994,"12-2027":0.4924091375,"02-2028":0.4908212592,"04-2028":0.4965869123,"06-2028":0.4935883464,"08-2028":0.485974456,"10-2028":0.4789318419,"12-2028":0.4626278521,"02-2029":0.4434816895,"04-2029":0.4421774768,"06-2029":0.4332430806,"08-2029":0.4311642114,"10-2029":0.4219008549,"12-2029":0.4172760819,"02-2030":0.4168103448,"04-2030":0.4121257264,"06-2030":0.4036589762,"08-2030":0.3996278544,"10-2030":0.3987609349,"12-2030":0.3986985693}}