{"median":{"02-2020":0.0576999896,"04-2020":0.0599259342,"06-2020":0.0606546291,"08-2020":0.059620255,"10-2020":0.0592822,"12-2020":0.0581546092,"02-2021":0.0557628524,"04-2021":0.0513623188,"06-2021":0.0498091603,"08-2021":0.0447761194,"10-2021":0.0451904201,"12-2021":0.0397841727,"02-2022":0.0333056171,"04-2022":0.035150362,"06-2022":0.0330222932,"08-2022":0.030248449,"10-2022":0.0254273504,"12-2022":0.0276091572,"02-2023":0.0217531231,"04-2023":0.0219385027,"06-2023":0.0214823734,"08-2023":0.0200901264,"10-2023":0.0162632775,"12-2023":0.0137937595,"02-2024":0.0111143068,"04-2024":0.0122342065,"06-2024":0.0093155683,"08-2024":0.0076328124,"10-2024":0.0056334077,"12-2024":0.0039636625,"02-2025":0.0,"04-2025":0.0018656716,"06-2025":0.0,"08-2025":0.0,"10-2025":0.0,"12-2025":0.0,"02-2026":0.0,"04-2026":0.0,"06-2026":0.0,"08-2026":0.0,"10-2026":0.0,"12-2026":0.0,"02-2027":0.0,"04-2027":0.0,"06-2027":0.0,"08-2027":0.0,"10-2027":0.0,"12-2027":0.0,"02-2028":0.0,"04-2028":0.0,"06-2028":0.0,"08-2028":0.0,"10-2028":0.0,"12-2028":0.0,"02-2029":0.0,"04-2029":0.0,"06-2029":0.0017985612,"08-2029":0.0,"10-2029":0.0053571429,"12-2029":0.0059055118,"02-2030":0.0076628352,"04-2030":0.009469697,"06-2030":0.0095419847,"08-2030":0.0076335878,"10-2030":0.0092936803,"12-2030":0.0112359551},"percentile_25":{"02-2020":0.0350544462,"04-2020":0.030372472,"06-2020":0.0308583309,"08-2020":0.0280701754,"10-2020":0.0276137332,"12-2020":0.025098128,"02-2021":0.023223267,"04-2021":0.0178736518,"06-2021":0.0141540487,"08-2021":0.0113101149,"10-2021":0.0074626866,"12-2021":0.0062693454,"02-2022":0.0039643328,"04-2022":0.0034844466,"06-2022":0.0,"08-2022":0.0,"10-2022":0.0,"12-2022":0.0,"02-2023":0.0,"04-2023":0.0,"06-2023":0.0,"08-2023":0.0,"10-2023":0.0,"12-2023":0.0,"02-2024":0.0,"04-2024":0.0,"06-2024":0.0,"08-2024":0.0,"10-2024":0.0,"12-2024":0.0,"02-2025":0.0,"04-2025":0.0,"06-2025":0.0,"08-2025":0.0,"10-2025":0.0,"12-2025":0.0,"02-2026":0.0,"04-2026":0.0,"06-2026":0.0,"08-2026":0.0,"10-2026":0.0,"12-2026":0.0,"02-2027":0.0,"04-2027":0.0,"06-2027":0.0,"08-2027":0.0,"10-2027":0.0,"12-2027":0.0,"02-2028":0.0,"04-2028":0.0,"06-2028":0.0,"08-2028":0.0,"10-2028":0.0,"12-2028":0.0,"02-2029":0.0,"04-2029":0.0,"06-2029":0.0,"08-2029":0.0,"10-2029":0.0,"12-2029":0.0,"02-2030":0.0,"04-2030":0.0,"06-2030":0.0,"08-2030":0.0,"10-2030":0.0,"12-2030":0.0},"percentile_75":{"02-2020":0.0960384615,"04-2020":0.0989108065,"06-2020":0.1039019964,"08-2020":0.1008204672,"10-2020":0.0985294118,"12-2020":0.1053243866,"02-2021":0.1096861173,"04-2021":0.1077156334,"06-2021":0.1112217795,"08-2021":0.102474999,"10-2021":0.098943662,"12-2021":0.1005207365,"02-2022":0.1091380025,"04-2022":0.1042897459,"06-2022":0.1024126792,"08-2022":0.1012668198,"10-2022":0.0982040455,"12-2022":0.1038518566,"02-2023":0.0969281499,"04-2023":0.0953063629,"06-2023":0.1084695927,"08-2023":0.1140219801,"10-2023":0.1147382207,"12-2023":0.1170129238,"02-2024":0.1241965227,"04-2024":0.1350656248,"06-2024":0.1636058506,"08-2024":0.2054882072,"10-2024":0.2458333333,"12-2024":0.315780523,"02-2025":0.3976083226,"04-2025":0.4608947944,"06-2025":0.5695762712,"08-2025":0.6567285761,"10-2025":0.6626105027,"12-2025":0.6744744745,"02-2026":0.6592636325,"04-2026":0.6843888526,"06-2026":0.6796435729,"08-2026":0.6640350877,"10-2026":0.6598251179,"12-2026":0.6395755382,"02-2027":0.6353818283,"04-2027":0.6344582069,"06-2027":0.6278871122,"08-2027":0.6117783077,"10-2027":0.6123240182,"12-2027":0.6082546185,"02-2028":0.601252057,"04-2028":0.6019352338,"06-2028":0.5942484934,"08-2028":0.567346145,"10-2028":0.5571773013,"12-2028":0.5409330262,"02-2029":0.5224211434,"04-2029":0.5127053166,"06-2029":0.5004480287,"08-2029":0.5070304695,"10-2029":0.4914963055,"12-2029":0.4744201031,"02-2030":0.4616118614,"04-2030":0.4522660154,"06-2030":0.437377373,"08-2030":0.4412225074,"10-2030":0.4293452753,"12-2030":0.4167593677}}