{"median":{"02-2020":0.0677462888,"04-2020":0.0747394898,"06-2020":0.0880613027,"08-2020":0.0962594372,"10-2020":0.1029900853,"12-2020":0.1115555556,"02-2021":0.1171550672,"04-2021":0.1123909774,"06-2021":0.1113001902,"08-2021":0.104542907,"10-2021":0.0963962508,"12-2021":0.0970565149,"02-2022":0.0912478144,"04-2022":0.0871969697,"06-2022":0.078843763,"08-2022":0.0759377231,"10-2022":0.0773837391,"12-2022":0.0759496154,"02-2023":0.0683179393,"04-2023":0.0688936064,"06-2023":0.0653376901,"08-2023":0.0635096319,"10-2023":0.0599461159,"12-2023":0.0571447231,"02-2024":0.0558479532,"04-2024":0.0564943577,"06-2024":0.0523281939,"08-2024":0.0578316611,"10-2024":0.0593426501,"12-2024":0.0634557594,"02-2025":0.0768654607,"04-2025":0.0976774242,"06-2025":0.1254545455,"08-2025":0.1455665025,"10-2025":0.1866258353,"12-2025":0.2330699535,"02-2026":0.2793285389,"04-2026":0.3207412409,"06-2026":0.3930857875,"08-2026":0.4802738786,"10-2026":0.5415755522,"12-2026":0.585108097,"02-2027":0.5870280948,"04-2027":0.581048951,"06-2027":0.585114816,"08-2027":0.574724217,"10-2027":0.5795478866,"12-2027":0.5701452701,"02-2028":0.5673658733,"04-2028":0.5624620662,"06-2028":0.559244269,"08-2028":0.5465818944,"10-2028":0.5360232328,"12-2028":0.5158253205,"02-2029":0.5,"04-2029":0.4870953216,"06-2029":0.4768577764,"08-2029":0.4718041128,"10-2029":0.4641638225,"12-2029":0.4546252779,"02-2030":0.4359905118,"04-2030":0.4305875933,"06-2030":0.4332129964,"08-2030":0.4165225234,"10-2030":0.4072043628,"12-2030":0.3973207703},"percentile_25":{"02-2020":0.0388754191,"04-2020":0.0373866652,"06-2020":0.0428648604,"08-2020":0.0448318294,"10-2020":0.0433090848,"12-2020":0.0416585105,"02-2021":0.038752866,"04-2021":0.0373018868,"06-2021":0.0352941176,"08-2021":0.0315966902,"10-2021":0.0292309547,"12-2021":0.0239317807,"02-2022":0.0207270408,"04-2022":0.0165650407,"06-2022":0.0123511905,"08-2022":0.0101898503,"10-2022":0.0079365079,"12-2022":0.0076589719,"02-2023":0.0038463232,"04-2023":0.0025773196,"06-2023":0.0,"08-2023":0.0,"10-2023":0.0,"12-2023":0.0,"02-2024":0.0,"04-2024":0.0,"06-2024":0.0,"08-2024":0.0,"10-2024":0.0,"12-2024":0.0,"02-2025":0.0,"04-2025":0.0,"06-2025":0.0,"08-2025":0.0,"10-2025":0.0,"12-2025":0.0,"02-2026":0.0,"04-2026":0.0,"06-2026":0.0,"08-2026":0.0,"10-2026":0.0,"12-2026":0.0,"02-2027":0.0,"04-2027":0.0,"06-2027":0.0,"08-2027":0.0,"10-2027":0.0,"12-2027":0.0,"02-2028":0.0,"04-2028":0.0,"06-2028":0.0,"08-2028":0.0,"10-2028":0.0,"12-2028":0.0,"02-2029":0.0,"04-2029":0.0,"06-2029":0.0,"08-2029":0.0,"10-2029":0.0,"12-2029":0.0,"02-2030":0.0,"04-2030":0.0,"06-2030":0.0,"08-2030":0.0,"10-2030":0.0,"12-2030":0.0},"percentile_75":{"02-2020":0.1061500406,"04-2020":0.1197397564,"06-2020":0.1457822361,"08-2020":0.1638422121,"10-2020":0.1868809524,"12-2020":0.2162380104,"02-2021":0.2263409243,"04-2021":0.2239362126,"06-2021":0.242218753,"08-2021":0.2365087444,"10-2021":0.234928141,"12-2021":0.231362799,"02-2022":0.2298823019,"04-2022":0.2192557907,"06-2022":0.2101917215,"08-2022":0.1976204351,"10-2022":0.1974445813,"12-2022":0.1963414634,"02-2023":0.1812732185,"04-2023":0.1808465344,"06-2023":0.1770297473,"08-2023":0.1746104875,"10-2023":0.1691816395,"12-2023":0.172305302,"02-2024":0.1713104604,"04-2024":0.1681654676,"06-2024":0.1735185185,"08-2024":0.185598606,"10-2024":0.2083397928,"12-2024":0.2493434343,"02-2025":0.2882261253,"04-2025":0.346953157,"06-2025":0.4327272727,"08-2025":0.5169023569,"10-2025":0.6289147603,"12-2025":0.6751179245,"02-2026":0.7035437761,"04-2026":0.7220775318,"06-2026":0.7368247694,"08-2026":0.7242355237,"10-2026":0.7192566385,"12-2026":0.6927302478,"02-2027":0.6851160542,"04-2027":0.678262159,"06-2027":0.6611676982,"08-2027":0.6491261009,"10-2027":0.6449761537,"12-2027":0.6346343874,"02-2028":0.6258175415,"04-2028":0.6203674079,"06-2028":0.630873921,"08-2028":0.6218295941,"10-2028":0.6113751584,"12-2028":0.5899282121,"02-2029":0.5586336951,"04-2029":0.5487016701,"06-2029":0.5440407452,"08-2029":0.5336286357,"10-2029":0.5328776634,"12-2029":0.5211074919,"02-2030":0.5056502648,"04-2030":0.4952683403,"06-2030":0.4728731074,"08-2030":0.4733097469,"10-2030":0.4644350215,"12-2030":0.4594864718}}