{"median":{"02-2020":0.0576999896,"04-2020":0.0599259342,"06-2020":0.0606546291,"08-2020":0.059620255,"10-2020":0.0592822,"12-2020":0.0581546092,"02-2021":0.0586151369,"04-2021":0.0589482981,"06-2021":0.0602534154,"08-2021":0.0692869175,"10-2021":0.0769381267,"12-2021":0.0922328767,"02-2022":0.1115257048,"04-2022":0.13368327,"06-2022":0.165042833,"08-2022":0.1854569978,"10-2022":0.2276223353,"12-2022":0.2793998378,"02-2023":0.3368848174,"04-2023":0.4035312527,"06-2023":0.4731993987,"08-2023":0.515503876,"10-2023":0.5684389292,"12-2023":0.5855397402,"02-2024":0.5985021427,"04-2024":0.6108903021,"06-2024":0.6010948905,"08-2024":0.6007260126,"10-2024":0.6081939799,"12-2024":0.5882193709,"02-2025":0.5836516813,"04-2025":0.5772821865,"06-2025":0.5727282344,"08-2025":0.5578681597,"10-2025":0.5506323949,"12-2025":0.5381696862,"02-2026":0.5368387288,"04-2026":0.5317042917,"06-2026":0.5198566308,"08-2026":0.507435047,"10-2026":0.5000941708,"12-2026":0.4900686677,"02-2027":0.4863804981,"04-2027":0.4803786487,"06-2027":0.4730504865,"08-2027":0.4696155099,"10-2027":0.4694240648,"12-2027":0.4604609491,"02-2028":0.4564833388,"04-2028":0.4699823322,"06-2028":0.4573358961,"08-2028":0.4500859107,"10-2028":0.44,"12-2028":0.4226679263,"02-2029":0.4097222222,"04-2029":0.4010365434,"06-2029":0.3942091209,"08-2029":0.3950162157,"10-2029":0.392421799,"12-2029":0.3865411932,"02-2030":0.3802858845,"04-2030":0.3784253003,"06-2030":0.3758395312,"08-2030":0.3648129604,"10-2030":0.36055943,"12-2030":0.3550671229},"percentile_25":{"02-2020":0.0350544462,"04-2020":0.030372472,"06-2020":0.0308583309,"08-2020":0.0280701754,"10-2020":0.0276137332,"12-2020":0.025098128,"02-2021":0.0225805099,"04-2021":0.0214481812,"06-2021":0.0209466139,"08-2021":0.0210890111,"10-2021":0.0203986844,"12-2021":0.0198808787,"02-2022":0.0218598606,"04-2022":0.0255944056,"06-2022":0.0309001866,"08-2022":0.0369352869,"10-2022":0.0455244755,"12-2022":0.0491130337,"02-2023":0.0567682027,"04-2023":0.0637774012,"06-2023":0.0739664083,"08-2023":0.0882663652,"10-2023":0.1010037982,"12-2023":0.1134592035,"02-2024":0.1360668877,"04-2024":0.1686111111,"06-2024":0.1871718083,"08-2024":0.212749527,"10-2024":0.2484179259,"12-2024":0.2617377054,"02-2025":0.3136752137,"04-2025":0.3435285108,"06-2025":0.385509858,"08-2025":0.4308322445,"10-2025":0.4559086905,"12-2025":0.4747292419,"02-2026":0.462246604,"04-2026":0.452608276,"06-2026":0.4513236216,"08-2026":0.4354248914,"10-2026":0.4228922053,"12-2026":0.4186700235,"02-2027":0.4250904568,"04-2027":0.4184914528,"06-2027":0.410773884,"08-2027":0.4001893773,"10-2027":0.3926946853,"12-2027":0.4030793854,"02-2028":0.3896557224,"04-2028":0.4005226481,"06-2028":0.3957892444,"08-2028":0.3884680135,"10-2028":0.3825634557,"12-2028":0.3707215992,"02-2029":0.3568258903,"04-2029":0.3416549688,"06-2029":0.3403592375,"08-2029":0.3277088703,"10-2029":0.3249152132,"12-2029":0.3259872841,"02-2030":0.3343175853,"04-2030":0.3333333333,"06-2030":0.3231394831,"08-2030":0.309403779,"10-2030":0.309403779,"12-2030":0.3066423358},"percentile_75":{"02-2020":0.0960384615,"04-2020":0.0989108065,"06-2020":0.1039019964,"08-2020":0.1008204672,"10-2020":0.0985294118,"12-2020":0.1053243866,"02-2021":0.1240940622,"04-2021":0.137554774,"06-2021":0.1503709918,"08-2021":0.1864964302,"10-2021":0.2265020629,"12-2021":0.275544285,"02-2022":0.3430946576,"04-2022":0.4328553541,"06-2022":0.4934210526,"08-2022":0.5830388693,"10-2022":0.6807518004,"12-2022":0.7164430964,"02-2023":0.7213158368,"04-2023":0.7273611602,"06-2023":0.7348958096,"08-2023":0.707042635,"10-2023":0.7111057467,"12-2023":0.6934667068,"02-2024":0.6761440035,"04-2024":0.6721434871,"06-2024":0.6682161235,"08-2024":0.6749868056,"10-2024":0.6891753612,"12-2024":0.6602955545,"02-2025":0.6400719424,"04-2025":0.6400593373,"06-2025":0.631540146,"08-2025":0.6210010715,"10-2025":0.6156616827,"12-2025":0.61088388,"02-2026":0.596033927,"04-2026":0.5963002017,"06-2026":0.5917823053,"08-2026":0.5776173285,"10-2026":0.5671641791,"12-2026":0.5648282744,"02-2027":0.5585126251,"04-2027":0.5499526515,"06-2027":0.5343168986,"08-2027":0.5307983232,"10-2027":0.5136093641,"12-2027":0.5170645407,"02-2028":0.5168539326,"04-2028":0.516072048,"06-2028":0.5103809983,"08-2028":0.4935883464,"10-2028":0.4832514382,"12-2028":0.4676763454,"02-2029":0.4541476408,"04-2029":0.4526075136,"06-2029":0.4512310606,"08-2029":0.4407849367,"10-2029":0.438054078,"12-2029":0.4206278391,"02-2030":0.4221437121,"04-2030":0.4265358298,"06-2030":0.4189745273,"08-2030":0.4123594819,"10-2030":0.4057556111,"12-2030":0.4058933847}}