{"median":{"02-2020":0.0576999896,"04-2020":0.0599259342,"06-2020":0.0606546291,"08-2020":0.059620255,"10-2020":0.0592822,"12-2020":0.0581546092,"02-2021":0.0557628524,"04-2021":0.0513623188,"06-2021":0.0498091603,"08-2021":0.0447761194,"10-2021":0.0451904201,"12-2021":0.0397841727,"02-2022":0.0333056171,"04-2022":0.035150362,"06-2022":0.0330222932,"08-2022":0.030248449,"10-2022":0.0254273504,"12-2022":0.0276091572,"02-2023":0.0217531231,"04-2023":0.0219385027,"06-2023":0.0214823734,"08-2023":0.0200901264,"10-2023":0.0162632775,"12-2023":0.0137937595,"02-2024":0.0110813311,"04-2024":0.0088057445,"06-2024":0.0073406605,"08-2024":0.0040107382,"10-2024":0.0036796537,"12-2024":0.0,"02-2025":0.0,"04-2025":0.0,"06-2025":0.0,"08-2025":0.0,"10-2025":0.0,"12-2025":0.0,"02-2026":0.0,"04-2026":0.0,"06-2026":0.0,"08-2026":0.0,"10-2026":0.0,"12-2026":0.0,"02-2027":0.0,"04-2027":0.0,"06-2027":0.0,"08-2027":0.0,"10-2027":0.0,"12-2027":0.0,"02-2028":0.0,"04-2028":0.0,"06-2028":0.0,"08-2028":0.0,"10-2028":0.0,"12-2028":0.0,"02-2029":0.0,"04-2029":0.0,"06-2029":0.0,"08-2029":0.0,"10-2029":0.0,"12-2029":0.0,"02-2030":0.0,"04-2030":0.0,"06-2030":0.0,"08-2030":0.0,"10-2030":0.0,"12-2030":0.0},"percentile_25":{"02-2020":0.0350544462,"04-2020":0.030372472,"06-2020":0.0308583309,"08-2020":0.0280701754,"10-2020":0.0276137332,"12-2020":0.025098128,"02-2021":0.023223267,"04-2021":0.0178736518,"06-2021":0.0141540487,"08-2021":0.0113101149,"10-2021":0.0074626866,"12-2021":0.0062693454,"02-2022":0.0039643328,"04-2022":0.0034844466,"06-2022":0.0,"08-2022":0.0,"10-2022":0.0,"12-2022":0.0,"02-2023":0.0,"04-2023":0.0,"06-2023":0.0,"08-2023":0.0,"10-2023":0.0,"12-2023":0.0,"02-2024":0.0,"04-2024":0.0,"06-2024":0.0,"08-2024":0.0,"10-2024":0.0,"12-2024":0.0,"02-2025":0.0,"04-2025":0.0,"06-2025":0.0,"08-2025":0.0,"10-2025":0.0,"12-2025":0.0,"02-2026":0.0,"04-2026":0.0,"06-2026":0.0,"08-2026":0.0,"10-2026":0.0,"12-2026":0.0,"02-2027":0.0,"04-2027":0.0,"06-2027":0.0,"08-2027":0.0,"10-2027":0.0,"12-2027":0.0,"02-2028":0.0,"04-2028":0.0,"06-2028":0.0,"08-2028":0.0,"10-2028":0.0,"12-2028":0.0,"02-2029":0.0,"04-2029":0.0,"06-2029":0.0,"08-2029":0.0,"10-2029":0.0,"12-2029":0.0,"02-2030":0.0,"04-2030":0.0,"06-2030":0.0,"08-2030":0.0,"10-2030":0.0,"12-2030":0.0},"percentile_75":{"02-2020":0.0960384615,"04-2020":0.0989108065,"06-2020":0.1039019964,"08-2020":0.1008204672,"10-2020":0.0985294118,"12-2020":0.1053243866,"02-2021":0.1096861173,"04-2021":0.1077156334,"06-2021":0.1112217795,"08-2021":0.102474999,"10-2021":0.098943662,"12-2021":0.1005207365,"02-2022":0.1091380025,"04-2022":0.1042897459,"06-2022":0.1024126792,"08-2022":0.1012668198,"10-2022":0.0982040455,"12-2022":0.1038518566,"02-2023":0.0969281499,"04-2023":0.0953063629,"06-2023":0.1084695927,"08-2023":0.1140219801,"10-2023":0.1147382207,"12-2023":0.1170129238,"02-2024":0.1195787189,"04-2024":0.1132939388,"06-2024":0.1164410678,"08-2024":0.1115177089,"10-2024":0.1162118409,"12-2024":0.1151875982,"02-2025":0.1194917215,"04-2025":0.117328795,"06-2025":0.1211536374,"08-2025":0.1298991829,"10-2025":0.1276327839,"12-2025":0.1289931184,"02-2026":0.1588834673,"04-2026":0.1752085465,"06-2026":0.2034106622,"08-2026":0.2722334004,"10-2026":0.3240012835,"12-2026":0.3962093863,"02-2027":0.524075099,"04-2027":0.5802904212,"06-2027":0.6087286725,"08-2027":0.6295686304,"10-2027":0.6530087636,"12-2027":0.6676099578,"02-2028":0.6614229249,"04-2028":0.6668260881,"06-2028":0.6560462567,"08-2028":0.6434730581,"10-2028":0.6363636364,"12-2028":0.6352304965,"02-2029":0.6228586325,"04-2029":0.6148954704,"06-2029":0.5961272667,"08-2029":0.5756040715,"10-2029":0.5664930698,"12-2029":0.5593548387,"02-2030":0.5506268997,"04-2030":0.5340073529,"06-2030":0.5186409479,"08-2030":0.4917643685,"10-2030":0.5071613894,"12-2030":0.4968765887}}