{"median":{"02-2020":0.0576999896,"04-2020":0.0599259342,"06-2020":0.0606546291,"08-2020":0.059620255,"10-2020":0.0592822,"12-2020":0.0581546092,"02-2021":0.0557628524,"04-2021":0.0513623188,"06-2021":0.0498091603,"08-2021":0.0447761194,"10-2021":0.0451904201,"12-2021":0.0397841727,"02-2022":0.0392354406,"04-2022":0.0384666598,"06-2022":0.0438166311,"08-2022":0.0477234881,"10-2022":0.0591499248,"12-2022":0.0705053853,"02-2023":0.0878815629,"04-2023":0.1010948905,"06-2023":0.1288018433,"08-2023":0.1644930645,"10-2023":0.1776221675,"12-2023":0.2379358052,"02-2024":0.2704699155,"04-2024":0.3320898747,"06-2024":0.4035380787,"08-2024":0.4790016702,"10-2024":0.5714285714,"12-2024":0.581235012,"02-2025":0.5875547217,"04-2025":0.5744616377,"06-2025":0.5867390806,"08-2025":0.5851460453,"10-2025":0.5754019815,"12-2025":0.5660188457,"02-2026":0.5569705819,"04-2026":0.5474772662,"06-2026":0.5401298205,"08-2026":0.5284421461,"10-2026":0.5155489598,"12-2026":0.514138689,"02-2027":0.5108434991,"04-2027":0.4964101904,"06-2027":0.4880078081,"08-2027":0.491515805,"10-2027":0.4828738876,"12-2027":0.4799864479,"02-2028":0.4736842105,"04-2028":0.4669068245,"06-2028":0.4581921094,"08-2028":0.4533357353,"10-2028":0.4403623582,"12-2028":0.4224162543,"02-2029":0.4108535688,"04-2029":0.3936363636,"06-2029":0.3794407021,"08-2029":0.3796801325,"10-2029":0.3797689769,"12-2029":0.3611789906,"02-2030":0.3653281456,"04-2030":0.3583381484,"06-2030":0.3576905127,"08-2030":0.3555937858,"10-2030":0.3450627387,"12-2030":0.3436437075},"percentile_25":{"02-2020":0.0350544462,"04-2020":0.030372472,"06-2020":0.0308583309,"08-2020":0.0280701754,"10-2020":0.0276137332,"12-2020":0.025098128,"02-2021":0.023223267,"04-2021":0.0178736518,"06-2021":0.0141540487,"08-2021":0.0113101149,"10-2021":0.0074626866,"12-2021":0.0062693454,"02-2022":0.003917739,"04-2022":0.0035149709,"06-2022":0.0033671171,"08-2022":0.0,"10-2022":0.0,"12-2022":0.0,"02-2023":0.0,"04-2023":0.0,"06-2023":0.0,"08-2023":0.0,"10-2023":0.0,"12-2023":0.0,"02-2024":0.0,"04-2024":0.0,"06-2024":0.0,"08-2024":0.0,"10-2024":0.0,"12-2024":0.0,"02-2025":0.0,"04-2025":0.0,"06-2025":0.0,"08-2025":0.0,"10-2025":0.0,"12-2025":0.0,"02-2026":0.0,"04-2026":0.0,"06-2026":0.0,"08-2026":0.0,"10-2026":0.0,"12-2026":0.0,"02-2027":0.0,"04-2027":0.0,"06-2027":0.0,"08-2027":0.0,"10-2027":0.0,"12-2027":0.0,"02-2028":0.0,"04-2028":0.0,"06-2028":0.0,"08-2028":0.0,"10-2028":0.0,"12-2028":0.0,"02-2029":0.0,"04-2029":0.0,"06-2029":0.0,"08-2029":0.0,"10-2029":0.0,"12-2029":0.0,"02-2030":0.0,"04-2030":0.0,"06-2030":0.0,"08-2030":0.0,"10-2030":0.0,"12-2030":0.0},"percentile_75":{"02-2020":0.0960384615,"04-2020":0.0989108065,"06-2020":0.1039019964,"08-2020":0.1008204672,"10-2020":0.0985294118,"12-2020":0.1053243866,"02-2021":0.1096861173,"04-2021":0.1077156334,"06-2021":0.1112217795,"08-2021":0.102474999,"10-2021":0.098943662,"12-2021":0.1005207365,"02-2022":0.1078308489,"04-2022":0.129977498,"06-2022":0.1524420187,"08-2022":0.1910351637,"10-2022":0.2363565198,"12-2022":0.2884639048,"02-2023":0.3726595176,"04-2023":0.4383674163,"06-2023":0.5198076049,"08-2023":0.6248942854,"10-2023":0.6808866775,"12-2023":0.7205087695,"02-2024":0.7118549822,"04-2024":0.7115735542,"06-2024":0.7144581912,"08-2024":0.7144055609,"10-2024":0.6986842105,"12-2024":0.692159555,"02-2025":0.698255814,"04-2025":0.6882389277,"06-2025":0.6712117665,"08-2025":0.6624286183,"10-2025":0.6563096374,"12-2025":0.6317598119,"02-2026":0.6218861832,"04-2026":0.615608229,"06-2026":0.6115748084,"08-2026":0.6120302708,"10-2026":0.5952806883,"12-2026":0.5861710753,"02-2027":0.5677903119,"04-2027":0.5700925926,"06-2027":0.5590364392,"08-2027":0.5559837673,"10-2027":0.5391693347,"12-2027":0.5443279253,"02-2028":0.5323140544,"04-2028":0.5097334442,"06-2028":0.5210633165,"08-2028":0.5092422393,"10-2028":0.5088393741,"12-2028":0.4936092994,"02-2029":0.4763504766,"04-2029":0.459716778,"06-2029":0.4488712391,"08-2029":0.4378333901,"10-2029":0.4389719701,"12-2029":0.4291765444,"02-2030":0.4224031708,"04-2030":0.4212360128,"06-2030":0.4115510383,"08-2030":0.4089528892,"10-2030":0.396725282,"12-2030":0.3919718498}}