{"median":{"02-2020":0.0576999896,"04-2020":0.0599259342,"06-2020":0.0606546291,"08-2020":0.059620255,"10-2020":0.0592822,"12-2020":0.0581546092,"02-2021":0.0557628524,"04-2021":0.0513623188,"06-2021":0.0498091603,"08-2021":0.0447761194,"10-2021":0.0451904201,"12-2021":0.0397841727,"02-2022":0.0333056171,"04-2022":0.035150362,"06-2022":0.0330222932,"08-2022":0.030248449,"10-2022":0.0254273504,"12-2022":0.0276091572,"02-2023":0.0217531231,"04-2023":0.0219385027,"06-2023":0.0214419727,"08-2023":0.0201296509,"10-2023":0.0169779776,"12-2023":0.0176380559,"02-2024":0.023357316,"04-2024":0.028157865,"06-2024":0.0279168057,"08-2024":0.0316519546,"10-2024":0.03039361,"12-2024":0.036039795,"02-2025":0.0461085677,"04-2025":0.0608405135,"06-2025":0.068694186,"08-2025":0.079801443,"10-2025":0.0909015807,"12-2025":0.1217885078,"02-2026":0.1467391304,"04-2026":0.1788812179,"06-2026":0.2204784899,"08-2026":0.2769124662,"10-2026":0.3378120215,"12-2026":0.3910596614,"02-2027":0.4269774395,"04-2027":0.4463912489,"06-2027":0.4083507224,"08-2027":0.4702087018,"10-2027":0.4754140787,"12-2027":0.4646051746,"02-2028":0.4501882201,"04-2028":0.4372961534,"06-2028":0.4383902162,"08-2028":0.4533472327,"10-2028":0.4556773631,"12-2028":0.4518215215,"02-2029":0.4280607954,"04-2029":0.4088581669,"06-2029":0.3992591275,"08-2029":0.3910873275,"10-2029":0.3716868197,"12-2029":0.3657934931,"02-2030":0.3659042193,"04-2030":0.3504186198,"06-2030":0.3523119393,"08-2030":0.3455255207,"10-2030":0.3414669695,"12-2030":0.3271485977},"percentile_25":{"02-2020":0.0350544462,"04-2020":0.030372472,"06-2020":0.0308583309,"08-2020":0.0280701754,"10-2020":0.0276137332,"12-2020":0.025098128,"02-2021":0.023223267,"04-2021":0.0178736518,"06-2021":0.0141540487,"08-2021":0.0113101149,"10-2021":0.0074626866,"12-2021":0.0062693454,"02-2022":0.0039643328,"04-2022":0.0034844466,"06-2022":0.0,"08-2022":0.0,"10-2022":0.0,"12-2022":0.0,"02-2023":0.0,"04-2023":0.0,"06-2023":0.0,"08-2023":0.0,"10-2023":0.0,"12-2023":0.0,"02-2024":0.0,"04-2024":0.0,"06-2024":0.0,"08-2024":0.0,"10-2024":0.0,"12-2024":0.0,"02-2025":0.0,"04-2025":0.0,"06-2025":0.0,"08-2025":0.0,"10-2025":0.0,"12-2025":0.0,"02-2026":0.0,"04-2026":0.0,"06-2026":0.0,"08-2026":0.0,"10-2026":0.0,"12-2026":0.0,"02-2027":0.0,"04-2027":0.0,"06-2027":0.0,"08-2027":0.0,"10-2027":0.0,"12-2027":0.0,"02-2028":0.0,"04-2028":0.0,"06-2028":0.0,"08-2028":0.0,"10-2028":0.0,"12-2028":0.0,"02-2029":0.0,"04-2029":0.0,"06-2029":0.0,"08-2029":0.0,"10-2029":0.0,"12-2029":0.0,"02-2030":0.0,"04-2030":0.0,"06-2030":0.0,"08-2030":0.0,"10-2030":0.0,"12-2030":0.0},"percentile_75":{"02-2020":0.0960384615,"04-2020":0.0989108065,"06-2020":0.1039019964,"08-2020":0.1008204672,"10-2020":0.0985294118,"12-2020":0.1053243866,"02-2021":0.1096861173,"04-2021":0.1077156334,"06-2021":0.1112217795,"08-2021":0.102474999,"10-2021":0.098943662,"12-2021":0.1005207365,"02-2022":0.1091380025,"04-2022":0.1042897459,"06-2022":0.1024126792,"08-2022":0.1012668198,"10-2022":0.0982040455,"12-2022":0.1038518566,"02-2023":0.0969281499,"04-2023":0.0953063629,"06-2023":0.1085336075,"08-2023":0.1294329242,"10-2023":0.1351921009,"12-2023":0.145876632,"02-2024":0.1878525682,"04-2024":0.2209651859,"06-2024":0.2899693701,"08-2024":0.3598157982,"10-2024":0.4472055514,"12-2024":0.5488198961,"02-2025":0.6531609195,"04-2025":0.683689472,"06-2025":0.689538714,"08-2025":0.6949906367,"10-2025":0.6797726137,"12-2025":0.6724755484,"02-2026":0.6874345982,"04-2026":0.6809159632,"06-2026":0.6600704439,"08-2026":0.654618192,"10-2026":0.6459180583,"12-2026":0.6327586207,"02-2027":0.6273561508,"04-2027":0.6288026721,"06-2027":0.6111154244,"08-2027":0.6029886519,"10-2027":0.5891242938,"12-2027":0.5820591518,"02-2028":0.5789314432,"04-2028":0.5585476398,"06-2028":0.5637310895,"08-2028":0.5488658301,"10-2028":0.546482109,"12-2028":0.5291177077,"02-2029":0.5155453066,"04-2029":0.4973404255,"06-2029":0.4926172708,"08-2029":0.4806330875,"10-2029":0.4643226856,"12-2029":0.4629184946,"02-2030":0.451863466,"04-2030":0.4461786223,"06-2030":0.4390870244,"08-2030":0.4114800476,"10-2030":0.4099264706,"12-2030":0.4122999064}}