{"median":{"02-2020":0.0677462888,"04-2020":0.0747394898,"06-2020":0.0880613027,"08-2020":0.0962594372,"10-2020":0.1029900853,"12-2020":0.1115555556,"02-2021":0.1171550672,"04-2021":0.1123909774,"06-2021":0.1113001902,"08-2021":0.104542907,"10-2021":0.0963962508,"12-2021":0.0970565149,"02-2022":0.0912478144,"04-2022":0.0871969697,"06-2022":0.078843763,"08-2022":0.0759377231,"10-2022":0.0773837391,"12-2022":0.0759496154,"02-2023":0.0683179393,"04-2023":0.0688936064,"06-2023":0.0653376901,"08-2023":0.0635096319,"10-2023":0.0599461159,"12-2023":0.0571447231,"02-2024":0.0558479532,"04-2024":0.0564943577,"06-2024":0.0523281939,"08-2024":0.0529272347,"10-2024":0.0486296386,"12-2024":0.0457875458,"02-2025":0.0464430425,"04-2025":0.050666386,"06-2025":0.0524351925,"08-2025":0.045043799,"10-2025":0.0446261056,"12-2025":0.0499170518,"02-2026":0.0570881226,"04-2026":0.0704061896,"06-2026":0.0884970817,"08-2026":0.1164852383,"10-2026":0.149183553,"12-2026":0.1957124633,"02-2027":0.2653036824,"04-2027":0.3565379941,"06-2027":0.4411048102,"08-2027":0.525471711,"10-2027":0.5392227918,"12-2027":0.5628402641,"02-2028":0.577213133,"04-2028":0.57864932,"06-2028":0.5860457265,"08-2028":0.5962275307,"10-2028":0.5736495579,"12-2028":0.557830031,"02-2029":0.5437829189,"04-2029":0.533106814,"06-2029":0.5153822687,"08-2029":0.5271794593,"10-2029":0.5143212452,"12-2029":0.4971909321,"02-2030":0.4780272654,"04-2030":0.4835164835,"06-2030":0.4727142838,"08-2030":0.4598850575,"10-2030":0.4401791774,"12-2030":0.4239090479},"percentile_25":{"02-2020":0.0388754191,"04-2020":0.0373866652,"06-2020":0.0428648604,"08-2020":0.0448318294,"10-2020":0.0433090848,"12-2020":0.0416585105,"02-2021":0.038752866,"04-2021":0.0373018868,"06-2021":0.0352941176,"08-2021":0.0315966902,"10-2021":0.0292309547,"12-2021":0.0239317807,"02-2022":0.0207270408,"04-2022":0.0165650407,"06-2022":0.0123511905,"08-2022":0.0101898503,"10-2022":0.0079365079,"12-2022":0.0076589719,"02-2023":0.0038463232,"04-2023":0.0025773196,"06-2023":0.0,"08-2023":0.0,"10-2023":0.0,"12-2023":0.0,"02-2024":0.0,"04-2024":0.0,"06-2024":0.0,"08-2024":0.0,"10-2024":0.0,"12-2024":0.0,"02-2025":0.0,"04-2025":0.0,"06-2025":0.0,"08-2025":0.0,"10-2025":0.0,"12-2025":0.0,"02-2026":0.0,"04-2026":0.0,"06-2026":0.0,"08-2026":0.0,"10-2026":0.0,"12-2026":0.0,"02-2027":0.0,"04-2027":0.0,"06-2027":0.0,"08-2027":0.0,"10-2027":0.0,"12-2027":0.0,"02-2028":0.0,"04-2028":0.0,"06-2028":0.0,"08-2028":0.0,"10-2028":0.0,"12-2028":0.0,"02-2029":0.0,"04-2029":0.0,"06-2029":0.0,"08-2029":0.0,"10-2029":0.0,"12-2029":0.0,"02-2030":0.0,"04-2030":0.0,"06-2030":0.0,"08-2030":0.0,"10-2030":0.0,"12-2030":0.0},"percentile_75":{"02-2020":0.1061500406,"04-2020":0.1197397564,"06-2020":0.1457822361,"08-2020":0.1638422121,"10-2020":0.1868809524,"12-2020":0.2162380104,"02-2021":0.2263409243,"04-2021":0.2239362126,"06-2021":0.242218753,"08-2021":0.2365087444,"10-2021":0.234928141,"12-2021":0.231362799,"02-2022":0.2298823019,"04-2022":0.2192557907,"06-2022":0.2101917215,"08-2022":0.1976204351,"10-2022":0.1974445813,"12-2022":0.1963414634,"02-2023":0.1812732185,"04-2023":0.1808465344,"06-2023":0.1770297473,"08-2023":0.1746104875,"10-2023":0.1691816395,"12-2023":0.172305302,"02-2024":0.1713104604,"04-2024":0.1681654676,"06-2024":0.171743295,"08-2024":0.1708247916,"10-2024":0.1658045977,"12-2024":0.1765734266,"02-2025":0.1701339716,"04-2025":0.1752682697,"06-2025":0.1836693303,"08-2025":0.1858813701,"10-2025":0.2146210828,"12-2025":0.240256917,"02-2026":0.2927406528,"04-2026":0.337522881,"06-2026":0.4230579435,"08-2026":0.5177124305,"10-2026":0.6148125388,"12-2026":0.6657162038,"02-2027":0.7049397447,"04-2027":0.7210285367,"06-2027":0.7084101888,"08-2027":0.7064126627,"10-2027":0.7116473737,"12-2027":0.7086330935,"02-2028":0.7022425249,"04-2028":0.6728694512,"06-2028":0.6724400369,"08-2028":0.6708668575,"10-2028":0.6503597816,"12-2028":0.6294663825,"02-2029":0.6144670695,"04-2029":0.6098382252,"06-2029":0.5979111095,"08-2029":0.5909700703,"10-2029":0.5789099841,"12-2029":0.5804195804,"02-2030":0.5507626157,"04-2030":0.5508848176,"06-2030":0.54023745,"08-2030":0.5286882359,"10-2030":0.5109561206,"12-2030":0.5071307431}}