{"median":{"02-2020":0.0677462888,"04-2020":0.0747394898,"06-2020":0.0880613027,"08-2020":0.0962594372,"10-2020":0.1029900853,"12-2020":0.1115555556,"02-2021":0.1171550672,"04-2021":0.1123909774,"06-2021":0.1113001902,"08-2021":0.104542907,"10-2021":0.0963962508,"12-2021":0.0970565149,"02-2022":0.0912478144,"04-2022":0.0871969697,"06-2022":0.078843763,"08-2022":0.0759377231,"10-2022":0.0773837391,"12-2022":0.0759496154,"02-2023":0.0683179393,"04-2023":0.0688936064,"06-2023":0.0670261537,"08-2023":0.0656943057,"10-2023":0.0693072779,"12-2023":0.0769029428,"02-2024":0.0876363636,"04-2024":0.101072435,"06-2024":0.1209454526,"08-2024":0.1553454462,"10-2024":0.1775506487,"12-2024":0.2201492537,"02-2025":0.2641286584,"04-2025":0.3179737882,"06-2025":0.3870896673,"08-2025":0.4647984662,"10-2025":0.5278656358,"12-2025":0.5583458458,"02-2026":0.5879002287,"04-2026":0.5898786561,"06-2026":0.5887930794,"08-2026":0.574674843,"10-2026":0.5796296296,"12-2026":0.5857906753,"02-2027":0.5704212454,"04-2027":0.5557907684,"06-2027":0.5425824176,"08-2027":0.5442628533,"10-2027":0.542208798,"12-2027":0.5332036316,"02-2028":0.5287634528,"04-2028":0.5204173083,"06-2028":0.5277720844,"08-2028":0.5161290323,"10-2028":0.4955463336,"12-2028":0.4857575758,"02-2029":0.4700437452,"04-2029":0.4533900483,"06-2029":0.4453871182,"08-2029":0.4468319308,"10-2029":0.4347689254,"12-2029":0.422058808,"02-2030":0.4159457901,"04-2030":0.4066685841,"06-2030":0.3919847514,"08-2030":0.3916953394,"10-2030":0.3840586696,"12-2030":0.3808735415},"percentile_25":{"02-2020":0.0388754191,"04-2020":0.0373866652,"06-2020":0.0428648604,"08-2020":0.0448318294,"10-2020":0.0433090848,"12-2020":0.0416585105,"02-2021":0.038752866,"04-2021":0.0373018868,"06-2021":0.0352941176,"08-2021":0.0315966902,"10-2021":0.0292309547,"12-2021":0.0239317807,"02-2022":0.0207270408,"04-2022":0.0165650407,"06-2022":0.0123511905,"08-2022":0.0101898503,"10-2022":0.0079365079,"12-2022":0.0076589719,"02-2023":0.0038463232,"04-2023":0.0025773196,"06-2023":0.0,"08-2023":0.0,"10-2023":0.0,"12-2023":0.0,"02-2024":0.0,"04-2024":0.0,"06-2024":0.0,"08-2024":0.0,"10-2024":0.0,"12-2024":0.0,"02-2025":0.0,"04-2025":0.0,"06-2025":0.0,"08-2025":0.0,"10-2025":0.0,"12-2025":0.0,"02-2026":0.0,"04-2026":0.0,"06-2026":0.0,"08-2026":0.0,"10-2026":0.0,"12-2026":0.0,"02-2027":0.0,"04-2027":0.0,"06-2027":0.0,"08-2027":0.0,"10-2027":0.0,"12-2027":0.0,"02-2028":0.0,"04-2028":0.0,"06-2028":0.0,"08-2028":0.0,"10-2028":0.0,"12-2028":0.0,"02-2029":0.0,"04-2029":0.0,"06-2029":0.0,"08-2029":0.0,"10-2029":0.0,"12-2029":0.0,"02-2030":0.0,"04-2030":0.0,"06-2030":0.0,"08-2030":0.0,"10-2030":0.0,"12-2030":0.0},"percentile_75":{"02-2020":0.1061500406,"04-2020":0.1197397564,"06-2020":0.1457822361,"08-2020":0.1638422121,"10-2020":0.1868809524,"12-2020":0.2162380104,"02-2021":0.2263409243,"04-2021":0.2239362126,"06-2021":0.242218753,"08-2021":0.2365087444,"10-2021":0.234928141,"12-2021":0.231362799,"02-2022":0.2298823019,"04-2022":0.2192557907,"06-2022":0.2101917215,"08-2022":0.1976204351,"10-2022":0.1974445813,"12-2022":0.1963414634,"02-2023":0.1812732185,"04-2023":0.1808465344,"06-2023":0.1790131172,"08-2023":0.1877708668,"10-2023":0.2056312419,"12-2023":0.2307445443,"02-2024":0.2713760765,"04-2024":0.3294231646,"06-2024":0.4000803587,"08-2024":0.480576081,"10-2024":0.5643907563,"12-2024":0.634050087,"02-2025":0.6810535228,"04-2025":0.7236746062,"06-2025":0.724921871,"08-2025":0.7161597594,"10-2025":0.7251305438,"12-2025":0.7106612424,"02-2026":0.702469437,"04-2026":0.6848047433,"06-2026":0.6761142388,"08-2026":0.6543357804,"10-2026":0.6528665414,"12-2026":0.6411762395,"02-2027":0.6442468019,"04-2027":0.6301229211,"06-2027":0.6218812877,"08-2027":0.6165258474,"10-2027":0.6029897285,"12-2027":0.5959904463,"02-2028":0.5864135864,"04-2028":0.579540013,"06-2028":0.5837222116,"08-2028":0.5669007385,"10-2028":0.5620538611,"12-2028":0.5377677912,"02-2029":0.5326962149,"04-2029":0.5260673524,"06-2029":0.5124958033,"08-2029":0.5,"10-2029":0.4927772957,"12-2029":0.4849867286,"02-2030":0.4658857522,"04-2030":0.463088375,"06-2030":0.4545559667,"08-2030":0.4484535316,"10-2030":0.4465961726,"12-2030":0.4336142322}}