{"median":{"02-2020":0.0677462888,"04-2020":0.0747394898,"06-2020":0.0880613027,"08-2020":0.0962594372,"10-2020":0.1029900853,"12-2020":0.1115555556,"02-2021":0.1171550672,"04-2021":0.1123909774,"06-2021":0.1113001902,"08-2021":0.104542907,"10-2021":0.0963962508,"12-2021":0.0970565149,"02-2022":0.0912478144,"04-2022":0.0871969697,"06-2022":0.078843763,"08-2022":0.0759377231,"10-2022":0.0773837391,"12-2022":0.0759496154,"02-2023":0.0683179393,"04-2023":0.0688936064,"06-2023":0.0653376901,"08-2023":0.0635096319,"10-2023":0.0599461159,"12-2023":0.0571447231,"02-2024":0.0558479532,"04-2024":0.0564943577,"06-2024":0.0523281939,"08-2024":0.0529272347,"10-2024":0.0486296386,"12-2024":0.0457875458,"02-2025":0.0464430425,"04-2025":0.050666386,"06-2025":0.0490876009,"08-2025":0.0418625705,"10-2025":0.0394696269,"12-2025":0.0383147387,"02-2026":0.0449463421,"04-2026":0.0372676906,"06-2026":0.030478955,"08-2026":0.0336342229,"10-2026":0.0366541353,"12-2026":0.0432046653,"02-2027":0.0539110006,"04-2027":0.0638273685,"06-2027":0.0772218463,"08-2027":0.0967132738,"10-2027":0.1137408088,"12-2027":0.15,"02-2028":0.1699339986,"04-2028":0.2194757797,"06-2028":0.2929545455,"08-2028":0.3711734694,"10-2028":0.4357855055,"12-2028":0.509497549,"02-2029":0.5288902795,"04-2029":0.5649647259,"06-2029":0.552613989,"08-2029":0.5476619569,"10-2029":0.5600077429,"12-2029":0.5505808676,"02-2030":0.5370408163,"04-2030":0.5270051195,"06-2030":0.5221646674,"08-2030":0.5191554468,"10-2030":0.497348138,"12-2030":0.4637272476},"percentile_25":{"02-2020":0.0388754191,"04-2020":0.0373866652,"06-2020":0.0428648604,"08-2020":0.0448318294,"10-2020":0.0433090848,"12-2020":0.0416585105,"02-2021":0.038752866,"04-2021":0.0373018868,"06-2021":0.0352941176,"08-2021":0.0315966902,"10-2021":0.0292309547,"12-2021":0.0239317807,"02-2022":0.0207270408,"04-2022":0.0165650407,"06-2022":0.0123511905,"08-2022":0.0101898503,"10-2022":0.0079365079,"12-2022":0.0076589719,"02-2023":0.0038463232,"04-2023":0.0025773196,"06-2023":0.0,"08-2023":0.0,"10-2023":0.0,"12-2023":0.0,"02-2024":0.0,"04-2024":0.0,"06-2024":0.0,"08-2024":0.0,"10-2024":0.0,"12-2024":0.0,"02-2025":0.0,"04-2025":0.0,"06-2025":0.0,"08-2025":0.0,"10-2025":0.0,"12-2025":0.0,"02-2026":0.0,"04-2026":0.0,"06-2026":0.0,"08-2026":0.0,"10-2026":0.0,"12-2026":0.0,"02-2027":0.0,"04-2027":0.0,"06-2027":0.0,"08-2027":0.0,"10-2027":0.0,"12-2027":0.0,"02-2028":0.0,"04-2028":0.0,"06-2028":0.0,"08-2028":0.0,"10-2028":0.0,"12-2028":0.0,"02-2029":0.0,"04-2029":0.0,"06-2029":0.0,"08-2029":0.0,"10-2029":0.0,"12-2029":0.0,"02-2030":0.0,"04-2030":0.0,"06-2030":0.0,"08-2030":0.0,"10-2030":0.0,"12-2030":0.0},"percentile_75":{"02-2020":0.1061500406,"04-2020":0.1197397564,"06-2020":0.1457822361,"08-2020":0.1638422121,"10-2020":0.1868809524,"12-2020":0.2162380104,"02-2021":0.2263409243,"04-2021":0.2239362126,"06-2021":0.242218753,"08-2021":0.2365087444,"10-2021":0.234928141,"12-2021":0.231362799,"02-2022":0.2298823019,"04-2022":0.2192557907,"06-2022":0.2101917215,"08-2022":0.1976204351,"10-2022":0.1974445813,"12-2022":0.1963414634,"02-2023":0.1812732185,"04-2023":0.1808465344,"06-2023":0.1770297473,"08-2023":0.1746104875,"10-2023":0.1691816395,"12-2023":0.172305302,"02-2024":0.1713104604,"04-2024":0.1681654676,"06-2024":0.171743295,"08-2024":0.1708247916,"10-2024":0.1658045977,"12-2024":0.1765734266,"02-2025":0.1701339716,"04-2025":0.1752682697,"06-2025":0.182581054,"08-2025":0.1747523745,"10-2025":0.1685254284,"12-2025":0.1747896213,"02-2026":0.1777815908,"04-2026":0.1762098974,"06-2026":0.1759549379,"08-2026":0.2005319149,"10-2026":0.2179703219,"12-2026":0.2575373711,"02-2027":0.3133639156,"04-2027":0.3729575215,"06-2027":0.4510666277,"08-2027":0.5583231583,"10-2027":0.6348200571,"12-2027":0.6802755906,"02-2028":0.7173503544,"04-2028":0.7275609914,"06-2028":0.7448867354,"08-2028":0.7388232271,"10-2028":0.7180311924,"12-2028":0.703247228,"02-2029":0.6820923363,"04-2029":0.6583295886,"06-2029":0.6427724968,"08-2029":0.6271777003,"10-2029":0.6269685531,"12-2029":0.614800149,"02-2030":0.6115054764,"04-2030":0.6087528368,"06-2030":0.5973731019,"08-2030":0.5827403585,"10-2030":0.5638257576,"12-2030":0.5475697472}}