{"median":{"02-2020":0.0576999896,"04-2020":0.0599259342,"06-2020":0.0606546291,"08-2020":0.059620255,"10-2020":0.0592822,"12-2020":0.0581546092,"02-2021":0.0557628524,"04-2021":0.0513623188,"06-2021":0.0498091603,"08-2021":0.0447761194,"10-2021":0.0451904201,"12-2021":0.0397841727,"02-2022":0.0333056171,"04-2022":0.035150362,"06-2022":0.0330512074,"08-2022":0.030789588,"10-2022":0.0321146245,"12-2022":0.0319881331,"02-2023":0.0342868339,"04-2023":0.0380742191,"06-2023":0.0477078676,"08-2023":0.0533914925,"10-2023":0.0599284562,"12-2023":0.072936929,"02-2024":0.0947154628,"04-2024":0.1048062865,"06-2024":0.1373297411,"08-2024":0.1773411371,"10-2024":0.2248295227,"12-2024":0.2529715571,"02-2025":0.3221045766,"04-2025":0.3896481436,"06-2025":0.4600987839,"08-2025":0.5102495175,"10-2025":0.5409194529,"12-2025":0.5701665825,"02-2026":0.5625961996,"04-2026":0.5491331757,"06-2026":0.5328912231,"08-2026":0.5132745039,"10-2026":0.5127272727,"12-2026":0.4981475129,"02-2027":0.492945151,"04-2027":0.4917637226,"06-2027":0.49075335,"08-2027":0.4826380516,"10-2027":0.4787523593,"12-2027":0.4768903537,"02-2028":0.4727634637,"04-2028":0.4676055474,"06-2028":0.46060234,"08-2028":0.4472740744,"10-2028":0.4332754011,"12-2028":0.42030013,"02-2029":0.4058360186,"04-2029":0.3966663035,"06-2029":0.386563093,"08-2029":0.3801408451,"10-2029":0.3825212427,"12-2029":0.3799498747,"02-2030":0.371993868,"04-2030":0.3588034835,"06-2030":0.3608247423,"08-2030":0.3438154881,"10-2030":0.3338279743,"12-2030":0.3339140534},"percentile_25":{"02-2020":0.0350544462,"04-2020":0.030372472,"06-2020":0.0308583309,"08-2020":0.0280701754,"10-2020":0.0276137332,"12-2020":0.025098128,"02-2021":0.023223267,"04-2021":0.0178736518,"06-2021":0.0141540487,"08-2021":0.0113101149,"10-2021":0.0074626866,"12-2021":0.0062693454,"02-2022":0.0039643328,"04-2022":0.0034844466,"06-2022":0.0,"08-2022":0.0,"10-2022":0.0,"12-2022":0.0,"02-2023":0.0,"04-2023":0.0,"06-2023":0.0,"08-2023":0.0,"10-2023":0.0,"12-2023":0.0,"02-2024":0.0,"04-2024":0.0,"06-2024":0.0,"08-2024":0.0,"10-2024":0.0,"12-2024":0.0,"02-2025":0.0,"04-2025":0.0,"06-2025":0.0,"08-2025":0.0,"10-2025":0.0,"12-2025":0.0,"02-2026":0.0,"04-2026":0.0,"06-2026":0.0,"08-2026":0.0,"10-2026":0.0,"12-2026":0.0,"02-2027":0.0,"04-2027":0.0,"06-2027":0.0,"08-2027":0.0,"10-2027":0.0,"12-2027":0.0,"02-2028":0.0,"04-2028":0.0,"06-2028":0.0,"08-2028":0.0,"10-2028":0.0,"12-2028":0.0,"02-2029":0.0,"04-2029":0.0,"06-2029":0.0,"08-2029":0.0,"10-2029":0.0,"12-2029":0.0,"02-2030":0.0,"04-2030":0.0,"06-2030":0.0,"08-2030":0.0,"10-2030":0.0,"12-2030":0.0},"percentile_75":{"02-2020":0.0960384615,"04-2020":0.0989108065,"06-2020":0.1039019964,"08-2020":0.1008204672,"10-2020":0.0985294118,"12-2020":0.1053243866,"02-2021":0.1096861173,"04-2021":0.1077156334,"06-2021":0.1112217795,"08-2021":0.102474999,"10-2021":0.098943662,"12-2021":0.1005207365,"02-2022":0.1091380025,"04-2022":0.1042897459,"06-2022":0.103552058,"08-2022":0.1054072224,"10-2022":0.1175664452,"12-2022":0.1475677497,"02-2023":0.1830562434,"04-2023":0.2339208057,"06-2023":0.3042000972,"08-2023":0.396512975,"10-2023":0.4742140978,"12-2023":0.582424812,"02-2024":0.6840009653,"04-2024":0.7223331293,"06-2024":0.7205033888,"08-2024":0.7298098515,"10-2024":0.7031219175,"12-2024":0.6950684173,"02-2025":0.6834755284,"04-2025":0.6771542024,"06-2025":0.6654237867,"08-2025":0.658992199,"10-2025":0.6634533823,"12-2025":0.6625166091,"02-2026":0.6588686049,"04-2026":0.6470802521,"06-2026":0.6410111613,"08-2026":0.6159583316,"10-2026":0.6016344018,"12-2026":0.5895674977,"02-2027":0.5858228324,"04-2027":0.5847162297,"06-2027":0.5678102385,"08-2027":0.5610034602,"10-2027":0.5501762262,"12-2027":0.5492132867,"02-2028":0.542389684,"04-2028":0.5311672858,"06-2028":0.5356234867,"08-2028":0.5136287392,"10-2028":0.4928571429,"12-2028":0.4884608498,"02-2029":0.4712745098,"04-2029":0.4650721234,"06-2029":0.4566889138,"08-2029":0.4550757937,"10-2029":0.4515309905,"12-2029":0.4393918919,"02-2030":0.4335082633,"04-2030":0.4222972973,"06-2030":0.4085101711,"08-2030":0.4029850746,"10-2030":0.3980172689,"12-2030":0.3884850558}}