{"median":{"02-2020":0.0677462888,"04-2020":0.0747394898,"06-2020":0.0880613027,"08-2020":0.0962594372,"10-2020":0.1029900853,"12-2020":0.1115555556,"02-2021":0.1171550672,"04-2021":0.1123909774,"06-2021":0.1113001902,"08-2021":0.104542907,"10-2021":0.0963962508,"12-2021":0.0970565149,"02-2022":0.0912478144,"04-2022":0.0871969697,"06-2022":0.078843763,"08-2022":0.0759377231,"10-2022":0.0773837391,"12-2022":0.0759496154,"02-2023":0.0683179393,"04-2023":0.0688936064,"06-2023":0.0653376901,"08-2023":0.0635096319,"10-2023":0.0599461159,"12-2023":0.0571447231,"02-2024":0.0558479532,"04-2024":0.0564943577,"06-2024":0.0523281939,"08-2024":0.0529272347,"10-2024":0.0486296386,"12-2024":0.0457875458,"02-2025":0.0464430425,"04-2025":0.050666386,"06-2025":0.0490876009,"08-2025":0.0418625705,"10-2025":0.0394696269,"12-2025":0.0383147387,"02-2026":0.0449463421,"04-2026":0.0372676906,"06-2026":0.030478955,"08-2026":0.0299221357,"10-2026":0.0300493226,"12-2026":0.0321477428,"02-2027":0.0347014127,"04-2027":0.0332301342,"06-2027":0.0342225114,"08-2027":0.0273943285,"10-2027":0.0245849802,"12-2027":0.0277713,"02-2028":0.0267424905,"04-2028":0.0264863241,"06-2028":0.0258712587,"08-2028":0.0255152175,"10-2028":0.024695122,"12-2028":0.0268838001,"02-2029":0.0234786023,"04-2029":0.0197828274,"06-2029":0.016496817,"08-2029":0.0201048951,"10-2029":0.0159933733,"12-2029":0.0158431794,"02-2030":0.0217055683,"04-2030":0.029526728,"06-2030":0.0389527987,"08-2030":0.054728776,"10-2030":0.0669562424,"12-2030":0.0910211658},"percentile_25":{"02-2020":0.0388754191,"04-2020":0.0373866652,"06-2020":0.0428648604,"08-2020":0.0448318294,"10-2020":0.0433090848,"12-2020":0.0416585105,"02-2021":0.038752866,"04-2021":0.0373018868,"06-2021":0.0352941176,"08-2021":0.0315966902,"10-2021":0.0292309547,"12-2021":0.0239317807,"02-2022":0.0207270408,"04-2022":0.0165650407,"06-2022":0.0123511905,"08-2022":0.0101898503,"10-2022":0.0079365079,"12-2022":0.0076589719,"02-2023":0.0038463232,"04-2023":0.0025773196,"06-2023":0.0,"08-2023":0.0,"10-2023":0.0,"12-2023":0.0,"02-2024":0.0,"04-2024":0.0,"06-2024":0.0,"08-2024":0.0,"10-2024":0.0,"12-2024":0.0,"02-2025":0.0,"04-2025":0.0,"06-2025":0.0,"08-2025":0.0,"10-2025":0.0,"12-2025":0.0,"02-2026":0.0,"04-2026":0.0,"06-2026":0.0,"08-2026":0.0,"10-2026":0.0,"12-2026":0.0,"02-2027":0.0,"04-2027":0.0,"06-2027":0.0,"08-2027":0.0,"10-2027":0.0,"12-2027":0.0,"02-2028":0.0,"04-2028":0.0,"06-2028":0.0,"08-2028":0.0,"10-2028":0.0,"12-2028":0.0,"02-2029":0.0,"04-2029":0.0,"06-2029":0.0,"08-2029":0.0,"10-2029":0.0,"12-2029":0.0,"02-2030":0.0,"04-2030":0.0,"06-2030":0.0,"08-2030":0.0,"10-2030":0.0,"12-2030":0.0},"percentile_75":{"02-2020":0.1061500406,"04-2020":0.1197397564,"06-2020":0.1457822361,"08-2020":0.1638422121,"10-2020":0.1868809524,"12-2020":0.2162380104,"02-2021":0.2263409243,"04-2021":0.2239362126,"06-2021":0.242218753,"08-2021":0.2365087444,"10-2021":0.234928141,"12-2021":0.231362799,"02-2022":0.2298823019,"04-2022":0.2192557907,"06-2022":0.2101917215,"08-2022":0.1976204351,"10-2022":0.1974445813,"12-2022":0.1963414634,"02-2023":0.1812732185,"04-2023":0.1808465344,"06-2023":0.1770297473,"08-2023":0.1746104875,"10-2023":0.1691816395,"12-2023":0.172305302,"02-2024":0.1713104604,"04-2024":0.1681654676,"06-2024":0.171743295,"08-2024":0.1708247916,"10-2024":0.1658045977,"12-2024":0.1765734266,"02-2025":0.1701339716,"04-2025":0.1752682697,"06-2025":0.182581054,"08-2025":0.1747523745,"10-2025":0.1685254284,"12-2025":0.1747896213,"02-2026":0.1777815908,"04-2026":0.1762098974,"06-2026":0.1737790874,"08-2026":0.1820019342,"10-2026":0.1821567571,"12-2026":0.1784483412,"02-2027":0.1794484702,"04-2027":0.1831256551,"06-2027":0.1857936982,"08-2027":0.1892388742,"10-2027":0.1897218257,"12-2027":0.2024874858,"02-2028":0.1990081807,"04-2028":0.1919136923,"06-2028":0.1906549365,"08-2028":0.1889409347,"10-2028":0.1932162776,"12-2028":0.2053233702,"02-2029":0.2135667345,"04-2029":0.2234531773,"06-2029":0.2363724948,"08-2029":0.267748164,"10-2029":0.2970351828,"12-2029":0.3531309535,"02-2030":0.4305054152,"04-2030":0.5138882272,"06-2030":0.6044874964,"08-2030":0.6614072495,"10-2030":0.7000478469,"12-2030":0.7108748693}}