{"median":{"02-2020":0.0677462888,"04-2020":0.0747394898,"06-2020":0.0880613027,"08-2020":0.0962594372,"10-2020":0.1029900853,"12-2020":0.1115555556,"02-2021":0.1171550672,"04-2021":0.1123909774,"06-2021":0.1113001902,"08-2021":0.104542907,"10-2021":0.0963962508,"12-2021":0.0970565149,"02-2022":0.0912478144,"04-2022":0.0871969697,"06-2022":0.078843763,"08-2022":0.0759377231,"10-2022":0.0773837391,"12-2022":0.0759496154,"02-2023":0.0715517474,"04-2023":0.077397821,"06-2023":0.0846166363,"08-2023":0.098862149,"10-2023":0.1160324095,"12-2023":0.1384891131,"02-2024":0.1738309353,"04-2024":0.2099739138,"06-2024":0.255896071,"08-2024":0.3048360249,"10-2024":0.3480565371,"12-2024":0.4179246699,"02-2025":0.4699087083,"04-2025":0.5258457552,"06-2025":0.570113232,"08-2025":0.5945982804,"10-2025":0.6033908046,"12-2025":0.6061654671,"02-2026":0.6021844822,"04-2026":0.5989634566,"06-2026":0.585114816,"08-2026":0.5669538074,"10-2026":0.558136409,"12-2026":0.5623280987,"02-2027":0.5595452983,"04-2027":0.5424625811,"06-2027":0.534068747,"08-2027":0.5238855926,"10-2027":0.5154756849,"12-2027":0.5112506137,"02-2028":0.5018575851,"04-2028":0.4910375843,"06-2028":0.5008532423,"08-2028":0.4873606371,"10-2028":0.4750468465,"12-2028":0.4668925236,"02-2029":0.4491002476,"04-2029":0.4382963723,"06-2029":0.4303822306,"08-2029":0.4243977326,"10-2029":0.4156124567,"12-2029":0.409954004,"02-2030":0.3984321171,"04-2030":0.4023297491,"06-2030":0.3877068704,"08-2030":0.3801509688,"10-2030":0.3616809013,"12-2030":0.3533413365},"percentile_25":{"02-2020":0.0388754191,"04-2020":0.0373866652,"06-2020":0.0428648604,"08-2020":0.0448318294,"10-2020":0.0433090848,"12-2020":0.0416585105,"02-2021":0.038752866,"04-2021":0.0373018868,"06-2021":0.0352941176,"08-2021":0.0315966902,"10-2021":0.0292309547,"12-2021":0.0239317807,"02-2022":0.0207270408,"04-2022":0.0165650407,"06-2022":0.0123511905,"08-2022":0.0101898503,"10-2022":0.0079365079,"12-2022":0.0076589719,"02-2023":0.0038071246,"04-2023":0.0,"06-2023":0.0,"08-2023":0.0,"10-2023":0.0,"12-2023":0.0,"02-2024":0.0,"04-2024":0.0,"06-2024":0.0,"08-2024":0.0,"10-2024":0.0,"12-2024":0.0,"02-2025":0.0,"04-2025":0.0,"06-2025":0.0,"08-2025":0.0,"10-2025":0.0,"12-2025":0.0,"02-2026":0.0,"04-2026":0.0,"06-2026":0.0,"08-2026":0.0,"10-2026":0.0,"12-2026":0.0,"02-2027":0.0,"04-2027":0.0,"06-2027":0.0,"08-2027":0.0,"10-2027":0.0,"12-2027":0.0,"02-2028":0.0,"04-2028":0.0,"06-2028":0.0,"08-2028":0.0,"10-2028":0.0,"12-2028":0.0,"02-2029":0.0,"04-2029":0.0,"06-2029":0.0,"08-2029":0.0,"10-2029":0.0,"12-2029":0.0,"02-2030":0.0,"04-2030":0.0,"06-2030":0.0,"08-2030":0.0,"10-2030":0.0,"12-2030":0.0},"percentile_75":{"02-2020":0.1061500406,"04-2020":0.1197397564,"06-2020":0.1457822361,"08-2020":0.1638422121,"10-2020":0.1868809524,"12-2020":0.2162380104,"02-2021":0.2263409243,"04-2021":0.2239362126,"06-2021":0.242218753,"08-2021":0.2365087444,"10-2021":0.234928141,"12-2021":0.231362799,"02-2022":0.2298823019,"04-2022":0.2192557907,"06-2022":0.2101917215,"08-2022":0.1976204351,"10-2022":0.1974445813,"12-2022":0.1963414634,"02-2023":0.2049484757,"04-2023":0.2178955735,"06-2023":0.247511283,"08-2023":0.3061924134,"10-2023":0.348208361,"12-2023":0.4174146775,"02-2024":0.5063092095,"04-2024":0.5865665692,"06-2024":0.6549735619,"08-2024":0.6871056597,"10-2024":0.7207014785,"12-2024":0.7293554949,"02-2025":0.7245849298,"04-2025":0.7160505921,"06-2025":0.6877665018,"08-2025":0.682027843,"10-2025":0.6874605844,"12-2025":0.674013024,"02-2026":0.6621711965,"04-2026":0.6591904307,"06-2026":0.6496919764,"08-2026":0.6364487572,"10-2026":0.6257897112,"12-2026":0.6290193305,"02-2027":0.6214013893,"04-2027":0.610498366,"06-2027":0.597341954,"08-2027":0.5871715124,"10-2027":0.574608365,"12-2027":0.5726210257,"02-2028":0.5667870036,"04-2028":0.5574726507,"06-2028":0.5520151919,"08-2028":0.55,"10-2028":0.5371173957,"12-2028":0.529523704,"02-2029":0.5101247437,"04-2029":0.4946806518,"06-2029":0.487374226,"08-2029":0.475383574,"10-2029":0.4745894161,"12-2029":0.4665649943,"02-2030":0.4480932203,"04-2030":0.4365002045,"06-2030":0.4313869515,"08-2030":0.4253633797,"10-2030":0.4158142895,"12-2030":0.4087781023}}