{"median":{"02-2020":0.0576999896,"04-2020":0.0599259342,"06-2020":0.0606546291,"08-2020":0.059620255,"10-2020":0.0592822,"12-2020":0.0581546092,"02-2021":0.0557628524,"04-2021":0.0513623188,"06-2021":0.0496391969,"08-2021":0.0495720496,"10-2021":0.0510004002,"12-2021":0.0529141677,"02-2022":0.0605411378,"04-2022":0.0682911268,"06-2022":0.0794962097,"08-2022":0.0965198297,"10-2022":0.1113046845,"12-2022":0.1374541453,"02-2023":0.1724085432,"04-2023":0.2040373301,"06-2023":0.2509492122,"08-2023":0.2917205436,"10-2023":0.3554945055,"12-2023":0.4035557938,"02-2024":0.4867166326,"04-2024":0.5585038955,"06-2024":0.5817843866,"08-2024":0.5955109771,"10-2024":0.6054108112,"12-2024":0.5967229151,"02-2025":0.5864994026,"04-2025":0.572748738,"06-2025":0.5706407563,"08-2025":0.5665240226,"10-2025":0.5634754519,"12-2025":0.553045151,"02-2026":0.5477240896,"04-2026":0.5393840236,"06-2026":0.5294117647,"08-2026":0.5162124334,"10-2026":0.4991166078,"12-2026":0.5042613636,"02-2027":0.4947177204,"04-2027":0.4914423831,"06-2027":0.4672619048,"08-2027":0.4639898928,"10-2027":0.4577311932,"12-2027":0.4750133144,"02-2028":0.4670558519,"04-2028":0.4582609199,"06-2028":0.4616662407,"08-2028":0.4469927115,"10-2028":0.434615913,"12-2028":0.4183105129,"02-2029":0.4029634581,"04-2029":0.3961925287,"06-2029":0.3888312458,"08-2029":0.387672956,"10-2029":0.3817487856,"12-2029":0.3733565658,"02-2030":0.372861329,"04-2030":0.3644565986,"06-2030":0.3581939799,"08-2030":0.3489057731,"10-2030":0.3438004874,"12-2030":0.3377273569},"percentile_25":{"02-2020":0.0350544462,"04-2020":0.030372472,"06-2020":0.0308583309,"08-2020":0.0280701754,"10-2020":0.0276137332,"12-2020":0.025098128,"02-2021":0.023223267,"04-2021":0.0178736518,"06-2021":0.0134303972,"08-2021":0.0116174592,"10-2021":0.0097472741,"12-2021":0.0071239273,"02-2022":0.0071115288,"04-2022":0.0039623632,"06-2022":0.0037337662,"08-2022":0.0036530498,"10-2022":0.0036401099,"12-2022":0.0036224048,"02-2023":0.0027675277,"04-2023":0.0,"06-2023":0.0,"08-2023":0.0052631579,"10-2023":0.0052816901,"12-2023":0.0078671329,"02-2024":0.0077319588,"04-2024":0.0140111687,"06-2024":0.0148005961,"08-2024":0.0210276741,"10-2024":0.0184916187,"12-2024":0.0220331139,"02-2025":0.0231808664,"04-2025":0.0276457272,"06-2025":0.0270629371,"08-2025":0.028103484,"10-2025":0.029302661,"12-2025":0.0322802198,"02-2026":0.0353216972,"04-2026":0.0446925554,"06-2026":0.0512526652,"08-2026":0.048076405,"10-2026":0.0540516437,"12-2026":0.0681308785,"02-2027":0.0780201779,"04-2027":0.0783140868,"06-2027":0.0875811688,"08-2027":0.0888011742,"10-2027":0.0848879322,"12-2027":0.1089529379,"02-2028":0.1062407742,"04-2028":0.1142505384,"06-2028":0.1278636566,"08-2028":0.1487749839,"10-2028":0.1504481434,"12-2028":0.1618542263,"02-2029":0.1619483159,"04-2029":0.1632387207,"06-2029":0.1504333457,"08-2029":0.1700677347,"10-2029":0.190202932,"12-2029":0.2166818147,"02-2030":0.2421328671,"04-2030":0.2213619714,"06-2030":0.2284012243,"08-2030":0.23334045,"10-2030":0.2404741001,"12-2030":0.2169705295},"percentile_75":{"02-2020":0.0960384615,"04-2020":0.0989108065,"06-2020":0.1039019964,"08-2020":0.1008204672,"10-2020":0.0985294118,"12-2020":0.1053243866,"02-2021":0.1096861173,"04-2021":0.1077156334,"06-2021":0.1111457579,"08-2021":0.1164823493,"10-2021":0.1248647579,"12-2021":0.1495676418,"02-2022":0.1752600662,"04-2022":0.2241829794,"06-2022":0.2739989918,"08-2022":0.3487074031,"10-2022":0.4393067765,"12-2022":0.520389167,"02-2023":0.5931708372,"04-2023":0.6631313506,"06-2023":0.7248544575,"08-2023":0.7336425578,"10-2023":0.7403482011,"12-2023":0.7327027148,"02-2024":0.7122405154,"04-2024":0.7018357619,"06-2024":0.6852421781,"08-2024":0.6788880389,"10-2024":0.6793360572,"12-2024":0.6672661871,"02-2025":0.6623173678,"04-2025":0.6500608659,"06-2025":0.6476766436,"08-2025":0.6422641012,"10-2025":0.6342308222,"12-2025":0.625813197,"02-2026":0.6191770186,"04-2026":0.6037151411,"06-2026":0.6016820791,"08-2026":0.5872035396,"10-2026":0.5730844781,"12-2026":0.5677880288,"02-2027":0.5623231132,"04-2027":0.5499449474,"06-2027":0.5438662221,"08-2027":0.5398080588,"10-2027":0.5339175157,"12-2027":0.5293556179,"02-2028":0.5207582583,"04-2028":0.5103243587,"06-2028":0.5201020408,"08-2028":0.5093587953,"10-2028":0.4901805022,"12-2028":0.4695306205,"02-2029":0.4525374203,"04-2029":0.4523050975,"06-2029":0.4392779839,"08-2029":0.4374971512,"10-2029":0.4327746886,"12-2029":0.4288292935,"02-2030":0.4185820297,"04-2030":0.4155934218,"06-2030":0.4051869284,"08-2030":0.4053526211,"10-2030":0.3968561723,"12-2030":0.3898397646}}