{"median":{"02-2020":0.0576999896,"04-2020":0.0599259342,"06-2020":0.0606546291,"08-2020":0.059620255,"10-2020":0.0592822,"12-2020":0.0581546092,"02-2021":0.0557628524,"04-2021":0.0513623188,"06-2021":0.0498091603,"08-2021":0.0447761194,"10-2021":0.0451904201,"12-2021":0.0397841727,"02-2022":0.0333056171,"04-2022":0.035150362,"06-2022":0.0330222932,"08-2022":0.030248449,"10-2022":0.0254273504,"12-2022":0.0276091572,"02-2023":0.0217531231,"04-2023":0.0219385027,"06-2023":0.0214823734,"08-2023":0.0200901264,"10-2023":0.0162632775,"12-2023":0.0137937595,"02-2024":0.0110813311,"04-2024":0.0088057445,"06-2024":0.0073554267,"08-2024":0.0040126733,"10-2024":0.0039917303,"12-2024":0.0017985612,"02-2025":0.0,"04-2025":0.0,"06-2025":0.0,"08-2025":0.0,"10-2025":0.0,"12-2025":0.0,"02-2026":0.0,"04-2026":0.0,"06-2026":0.0,"08-2026":0.0,"10-2026":0.0,"12-2026":0.0,"02-2027":0.0,"04-2027":0.0,"06-2027":0.0,"08-2027":0.0,"10-2027":0.0,"12-2027":0.0,"02-2028":0.0,"04-2028":0.0,"06-2028":0.0,"08-2028":0.0,"10-2028":0.0,"12-2028":0.0,"02-2029":0.0,"04-2029":0.0,"06-2029":0.0,"08-2029":0.0,"10-2029":0.0,"12-2029":0.0,"02-2030":0.0,"04-2030":0.0,"06-2030":0.0,"08-2030":0.0,"10-2030":0.0,"12-2030":0.0},"percentile_25":{"02-2020":0.0350544462,"04-2020":0.030372472,"06-2020":0.0308583309,"08-2020":0.0280701754,"10-2020":0.0276137332,"12-2020":0.025098128,"02-2021":0.023223267,"04-2021":0.0178736518,"06-2021":0.0141540487,"08-2021":0.0113101149,"10-2021":0.0074626866,"12-2021":0.0062693454,"02-2022":0.0039643328,"04-2022":0.0034844466,"06-2022":0.0,"08-2022":0.0,"10-2022":0.0,"12-2022":0.0,"02-2023":0.0,"04-2023":0.0,"06-2023":0.0,"08-2023":0.0,"10-2023":0.0,"12-2023":0.0,"02-2024":0.0,"04-2024":0.0,"06-2024":0.0,"08-2024":0.0,"10-2024":0.0,"12-2024":0.0,"02-2025":0.0,"04-2025":0.0,"06-2025":0.0,"08-2025":0.0,"10-2025":0.0,"12-2025":0.0,"02-2026":0.0,"04-2026":0.0,"06-2026":0.0,"08-2026":0.0,"10-2026":0.0,"12-2026":0.0,"02-2027":0.0,"04-2027":0.0,"06-2027":0.0,"08-2027":0.0,"10-2027":0.0,"12-2027":0.0,"02-2028":0.0,"04-2028":0.0,"06-2028":0.0,"08-2028":0.0,"10-2028":0.0,"12-2028":0.0,"02-2029":0.0,"04-2029":0.0,"06-2029":0.0,"08-2029":0.0,"10-2029":0.0,"12-2029":0.0,"02-2030":0.0,"04-2030":0.0,"06-2030":0.0,"08-2030":0.0,"10-2030":0.0,"12-2030":0.0},"percentile_75":{"02-2020":0.0960384615,"04-2020":0.0989108065,"06-2020":0.1039019964,"08-2020":0.1008204672,"10-2020":0.0985294118,"12-2020":0.1053243866,"02-2021":0.1096861173,"04-2021":0.1077156334,"06-2021":0.1112217795,"08-2021":0.102474999,"10-2021":0.098943662,"12-2021":0.1005207365,"02-2022":0.1091380025,"04-2022":0.1042897459,"06-2022":0.1024126792,"08-2022":0.1012668198,"10-2022":0.0982040455,"12-2022":0.1038518566,"02-2023":0.0969281499,"04-2023":0.0953063629,"06-2023":0.1084695927,"08-2023":0.1140219801,"10-2023":0.1147382207,"12-2023":0.1170129238,"02-2024":0.1195787189,"04-2024":0.1132939388,"06-2024":0.117667401,"08-2024":0.1240294947,"10-2024":0.1411546469,"12-2024":0.171128147,"02-2025":0.2042507785,"04-2025":0.2602108037,"06-2025":0.3155065082,"08-2025":0.3788336431,"10-2025":0.4627414399,"12-2025":0.553355625,"02-2026":0.6261345301,"04-2026":0.6482582233,"06-2026":0.6709596098,"08-2026":0.6860483042,"10-2026":0.6683070866,"12-2026":0.6523884602,"02-2027":0.6584212489,"04-2027":0.6540245203,"06-2027":0.6543291039,"08-2027":0.6477546855,"10-2027":0.637333822,"12-2027":0.6294964029,"02-2028":0.6151515152,"04-2028":0.6062663545,"06-2028":0.6148712376,"08-2028":0.5989619377,"10-2028":0.587797619,"12-2028":0.5704467354,"02-2029":0.5524106127,"04-2029":0.5334414937,"06-2029":0.5255868283,"08-2029":0.5065151112,"10-2029":0.5095388769,"12-2029":0.5034266409,"02-2030":0.4806391188,"04-2030":0.4822739706,"06-2030":0.4688136684,"08-2030":0.4597812361,"10-2030":0.4448198198,"12-2030":0.4338870634}}