{"median":{"02-2020":0.0677462888,"04-2020":0.0747394898,"06-2020":0.0880613027,"08-2020":0.0962594372,"10-2020":0.1029900853,"12-2020":0.1115555556,"02-2021":0.1171550672,"04-2021":0.1123909774,"06-2021":0.1113001902,"08-2021":0.104542907,"10-2021":0.0963962508,"12-2021":0.0970565149,"02-2022":0.0912478144,"04-2022":0.0871969697,"06-2022":0.078843763,"08-2022":0.0759377231,"10-2022":0.0773837391,"12-2022":0.0759496154,"02-2023":0.0683179393,"04-2023":0.0688936064,"06-2023":0.0653376901,"08-2023":0.0635096319,"10-2023":0.0599461159,"12-2023":0.0571447231,"02-2024":0.062608807,"04-2024":0.0641545976,"06-2024":0.0673660263,"08-2024":0.0852147478,"10-2024":0.1017710244,"12-2024":0.1333497963,"02-2025":0.168575217,"04-2025":0.2003717472,"06-2025":0.2294645535,"08-2025":0.2940741685,"10-2025":0.3565855181,"12-2025":0.4327326097,"02-2026":0.5421759314,"04-2026":0.5640804997,"06-2026":0.5711620469,"08-2026":0.575476822,"10-2026":0.5953246124,"12-2026":0.5802014026,"02-2027":0.58075513,"04-2027":0.5922105526,"06-2027":0.5730082601,"08-2027":0.5610764805,"10-2027":0.5656440627,"12-2027":0.5574829932,"02-2028":0.5484326019,"04-2028":0.5383257623,"06-2028":0.5430243936,"08-2028":0.5254757785,"10-2028":0.5171823335,"12-2028":0.4924458155,"02-2029":0.4841052632,"04-2029":0.4727144571,"06-2029":0.464028979,"08-2029":0.450085879,"10-2029":0.4401289683,"12-2029":0.4391109385,"02-2030":0.4334575955,"04-2030":0.4139393939,"06-2030":0.4,"08-2030":0.3967436975,"10-2030":0.3924069706,"12-2030":0.381035631},"percentile_25":{"02-2020":0.0388754191,"04-2020":0.0373866652,"06-2020":0.0428648604,"08-2020":0.0448318294,"10-2020":0.0433090848,"12-2020":0.0416585105,"02-2021":0.038752866,"04-2021":0.0373018868,"06-2021":0.0352941176,"08-2021":0.0315966902,"10-2021":0.0292309547,"12-2021":0.0239317807,"02-2022":0.0207270408,"04-2022":0.0165650407,"06-2022":0.0123511905,"08-2022":0.0101898503,"10-2022":0.0079365079,"12-2022":0.0076589719,"02-2023":0.0038463232,"04-2023":0.0025773196,"06-2023":0.0,"08-2023":0.0,"10-2023":0.0,"12-2023":0.0,"02-2024":0.0,"04-2024":0.0,"06-2024":0.0,"08-2024":0.0,"10-2024":0.0,"12-2024":0.0,"02-2025":0.0,"04-2025":0.0,"06-2025":0.0,"08-2025":0.0,"10-2025":0.0,"12-2025":0.0,"02-2026":0.0,"04-2026":0.0,"06-2026":0.0,"08-2026":0.0,"10-2026":0.0,"12-2026":0.0,"02-2027":0.0,"04-2027":0.0,"06-2027":0.0,"08-2027":0.0,"10-2027":0.0,"12-2027":0.0,"02-2028":0.0,"04-2028":0.0,"06-2028":0.0,"08-2028":0.0,"10-2028":0.0,"12-2028":0.0,"02-2029":0.0,"04-2029":0.0,"06-2029":0.0,"08-2029":0.0,"10-2029":0.0,"12-2029":0.0,"02-2030":0.0,"04-2030":0.0,"06-2030":0.0,"08-2030":0.0,"10-2030":0.0,"12-2030":0.0},"percentile_75":{"02-2020":0.1061500406,"04-2020":0.1197397564,"06-2020":0.1457822361,"08-2020":0.1638422121,"10-2020":0.1868809524,"12-2020":0.2162380104,"02-2021":0.2263409243,"04-2021":0.2239362126,"06-2021":0.242218753,"08-2021":0.2365087444,"10-2021":0.234928141,"12-2021":0.231362799,"02-2022":0.2298823019,"04-2022":0.2192557907,"06-2022":0.2101917215,"08-2022":0.1976204351,"10-2022":0.1974445813,"12-2022":0.1963414634,"02-2023":0.1812732185,"04-2023":0.1808465344,"06-2023":0.1770297473,"08-2023":0.1746104875,"10-2023":0.1691816395,"12-2023":0.172305302,"02-2024":0.1862144566,"04-2024":0.2136048817,"06-2024":0.2577121105,"08-2024":0.3054792802,"10-2024":0.3653249557,"12-2024":0.4508828996,"02-2025":0.5417577214,"04-2025":0.6186054005,"06-2025":0.6810086682,"08-2025":0.7150779008,"10-2025":0.7227323282,"12-2025":0.7254906143,"02-2026":0.7219455386,"04-2026":0.7041215735,"06-2026":0.7036058584,"08-2026":0.6840513983,"10-2026":0.6732521291,"12-2026":0.6666666667,"02-2027":0.6612607099,"04-2027":0.6549902865,"06-2027":0.654768177,"08-2027":0.6343780647,"10-2027":0.6296851988,"12-2027":0.6254305863,"02-2028":0.6053237303,"04-2028":0.6105664926,"06-2028":0.6071508311,"08-2028":0.5865197768,"10-2028":0.5722789116,"12-2028":0.559025683,"02-2029":0.5442103517,"04-2029":0.5353432741,"06-2029":0.5274423491,"08-2029":0.5138116057,"10-2029":0.5118592379,"12-2029":0.5058391608,"02-2030":0.488515488,"04-2030":0.4824970749,"06-2030":0.4715686275,"08-2030":0.4597484827,"10-2030":0.4538070611,"12-2030":0.4467123975}}