{"median":{"02-2020":0.0677462888,"04-2020":0.0747394898,"06-2020":0.0880613027,"08-2020":0.0962594372,"10-2020":0.1029900853,"12-2020":0.1115555556,"02-2021":0.1171550672,"04-2021":0.1123909774,"06-2021":0.1123203151,"08-2021":0.1112987988,"10-2021":0.1165201764,"12-2021":0.121730467,"02-2022":0.137697428,"04-2022":0.1572528723,"06-2022":0.1917060424,"08-2022":0.2305452069,"10-2022":0.2599277978,"12-2022":0.3128841089,"02-2023":0.3935328605,"04-2023":0.4400634577,"06-2023":0.5183067429,"08-2023":0.5880149813,"10-2023":0.6094555136,"12-2023":0.6033751696,"02-2024":0.6043687401,"04-2024":0.5974333315,"06-2024":0.5964274322,"08-2024":0.6076977788,"10-2024":0.5971273292,"12-2024":0.5885595391,"02-2025":0.5722755505,"04-2025":0.568865719,"06-2025":0.5598507463,"08-2025":0.5534897025,"10-2025":0.5498182115,"12-2025":0.5508936485,"02-2026":0.5379523026,"04-2026":0.5390084773,"06-2026":0.5306053596,"08-2026":0.515959253,"10-2026":0.5037605634,"12-2026":0.4982758621,"02-2027":0.4839632731,"04-2027":0.4723491906,"06-2027":0.4715002389,"08-2027":0.4646840149,"10-2027":0.4616720085,"12-2027":0.4639768206,"02-2028":0.4562332682,"04-2028":0.4610318875,"06-2028":0.4553055727,"08-2028":0.4372685185,"10-2028":0.4253878022,"12-2028":0.415382727,"02-2029":0.4000461089,"04-2029":0.3944149325,"06-2029":0.3955542773,"08-2029":0.3864352706,"10-2029":0.3794215865,"12-2029":0.3739396585,"02-2030":0.3699975613,"04-2030":0.3657431551,"06-2030":0.3645913266,"08-2030":0.3584148224,"10-2030":0.3563825102,"12-2030":0.3604511278},"percentile_25":{"02-2020":0.0388754191,"04-2020":0.0373866652,"06-2020":0.0428648604,"08-2020":0.0448318294,"10-2020":0.0433090848,"12-2020":0.0416585105,"02-2021":0.038752866,"04-2021":0.0373018868,"06-2021":0.0361957922,"08-2021":0.035763071,"10-2021":0.0316249805,"12-2021":0.0279202748,"02-2022":0.0321616759,"04-2022":0.0343045113,"06-2022":0.0384765597,"08-2022":0.0418268955,"10-2022":0.049574367,"12-2022":0.0593713371,"02-2023":0.072709517,"04-2023":0.0797926683,"06-2023":0.0875973304,"08-2023":0.097829912,"10-2023":0.1181372413,"12-2023":0.1554826673,"02-2024":0.20027814,"04-2024":0.214296683,"06-2024":0.2197169811,"08-2024":0.2413677936,"10-2024":0.2746188388,"12-2024":0.3040511727,"02-2025":0.3379386892,"04-2025":0.3816786662,"06-2025":0.4122561493,"08-2025":0.4547650715,"10-2025":0.457010414,"12-2025":0.4666483472,"02-2026":0.4559434533,"04-2026":0.4584775863,"06-2026":0.4507825473,"08-2026":0.4447732234,"10-2026":0.4396677177,"12-2026":0.4199968031,"02-2027":0.4172683385,"04-2027":0.4183897672,"06-2027":0.4017302153,"08-2027":0.3990426648,"10-2027":0.4000128838,"12-2027":0.4014505787,"02-2028":0.3965517241,"04-2028":0.4061941852,"06-2028":0.3893634686,"08-2028":0.3825678559,"10-2028":0.3645568548,"12-2028":0.3578043711,"02-2029":0.3593275099,"04-2029":0.344525331,"06-2029":0.3396870133,"08-2029":0.3362219141,"10-2029":0.3261321909,"12-2029":0.3167951061,"02-2030":0.3181673825,"04-2030":0.3136523266,"06-2030":0.3131274774,"08-2030":0.3074115665,"10-2030":0.3109015345,"12-2030":0.3099067801},"percentile_75":{"02-2020":0.1061500406,"04-2020":0.1197397564,"06-2020":0.1457822361,"08-2020":0.1638422121,"10-2020":0.1868809524,"12-2020":0.2162380104,"02-2021":0.2263409243,"04-2021":0.2239362126,"06-2021":0.2397251846,"08-2021":0.262246001,"10-2021":0.2802846975,"12-2021":0.3153137527,"02-2022":0.3568541856,"04-2022":0.4021114443,"06-2022":0.4771853297,"08-2022":0.5861849121,"10-2022":0.6421416998,"12-2022":0.6863777732,"02-2023":0.7208712121,"04-2023":0.7285254761,"06-2023":0.7348839743,"08-2023":0.7272300653,"10-2023":0.707323435,"12-2023":0.706599136,"02-2024":0.6993632895,"04-2024":0.6941595224,"06-2024":0.6706315789,"08-2024":0.6622397428,"10-2024":0.6589820189,"12-2024":0.6435013662,"02-2025":0.6407980716,"04-2025":0.6368687492,"06-2025":0.6220291965,"08-2025":0.6164063826,"10-2025":0.6037581699,"12-2025":0.5992779783,"02-2026":0.600925038,"04-2026":0.588136952,"06-2026":0.5741931228,"08-2026":0.5647825251,"10-2026":0.5555555556,"12-2026":0.544984326,"02-2027":0.538393371,"04-2027":0.53455137,"06-2027":0.5273308007,"08-2027":0.5231181382,"10-2027":0.5273041475,"12-2027":0.5155149279,"02-2028":0.5170428713,"04-2028":0.5178285256,"06-2028":0.5064475157,"08-2028":0.4916504204,"10-2028":0.4798443873,"12-2028":0.4643831169,"02-2029":0.4618776324,"04-2029":0.4566770186,"06-2029":0.4449404762,"08-2029":0.4368397887,"10-2029":0.4355736301,"12-2029":0.4310657171,"02-2030":0.4204430731,"04-2030":0.4153220881,"06-2030":0.418522928,"08-2030":0.4128483387,"10-2030":0.4018285761,"12-2030":0.4047227783}}