{"median":{"02-2020":0.0576999896,"04-2020":0.0599259342,"06-2020":0.0606546291,"08-2020":0.059620255,"10-2020":0.0592822,"12-2020":0.0581546092,"02-2021":0.0557628524,"04-2021":0.0513623188,"06-2021":0.0498091603,"08-2021":0.0447761194,"10-2021":0.0451904201,"12-2021":0.0397841727,"02-2022":0.0333056171,"04-2022":0.035150362,"06-2022":0.0330222932,"08-2022":0.030248449,"10-2022":0.0254273504,"12-2022":0.0276091572,"02-2023":0.0243976757,"04-2023":0.025261392,"06-2023":0.0238178728,"08-2023":0.0206491129,"10-2023":0.0240575397,"12-2023":0.0282113367,"02-2024":0.033708338,"04-2024":0.0458683473,"06-2024":0.0490229649,"08-2024":0.0640645841,"10-2024":0.0811671088,"12-2024":0.0935429818,"02-2025":0.1141611574,"04-2025":0.138616665,"06-2025":0.1534385965,"08-2025":0.2017943963,"10-2025":0.2416326581,"12-2025":0.3006418485,"02-2026":0.3647625891,"04-2026":0.4227645979,"06-2026":0.4886596115,"08-2026":0.5183169533,"10-2026":0.5199687855,"12-2026":0.5097207494,"02-2027":0.4946575915,"04-2027":0.4790195045,"06-2027":0.4898606988,"08-2027":0.492805383,"10-2027":0.4924881634,"12-2027":0.4886928991,"02-2028":0.4763059969,"04-2028":0.4646913785,"06-2028":0.4696562836,"08-2028":0.4548611111,"10-2028":0.4323270014,"12-2028":0.4244682718,"02-2029":0.4170890394,"04-2029":0.3957093822,"06-2029":0.3923220139,"08-2029":0.3801505186,"10-2029":0.3702287256,"12-2029":0.3679715119,"02-2030":0.3657439446,"04-2030":0.3576730165,"06-2030":0.3413093185,"08-2030":0.3436277137,"10-2030":0.3369291025,"12-2030":0.3291002591},"percentile_25":{"02-2020":0.0350544462,"04-2020":0.030372472,"06-2020":0.0308583309,"08-2020":0.0280701754,"10-2020":0.0276137332,"12-2020":0.025098128,"02-2021":0.023223267,"04-2021":0.0178736518,"06-2021":0.0141540487,"08-2021":0.0113101149,"10-2021":0.0074626866,"12-2021":0.0062693454,"02-2022":0.0039643328,"04-2022":0.0034844466,"06-2022":0.0,"08-2022":0.0,"10-2022":0.0,"12-2022":0.0,"02-2023":0.0,"04-2023":0.0,"06-2023":0.0,"08-2023":0.0,"10-2023":0.0,"12-2023":0.0,"02-2024":0.0,"04-2024":0.0,"06-2024":0.0,"08-2024":0.0,"10-2024":0.0,"12-2024":0.0,"02-2025":0.0,"04-2025":0.0,"06-2025":0.0,"08-2025":0.0,"10-2025":0.0,"12-2025":0.0,"02-2026":0.0,"04-2026":0.0,"06-2026":0.0,"08-2026":0.0,"10-2026":0.0,"12-2026":0.0,"02-2027":0.0,"04-2027":0.0,"06-2027":0.0,"08-2027":0.0,"10-2027":0.0,"12-2027":0.0,"02-2028":0.0,"04-2028":0.0,"06-2028":0.0,"08-2028":0.0,"10-2028":0.0,"12-2028":0.0,"02-2029":0.0,"04-2029":0.0,"06-2029":0.0,"08-2029":0.0,"10-2029":0.0,"12-2029":0.0,"02-2030":0.0,"04-2030":0.0,"06-2030":0.0,"08-2030":0.0,"10-2030":0.0,"12-2030":0.0},"percentile_75":{"02-2020":0.0960384615,"04-2020":0.0989108065,"06-2020":0.1039019964,"08-2020":0.1008204672,"10-2020":0.0985294118,"12-2020":0.1053243866,"02-2021":0.1096861173,"04-2021":0.1077156334,"06-2021":0.1112217795,"08-2021":0.102474999,"10-2021":0.098943662,"12-2021":0.1005207365,"02-2022":0.1091380025,"04-2022":0.1042897459,"06-2022":0.1024126792,"08-2022":0.1012668198,"10-2022":0.0982040455,"12-2022":0.1038518566,"02-2023":0.1091783217,"04-2023":0.1247126437,"06-2023":0.1444560017,"08-2023":0.1688502291,"10-2023":0.213538961,"12-2023":0.2788735877,"02-2024":0.3654814146,"04-2024":0.4260512902,"06-2024":0.5293517345,"08-2024":0.6393003273,"10-2024":0.6919125395,"12-2024":0.7218181818,"02-2025":0.7112569409,"04-2025":0.7024031649,"06-2025":0.6900834733,"08-2025":0.6701342234,"10-2025":0.6572866731,"12-2025":0.6761346831,"02-2026":0.6579416193,"04-2026":0.6506857888,"06-2026":0.6331535553,"08-2026":0.6214471925,"10-2026":0.6315279698,"12-2026":0.6090847981,"02-2027":0.6187801932,"04-2027":0.6045454545,"06-2027":0.5910984848,"08-2027":0.5821708671,"10-2027":0.5768159666,"12-2027":0.5673035439,"02-2028":0.5673107026,"04-2028":0.5536531149,"06-2028":0.5513591682,"08-2028":0.5380636605,"10-2028":0.5280245936,"12-2028":0.5103791122,"02-2029":0.4898953059,"04-2029":0.4779803802,"06-2029":0.4693842082,"08-2029":0.4668903016,"10-2029":0.4625346401,"12-2029":0.4561053377,"02-2030":0.4400412088,"04-2030":0.4301144589,"06-2030":0.4166666667,"08-2030":0.4109215442,"10-2030":0.4093850525,"12-2030":0.4010563904}}