{"median":{"02-2020":0.056927841,"04-2020":0.0550908671,"06-2020":0.0542009401,"08-2020":0.0525330179,"10-2020":0.0604235122,"12-2020":0.070491939,"02-2021":0.0633928571,"04-2021":0.0635889476,"06-2021":0.0614551513,"08-2021":0.0640511927,"10-2021":0.0666707679,"12-2021":0.0671411625,"02-2022":0.072230765,"04-2022":0.0636099955,"06-2022":0.062944261,"08-2022":0.0658580834,"10-2022":0.0665550157,"12-2022":0.0701107011,"02-2023":0.0725705329,"04-2023":0.0704633205,"06-2023":0.0691560932,"08-2023":0.0726792663,"10-2023":0.0726639993,"12-2023":0.0723833159,"02-2024":0.0815701594,"04-2024":0.093208232,"06-2024":0.1058695714,"08-2024":0.126189152,"10-2024":0.1669960995,"12-2024":0.1982252433,"02-2025":0.2423410181,"04-2025":0.2931013652,"06-2025":0.3392347643,"08-2025":0.417714414,"10-2025":0.477092606,"12-2025":0.5373563218,"02-2026":0.5752084088,"04-2026":0.5888188651,"06-2026":0.5790096228,"08-2026":0.5766602577,"10-2026":0.5763646461,"12-2026":0.5602949682,"02-2027":0.5605525007,"04-2027":0.5579061434,"06-2027":0.5461588797,"08-2027":0.5430969648,"10-2027":0.5452967172,"12-2027":0.5459645177,"02-2028":0.5283277034,"04-2028":0.5129631408,"06-2028":0.520950724,"08-2028":0.508650519,"10-2028":0.503533966,"12-2028":0.4840102841,"02-2029":0.4678268765,"04-2029":0.4581676586,"06-2029":0.4547032828,"08-2029":0.4430052515,"10-2029":0.4374694542,"12-2029":0.4342351352,"02-2030":0.4262655429,"04-2030":0.412794862,"06-2030":0.4082189169,"08-2030":0.404441537,"10-2030":0.3934954055,"12-2030":0.3846352406},"percentile_25":{"02-2020":0.0347862503,"04-2020":0.0326901922,"06-2020":0.0291726447,"08-2020":0.028485023,"10-2020":0.0263902681,"12-2020":0.0264901372,"02-2021":0.0260129927,"04-2021":0.0232017237,"06-2021":0.0213015541,"08-2021":0.0207663303,"10-2021":0.0201846139,"12-2021":0.0215344733,"02-2022":0.0220386231,"04-2022":0.0189934036,"06-2022":0.0155797539,"08-2022":0.0153748142,"10-2022":0.0148436649,"12-2022":0.0175118624,"02-2023":0.0151043612,"04-2023":0.0145590134,"06-2023":0.0114419502,"08-2023":0.011111565,"10-2023":0.0134543933,"12-2023":0.0129913639,"02-2024":0.0096096828,"04-2024":0.0075760812,"06-2024":0.0073601378,"08-2024":0.0062065541,"10-2024":0.0038845727,"12-2024":0.00753367,"02-2025":0.0073060997,"04-2025":0.0037336756,"06-2025":0.0037352998,"08-2025":0.0063491067,"10-2025":0.0112401186,"12-2025":0.0109796401,"02-2026":0.0101748818,"04-2026":0.0102256599,"06-2026":0.0138115005,"08-2026":0.017209651,"10-2026":0.0153110468,"12-2026":0.0145489387,"02-2027":0.018855144,"04-2027":0.0164348711,"06-2027":0.0146932991,"08-2027":0.0170558608,"10-2027":0.0215598867,"12-2027":0.0211839206,"02-2028":0.0250929368,"04-2028":0.0305269285,"06-2028":0.0432470418,"08-2028":0.0598747439,"10-2028":0.0816143004,"12-2028":0.0907539032,"02-2029":0.1127671474,"04-2029":0.1235744542,"06-2029":0.141523935,"08-2029":0.16563147,"10-2029":0.1756540561,"12-2029":0.1827070779,"02-2030":0.1719106084,"04-2030":0.1753586862,"06-2030":0.2030973574,"08-2030":0.2248510872,"10-2030":0.2408008658,"12-2030":0.2452328057},"percentile_75":{"02-2020":0.0982559583,"04-2020":0.0869565217,"06-2020":0.0909955064,"08-2020":0.0947869858,"10-2020":0.1031234097,"12-2020":0.1104266049,"02-2021":0.1146037669,"04-2021":0.1179971989,"06-2021":0.1264527087,"08-2021":0.1320777123,"10-2021":0.1446103722,"12-2021":0.1726682784,"02-2022":0.1706366262,"04-2022":0.1578793671,"06-2022":0.1592944597,"08-2022":0.1736945225,"10-2022":0.1804420295,"12-2022":0.1969744988,"02-2023":0.1984549139,"04-2023":0.2010752688,"06-2023":0.2035460003,"08-2023":0.2134921981,"10-2023":0.2355459307,"12-2023":0.2550436377,"02-2024":0.2922739245,"04-2024":0.3371288716,"06-2024":0.4132210028,"08-2024":0.5024478764,"10-2024":0.5840909091,"12-2024":0.6446291243,"02-2025":0.6828235592,"04-2025":0.7007984478,"06-2025":0.7211023622,"08-2025":0.715534058,"10-2025":0.7119825708,"12-2025":0.7037628747,"02-2026":0.6820733104,"04-2026":0.6809108192,"06-2026":0.6589391008,"08-2026":0.6492769192,"10-2026":0.6426995372,"12-2026":0.6315262571,"02-2027":0.6311043907,"04-2027":0.6268656716,"06-2027":0.6221734955,"08-2027":0.6165871997,"10-2027":0.6087429233,"12-2027":0.6024603609,"02-2028":0.5978417266,"04-2028":0.5895015795,"06-2028":0.5870381722,"08-2028":0.5720218711,"10-2028":0.563583337,"12-2028":0.5485142973,"02-2029":0.529764303,"04-2029":0.5214292629,"06-2029":0.5169497408,"08-2029":0.5106597615,"10-2029":0.5076805629,"12-2029":0.4902433958,"02-2030":0.487131835,"04-2030":0.4731182796,"06-2030":0.460653221,"08-2030":0.4515309905,"10-2030":0.449959976,"12-2030":0.4441436021}}