{"median":{"02-2020":0.056927841,"04-2020":0.0550908671,"06-2020":0.0542009401,"08-2020":0.0525330179,"10-2020":0.0604235122,"12-2020":0.070491939,"02-2021":0.0725096846,"04-2021":0.0809257175,"06-2021":0.102889028,"08-2021":0.1209173447,"10-2021":0.1515173255,"12-2021":0.181589516,"02-2022":0.2088835124,"04-2022":0.2504752852,"06-2022":0.295424799,"08-2022":0.3575369735,"10-2022":0.4248629149,"12-2022":0.5016320551,"02-2023":0.5754310345,"04-2023":0.6096804511,"06-2023":0.6245859449,"08-2023":0.6322877902,"10-2023":0.6254613551,"12-2023":0.606430059,"02-2024":0.6098191214,"04-2024":0.6182781882,"06-2024":0.604145417,"08-2024":0.5989276072,"10-2024":0.5999716775,"12-2024":0.5840806562,"02-2025":0.5754693367,"04-2025":0.5691498057,"06-2025":0.5689687976,"08-2025":0.566734143,"10-2025":0.5569311193,"12-2025":0.5508283441,"02-2026":0.5351856678,"04-2026":0.5369129345,"06-2026":0.5262205387,"08-2026":0.5133110639,"10-2026":0.4947326918,"12-2026":0.4907749077,"02-2027":0.4787514694,"04-2027":0.4724540374,"06-2027":0.4634146341,"08-2027":0.4623905724,"10-2027":0.4616921526,"12-2027":0.4600031796,"02-2028":0.4552083333,"04-2028":0.4633986372,"06-2028":0.4555030968,"08-2028":0.4498201439,"10-2028":0.4421741947,"12-2028":0.4305343062,"02-2029":0.4227371397,"04-2029":0.4048019355,"06-2029":0.3916083916,"08-2029":0.3858152206,"10-2029":0.381357101,"12-2029":0.3791280014,"02-2030":0.3770125786,"04-2030":0.3680555556,"06-2030":0.3703294837,"08-2030":0.36528094,"10-2030":0.360769514,"12-2030":0.3638034759},"percentile_25":{"02-2020":0.0347862503,"04-2020":0.0326901922,"06-2020":0.0291726447,"08-2020":0.028485023,"10-2020":0.0263902681,"12-2020":0.0264901372,"02-2021":0.0275603267,"04-2021":0.0241451613,"06-2021":0.0289224664,"08-2021":0.0368451843,"10-2021":0.0381826212,"12-2021":0.0456157081,"02-2022":0.0537733698,"04-2022":0.0639408026,"06-2022":0.071501396,"08-2022":0.0823055653,"10-2022":0.0916610963,"12-2022":0.1100508906,"02-2023":0.1360153257,"04-2023":0.1515727124,"06-2023":0.1926011389,"08-2023":0.2239089003,"10-2023":0.2507128671,"12-2023":0.3005856247,"02-2024":0.3220460791,"04-2024":0.3729295775,"06-2024":0.4079483401,"08-2024":0.4183265266,"10-2024":0.4608915564,"12-2024":0.4910039821,"02-2025":0.4977463628,"04-2025":0.4958567532,"06-2025":0.4958131598,"08-2025":0.5032161535,"10-2025":0.5073004202,"12-2025":0.4942190669,"02-2026":0.4867694135,"04-2026":0.4845606871,"06-2026":0.4622200534,"08-2026":0.4562703079,"10-2026":0.4484336742,"12-2026":0.4455864767,"02-2027":0.4376074043,"04-2027":0.4232530152,"06-2027":0.4145236017,"08-2027":0.4136424074,"10-2027":0.414205248,"12-2027":0.4068207654,"02-2028":0.4066584967,"04-2028":0.4181464812,"06-2028":0.4099430353,"08-2028":0.4032024389,"10-2028":0.4004827738,"12-2028":0.3858762255,"02-2029":0.3753114618,"04-2029":0.3657315058,"06-2029":0.3555233176,"08-2029":0.3449947985,"10-2029":0.3330508475,"12-2029":0.3395296753,"02-2030":0.332119861,"04-2030":0.3306482474,"06-2030":0.3247891807,"08-2030":0.3249774368,"10-2030":0.3166332205,"12-2030":0.318218611},"percentile_75":{"02-2020":0.0982559583,"04-2020":0.0869565217,"06-2020":0.0909955064,"08-2020":0.0947869858,"10-2020":0.1031234097,"12-2020":0.1104266049,"02-2021":0.1369625649,"04-2021":0.1508064516,"06-2021":0.1891813206,"08-2021":0.2417841894,"10-2021":0.3071208298,"12-2021":0.3874654059,"02-2022":0.4495116128,"04-2022":0.5285852713,"06-2022":0.6301679587,"08-2022":0.6878231825,"10-2022":0.738964687,"12-2022":0.7576940506,"02-2023":0.7580657776,"04-2023":0.7645431418,"06-2023":0.75,"08-2023":0.7309578423,"10-2023":0.7189948638,"12-2023":0.7089983022,"02-2024":0.6801048523,"04-2024":0.6597727273,"06-2024":0.6488952456,"08-2024":0.652711364,"10-2024":0.6485944614,"12-2024":0.6383619585,"02-2025":0.6268838908,"04-2025":0.618706168,"06-2025":0.618040293,"08-2025":0.6204731617,"10-2025":0.6104629042,"12-2025":0.607936815,"02-2026":0.5885159652,"04-2026":0.5831900656,"06-2026":0.5708145036,"08-2026":0.5595959596,"10-2026":0.5503597122,"12-2026":0.5529628928,"02-2027":0.5416159927,"04-2027":0.5393864684,"06-2027":0.5117732558,"08-2027":0.5177219752,"10-2027":0.5166433566,"12-2027":0.5233324933,"02-2028":0.5053671951,"04-2028":0.5083773013,"06-2028":0.5021853147,"08-2028":0.5,"10-2028":0.4882836027,"12-2028":0.4697275878,"02-2029":0.4603189504,"04-2029":0.4407171446,"06-2029":0.4430808903,"08-2029":0.4341277359,"10-2029":0.4236585991,"12-2029":0.4223186408,"02-2030":0.4181098383,"04-2030":0.4138288413,"06-2030":0.4105460771,"08-2030":0.4064186697,"10-2030":0.4079796122,"12-2030":0.4033145381}}