{"median":{"02-2020":0.056927841,"04-2020":0.0550908671,"06-2020":0.0542009401,"08-2020":0.0525330179,"10-2020":0.0604235122,"12-2020":0.070491939,"02-2021":0.0633928571,"04-2021":0.0635889476,"06-2021":0.0614551513,"08-2021":0.0640511927,"10-2021":0.0666707679,"12-2021":0.0671411625,"02-2022":0.0777037618,"04-2022":0.0821017375,"06-2022":0.0992155437,"08-2022":0.1219030969,"10-2022":0.1489281401,"12-2022":0.1855624051,"02-2023":0.2191044357,"04-2023":0.2664501083,"06-2023":0.319271591,"08-2023":0.3749852298,"10-2023":0.4358389577,"12-2023":0.5131365114,"02-2024":0.5688504393,"04-2024":0.5821419976,"06-2024":0.6153846154,"08-2024":0.6029146316,"10-2024":0.5989306228,"12-2024":0.5967240571,"02-2025":0.6036023167,"04-2025":0.5963963044,"06-2025":0.5813673568,"08-2025":0.586161184,"10-2025":0.5746287129,"12-2025":0.5673935018,"02-2026":0.5635993136,"04-2026":0.5536692301,"06-2026":0.5512559504,"08-2026":0.5396316712,"10-2026":0.5224974722,"12-2026":0.5192319072,"02-2027":0.5166687245,"04-2027":0.5018799384,"06-2027":0.4878970177,"08-2027":0.4767013117,"10-2027":0.4663325947,"12-2027":0.4754716981,"02-2028":0.4695959325,"04-2028":0.4787753829,"06-2028":0.4693886355,"08-2028":0.4537836494,"10-2028":0.4507017805,"12-2028":0.4334498834,"02-2029":0.4297932444,"04-2029":0.4156555749,"06-2029":0.4090981232,"08-2029":0.4030263308,"10-2029":0.4024409838,"12-2029":0.3932598166,"02-2030":0.3907741251,"04-2030":0.3814751286,"06-2030":0.3722167244,"08-2030":0.374342089,"10-2030":0.3667679028,"12-2030":0.3673818088},"percentile_25":{"02-2020":0.0347862503,"04-2020":0.0326901922,"06-2020":0.0291726447,"08-2020":0.028485023,"10-2020":0.0263902681,"12-2020":0.0264901372,"02-2021":0.0260129927,"04-2021":0.0232017237,"06-2021":0.0213015541,"08-2021":0.0207663303,"10-2021":0.0201846139,"12-2021":0.0215344733,"02-2022":0.0211493091,"04-2022":0.0221402214,"06-2022":0.0253334234,"08-2022":0.031189438,"10-2022":0.035118472,"12-2022":0.0423313246,"02-2023":0.0482823902,"04-2023":0.0567161858,"06-2023":0.06499614,"08-2023":0.0776836158,"10-2023":0.0785979289,"12-2023":0.0928686254,"02-2024":0.1193077305,"04-2024":0.1412270045,"06-2024":0.1617402031,"08-2024":0.1864686469,"10-2024":0.2051514927,"12-2024":0.2452922078,"02-2025":0.2739697802,"04-2025":0.3023051948,"06-2025":0.3419379865,"08-2025":0.4386167753,"10-2025":0.4242167058,"12-2025":0.4531455826,"02-2026":0.4775694271,"04-2026":0.474118986,"06-2026":0.4681311806,"08-2026":0.4625,"10-2026":0.4505681818,"12-2026":0.4357762456,"02-2027":0.4357221333,"04-2027":0.4319502801,"06-2027":0.4210361068,"08-2027":0.4059358238,"10-2027":0.4147416413,"12-2027":0.4114968589,"02-2028":0.4137605936,"04-2028":0.4197535211,"06-2028":0.4061912594,"08-2028":0.3926282051,"10-2028":0.3879368593,"12-2028":0.371309926,"02-2029":0.360431404,"04-2029":0.3596418239,"06-2029":0.3500845136,"08-2029":0.3353271936,"10-2029":0.3360503014,"12-2029":0.3377135666,"02-2030":0.326807432,"04-2030":0.3151810479,"06-2030":0.3222399829,"08-2030":0.3088791137,"10-2030":0.3106270373,"12-2030":0.3082929656},"percentile_75":{"02-2020":0.0982559583,"04-2020":0.0869565217,"06-2020":0.0909955064,"08-2020":0.0947869858,"10-2020":0.1031234097,"12-2020":0.1104266049,"02-2021":0.1146037669,"04-2021":0.1179971989,"06-2021":0.1264527087,"08-2021":0.1320777123,"10-2021":0.1446103722,"12-2021":0.1726682784,"02-2022":0.1998576704,"04-2022":0.2242080466,"06-2022":0.2898526914,"08-2022":0.3609353449,"10-2022":0.4478000407,"12-2022":0.5279590124,"02-2023":0.6263387634,"04-2023":0.6961816136,"06-2023":0.740534292,"08-2023":0.7557859373,"10-2023":0.7605778956,"12-2023":0.7486111111,"02-2024":0.7194196429,"04-2024":0.728688443,"06-2024":0.708106203,"08-2024":0.6977096953,"10-2024":0.6772928763,"12-2024":0.6756590855,"02-2025":0.6611580632,"04-2025":0.6536308735,"06-2025":0.6514299199,"08-2025":0.6485771691,"10-2025":0.6477937201,"12-2025":0.6388714261,"02-2026":0.6262062292,"04-2026":0.6198463268,"06-2026":0.6102006481,"08-2026":0.6016752648,"10-2026":0.5809664915,"12-2026":0.5766858122,"02-2027":0.5672416464,"04-2027":0.5580101636,"06-2027":0.539203416,"08-2027":0.539117999,"10-2027":0.531734599,"12-2027":0.5379545455,"02-2028":0.5250282874,"04-2028":0.5293274432,"06-2028":0.5269302434,"08-2028":0.5195103142,"10-2028":0.5054545455,"12-2028":0.4860504438,"02-2029":0.4732597623,"04-2029":0.4662907268,"06-2029":0.4645254213,"08-2029":0.4504420138,"10-2029":0.4441619586,"12-2029":0.4463901286,"02-2030":0.4367919831,"04-2030":0.4292334467,"06-2030":0.420179437,"08-2030":0.417413926,"10-2030":0.4087002329,"12-2030":0.4141843828}}