{"median":{"02-2020":0.056927841,"04-2020":0.0550908671,"06-2020":0.0542009401,"08-2020":0.0525330179,"10-2020":0.0604235122,"12-2020":0.070491939,"02-2021":0.0633928571,"04-2021":0.0635889476,"06-2021":0.0614551513,"08-2021":0.0640511927,"10-2021":0.0666707679,"12-2021":0.0671411625,"02-2022":0.072230765,"04-2022":0.0636099955,"06-2022":0.062944261,"08-2022":0.0658580834,"10-2022":0.0665550157,"12-2022":0.0701107011,"02-2023":0.0725705329,"04-2023":0.0704633205,"06-2023":0.0691560932,"08-2023":0.0726792663,"10-2023":0.0726639993,"12-2023":0.0723833159,"02-2024":0.0744428409,"04-2024":0.0749074178,"06-2024":0.0807593029,"08-2024":0.0822094146,"10-2024":0.090135789,"12-2024":0.0969507478,"02-2025":0.1071676072,"04-2025":0.1171266153,"06-2025":0.1402031063,"08-2025":0.1878831823,"10-2025":0.2189786117,"12-2025":0.2960591572,"02-2026":0.3584994463,"04-2026":0.4367671088,"06-2026":0.5034190711,"08-2026":0.5594521888,"10-2026":0.5662672565,"12-2026":0.5760112647,"02-2027":0.5836119554,"04-2027":0.5816293434,"06-2027":0.567637996,"08-2027":0.5695418552,"10-2027":0.5768747546,"12-2027":0.5706461781,"02-2028":0.5651365767,"04-2028":0.5511547129,"06-2028":0.5532746708,"08-2028":0.5402102818,"10-2028":0.5343423565,"12-2028":0.5171746239,"02-2029":0.5099617364,"04-2029":0.501684724,"06-2029":0.4873173422,"08-2029":0.4768388843,"10-2029":0.4633039863,"12-2029":0.4545239858,"02-2030":0.4516129032,"04-2030":0.4429764168,"06-2030":0.4377422481,"08-2030":0.4290983941,"10-2030":0.4201093403,"12-2030":0.4069119287},"percentile_25":{"02-2020":0.0347862503,"04-2020":0.0326901922,"06-2020":0.0291726447,"08-2020":0.028485023,"10-2020":0.0263902681,"12-2020":0.0264901372,"02-2021":0.0260129927,"04-2021":0.0232017237,"06-2021":0.0213015541,"08-2021":0.0207663303,"10-2021":0.0201846139,"12-2021":0.0215344733,"02-2022":0.0220386231,"04-2022":0.0189934036,"06-2022":0.0155797539,"08-2022":0.0153748142,"10-2022":0.0148436649,"12-2022":0.0175118624,"02-2023":0.0151043612,"04-2023":0.0145590134,"06-2023":0.0114419502,"08-2023":0.011111565,"10-2023":0.0134543933,"12-2023":0.0129913639,"02-2024":0.0096850838,"04-2024":0.0075973614,"06-2024":0.007241237,"08-2024":0.0037558785,"10-2024":0.0037106133,"12-2024":0.0038363448,"02-2025":0.0036764706,"04-2025":0.0037174721,"06-2025":0.003820945,"08-2025":0.0028625954,"10-2025":0.0028301887,"12-2025":0.0027675277,"02-2026":0.0027675277,"04-2026":0.0029411765,"06-2026":0.0028846154,"08-2026":0.0029069767,"10-2026":0.0029069767,"12-2026":0.0029411765,"02-2027":0.0057915058,"04-2027":0.005859375,"06-2027":0.015,"08-2027":0.0176470588,"10-2027":0.0173745174,"12-2027":0.023255814,"02-2028":0.0205882353,"04-2028":0.0235294118,"06-2028":0.0256653992,"08-2028":0.0286259542,"10-2028":0.0313688213,"12-2028":0.0344827586,"02-2029":0.0426136364,"04-2029":0.0463320463,"06-2029":0.0501968504,"08-2029":0.0458633094,"10-2029":0.0436363636,"12-2029":0.0326086957,"02-2030":0.0304428044,"04-2030":0.0334572491,"06-2030":0.0262645914,"08-2030":0.0287356322,"10-2030":0.0288461538,"12-2030":0.0311320755},"percentile_75":{"02-2020":0.0982559583,"04-2020":0.0869565217,"06-2020":0.0909955064,"08-2020":0.0947869858,"10-2020":0.1031234097,"12-2020":0.1104266049,"02-2021":0.1146037669,"04-2021":0.1179971989,"06-2021":0.1264527087,"08-2021":0.1320777123,"10-2021":0.1446103722,"12-2021":0.1726682784,"02-2022":0.1706366262,"04-2022":0.1578793671,"06-2022":0.1592944597,"08-2022":0.1736945225,"10-2022":0.1804420295,"12-2022":0.1969744988,"02-2023":0.1984549139,"04-2023":0.2010752688,"06-2023":0.2035460003,"08-2023":0.2134921981,"10-2023":0.2355459307,"12-2023":0.2550436377,"02-2024":0.2580265036,"04-2024":0.2595305814,"06-2024":0.2677724799,"08-2024":0.274368231,"10-2024":0.2829343845,"12-2024":0.3100815523,"02-2025":0.3729928605,"04-2025":0.4138329257,"06-2025":0.5003916622,"08-2025":0.5674975356,"10-2025":0.6399696961,"12-2025":0.6980420851,"02-2026":0.7111966236,"04-2026":0.7136375117,"06-2026":0.7010854999,"08-2026":0.7004313921,"10-2026":0.6841766439,"12-2026":0.680525519,"02-2027":0.6767746642,"04-2027":0.6566279028,"06-2027":0.6511763819,"08-2027":0.6465980449,"10-2027":0.6452369593,"12-2027":0.6330063216,"02-2028":0.6284334855,"04-2028":0.6189583544,"06-2028":0.6241304589,"08-2028":0.6091283572,"10-2028":0.5936755952,"12-2028":0.5827400149,"02-2029":0.5685259344,"04-2029":0.5614724481,"06-2029":0.5585293959,"08-2029":0.5504974048,"10-2029":0.5485320285,"12-2029":0.5217757283,"02-2030":0.5150086381,"04-2030":0.5018062177,"06-2030":0.4953071511,"08-2030":0.4892715426,"10-2030":0.4845367144,"12-2030":0.4720765346}}