{"median":{"02-2020":0.056927841,"04-2020":0.0550908671,"06-2020":0.0542009401,"08-2020":0.0525330179,"10-2020":0.0604235122,"12-2020":0.070491939,"02-2021":0.0633928571,"04-2021":0.0635889476,"06-2021":0.0614551513,"08-2021":0.0640511927,"10-2021":0.0666707679,"12-2021":0.0671411625,"02-2022":0.072230765,"04-2022":0.0636099955,"06-2022":0.062944261,"08-2022":0.0658580834,"10-2022":0.0665550157,"12-2022":0.0701107011,"02-2023":0.0725705329,"04-2023":0.0704633205,"06-2023":0.0691560932,"08-2023":0.0726792663,"10-2023":0.0726639993,"12-2023":0.0723833159,"02-2024":0.0744428409,"04-2024":0.0749074178,"06-2024":0.0807593029,"08-2024":0.0822094146,"10-2024":0.090135789,"12-2024":0.0969507478,"02-2025":0.0920490094,"04-2025":0.0869184455,"06-2025":0.0935125815,"08-2025":0.1029467424,"10-2025":0.1083033274,"12-2025":0.1035913578,"02-2026":0.1190425075,"04-2026":0.1365075345,"06-2026":0.1608690419,"08-2026":0.1964002805,"10-2026":0.2441915936,"12-2026":0.3075754287,"02-2027":0.3902104063,"04-2027":0.452697851,"06-2027":0.5189036039,"08-2027":0.5234963265,"10-2027":0.5368222586,"12-2027":0.5585637082,"02-2028":0.5683924153,"04-2028":0.5744742202,"06-2028":0.5709376534,"08-2028":0.57272361,"10-2028":0.5616382092,"12-2028":0.5525369216,"02-2029":0.5483078332,"04-2029":0.5401690714,"06-2029":0.5244391988,"08-2029":0.5174825175,"10-2029":0.5053014125,"12-2029":0.5129515736,"02-2030":0.5037826881,"04-2030":0.489230675,"06-2030":0.4813751173,"08-2030":0.4704227628,"10-2030":0.4543513514,"12-2030":0.4409693755},"percentile_25":{"02-2020":0.0347862503,"04-2020":0.0326901922,"06-2020":0.0291726447,"08-2020":0.028485023,"10-2020":0.0263902681,"12-2020":0.0264901372,"02-2021":0.0260129927,"04-2021":0.0232017237,"06-2021":0.0213015541,"08-2021":0.0207663303,"10-2021":0.0201846139,"12-2021":0.0215344733,"02-2022":0.0220386231,"04-2022":0.0189934036,"06-2022":0.0155797539,"08-2022":0.0153748142,"10-2022":0.0148436649,"12-2022":0.0175118624,"02-2023":0.0151043612,"04-2023":0.0145590134,"06-2023":0.0114419502,"08-2023":0.011111565,"10-2023":0.0134543933,"12-2023":0.0129913639,"02-2024":0.0096850838,"04-2024":0.0075973614,"06-2024":0.007241237,"08-2024":0.0037558785,"10-2024":0.0037106133,"12-2024":0.0038363448,"02-2025":0.0,"04-2025":0.0036901865,"06-2025":0.0027272727,"08-2025":0.0,"10-2025":0.0,"12-2025":0.0,"02-2026":0.0,"04-2026":0.0,"06-2026":0.0,"08-2026":0.0,"10-2026":0.0,"12-2026":0.0,"02-2027":0.0,"04-2027":0.0,"06-2027":0.0,"08-2027":0.0,"10-2027":0.0,"12-2027":0.0,"02-2028":0.0,"04-2028":0.0,"06-2028":0.0,"08-2028":0.0,"10-2028":0.0,"12-2028":0.0,"02-2029":0.0,"04-2029":0.0,"06-2029":0.0,"08-2029":0.0,"10-2029":0.0,"12-2029":0.0,"02-2030":0.0,"04-2030":0.0,"06-2030":0.0,"08-2030":0.0,"10-2030":0.0,"12-2030":0.0},"percentile_75":{"02-2020":0.0982559583,"04-2020":0.0869565217,"06-2020":0.0909955064,"08-2020":0.0947869858,"10-2020":0.1031234097,"12-2020":0.1104266049,"02-2021":0.1146037669,"04-2021":0.1179971989,"06-2021":0.1264527087,"08-2021":0.1320777123,"10-2021":0.1446103722,"12-2021":0.1726682784,"02-2022":0.1706366262,"04-2022":0.1578793671,"06-2022":0.1592944597,"08-2022":0.1736945225,"10-2022":0.1804420295,"12-2022":0.1969744988,"02-2023":0.1984549139,"04-2023":0.2010752688,"06-2023":0.2035460003,"08-2023":0.2134921981,"10-2023":0.2355459307,"12-2023":0.2550436377,"02-2024":0.2580265036,"04-2024":0.2595305814,"06-2024":0.2677724799,"08-2024":0.274368231,"10-2024":0.2829343845,"12-2024":0.3100815523,"02-2025":0.3068914609,"04-2025":0.3226463052,"06-2025":0.3020709641,"08-2025":0.3102836382,"10-2025":0.3299225029,"12-2025":0.3614143396,"02-2026":0.4012544803,"04-2026":0.4385431642,"06-2026":0.5220588235,"08-2026":0.5719161385,"10-2026":0.6510902826,"12-2026":0.6692421362,"02-2027":0.6857874208,"04-2027":0.690647482,"06-2027":0.6914373578,"08-2027":0.6951781674,"10-2027":0.6721818182,"12-2027":0.65996004,"02-2028":0.6603773585,"04-2028":0.658776991,"06-2028":0.6604135338,"08-2028":0.6460255948,"10-2028":0.6382257983,"12-2028":0.6323239261,"02-2029":0.6128953227,"04-2029":0.603951049,"06-2029":0.5961165944,"08-2029":0.5914089186,"10-2029":0.5861048021,"12-2029":0.5784258925,"02-2030":0.5700126567,"04-2030":0.5580414714,"06-2030":0.5517059501,"08-2030":0.5294930876,"10-2030":0.5238036616,"12-2030":0.5129418696}}