{"median":{"02-2020":0.0588411421,"04-2020":0.0584610692,"06-2020":0.0590560335,"08-2020":0.0595921764,"10-2020":0.0622818358,"12-2020":0.072212693,"02-2021":0.0696714635,"04-2021":0.0690197717,"06-2021":0.0724853094,"08-2021":0.0707211036,"10-2021":0.0869711677,"12-2021":0.0905673274,"02-2022":0.0904975594,"04-2022":0.0921932793,"06-2022":0.092495438,"08-2022":0.094504079,"10-2022":0.0951016272,"12-2022":0.1083969092,"02-2023":0.1098191214,"04-2023":0.1081632653,"06-2023":0.1086695747,"08-2023":0.1201853635,"10-2023":0.124252988,"12-2023":0.1452760821,"02-2024":0.1545891038,"04-2024":0.1552832463,"06-2024":0.1613416919,"08-2024":0.1706914345,"10-2024":0.1933474196,"12-2024":0.2353565966,"02-2025":0.252388714,"04-2025":0.2724902793,"06-2025":0.2912623481,"08-2025":0.3582095413,"10-2025":0.4027730488,"12-2025":0.4621659881,"02-2026":0.5150864872,"04-2026":0.5408783118,"06-2026":0.5464786786,"08-2026":0.540604228,"10-2026":0.545112782,"12-2026":0.5561868687,"02-2027":0.5413663469,"04-2027":0.5384615385,"06-2027":0.5278810409,"08-2027":0.5344954182,"10-2027":0.5233563011,"12-2027":0.5143459482,"02-2028":0.5042774086,"04-2028":0.4971600059,"06-2028":0.4834289201,"08-2028":0.475401953,"10-2028":0.4726273726,"12-2028":0.4750385117,"02-2029":0.478722334,"04-2029":0.4677590283,"06-2029":0.4538983903,"08-2029":0.4510541059,"10-2029":0.4464967285,"12-2029":0.4381031259,"02-2030":0.4390812721,"04-2030":0.4324561404,"06-2030":0.4434804705,"08-2030":0.4236929664,"10-2030":0.4271570014,"12-2030":0.4201189153},"percentile_25":{"02-2020":0.0377374491,"04-2020":0.0332156805,"06-2020":0.0265907651,"08-2020":0.0289563635,"10-2020":0.0284264837,"12-2020":0.0305957201,"02-2021":0.0289270895,"04-2021":0.0249332792,"06-2021":0.0233920785,"08-2021":0.024847561,"10-2021":0.022936366,"12-2021":0.0219623089,"02-2022":0.018994625,"04-2022":0.018753781,"06-2022":0.0156891251,"08-2022":0.0165492784,"10-2022":0.017048896,"12-2022":0.0135812236,"02-2023":0.0117099787,"04-2023":0.0114628349,"06-2023":0.0079494128,"08-2023":0.0064428471,"10-2023":0.0064349376,"12-2023":0.0066194899,"02-2024":0.0029644269,"04-2024":0.0026223776,"06-2024":0.0,"08-2024":0.0,"10-2024":0.0,"12-2024":0.0,"02-2025":0.0,"04-2025":0.0,"06-2025":0.0,"08-2025":0.0,"10-2025":0.0,"12-2025":0.0,"02-2026":0.0,"04-2026":0.0,"06-2026":0.0,"08-2026":0.0,"10-2026":0.0,"12-2026":0.0,"02-2027":0.0,"04-2027":0.0,"06-2027":0.0,"08-2027":0.0,"10-2027":0.0,"12-2027":0.0,"02-2028":0.0,"04-2028":0.0,"06-2028":0.0,"08-2028":0.0,"10-2028":0.0,"12-2028":0.0,"02-2029":0.0,"04-2029":0.0,"06-2029":0.0,"08-2029":0.0,"10-2029":0.0,"12-2029":0.0,"02-2030":0.0,"04-2030":0.0,"06-2030":0.0,"08-2030":0.0,"10-2030":0.0,"12-2030":0.0},"percentile_75":{"02-2020":0.0905294405,"04-2020":0.0913494312,"06-2020":0.1055221716,"08-2020":0.1163822125,"10-2020":0.1356455325,"12-2020":0.1632409684,"02-2021":0.1692992735,"04-2021":0.1729340319,"06-2021":0.1856545276,"08-2021":0.197378497,"10-2021":0.2234475004,"12-2021":0.2385473453,"02-2022":0.2444028418,"04-2022":0.2490716895,"06-2022":0.2790965592,"08-2022":0.3018728956,"10-2022":0.3317049808,"12-2022":0.3686732022,"02-2023":0.3892903902,"04-2023":0.3881535132,"06-2023":0.4087240314,"08-2023":0.4238400873,"10-2023":0.4515863396,"12-2023":0.4954409261,"02-2024":0.4962192413,"04-2024":0.4874842827,"06-2024":0.4707642197,"08-2024":0.48774516,"10-2024":0.497675173,"12-2024":0.5072730179,"02-2025":0.5515908321,"04-2025":0.5912408759,"06-2025":0.5978897617,"08-2025":0.6288074039,"10-2025":0.6396161978,"12-2025":0.6518438971,"02-2026":0.6457489879,"04-2026":0.6444661458,"06-2026":0.6391666667,"08-2026":0.629004176,"10-2026":0.6249096022,"12-2026":0.6211466165,"02-2027":0.613405969,"04-2027":0.6057148041,"06-2027":0.6016526298,"08-2027":0.5998151898,"10-2027":0.6015184445,"12-2027":0.5992470772,"02-2028":0.5838970368,"04-2028":0.5778645833,"06-2028":0.5609977489,"08-2028":0.5496136426,"10-2028":0.5395690313,"12-2028":0.5494257055,"02-2029":0.5317924677,"04-2029":0.5209029487,"06-2029":0.5122881732,"08-2029":0.5060559581,"10-2029":0.5069268583,"12-2029":0.500432526,"02-2030":0.4944424308,"04-2030":0.4982173175,"06-2030":0.5070528546,"08-2030":0.4932924543,"10-2030":0.4847218302,"12-2030":0.4744027304}}