{"median":{"02-2020":0.0588411421,"04-2020":0.0584610692,"06-2020":0.0590560335,"08-2020":0.0595921764,"10-2020":0.0622818358,"12-2020":0.072212693,"02-2021":0.0696714635,"04-2021":0.0690197717,"06-2021":0.0724853094,"08-2021":0.0707211036,"10-2021":0.0869711677,"12-2021":0.0905673274,"02-2022":0.0904975594,"04-2022":0.0921932793,"06-2022":0.092495438,"08-2022":0.094504079,"10-2022":0.0951016272,"12-2022":0.1083969092,"02-2023":0.1098191214,"04-2023":0.1081632653,"06-2023":0.1086695747,"08-2023":0.1201853635,"10-2023":0.124252988,"12-2023":0.1452760821,"02-2024":0.1784090909,"04-2024":0.1882024385,"06-2024":0.2210051837,"08-2024":0.2663796063,"10-2024":0.3254707603,"12-2024":0.362247171,"02-2025":0.4321266968,"04-2025":0.5036815892,"06-2025":0.5408679126,"08-2025":0.5406446541,"10-2025":0.5593869732,"12-2025":0.5450026164,"02-2026":0.5447063846,"04-2026":0.5435964912,"06-2026":0.5433754734,"08-2026":0.5402121882,"10-2026":0.539887099,"12-2026":0.5361090591,"02-2027":0.5376487913,"04-2027":0.5246722846,"06-2027":0.5130422535,"08-2027":0.5008833922,"10-2027":0.5019084247,"12-2027":0.48442832,"02-2028":0.4892835273,"04-2028":0.4792710022,"06-2028":0.4787523593,"08-2028":0.4730625777,"10-2028":0.4574706892,"12-2028":0.4524594839,"02-2029":0.4409062617,"04-2029":0.4346609477,"06-2029":0.4250417795,"08-2029":0.4272717656,"10-2029":0.4191999365,"12-2029":0.428320802,"02-2030":0.4261746845,"04-2030":0.4369896483,"06-2030":0.4347738468,"08-2030":0.4275519087,"10-2030":0.4211400516,"12-2030":0.4024758454},"percentile_25":{"02-2020":0.0377374491,"04-2020":0.0332156805,"06-2020":0.0265907651,"08-2020":0.0289563635,"10-2020":0.0284264837,"12-2020":0.0305957201,"02-2021":0.0289270895,"04-2021":0.0249332792,"06-2021":0.0233920785,"08-2021":0.024847561,"10-2021":0.022936366,"12-2021":0.0219623089,"02-2022":0.018994625,"04-2022":0.018753781,"06-2022":0.0156891251,"08-2022":0.0165492784,"10-2022":0.017048896,"12-2022":0.0135812236,"02-2023":0.0117099787,"04-2023":0.0114628349,"06-2023":0.0079494128,"08-2023":0.0064428471,"10-2023":0.0064349376,"12-2023":0.0066194899,"02-2024":0.003,"04-2024":0.0026315789,"06-2024":0.0,"08-2024":0.0,"10-2024":0.0,"12-2024":0.0,"02-2025":0.0,"04-2025":0.0,"06-2025":0.0,"08-2025":0.0,"10-2025":0.0,"12-2025":0.0,"02-2026":0.0,"04-2026":0.0,"06-2026":0.0,"08-2026":0.0,"10-2026":0.0,"12-2026":0.0,"02-2027":0.0,"04-2027":0.0,"06-2027":0.0,"08-2027":0.0,"10-2027":0.0,"12-2027":0.0,"02-2028":0.0,"04-2028":0.0,"06-2028":0.0,"08-2028":0.0,"10-2028":0.0,"12-2028":0.0,"02-2029":0.0,"04-2029":0.0,"06-2029":0.0,"08-2029":0.0,"10-2029":0.0,"12-2029":0.0,"02-2030":0.0,"04-2030":0.0,"06-2030":0.0,"08-2030":0.0,"10-2030":0.0,"12-2030":0.0},"percentile_75":{"02-2020":0.0905294405,"04-2020":0.0913494312,"06-2020":0.1055221716,"08-2020":0.1163822125,"10-2020":0.1356455325,"12-2020":0.1632409684,"02-2021":0.1692992735,"04-2021":0.1729340319,"06-2021":0.1856545276,"08-2021":0.197378497,"10-2021":0.2234475004,"12-2021":0.2385473453,"02-2022":0.2444028418,"04-2022":0.2490716895,"06-2022":0.2790965592,"08-2022":0.3018728956,"10-2022":0.3317049808,"12-2022":0.3686732022,"02-2023":0.3892903902,"04-2023":0.3881535132,"06-2023":0.4087240314,"08-2023":0.4238400873,"10-2023":0.4515863396,"12-2023":0.4954409261,"02-2024":0.5439108062,"04-2024":0.5861672434,"06-2024":0.6279268196,"08-2024":0.6692307692,"10-2024":0.6880204544,"12-2024":0.6905265779,"02-2025":0.6798039216,"04-2025":0.6631104391,"06-2025":0.6610161413,"08-2025":0.6621896215,"10-2025":0.6500040261,"12-2025":0.6342664093,"02-2026":0.6298828125,"04-2026":0.6251374705,"06-2026":0.6195852252,"08-2026":0.619041305,"10-2026":0.6072764078,"12-2026":0.6104443236,"02-2027":0.6029411765,"04-2027":0.5945887695,"06-2027":0.5831694679,"08-2027":0.5734534418,"10-2027":0.5711779271,"12-2027":0.5539167179,"02-2028":0.5444017183,"04-2028":0.553228022,"06-2028":0.5363437972,"08-2028":0.5341014023,"10-2028":0.5262753956,"12-2028":0.5227934695,"02-2029":0.5081918439,"04-2029":0.4991311991,"06-2029":0.4795657727,"08-2029":0.486783684,"10-2029":0.4968668831,"12-2029":0.5022218462,"02-2030":0.4905281218,"04-2030":0.4960628012,"06-2030":0.4911032028,"08-2030":0.4811637253,"10-2030":0.4640671766,"12-2030":0.455373021}}