{"median":{"02-2020":0.0588411421,"04-2020":0.0584610692,"06-2020":0.0590560335,"08-2020":0.0595921764,"10-2020":0.0622818358,"12-2020":0.072212693,"02-2021":0.0696714635,"04-2021":0.0690197717,"06-2021":0.0724853094,"08-2021":0.0707211036,"10-2021":0.0869711677,"12-2021":0.0905673274,"02-2022":0.0904975594,"04-2022":0.0921932793,"06-2022":0.092495438,"08-2022":0.094504079,"10-2022":0.0951016272,"12-2022":0.1083969092,"02-2023":0.1098191214,"04-2023":0.1081632653,"06-2023":0.1086695747,"08-2023":0.1201853635,"10-2023":0.124252988,"12-2023":0.1452760821,"02-2024":0.1545891038,"04-2024":0.1552832463,"06-2024":0.1613416919,"08-2024":0.1706914345,"10-2024":0.1933474196,"12-2024":0.2353565966,"02-2025":0.225526148,"04-2025":0.2244480552,"06-2025":0.2266812033,"08-2025":0.2338400692,"10-2025":0.2376488662,"12-2025":0.2470938375,"02-2026":0.256690694,"04-2026":0.2660277686,"06-2026":0.2719949488,"08-2026":0.2810006162,"10-2026":0.2979458709,"12-2026":0.3211620469,"02-2027":0.3369565217,"04-2027":0.3849002849,"06-2027":0.4019607843,"08-2027":0.4460834776,"10-2027":0.4768625668,"12-2027":0.5133009484,"02-2028":0.5289424861,"04-2028":0.5264154705,"06-2028":0.524137931,"08-2028":0.5180025895,"10-2028":0.5129402921,"12-2028":0.5135512883,"02-2029":0.5030531964,"04-2029":0.5104211898,"06-2029":0.5018638605,"08-2029":0.5053626834,"10-2029":0.5044834308,"12-2029":0.4963269448,"02-2030":0.4963235294,"04-2030":0.4928480204,"06-2030":0.5042918944,"08-2030":0.5017371373,"10-2030":0.5,"12-2030":0.4746801511},"percentile_25":{"02-2020":0.0377374491,"04-2020":0.0332156805,"06-2020":0.0265907651,"08-2020":0.0289563635,"10-2020":0.0284264837,"12-2020":0.0305957201,"02-2021":0.0289270895,"04-2021":0.0249332792,"06-2021":0.0233920785,"08-2021":0.024847561,"10-2021":0.022936366,"12-2021":0.0219623089,"02-2022":0.018994625,"04-2022":0.018753781,"06-2022":0.0156891251,"08-2022":0.0165492784,"10-2022":0.017048896,"12-2022":0.0135812236,"02-2023":0.0117099787,"04-2023":0.0114628349,"06-2023":0.0079494128,"08-2023":0.0064428471,"10-2023":0.0064349376,"12-2023":0.0066194899,"02-2024":0.0029644269,"04-2024":0.0026223776,"06-2024":0.0,"08-2024":0.0,"10-2024":0.0,"12-2024":0.0,"02-2025":0.0,"04-2025":0.0,"06-2025":0.0,"08-2025":0.0,"10-2025":0.0,"12-2025":0.0,"02-2026":0.0,"04-2026":0.0,"06-2026":0.0,"08-2026":0.0,"10-2026":0.0,"12-2026":0.0,"02-2027":0.0,"04-2027":0.0,"06-2027":0.0,"08-2027":0.0,"10-2027":0.0,"12-2027":0.0,"02-2028":0.0,"04-2028":0.0,"06-2028":0.0,"08-2028":0.0,"10-2028":0.0,"12-2028":0.0,"02-2029":0.0,"04-2029":0.0,"06-2029":0.0,"08-2029":0.0,"10-2029":0.0,"12-2029":0.0,"02-2030":0.0,"04-2030":0.0,"06-2030":0.0,"08-2030":0.0,"10-2030":0.0,"12-2030":0.0},"percentile_75":{"02-2020":0.0905294405,"04-2020":0.0913494312,"06-2020":0.1055221716,"08-2020":0.1163822125,"10-2020":0.1356455325,"12-2020":0.1632409684,"02-2021":0.1692992735,"04-2021":0.1729340319,"06-2021":0.1856545276,"08-2021":0.197378497,"10-2021":0.2234475004,"12-2021":0.2385473453,"02-2022":0.2444028418,"04-2022":0.2490716895,"06-2022":0.2790965592,"08-2022":0.3018728956,"10-2022":0.3317049808,"12-2022":0.3686732022,"02-2023":0.3892903902,"04-2023":0.3881535132,"06-2023":0.4087240314,"08-2023":0.4238400873,"10-2023":0.4515863396,"12-2023":0.4954409261,"02-2024":0.4962192413,"04-2024":0.4874842827,"06-2024":0.4707642197,"08-2024":0.48774516,"10-2024":0.497675173,"12-2024":0.5072730179,"02-2025":0.5037620297,"04-2025":0.4843061035,"06-2025":0.4591368228,"08-2025":0.4552906007,"10-2025":0.4544749842,"12-2025":0.4756476585,"02-2026":0.4614390523,"04-2026":0.4399258281,"06-2026":0.4319902549,"08-2026":0.4296822177,"10-2026":0.4251915681,"12-2026":0.4476259599,"02-2027":0.472238559,"04-2027":0.5133175165,"06-2027":0.5427436668,"08-2027":0.5814716898,"10-2027":0.5934040987,"12-2027":0.589332985,"02-2028":0.6019415339,"04-2028":0.6040198987,"06-2028":0.6044611863,"08-2028":0.5969267065,"10-2028":0.5972883182,"12-2028":0.5944244604,"02-2029":0.5811320755,"04-2029":0.5712875838,"06-2029":0.5698316088,"08-2029":0.5659668239,"10-2029":0.5560451361,"12-2029":0.5567577369,"02-2030":0.5583941606,"04-2030":0.5581609275,"06-2030":0.5662642221,"08-2030":0.5587960904,"10-2030":0.5509377912,"12-2030":0.5330462054}}