{"median":{"02-2020":0.0588411421,"04-2020":0.0584610692,"06-2020":0.0590560335,"08-2020":0.0595921764,"10-2020":0.0622818358,"12-2020":0.072212693,"02-2021":0.0696714635,"04-2021":0.0690197717,"06-2021":0.0724853094,"08-2021":0.0707211036,"10-2021":0.0869711677,"12-2021":0.0905673274,"02-2022":0.0904975594,"04-2022":0.0921932793,"06-2022":0.092495438,"08-2022":0.094504079,"10-2022":0.0951016272,"12-2022":0.1083969092,"02-2023":0.123998975,"04-2023":0.1319249444,"06-2023":0.1657185416,"08-2023":0.1918056211,"10-2023":0.2174621389,"12-2023":0.263883626,"02-2024":0.3206310269,"04-2024":0.3583453278,"06-2024":0.4256813527,"08-2024":0.458000512,"10-2024":0.4999482321,"12-2024":0.5563258565,"02-2025":0.5587815731,"04-2025":0.5622453153,"06-2025":0.5642812472,"08-2025":0.5531164039,"10-2025":0.5588733195,"12-2025":0.5497035573,"02-2026":0.5539301763,"04-2026":0.5492539302,"06-2026":0.5412828593,"08-2026":0.536681724,"10-2026":0.5269410977,"12-2026":0.5110075526,"02-2027":0.5027143121,"04-2027":0.5,"06-2027":0.4931503588,"08-2027":0.4816847359,"10-2027":0.4777354659,"12-2027":0.4771997301,"02-2028":0.4714513557,"04-2028":0.4564866229,"06-2028":0.4468971094,"08-2028":0.4448681026,"10-2028":0.4382472052,"12-2028":0.43215311,"02-2029":0.4262696071,"04-2029":0.4192966512,"06-2029":0.4100950612,"08-2029":0.4165342566,"10-2029":0.4137480662,"12-2029":0.4097483292,"02-2030":0.4100333388,"04-2030":0.4198911141,"06-2030":0.411361805,"08-2030":0.4100602059,"10-2030":0.3996644295,"12-2030":0.3981035084},"percentile_25":{"02-2020":0.0377374491,"04-2020":0.0332156805,"06-2020":0.0265907651,"08-2020":0.0289563635,"10-2020":0.0284264837,"12-2020":0.0305957201,"02-2021":0.0289270895,"04-2021":0.0249332792,"06-2021":0.0233920785,"08-2021":0.024847561,"10-2021":0.022936366,"12-2021":0.0219623089,"02-2022":0.018994625,"04-2022":0.018753781,"06-2022":0.0156891251,"08-2022":0.0165492784,"10-2022":0.017048896,"12-2022":0.0135812236,"02-2023":0.0116644385,"04-2023":0.011154239,"06-2023":0.0101891298,"08-2023":0.0117998534,"10-2023":0.0102337901,"12-2023":0.0103643123,"02-2024":0.0080649064,"04-2024":0.0080728745,"06-2024":0.0105541142,"08-2024":0.0140598838,"10-2024":0.0164138943,"12-2024":0.0232730297,"02-2025":0.0312476484,"04-2025":0.0397050318,"06-2025":0.0469842398,"08-2025":0.0539772727,"10-2025":0.0547359757,"12-2025":0.0531589163,"02-2026":0.0638552189,"04-2026":0.0753649336,"06-2026":0.0816369977,"08-2026":0.0882963425,"10-2026":0.1008634223,"12-2026":0.0950587206,"02-2027":0.0901512926,"04-2027":0.1102003978,"06-2027":0.1334109763,"08-2027":0.1491322406,"10-2027":0.1633126574,"12-2027":0.1929609929,"02-2028":0.2122340426,"04-2028":0.2390040748,"06-2028":0.2672709367,"08-2028":0.2695042691,"10-2028":0.2776442308,"12-2028":0.2668693745,"02-2029":0.2566570556,"04-2029":0.2784186751,"06-2029":0.280874399,"08-2029":0.3013248416,"10-2029":0.3109278238,"12-2029":0.3136475747,"02-2030":0.3204373068,"04-2030":0.3261710742,"06-2030":0.3231805755,"08-2030":0.3203419715,"10-2030":0.3260843301,"12-2030":0.308142208},"percentile_75":{"02-2020":0.0905294405,"04-2020":0.0913494312,"06-2020":0.1055221716,"08-2020":0.1163822125,"10-2020":0.1356455325,"12-2020":0.1632409684,"02-2021":0.1692992735,"04-2021":0.1729340319,"06-2021":0.1856545276,"08-2021":0.197378497,"10-2021":0.2234475004,"12-2021":0.2385473453,"02-2022":0.2444028418,"04-2022":0.2490716895,"06-2022":0.2790965592,"08-2022":0.3018728956,"10-2022":0.3317049808,"12-2022":0.3686732022,"02-2023":0.4250253036,"04-2023":0.4848515752,"06-2023":0.5506579295,"08-2023":0.6403460504,"10-2023":0.6602817494,"12-2023":0.7142721332,"02-2024":0.7225128037,"04-2024":0.7179939516,"06-2024":0.6902375989,"08-2024":0.6849204847,"10-2024":0.6734194283,"12-2024":0.6637533256,"02-2025":0.657853623,"04-2025":0.6512389571,"06-2025":0.6439555319,"08-2025":0.6368881119,"10-2025":0.6329223842,"12-2025":0.6218406682,"02-2026":0.6248362714,"04-2026":0.6153846154,"06-2026":0.6055606998,"08-2026":0.5965751599,"10-2026":0.5897587631,"12-2026":0.5725769928,"02-2027":0.5678105592,"04-2027":0.5712722829,"06-2027":0.5573985826,"08-2027":0.5614630814,"10-2027":0.5548056606,"12-2027":0.5369142475,"02-2028":0.5336805556,"04-2028":0.5240191147,"06-2028":0.5125284065,"08-2028":0.5004512635,"10-2028":0.4915890338,"12-2028":0.4878598555,"02-2029":0.4841543443,"04-2029":0.4836139565,"06-2029":0.4666666667,"08-2029":0.4620499109,"10-2029":0.4670212766,"12-2029":0.4616023511,"02-2030":0.4599772291,"04-2030":0.4780223423,"06-2030":0.4764805954,"08-2030":0.461248938,"10-2030":0.4561438429,"12-2030":0.4548796791}}