{"median":{"02-2020":0.0588411421,"04-2020":0.0584610692,"06-2020":0.0590560335,"08-2020":0.0595921764,"10-2020":0.0622818358,"12-2020":0.072212693,"02-2021":0.0696714635,"04-2021":0.0690197717,"06-2021":0.0724853094,"08-2021":0.0707211036,"10-2021":0.0869711677,"12-2021":0.0905673274,"02-2022":0.0904975594,"04-2022":0.0921932793,"06-2022":0.092495438,"08-2022":0.094504079,"10-2022":0.0951016272,"12-2022":0.1083969092,"02-2023":0.1098191214,"04-2023":0.1081632653,"06-2023":0.1086695747,"08-2023":0.1201853635,"10-2023":0.124252988,"12-2023":0.1452760821,"02-2024":0.1545891038,"04-2024":0.1552832463,"06-2024":0.1613416919,"08-2024":0.1706914345,"10-2024":0.1933474196,"12-2024":0.2353565966,"02-2025":0.225526148,"04-2025":0.2244480552,"06-2025":0.2266812033,"08-2025":0.2338400692,"10-2025":0.2376488662,"12-2025":0.2470938375,"02-2026":0.256690694,"04-2026":0.2660277686,"06-2026":0.2719949488,"08-2026":0.2810006162,"10-2026":0.2979458709,"12-2026":0.3211620469,"02-2027":0.3059154724,"04-2027":0.2943114973,"06-2027":0.2844174598,"08-2027":0.2782818533,"10-2027":0.2975550435,"12-2027":0.2999152278,"02-2028":0.3193021767,"04-2028":0.3516181137,"06-2028":0.3781491479,"08-2028":0.4218935599,"10-2028":0.4301865461,"12-2028":0.4658544366,"02-2029":0.4824423193,"04-2029":0.4886695906,"06-2029":0.4955827091,"08-2029":0.4914358451,"10-2029":0.5035842754,"12-2029":0.5110775016,"02-2030":0.5158245458,"04-2030":0.5158688769,"06-2030":0.5305794343,"08-2030":0.5265379905,"10-2030":0.5265700483,"12-2030":0.5159708249},"percentile_25":{"02-2020":0.0377374491,"04-2020":0.0332156805,"06-2020":0.0265907651,"08-2020":0.0289563635,"10-2020":0.0284264837,"12-2020":0.0305957201,"02-2021":0.0289270895,"04-2021":0.0249332792,"06-2021":0.0233920785,"08-2021":0.024847561,"10-2021":0.022936366,"12-2021":0.0219623089,"02-2022":0.018994625,"04-2022":0.018753781,"06-2022":0.0156891251,"08-2022":0.0165492784,"10-2022":0.017048896,"12-2022":0.0135812236,"02-2023":0.0117099787,"04-2023":0.0114628349,"06-2023":0.0079494128,"08-2023":0.0064428471,"10-2023":0.0064349376,"12-2023":0.0066194899,"02-2024":0.0029644269,"04-2024":0.0026223776,"06-2024":0.0,"08-2024":0.0,"10-2024":0.0,"12-2024":0.0,"02-2025":0.0,"04-2025":0.0,"06-2025":0.0,"08-2025":0.0,"10-2025":0.0,"12-2025":0.0,"02-2026":0.0,"04-2026":0.0,"06-2026":0.0,"08-2026":0.0,"10-2026":0.0,"12-2026":0.0,"02-2027":0.0,"04-2027":0.0,"06-2027":0.0,"08-2027":0.0,"10-2027":0.0,"12-2027":0.0,"02-2028":0.0,"04-2028":0.0,"06-2028":0.0,"08-2028":0.0,"10-2028":0.0,"12-2028":0.0,"02-2029":0.0,"04-2029":0.0,"06-2029":0.0,"08-2029":0.0,"10-2029":0.0,"12-2029":0.0,"02-2030":0.0,"04-2030":0.0,"06-2030":0.0,"08-2030":0.0,"10-2030":0.0,"12-2030":0.0},"percentile_75":{"02-2020":0.0905294405,"04-2020":0.0913494312,"06-2020":0.1055221716,"08-2020":0.1163822125,"10-2020":0.1356455325,"12-2020":0.1632409684,"02-2021":0.1692992735,"04-2021":0.1729340319,"06-2021":0.1856545276,"08-2021":0.197378497,"10-2021":0.2234475004,"12-2021":0.2385473453,"02-2022":0.2444028418,"04-2022":0.2490716895,"06-2022":0.2790965592,"08-2022":0.3018728956,"10-2022":0.3317049808,"12-2022":0.3686732022,"02-2023":0.3892903902,"04-2023":0.3881535132,"06-2023":0.4087240314,"08-2023":0.4238400873,"10-2023":0.4515863396,"12-2023":0.4954409261,"02-2024":0.4962192413,"04-2024":0.4874842827,"06-2024":0.4707642197,"08-2024":0.48774516,"10-2024":0.497675173,"12-2024":0.5072730179,"02-2025":0.5037620297,"04-2025":0.4843061035,"06-2025":0.4591368228,"08-2025":0.4552906007,"10-2025":0.4544749842,"12-2025":0.4756476585,"02-2026":0.4614390523,"04-2026":0.4399258281,"06-2026":0.4319902549,"08-2026":0.4296822177,"10-2026":0.4251915681,"12-2026":0.4476259599,"02-2027":0.4332328341,"04-2027":0.407057731,"06-2027":0.3892446524,"08-2027":0.3897755141,"10-2027":0.4060471144,"12-2027":0.4392942329,"02-2028":0.457706045,"04-2028":0.4857596187,"06-2028":0.5107048559,"08-2028":0.5319734848,"10-2028":0.556447985,"12-2028":0.5789934703,"02-2029":0.5994485294,"04-2029":0.5937382624,"06-2029":0.5916965352,"08-2029":0.5827206601,"10-2029":0.5752505629,"12-2029":0.589958699,"02-2030":0.5788121846,"04-2030":0.578294811,"06-2030":0.6040618009,"08-2030":0.5876750545,"10-2030":0.5820901891,"12-2030":0.5713287443}}