{"median":{"02-2020":0.065166107,"04-2020":0.0700431524,"06-2020":0.0773470434,"08-2020":0.0789993759,"10-2020":0.0823170732,"12-2020":0.0897971448,"02-2021":0.0866283863,"04-2021":0.0856215966,"06-2021":0.0845871041,"08-2021":0.0778221899,"10-2021":0.0710960713,"12-2021":0.0653095075,"02-2022":0.054370777,"04-2022":0.0476124738,"06-2022":0.036235054,"08-2022":0.0301404853,"10-2022":0.0280600786,"12-2022":0.0222225271,"02-2023":0.0195458641,"04-2023":0.0171023965,"06-2023":0.0147066775,"08-2023":0.0116075438,"10-2023":0.0091391269,"12-2023":0.0092566873,"02-2024":0.0072464719,"04-2024":0.0054844991,"06-2024":0.0036036153,"08-2024":0.0,"10-2024":0.0,"12-2024":0.0,"02-2025":0.0,"04-2025":0.0,"06-2025":0.0,"08-2025":0.0,"10-2025":0.0,"12-2025":0.0,"02-2026":0.0,"04-2026":0.0,"06-2026":0.0,"08-2026":0.0,"10-2026":0.0,"12-2026":0.0,"02-2027":0.0,"04-2027":0.0,"06-2027":0.0,"08-2027":0.0,"10-2027":0.0,"12-2027":0.0,"02-2028":0.0,"04-2028":0.0,"06-2028":0.0,"08-2028":0.0,"10-2028":0.0,"12-2028":0.0,"02-2029":0.0,"04-2029":0.0,"06-2029":0.0,"08-2029":0.0,"10-2029":0.0,"12-2029":0.0,"02-2030":0.0,"04-2030":0.0,"06-2030":0.0,"08-2030":0.0,"10-2030":0.0,"12-2030":0.0},"percentile_25":{"02-2020":0.0342860861,"04-2020":0.0352425181,"06-2020":0.0367365151,"08-2020":0.0382910789,"10-2020":0.0377027712,"12-2020":0.0386733716,"02-2021":0.0347742152,"04-2021":0.0310982415,"06-2021":0.02866636,"08-2021":0.0232131497,"10-2021":0.0171251561,"12-2021":0.0119880478,"02-2022":0.0099222046,"04-2022":0.0040465331,"06-2022":0.0036231884,"08-2022":0.0,"10-2022":0.0,"12-2022":0.0,"02-2023":0.0,"04-2023":0.0,"06-2023":0.0,"08-2023":0.0,"10-2023":0.0,"12-2023":0.0,"02-2024":0.0,"04-2024":0.0,"06-2024":0.0,"08-2024":0.0,"10-2024":0.0,"12-2024":0.0,"02-2025":0.0,"04-2025":0.0,"06-2025":0.0,"08-2025":0.0,"10-2025":0.0,"12-2025":0.0,"02-2026":0.0,"04-2026":0.0,"06-2026":0.0,"08-2026":0.0,"10-2026":0.0,"12-2026":0.0,"02-2027":0.0,"04-2027":0.0,"06-2027":0.0,"08-2027":0.0,"10-2027":0.0,"12-2027":0.0,"02-2028":0.0,"04-2028":0.0,"06-2028":0.0,"08-2028":0.0,"10-2028":0.0,"12-2028":0.0,"02-2029":0.0,"04-2029":0.0,"06-2029":0.0,"08-2029":0.0,"10-2029":0.0,"12-2029":0.0,"02-2030":0.0,"04-2030":0.0,"06-2030":0.0,"08-2030":0.0,"10-2030":0.0,"12-2030":0.0},"percentile_75":{"02-2020":0.1127998639,"04-2020":0.1317111685,"06-2020":0.1621398366,"08-2020":0.1688396085,"10-2020":0.1749423584,"12-2020":0.2020249733,"02-2021":0.2076888858,"04-2021":0.2031405627,"06-2021":0.2025035926,"08-2021":0.1946761915,"10-2021":0.1702702703,"12-2021":0.1446887601,"02-2022":0.1269287535,"04-2022":0.119178104,"06-2022":0.1185826772,"08-2022":0.1126302083,"10-2022":0.1004424779,"12-2022":0.0990034094,"02-2023":0.0936238162,"04-2023":0.0883835189,"06-2023":0.0875393511,"08-2023":0.0762124994,"10-2023":0.0792435732,"12-2023":0.0792953187,"02-2024":0.0768592058,"04-2024":0.0723127524,"06-2024":0.0760036776,"08-2024":0.0671792432,"10-2024":0.0660557155,"12-2024":0.0672727273,"02-2025":0.0667554745,"04-2025":0.0658047352,"06-2025":0.0656494452,"08-2025":0.0629937521,"10-2025":0.0625408764,"12-2025":0.0534618605,"02-2026":0.0528637488,"04-2026":0.0561072756,"06-2026":0.0520467836,"08-2026":0.0495661755,"10-2026":0.0512904324,"12-2026":0.0478865704,"02-2027":0.0479545455,"04-2027":0.0497055408,"06-2027":0.0349104599,"08-2027":0.0458578677,"10-2027":0.0500912131,"12-2027":0.0734711173,"02-2028":0.0779593412,"04-2028":0.0941607027,"06-2028":0.1176229508,"08-2028":0.1603314707,"10-2028":0.2107777991,"12-2028":0.2921407379,"02-2029":0.4021126761,"04-2029":0.4748171543,"06-2029":0.575985292,"08-2029":0.6417836286,"10-2029":0.6324041812,"12-2029":0.6303833645,"02-2030":0.6263604816,"04-2030":0.5979935471,"06-2030":0.5750660047,"08-2030":0.5960081585,"10-2030":0.5992757695,"12-2030":0.5800252299}}