{"median":{"02-2020":0.0609857807,"04-2020":0.056712599,"06-2020":0.0550887021,"08-2020":0.0509874492,"10-2020":0.047134562,"12-2020":0.0437956204,"02-2021":0.0422689622,"04-2021":0.039540635,"06-2021":0.0322963735,"08-2021":0.0302588303,"10-2021":0.0251486295,"12-2021":0.0199639772,"02-2022":0.018052623,"04-2022":0.0164634146,"06-2022":0.0116054593,"08-2022":0.008000128,"10-2022":0.0039762846,"12-2022":0.0038096482,"02-2023":0.0017921147,"04-2023":0.0017921147,"06-2023":0.0,"08-2023":0.0,"10-2023":0.0,"12-2023":0.0,"02-2024":0.0,"04-2024":0.0,"06-2024":0.0,"08-2024":0.0,"10-2024":0.0,"12-2024":0.0,"02-2025":0.0,"04-2025":0.0,"06-2025":0.0,"08-2025":0.0,"10-2025":0.0,"12-2025":0.0,"02-2026":0.0,"04-2026":0.0,"06-2026":0.0,"08-2026":0.0,"10-2026":0.0,"12-2026":0.0,"02-2027":0.0,"04-2027":0.0,"06-2027":0.0,"08-2027":0.0,"10-2027":0.0,"12-2027":0.0,"02-2028":0.0,"04-2028":0.0,"06-2028":0.0,"08-2028":0.0,"10-2028":0.0,"12-2028":0.0,"02-2029":0.0,"04-2029":0.0,"06-2029":0.0,"08-2029":0.0,"10-2029":0.0,"12-2029":0.0,"02-2030":0.0,"04-2030":0.0,"06-2030":0.0,"08-2030":0.0,"10-2030":0.0,"12-2030":0.0},"percentile_25":{"02-2020":0.0318784867,"04-2020":0.0297753698,"06-2020":0.0299093322,"08-2020":0.0242215367,"10-2020":0.024291498,"12-2020":0.0201827824,"02-2021":0.0159047604,"04-2021":0.0120846288,"06-2021":0.0079685039,"08-2021":0.0039101687,"10-2021":0.0035854469,"12-2021":0.0,"02-2022":0.0,"04-2022":0.0,"06-2022":0.0,"08-2022":0.0,"10-2022":0.0,"12-2022":0.0,"02-2023":0.0,"04-2023":0.0,"06-2023":0.0,"08-2023":0.0,"10-2023":0.0,"12-2023":0.0,"02-2024":0.0,"04-2024":0.0,"06-2024":0.0,"08-2024":0.0,"10-2024":0.0,"12-2024":0.0,"02-2025":0.0,"04-2025":0.0,"06-2025":0.0,"08-2025":0.0,"10-2025":0.0,"12-2025":0.0,"02-2026":0.0,"04-2026":0.0,"06-2026":0.0,"08-2026":0.0,"10-2026":0.0,"12-2026":0.0,"02-2027":0.0,"04-2027":0.0,"06-2027":0.0,"08-2027":0.0,"10-2027":0.0,"12-2027":0.0,"02-2028":0.0,"04-2028":0.0,"06-2028":0.0,"08-2028":0.0,"10-2028":0.0,"12-2028":0.0,"02-2029":0.0,"04-2029":0.0,"06-2029":0.0,"08-2029":0.0,"10-2029":0.0,"12-2029":0.0,"02-2030":0.0,"04-2030":0.0,"06-2030":0.0,"08-2030":0.0,"10-2030":0.0,"12-2030":0.0},"percentile_75":{"02-2020":0.0978484867,"04-2020":0.0996203928,"06-2020":0.1078838174,"08-2020":0.1089607635,"10-2020":0.1078629032,"12-2020":0.1074253565,"02-2021":0.1058772579,"04-2021":0.1007997794,"06-2021":0.0953749316,"08-2021":0.0884654949,"10-2021":0.0795357296,"12-2021":0.0745792861,"02-2022":0.0711371961,"04-2022":0.0802760025,"06-2022":0.0892618988,"08-2022":0.1017116429,"10-2022":0.1206806435,"12-2022":0.1569892473,"02-2023":0.1991486591,"04-2023":0.2441400473,"06-2023":0.3058564918,"08-2023":0.4060449268,"10-2023":0.476462587,"12-2023":0.5583464258,"02-2024":0.6525271111,"04-2024":0.6733235034,"06-2024":0.6842646898,"08-2024":0.6800717861,"10-2024":0.6904584882,"12-2024":0.6707916203,"02-2025":0.6534530922,"04-2025":0.6432539683,"06-2025":0.6419520844,"08-2025":0.6282103271,"10-2025":0.631084751,"12-2025":0.6196554629,"02-2026":0.6081855876,"04-2026":0.5980153377,"06-2026":0.5917751794,"08-2026":0.5772058824,"10-2026":0.5664279337,"12-2026":0.5537444402,"02-2027":0.5432462275,"04-2027":0.5373858161,"06-2027":0.5207681018,"08-2027":0.5182331594,"10-2027":0.5107232367,"12-2027":0.5118423979,"02-2028":0.4980400853,"04-2028":0.4897671721,"06-2028":0.4817702102,"08-2028":0.4623287671,"10-2028":0.4522561354,"12-2028":0.461233428,"02-2029":0.4565667045,"04-2029":0.4525997899,"06-2029":0.4358872621,"08-2029":0.4288292935,"10-2029":0.4218852153,"12-2029":0.4312094414,"02-2030":0.4319322259,"04-2030":0.4386396281,"06-2030":0.435527152,"08-2030":0.4365765806,"10-2030":0.4229869348,"12-2030":0.4194794186}}