{"median":{"02-2020":0.065166107,"04-2020":0.0700431524,"06-2020":0.0773470434,"08-2020":0.0789993759,"10-2020":0.0823170732,"12-2020":0.0897971448,"02-2021":0.0866283863,"04-2021":0.0856215966,"06-2021":0.0845871041,"08-2021":0.0778221899,"10-2021":0.0710960713,"12-2021":0.0653095075,"02-2022":0.054370777,"04-2022":0.0476124738,"06-2022":0.036235054,"08-2022":0.0301404853,"10-2022":0.0280600786,"12-2022":0.0222225271,"02-2023":0.0195458641,"04-2023":0.0171023965,"06-2023":0.0147066775,"08-2023":0.0116075438,"10-2023":0.0091391269,"12-2023":0.0092566873,"02-2024":0.0072202166,"04-2024":0.0039163492,"06-2024":0.0018115942,"08-2024":0.0,"10-2024":0.0,"12-2024":0.0,"02-2025":0.0,"04-2025":0.0,"06-2025":0.0,"08-2025":0.0,"10-2025":0.0,"12-2025":0.0,"02-2026":0.0,"04-2026":0.0,"06-2026":0.0,"08-2026":0.0,"10-2026":0.0,"12-2026":0.0,"02-2027":0.0,"04-2027":0.0,"06-2027":0.0,"08-2027":0.0,"10-2027":0.0,"12-2027":0.0,"02-2028":0.0,"04-2028":0.0,"06-2028":0.0,"08-2028":0.0,"10-2028":0.0,"12-2028":0.0,"02-2029":0.0,"04-2029":0.0,"06-2029":0.0,"08-2029":0.0,"10-2029":0.0,"12-2029":0.0,"02-2030":0.0,"04-2030":0.0,"06-2030":0.0,"08-2030":0.0,"10-2030":0.0,"12-2030":0.0},"percentile_25":{"02-2020":0.0342860861,"04-2020":0.0352425181,"06-2020":0.0367365151,"08-2020":0.0382910789,"10-2020":0.0377027712,"12-2020":0.0386733716,"02-2021":0.0347742152,"04-2021":0.0310982415,"06-2021":0.02866636,"08-2021":0.0232131497,"10-2021":0.0171251561,"12-2021":0.0119880478,"02-2022":0.0099222046,"04-2022":0.0040465331,"06-2022":0.0036231884,"08-2022":0.0,"10-2022":0.0,"12-2022":0.0,"02-2023":0.0,"04-2023":0.0,"06-2023":0.0,"08-2023":0.0,"10-2023":0.0,"12-2023":0.0,"02-2024":0.0,"04-2024":0.0,"06-2024":0.0,"08-2024":0.0,"10-2024":0.0,"12-2024":0.0,"02-2025":0.0,"04-2025":0.0,"06-2025":0.0,"08-2025":0.0,"10-2025":0.0,"12-2025":0.0,"02-2026":0.0,"04-2026":0.0,"06-2026":0.0,"08-2026":0.0,"10-2026":0.0,"12-2026":0.0,"02-2027":0.0,"04-2027":0.0,"06-2027":0.0,"08-2027":0.0,"10-2027":0.0,"12-2027":0.0,"02-2028":0.0,"04-2028":0.0,"06-2028":0.0,"08-2028":0.0,"10-2028":0.0,"12-2028":0.0,"02-2029":0.0,"04-2029":0.0,"06-2029":0.0,"08-2029":0.0,"10-2029":0.0,"12-2029":0.0,"02-2030":0.0,"04-2030":0.0,"06-2030":0.0,"08-2030":0.0,"10-2030":0.0,"12-2030":0.0},"percentile_75":{"02-2020":0.1127998639,"04-2020":0.1317111685,"06-2020":0.1621398366,"08-2020":0.1688396085,"10-2020":0.1749423584,"12-2020":0.2020249733,"02-2021":0.2076888858,"04-2021":0.2031405627,"06-2021":0.2025035926,"08-2021":0.1946761915,"10-2021":0.1702702703,"12-2021":0.1446887601,"02-2022":0.1269287535,"04-2022":0.119178104,"06-2022":0.1185826772,"08-2022":0.1126302083,"10-2022":0.1004424779,"12-2022":0.0990034094,"02-2023":0.0936238162,"04-2023":0.0883835189,"06-2023":0.0875393511,"08-2023":0.0762124994,"10-2023":0.0792435732,"12-2023":0.0792953187,"02-2024":0.0793794052,"04-2024":0.0922690976,"06-2024":0.1060479686,"08-2024":0.1247028986,"10-2024":0.1708884801,"12-2024":0.2196213216,"02-2025":0.2937335055,"04-2025":0.3607884219,"06-2025":0.4443567132,"08-2025":0.5526509573,"10-2025":0.6193181818,"12-2025":0.6436889699,"02-2026":0.6576081007,"04-2026":0.6474164912,"06-2026":0.6709059233,"08-2026":0.6578664294,"10-2026":0.6445423412,"12-2026":0.6409611082,"02-2027":0.6365561179,"04-2027":0.6148633698,"06-2027":0.6135488635,"08-2027":0.6251374705,"10-2027":0.6129341243,"12-2027":0.6009259259,"02-2028":0.578797654,"04-2028":0.5809850863,"06-2028":0.56352657,"08-2028":0.5556628057,"10-2028":0.5409774436,"12-2028":0.5324420876,"02-2029":0.5305857794,"04-2029":0.5272003647,"06-2029":0.5154539404,"08-2029":0.5050326106,"10-2029":0.5041446372,"12-2029":0.5077806122,"02-2030":0.4982173175,"04-2030":0.4846117954,"06-2030":0.4832477085,"08-2030":0.4739390289,"10-2030":0.4639986178,"12-2030":0.4516180864}}