{"median":{"02-2020":0.0609857807,"04-2020":0.056712599,"06-2020":0.0550887021,"08-2020":0.0509874492,"10-2020":0.047134562,"12-2020":0.0437956204,"02-2021":0.0422689622,"04-2021":0.039540635,"06-2021":0.0316225295,"08-2021":0.0280562249,"10-2021":0.024917287,"12-2021":0.0269870747,"02-2022":0.02317466,"04-2022":0.0286678404,"06-2022":0.031711146,"08-2022":0.0358247019,"10-2022":0.0478835979,"12-2022":0.0577345074,"02-2023":0.0725194553,"04-2023":0.0844683282,"06-2023":0.0970705275,"08-2023":0.1112252964,"10-2023":0.1239222874,"12-2023":0.1489479513,"02-2024":0.1788715309,"04-2024":0.1962228808,"06-2024":0.2622893165,"08-2024":0.3234177586,"10-2024":0.3726833553,"12-2024":0.4407055792,"02-2025":0.4886339598,"04-2025":0.5055086035,"06-2025":0.5077037037,"08-2025":0.5096188748,"10-2025":0.5034722222,"12-2025":0.4840678682,"02-2026":0.4699976094,"04-2026":0.4734722594,"06-2026":0.4568844776,"08-2026":0.4678434592,"10-2026":0.4575883339,"12-2026":0.4405520774,"02-2027":0.4381744604,"04-2027":0.4214095745,"06-2027":0.4358213385,"08-2027":0.4236353539,"10-2027":0.417934613,"12-2027":0.4169901284,"02-2028":0.3954287126,"04-2028":0.3973006993,"06-2028":0.4003484321,"08-2028":0.3887623983,"10-2028":0.3793422758,"12-2028":0.3747637747,"02-2029":0.3720406388,"04-2029":0.3540501008,"06-2029":0.3455353952,"08-2029":0.3474462366,"10-2029":0.3499567421,"12-2029":0.3458185053,"02-2030":0.3629826555,"04-2030":0.3704652155,"06-2030":0.3658503919,"08-2030":0.355861268,"10-2030":0.3552606233,"12-2030":0.3424887291},"percentile_25":{"02-2020":0.0318784867,"04-2020":0.0297753698,"06-2020":0.0299093322,"08-2020":0.0242215367,"10-2020":0.024291498,"12-2020":0.0201827824,"02-2021":0.0159047604,"04-2021":0.0120846288,"06-2021":0.0079011407,"08-2021":0.0038610039,"10-2021":0.0036213786,"12-2021":0.0,"02-2022":0.0,"04-2022":0.0,"06-2022":0.0,"08-2022":0.0,"10-2022":0.0,"12-2022":0.0,"02-2023":0.0,"04-2023":0.0,"06-2023":0.0,"08-2023":0.0,"10-2023":0.0,"12-2023":0.0,"02-2024":0.0,"04-2024":0.0,"06-2024":0.0,"08-2024":0.0,"10-2024":0.0,"12-2024":0.0,"02-2025":0.0,"04-2025":0.0,"06-2025":0.0,"08-2025":0.0,"10-2025":0.0,"12-2025":0.0,"02-2026":0.0,"04-2026":0.0,"06-2026":0.0,"08-2026":0.0,"10-2026":0.0,"12-2026":0.0,"02-2027":0.0,"04-2027":0.0,"06-2027":0.0,"08-2027":0.0,"10-2027":0.0,"12-2027":0.0,"02-2028":0.0,"04-2028":0.0,"06-2028":0.0,"08-2028":0.0,"10-2028":0.0,"12-2028":0.0,"02-2029":0.0,"04-2029":0.0,"06-2029":0.0,"08-2029":0.0,"10-2029":0.0,"12-2029":0.0,"02-2030":0.0,"04-2030":0.0,"06-2030":0.0,"08-2030":0.0,"10-2030":0.0,"12-2030":0.0},"percentile_75":{"02-2020":0.0978484867,"04-2020":0.0996203928,"06-2020":0.1078838174,"08-2020":0.1089607635,"10-2020":0.1078629032,"12-2020":0.1074253565,"02-2021":0.1058772579,"04-2021":0.1007997794,"06-2021":0.0960297936,"08-2021":0.0943524938,"10-2021":0.0984256773,"12-2021":0.1070465686,"02-2022":0.1218623912,"04-2022":0.1496147531,"06-2022":0.1963985387,"08-2022":0.2623298951,"10-2022":0.3064704072,"12-2022":0.368323103,"02-2023":0.4770408163,"04-2023":0.5644221091,"06-2023":0.6559989481,"08-2023":0.7058842026,"10-2023":0.7092642891,"12-2023":0.7213918944,"02-2024":0.7065550507,"04-2024":0.6891334001,"06-2024":0.6704613095,"08-2024":0.6684365837,"10-2024":0.6669351405,"12-2024":0.6624612719,"02-2025":0.6580340207,"04-2025":0.6524516027,"06-2025":0.6482003989,"08-2025":0.6296207113,"10-2025":0.615865636,"12-2025":0.5988847584,"02-2026":0.5986113572,"04-2026":0.5900024341,"06-2026":0.568862484,"08-2026":0.5554662277,"10-2026":0.5524178225,"12-2026":0.5409365409,"02-2027":0.5331495098,"04-2027":0.5250038826,"06-2027":0.5197132616,"08-2027":0.5059270435,"10-2027":0.5062696891,"12-2027":0.5057309689,"02-2028":0.4857526882,"04-2028":0.4825508361,"06-2028":0.4800716846,"08-2028":0.4642147918,"10-2028":0.4590042373,"12-2028":0.4513618677,"02-2029":0.4496188446,"04-2029":0.4366043466,"06-2029":0.4345018568,"08-2029":0.4265089733,"10-2029":0.4296735242,"12-2029":0.4345324404,"02-2030":0.4317199248,"04-2030":0.4419564049,"06-2030":0.4348171153,"08-2030":0.4295838206,"10-2030":0.4321676885,"12-2030":0.4188977636}}