{"median":{"02-2020":0.0609857807,"04-2020":0.056712599,"06-2020":0.0550887021,"08-2020":0.0509874492,"10-2020":0.047134562,"12-2020":0.0437956204,"02-2021":0.0429971989,"04-2021":0.0424735751,"06-2021":0.0433868093,"08-2021":0.0473374623,"10-2021":0.0571771491,"12-2021":0.0677688322,"02-2022":0.0802139037,"04-2022":0.095858493,"06-2022":0.1166604931,"08-2022":0.1301478599,"10-2022":0.1444998745,"12-2022":0.1662987829,"02-2023":0.2027235808,"04-2023":0.2364419355,"06-2023":0.2682164415,"08-2023":0.3046104418,"10-2023":0.3636272401,"12-2023":0.4151155944,"02-2024":0.4712585912,"04-2024":0.5201843972,"06-2024":0.5595735223,"08-2024":0.561405642,"10-2024":0.5622417355,"12-2024":0.5640967153,"02-2025":0.5576335614,"04-2025":0.5445897504,"06-2025":0.5331397017,"08-2025":0.5277141816,"10-2025":0.5244364356,"12-2025":0.5094425678,"02-2026":0.5077087287,"04-2026":0.4946095571,"06-2026":0.4889086324,"08-2026":0.4796226415,"10-2026":0.4748149299,"12-2026":0.4551948302,"02-2027":0.4595947864,"04-2027":0.4529251615,"06-2027":0.455804258,"08-2027":0.4344933692,"10-2027":0.4311610861,"12-2027":0.4228888186,"02-2028":0.4151043384,"04-2028":0.4103277675,"06-2028":0.4038836592,"08-2028":0.3922251714,"10-2028":0.3939393939,"12-2028":0.3874647369,"02-2029":0.3882074264,"04-2029":0.3764442991,"06-2029":0.3691922113,"08-2029":0.3734205776,"10-2029":0.3757352941,"12-2029":0.384622213,"02-2030":0.3862546083,"04-2030":0.3886890488,"06-2030":0.3958748065,"08-2030":0.3889329166,"10-2030":0.3797259789,"12-2030":0.3693704821},"percentile_25":{"02-2020":0.0318784867,"04-2020":0.0297753698,"06-2020":0.0299093322,"08-2020":0.0242215367,"10-2020":0.024291498,"12-2020":0.0201827824,"02-2021":0.0160967742,"04-2021":0.0123991935,"06-2021":0.0077220077,"08-2021":0.0040001905,"10-2021":0.0037700383,"12-2021":0.0,"02-2022":0.0,"04-2022":0.0,"06-2022":0.0,"08-2022":0.0,"10-2022":0.0,"12-2022":0.0,"02-2023":0.0,"04-2023":0.0,"06-2023":0.0,"08-2023":0.0,"10-2023":0.0,"12-2023":0.0,"02-2024":0.0,"04-2024":0.0,"06-2024":0.0,"08-2024":0.0,"10-2024":0.0,"12-2024":0.0,"02-2025":0.0,"04-2025":0.0,"06-2025":0.0,"08-2025":0.0,"10-2025":0.0,"12-2025":0.0,"02-2026":0.0,"04-2026":0.0,"06-2026":0.0,"08-2026":0.0,"10-2026":0.0,"12-2026":0.0,"02-2027":0.0,"04-2027":0.0,"06-2027":0.0,"08-2027":0.0,"10-2027":0.0,"12-2027":0.0,"02-2028":0.0,"04-2028":0.0,"06-2028":0.0,"08-2028":0.0,"10-2028":0.0,"12-2028":0.0,"02-2029":0.0,"04-2029":0.0,"06-2029":0.0,"08-2029":0.0,"10-2029":0.0,"12-2029":0.0,"02-2030":0.0,"04-2030":0.0,"06-2030":0.0,"08-2030":0.0,"10-2030":0.0,"12-2030":0.0},"percentile_75":{"02-2020":0.0978484867,"04-2020":0.0996203928,"06-2020":0.1078838174,"08-2020":0.1089607635,"10-2020":0.1078629032,"12-2020":0.1074253565,"02-2021":0.1119795727,"04-2021":0.1133754113,"06-2021":0.1206177208,"08-2021":0.140557086,"10-2021":0.1647953728,"12-2021":0.1954143426,"02-2022":0.2482153193,"04-2022":0.3055829228,"06-2022":0.3923016322,"08-2022":0.4984939759,"10-2022":0.5936940244,"12-2022":0.6991821447,"02-2023":0.716576006,"04-2023":0.719624069,"06-2023":0.7294601401,"08-2023":0.7290404563,"10-2023":0.7227690289,"12-2023":0.7018770703,"02-2024":0.6930745915,"04-2024":0.6802687987,"06-2024":0.6660584181,"08-2024":0.6591535677,"10-2024":0.6593648139,"12-2024":0.6574496635,"02-2025":0.646096194,"04-2025":0.6209459066,"06-2025":0.6135235732,"08-2025":0.6104889961,"10-2025":0.5890380078,"12-2025":0.5804112858,"02-2026":0.5731876038,"04-2026":0.5727167897,"06-2026":0.5565901505,"08-2026":0.5463917526,"10-2026":0.5429717293,"12-2026":0.5313303718,"02-2027":0.5234730074,"04-2027":0.5170428713,"06-2027":0.5144754129,"08-2027":0.500862069,"10-2027":0.4907239819,"12-2027":0.4880541963,"02-2028":0.4771178317,"04-2028":0.4766992721,"06-2028":0.467507764,"08-2028":0.4558692204,"10-2028":0.4594557096,"12-2028":0.4484375,"02-2029":0.4380579844,"04-2029":0.4348885101,"06-2029":0.43,"08-2029":0.4293170431,"10-2029":0.4385457211,"12-2029":0.443624479,"02-2030":0.4446472019,"04-2030":0.4513381839,"06-2030":0.442274545,"08-2030":0.4419588593,"10-2030":0.4423579469,"12-2030":0.4291763571}}