{"median":{"02-2020":0.065166107,"04-2020":0.0700431524,"06-2020":0.0773470434,"08-2020":0.0789993759,"10-2020":0.0823170732,"12-2020":0.0897971448,"02-2021":0.0866283863,"04-2021":0.0856215966,"06-2021":0.0845871041,"08-2021":0.0778221899,"10-2021":0.0710960713,"12-2021":0.0653095075,"02-2022":0.0560547795,"04-2022":0.05088238,"06-2022":0.0451901358,"08-2022":0.0542766124,"10-2022":0.0550117342,"12-2022":0.0604480907,"02-2023":0.0787453875,"04-2023":0.0914441095,"06-2023":0.1182712404,"08-2023":0.1494482566,"10-2023":0.1858077617,"12-2023":0.2378324613,"02-2024":0.3005376344,"04-2024":0.3326997792,"06-2024":0.3871171923,"08-2024":0.4401065449,"10-2024":0.5018374039,"12-2024":0.5478927203,"02-2025":0.5749327957,"04-2025":0.5774505532,"06-2025":0.5755867449,"08-2025":0.5540935673,"10-2025":0.5584485322,"12-2025":0.5614950839,"02-2026":0.5512243878,"04-2026":0.5525424396,"06-2026":0.5384566632,"08-2026":0.537782006,"10-2026":0.5316722724,"12-2026":0.5196927453,"02-2027":0.5123699624,"04-2027":0.5018656716,"06-2027":0.4844560202,"08-2027":0.4758040367,"10-2027":0.4709087062,"12-2027":0.4563825424,"02-2028":0.4593593594,"04-2028":0.4535515135,"06-2028":0.4425646919,"08-2028":0.4404022479,"10-2028":0.4259348199,"12-2028":0.4191113816,"02-2029":0.4165300546,"04-2029":0.4111532109,"06-2029":0.4066856859,"08-2029":0.3986062718,"10-2029":0.4035757071,"12-2029":0.4124513619,"02-2030":0.4114921164,"04-2030":0.4220086729,"06-2030":0.4174031477,"08-2030":0.4095590977,"10-2030":0.394695602,"12-2030":0.3827602972},"percentile_25":{"02-2020":0.0342860861,"04-2020":0.0352425181,"06-2020":0.0367365151,"08-2020":0.0382910789,"10-2020":0.0377027712,"12-2020":0.0386733716,"02-2021":0.0347742152,"04-2021":0.0310982415,"06-2021":0.02866636,"08-2021":0.0232131497,"10-2021":0.0171251561,"12-2021":0.0119880478,"02-2022":0.0110051573,"04-2022":0.0061451764,"06-2022":0.0036803049,"08-2022":0.0035026591,"10-2022":0.0,"12-2022":0.0,"02-2023":0.0,"04-2023":0.0,"06-2023":0.0,"08-2023":0.0,"10-2023":0.0,"12-2023":0.0,"02-2024":0.0,"04-2024":0.0,"06-2024":0.0,"08-2024":0.0,"10-2024":0.0,"12-2024":0.0,"02-2025":0.0,"04-2025":0.0,"06-2025":0.0,"08-2025":0.0,"10-2025":0.0,"12-2025":0.0,"02-2026":0.0,"04-2026":0.0,"06-2026":0.0,"08-2026":0.0,"10-2026":0.0,"12-2026":0.0,"02-2027":0.0,"04-2027":0.0,"06-2027":0.0,"08-2027":0.0,"10-2027":0.0,"12-2027":0.0,"02-2028":0.0,"04-2028":0.0,"06-2028":0.0,"08-2028":0.0,"10-2028":0.0,"12-2028":0.0,"02-2029":0.0,"04-2029":0.0,"06-2029":0.0,"08-2029":0.0,"10-2029":0.0,"12-2029":0.0,"02-2030":0.0,"04-2030":0.0,"06-2030":0.0,"08-2030":0.0,"10-2030":0.0,"12-2030":0.0},"percentile_75":{"02-2020":0.1127998639,"04-2020":0.1317111685,"06-2020":0.1621398366,"08-2020":0.1688396085,"10-2020":0.1749423584,"12-2020":0.2020249733,"02-2021":0.2076888858,"04-2021":0.2031405627,"06-2021":0.2025035926,"08-2021":0.1946761915,"10-2021":0.1702702703,"12-2021":0.1446887601,"02-2022":0.1424336533,"04-2022":0.1410913867,"06-2022":0.1698101062,"08-2022":0.1886561602,"10-2022":0.223123255,"12-2022":0.2795168067,"02-2023":0.3675089765,"04-2023":0.4363271852,"06-2023":0.5259175432,"08-2023":0.616356982,"10-2023":0.677743231,"12-2023":0.7138767721,"02-2024":0.7031423034,"04-2024":0.6981954315,"06-2024":0.6905670665,"08-2024":0.6859803582,"10-2024":0.6843139886,"12-2024":0.68301516,"02-2025":0.6734981685,"04-2025":0.6683300168,"06-2025":0.6488880613,"08-2025":0.6554526324,"10-2025":0.635061156,"12-2025":0.6399369459,"02-2026":0.6248279885,"04-2026":0.6136788049,"06-2026":0.6162515763,"08-2026":0.6133190118,"10-2026":0.6083796725,"12-2026":0.5954851752,"02-2027":0.5707233049,"04-2027":0.5606331169,"06-2027":0.5526527849,"08-2027":0.5435801312,"10-2027":0.5488629526,"12-2027":0.5372253514,"02-2028":0.5301218505,"04-2028":0.5148231032,"06-2028":0.5095057034,"08-2028":0.5036184211,"10-2028":0.491445995,"12-2028":0.4811254941,"02-2029":0.4737752686,"04-2029":0.469184594,"06-2029":0.4569309447,"08-2029":0.4605488739,"10-2029":0.4641106443,"12-2029":0.4659721784,"02-2030":0.4647101943,"04-2030":0.4736986268,"06-2030":0.4688681631,"08-2030":0.4590771099,"10-2030":0.4474609246,"12-2030":0.4403742697}}