{"median":{"02-2020":0.065166107,"04-2020":0.0700431524,"06-2020":0.0773470434,"08-2020":0.0789993759,"10-2020":0.0823170732,"12-2020":0.0897971448,"02-2021":0.0866283863,"04-2021":0.0856215966,"06-2021":0.0845871041,"08-2021":0.0778221899,"10-2021":0.0710960713,"12-2021":0.0653095075,"02-2022":0.054370777,"04-2022":0.0476124738,"06-2022":0.036235054,"08-2022":0.0301404853,"10-2022":0.0280600786,"12-2022":0.0222225271,"02-2023":0.0223060658,"04-2023":0.0173283582,"06-2023":0.0165666267,"08-2023":0.0200962035,"10-2023":0.0234474983,"12-2023":0.0234389278,"02-2024":0.0291572949,"04-2024":0.0359270242,"06-2024":0.0384835165,"08-2024":0.0375975325,"10-2024":0.0418741315,"12-2024":0.050839274,"02-2025":0.0592592593,"04-2025":0.0755100933,"06-2025":0.093427456,"08-2025":0.1174787223,"10-2025":0.1297445255,"12-2025":0.140195416,"02-2026":0.1673053024,"04-2026":0.2046237278,"06-2026":0.2430005485,"08-2026":0.3026849037,"10-2026":0.3316707158,"12-2026":0.3888784461,"02-2027":0.4271577323,"04-2027":0.4554975624,"06-2027":0.4714496961,"08-2027":0.4669428286,"10-2027":0.4527051895,"12-2027":0.4572640938,"02-2028":0.4275075415,"04-2028":0.4394568852,"06-2028":0.419657565,"08-2028":0.4063758154,"10-2028":0.3796992481,"12-2028":0.3602667701,"02-2029":0.3675147445,"04-2029":0.3570754312,"06-2029":0.3589154141,"08-2029":0.3554385965,"10-2029":0.3737743288,"12-2029":0.377682429,"02-2030":0.362323601,"04-2030":0.3650771937,"06-2030":0.3713350396,"08-2030":0.3555997936,"10-2030":0.3461538462,"12-2030":0.3441775128},"percentile_25":{"02-2020":0.0342860861,"04-2020":0.0352425181,"06-2020":0.0367365151,"08-2020":0.0382910789,"10-2020":0.0377027712,"12-2020":0.0386733716,"02-2021":0.0347742152,"04-2021":0.0310982415,"06-2021":0.02866636,"08-2021":0.0232131497,"10-2021":0.0171251561,"12-2021":0.0119880478,"02-2022":0.0099222046,"04-2022":0.0040465331,"06-2022":0.0036231884,"08-2022":0.0,"10-2022":0.0,"12-2022":0.0,"02-2023":0.0,"04-2023":0.0,"06-2023":0.0,"08-2023":0.0,"10-2023":0.0,"12-2023":0.0,"02-2024":0.0,"04-2024":0.0,"06-2024":0.0,"08-2024":0.0,"10-2024":0.0,"12-2024":0.0,"02-2025":0.0,"04-2025":0.0,"06-2025":0.0,"08-2025":0.0,"10-2025":0.0,"12-2025":0.0,"02-2026":0.0,"04-2026":0.0,"06-2026":0.0,"08-2026":0.0,"10-2026":0.0,"12-2026":0.0,"02-2027":0.0,"04-2027":0.0,"06-2027":0.0,"08-2027":0.0,"10-2027":0.0,"12-2027":0.0,"02-2028":0.0,"04-2028":0.0,"06-2028":0.0,"08-2028":0.0,"10-2028":0.0,"12-2028":0.0,"02-2029":0.0,"04-2029":0.0,"06-2029":0.0,"08-2029":0.0,"10-2029":0.0,"12-2029":0.0,"02-2030":0.0,"04-2030":0.0,"06-2030":0.0,"08-2030":0.0,"10-2030":0.0,"12-2030":0.0},"percentile_75":{"02-2020":0.1127998639,"04-2020":0.1317111685,"06-2020":0.1621398366,"08-2020":0.1688396085,"10-2020":0.1749423584,"12-2020":0.2020249733,"02-2021":0.2076888858,"04-2021":0.2031405627,"06-2021":0.2025035926,"08-2021":0.1946761915,"10-2021":0.1702702703,"12-2021":0.1446887601,"02-2022":0.1269287535,"04-2022":0.119178104,"06-2022":0.1185826772,"08-2022":0.1126302083,"10-2022":0.1004424779,"12-2022":0.0990034094,"02-2023":0.0987606286,"04-2023":0.108793904,"06-2023":0.1249947394,"08-2023":0.1486205043,"10-2023":0.1741447833,"12-2023":0.2394332445,"02-2024":0.2813133572,"04-2024":0.34592216,"06-2024":0.4444628716,"08-2024":0.5543565148,"10-2024":0.6382621496,"12-2024":0.6892301038,"02-2025":0.6897902894,"04-2025":0.6868946133,"06-2025":0.7034191238,"08-2025":0.6879315727,"10-2025":0.6880387931,"12-2025":0.6672597865,"02-2026":0.6695267541,"04-2026":0.6578914622,"06-2026":0.6470115112,"08-2026":0.6286987486,"10-2026":0.6167406343,"12-2026":0.6175235799,"02-2027":0.6105369243,"04-2027":0.592245614,"06-2027":0.5879156529,"08-2027":0.5664918415,"10-2027":0.5645814296,"12-2027":0.5656734425,"02-2028":0.5530055332,"04-2028":0.5508763838,"06-2028":0.536716377,"08-2028":0.5163584192,"10-2028":0.4990809191,"12-2028":0.5021965885,"02-2029":0.4930141844,"04-2029":0.487451148,"06-2029":0.4815444875,"08-2029":0.4723173516,"10-2029":0.4699925561,"12-2029":0.4689094388,"02-2030":0.4636957274,"04-2030":0.4627282492,"06-2030":0.4683833238,"08-2030":0.4507356791,"10-2030":0.4432672938,"12-2030":0.4359010112}}