{"median":{"02-2020":0.0609857807,"04-2020":0.056712599,"06-2020":0.0550887021,"08-2020":0.0509874492,"10-2020":0.047134562,"12-2020":0.0437956204,"02-2021":0.0422689622,"04-2021":0.039540635,"06-2021":0.0322963735,"08-2021":0.0302588303,"10-2021":0.0251486295,"12-2021":0.0199639772,"02-2022":0.0181995182,"04-2022":0.0162009707,"06-2022":0.0115384615,"08-2022":0.0082667213,"10-2022":0.0038998358,"12-2022":0.0,"02-2023":0.0,"04-2023":0.0,"06-2023":0.0,"08-2023":0.0,"10-2023":0.0,"12-2023":0.0,"02-2024":0.0,"04-2024":0.0,"06-2024":0.0,"08-2024":0.0,"10-2024":0.0,"12-2024":0.0,"02-2025":0.0,"04-2025":0.0,"06-2025":0.0,"08-2025":0.0,"10-2025":0.0,"12-2025":0.0,"02-2026":0.0,"04-2026":0.0,"06-2026":0.0,"08-2026":0.0,"10-2026":0.0,"12-2026":0.0,"02-2027":0.0,"04-2027":0.0,"06-2027":0.0,"08-2027":0.0,"10-2027":0.0,"12-2027":0.0,"02-2028":0.0,"04-2028":0.0,"06-2028":0.0,"08-2028":0.0,"10-2028":0.0,"12-2028":0.0,"02-2029":0.0,"04-2029":0.0,"06-2029":0.0,"08-2029":0.0,"10-2029":0.0,"12-2029":0.0,"02-2030":0.0,"04-2030":0.0,"06-2030":0.0,"08-2030":0.0,"10-2030":0.0,"12-2030":0.0},"percentile_25":{"02-2020":0.0318784867,"04-2020":0.0297753698,"06-2020":0.0299093322,"08-2020":0.0242215367,"10-2020":0.024291498,"12-2020":0.0201827824,"02-2021":0.0159047604,"04-2021":0.0120846288,"06-2021":0.0079685039,"08-2021":0.0039101687,"10-2021":0.0035854469,"12-2021":0.0,"02-2022":0.0,"04-2022":0.0,"06-2022":0.0,"08-2022":0.0,"10-2022":0.0,"12-2022":0.0,"02-2023":0.0,"04-2023":0.0,"06-2023":0.0,"08-2023":0.0,"10-2023":0.0,"12-2023":0.0,"02-2024":0.0,"04-2024":0.0,"06-2024":0.0,"08-2024":0.0,"10-2024":0.0,"12-2024":0.0,"02-2025":0.0,"04-2025":0.0,"06-2025":0.0,"08-2025":0.0,"10-2025":0.0,"12-2025":0.0,"02-2026":0.0,"04-2026":0.0,"06-2026":0.0,"08-2026":0.0,"10-2026":0.0,"12-2026":0.0,"02-2027":0.0,"04-2027":0.0,"06-2027":0.0,"08-2027":0.0,"10-2027":0.0,"12-2027":0.0,"02-2028":0.0,"04-2028":0.0,"06-2028":0.0,"08-2028":0.0,"10-2028":0.0,"12-2028":0.0,"02-2029":0.0,"04-2029":0.0,"06-2029":0.0,"08-2029":0.0,"10-2029":0.0,"12-2029":0.0,"02-2030":0.0,"04-2030":0.0,"06-2030":0.0,"08-2030":0.0,"10-2030":0.0,"12-2030":0.0},"percentile_75":{"02-2020":0.0978484867,"04-2020":0.0996203928,"06-2020":0.1078838174,"08-2020":0.1089607635,"10-2020":0.1078629032,"12-2020":0.1074253565,"02-2021":0.1058772579,"04-2021":0.1007997794,"06-2021":0.0953749316,"08-2021":0.0884654949,"10-2021":0.0795357296,"12-2021":0.0745792861,"02-2022":0.0694763271,"04-2022":0.0640283404,"06-2022":0.0616196119,"08-2022":0.06231181,"10-2022":0.0671516263,"12-2022":0.0777653004,"02-2023":0.0877958753,"04-2023":0.1064869387,"06-2023":0.1280055995,"08-2023":0.1490699511,"10-2023":0.2103999604,"12-2023":0.2756034685,"02-2024":0.3493030731,"04-2024":0.4258603239,"06-2024":0.5297849403,"08-2024":0.638556668,"10-2024":0.6902595214,"12-2024":0.6745261605,"02-2025":0.6609902597,"04-2025":0.6641859889,"06-2025":0.6769886207,"08-2025":0.6604982758,"10-2025":0.6527332203,"12-2025":0.6404010125,"02-2026":0.6255607146,"04-2026":0.6185267231,"06-2026":0.6175324675,"08-2026":0.6069352938,"10-2026":0.5987631566,"12-2026":0.5794311146,"02-2027":0.5716941052,"04-2027":0.5577114618,"06-2027":0.5528132891,"08-2027":0.5311060107,"10-2027":0.5141289937,"12-2027":0.5264388673,"02-2028":0.5182418817,"04-2028":0.505374947,"06-2028":0.499342919,"08-2028":0.4983333333,"10-2028":0.4962956954,"12-2028":0.4839536707,"02-2029":0.4641264533,"04-2029":0.4599772291,"06-2029":0.4413153272,"08-2029":0.42694114,"10-2029":0.4290363627,"12-2029":0.4348846254,"02-2030":0.4269289361,"04-2030":0.4205434385,"06-2030":0.4319919117,"08-2030":0.4271087275,"10-2030":0.4268206528,"12-2030":0.4158548026}}