{"median":{"02-2020":0.065166107,"04-2020":0.0700431524,"06-2020":0.0773470434,"08-2020":0.0789993759,"10-2020":0.0823170732,"12-2020":0.0897971448,"02-2021":0.0866283863,"04-2021":0.0856215966,"06-2021":0.0845871041,"08-2021":0.0778221899,"10-2021":0.0710960713,"12-2021":0.0653095075,"02-2022":0.054370777,"04-2022":0.0476124738,"06-2022":0.036235054,"08-2022":0.0301404853,"10-2022":0.0280600786,"12-2022":0.0222225271,"02-2023":0.0195458641,"04-2023":0.0171023965,"06-2023":0.0147066775,"08-2023":0.0116075438,"10-2023":0.0091391269,"12-2023":0.0092566873,"02-2024":0.0072464719,"04-2024":0.0054844991,"06-2024":0.0036101083,"08-2024":0.0,"10-2024":0.0,"12-2024":0.0,"02-2025":0.0,"04-2025":0.0,"06-2025":0.0,"08-2025":0.0,"10-2025":0.0,"12-2025":0.0,"02-2026":0.0,"04-2026":0.0,"06-2026":0.0,"08-2026":0.0,"10-2026":0.0,"12-2026":0.0,"02-2027":0.0,"04-2027":0.0,"06-2027":0.0,"08-2027":0.0,"10-2027":0.0,"12-2027":0.0,"02-2028":0.0,"04-2028":0.0,"06-2028":0.0,"08-2028":0.0,"10-2028":0.0,"12-2028":0.0,"02-2029":0.0,"04-2029":0.0,"06-2029":0.0,"08-2029":0.0,"10-2029":0.0,"12-2029":0.0,"02-2030":0.0,"04-2030":0.0,"06-2030":0.0,"08-2030":0.0,"10-2030":0.0,"12-2030":0.0},"percentile_25":{"02-2020":0.0342860861,"04-2020":0.0352425181,"06-2020":0.0367365151,"08-2020":0.0382910789,"10-2020":0.0377027712,"12-2020":0.0386733716,"02-2021":0.0347742152,"04-2021":0.0310982415,"06-2021":0.02866636,"08-2021":0.0232131497,"10-2021":0.0171251561,"12-2021":0.0119880478,"02-2022":0.0099222046,"04-2022":0.0040465331,"06-2022":0.0036231884,"08-2022":0.0,"10-2022":0.0,"12-2022":0.0,"02-2023":0.0,"04-2023":0.0,"06-2023":0.0,"08-2023":0.0,"10-2023":0.0,"12-2023":0.0,"02-2024":0.0,"04-2024":0.0,"06-2024":0.0,"08-2024":0.0,"10-2024":0.0,"12-2024":0.0,"02-2025":0.0,"04-2025":0.0,"06-2025":0.0,"08-2025":0.0,"10-2025":0.0,"12-2025":0.0,"02-2026":0.0,"04-2026":0.0,"06-2026":0.0,"08-2026":0.0,"10-2026":0.0,"12-2026":0.0,"02-2027":0.0,"04-2027":0.0,"06-2027":0.0,"08-2027":0.0,"10-2027":0.0,"12-2027":0.0,"02-2028":0.0,"04-2028":0.0,"06-2028":0.0,"08-2028":0.0,"10-2028":0.0,"12-2028":0.0,"02-2029":0.0,"04-2029":0.0,"06-2029":0.0,"08-2029":0.0,"10-2029":0.0,"12-2029":0.0,"02-2030":0.0,"04-2030":0.0,"06-2030":0.0,"08-2030":0.0,"10-2030":0.0,"12-2030":0.0},"percentile_75":{"02-2020":0.1127998639,"04-2020":0.1317111685,"06-2020":0.1621398366,"08-2020":0.1688396085,"10-2020":0.1749423584,"12-2020":0.2020249733,"02-2021":0.2076888858,"04-2021":0.2031405627,"06-2021":0.2025035926,"08-2021":0.1946761915,"10-2021":0.1702702703,"12-2021":0.1446887601,"02-2022":0.1269287535,"04-2022":0.119178104,"06-2022":0.1185826772,"08-2022":0.1126302083,"10-2022":0.1004424779,"12-2022":0.0990034094,"02-2023":0.0936238162,"04-2023":0.0883835189,"06-2023":0.0875393511,"08-2023":0.0762124994,"10-2023":0.0792435732,"12-2023":0.0792953187,"02-2024":0.0768592058,"04-2024":0.0723127524,"06-2024":0.0776910349,"08-2024":0.0747457164,"10-2024":0.0856474882,"12-2024":0.107078226,"02-2025":0.1227511244,"04-2025":0.1590203106,"06-2025":0.2242056888,"08-2025":0.2751121108,"10-2025":0.3256163752,"12-2025":0.3894030658,"02-2026":0.4933172147,"04-2026":0.5664942382,"06-2026":0.6645250883,"08-2026":0.6500213947,"10-2026":0.6724497547,"12-2026":0.6804586676,"02-2027":0.6788349048,"04-2027":0.659251562,"06-2027":0.6432544064,"08-2027":0.6495066665,"10-2027":0.6481800766,"12-2027":0.6303713416,"02-2028":0.6255594406,"04-2028":0.6000362669,"06-2028":0.585864887,"08-2028":0.5749193748,"10-2028":0.5797033469,"12-2028":0.5657427618,"02-2029":0.5407719489,"04-2029":0.543846977,"06-2029":0.5336189934,"08-2029":0.5412894726,"10-2029":0.5208064574,"12-2029":0.519311683,"02-2030":0.5,"04-2030":0.5009689922,"06-2030":0.5074494949,"08-2030":0.5,"10-2030":0.4894475072,"12-2030":0.4646464646}}