{"median":{"02-2020":0.0609857807,"04-2020":0.056712599,"06-2020":0.0550887021,"08-2020":0.0509874492,"10-2020":0.047134562,"12-2020":0.0437956204,"02-2021":0.0422689622,"04-2021":0.039540635,"06-2021":0.0322963735,"08-2021":0.0302588303,"10-2021":0.0251486295,"12-2021":0.0199639772,"02-2022":0.0181995182,"04-2022":0.0162009707,"06-2022":0.0115384615,"08-2022":0.0079215686,"10-2022":0.0038990059,"12-2022":0.0018050542,"02-2023":0.0,"04-2023":0.0,"06-2023":0.0,"08-2023":0.0,"10-2023":0.0,"12-2023":0.0,"02-2024":0.0,"04-2024":0.0,"06-2024":0.0,"08-2024":0.0,"10-2024":0.0,"12-2024":0.0,"02-2025":0.0,"04-2025":0.0,"06-2025":0.0,"08-2025":0.0,"10-2025":0.0,"12-2025":0.0,"02-2026":0.0,"04-2026":0.0,"06-2026":0.0,"08-2026":0.0,"10-2026":0.0,"12-2026":0.0,"02-2027":0.0,"04-2027":0.0,"06-2027":0.0,"08-2027":0.0,"10-2027":0.0,"12-2027":0.0,"02-2028":0.0,"04-2028":0.0,"06-2028":0.0,"08-2028":0.0,"10-2028":0.0,"12-2028":0.0,"02-2029":0.0,"04-2029":0.0,"06-2029":0.0,"08-2029":0.0,"10-2029":0.0,"12-2029":0.0,"02-2030":0.0,"04-2030":0.0,"06-2030":0.0,"08-2030":0.0,"10-2030":0.0,"12-2030":0.0},"percentile_25":{"02-2020":0.0318784867,"04-2020":0.0297753698,"06-2020":0.0299093322,"08-2020":0.0242215367,"10-2020":0.024291498,"12-2020":0.0201827824,"02-2021":0.0159047604,"04-2021":0.0120846288,"06-2021":0.0079685039,"08-2021":0.0039101687,"10-2021":0.0035854469,"12-2021":0.0,"02-2022":0.0,"04-2022":0.0,"06-2022":0.0,"08-2022":0.0,"10-2022":0.0,"12-2022":0.0,"02-2023":0.0,"04-2023":0.0,"06-2023":0.0,"08-2023":0.0,"10-2023":0.0,"12-2023":0.0,"02-2024":0.0,"04-2024":0.0,"06-2024":0.0,"08-2024":0.0,"10-2024":0.0,"12-2024":0.0,"02-2025":0.0,"04-2025":0.0,"06-2025":0.0,"08-2025":0.0,"10-2025":0.0,"12-2025":0.0,"02-2026":0.0,"04-2026":0.0,"06-2026":0.0,"08-2026":0.0,"10-2026":0.0,"12-2026":0.0,"02-2027":0.0,"04-2027":0.0,"06-2027":0.0,"08-2027":0.0,"10-2027":0.0,"12-2027":0.0,"02-2028":0.0,"04-2028":0.0,"06-2028":0.0,"08-2028":0.0,"10-2028":0.0,"12-2028":0.0,"02-2029":0.0,"04-2029":0.0,"06-2029":0.0,"08-2029":0.0,"10-2029":0.0,"12-2029":0.0,"02-2030":0.0,"04-2030":0.0,"06-2030":0.0,"08-2030":0.0,"10-2030":0.0,"12-2030":0.0},"percentile_75":{"02-2020":0.0978484867,"04-2020":0.0996203928,"06-2020":0.1078838174,"08-2020":0.1089607635,"10-2020":0.1078629032,"12-2020":0.1074253565,"02-2021":0.1058772579,"04-2021":0.1007997794,"06-2021":0.0953749316,"08-2021":0.0884654949,"10-2021":0.0795357296,"12-2021":0.0745792861,"02-2022":0.0694763271,"04-2022":0.0640283404,"06-2022":0.0618442227,"08-2022":0.0599150568,"10-2022":0.0556071871,"12-2022":0.0523369992,"02-2023":0.0481722846,"04-2023":0.0377740687,"06-2023":0.0358555083,"08-2023":0.030584781,"10-2023":0.0325615876,"12-2023":0.0325185709,"02-2024":0.0463907469,"04-2024":0.0484706775,"06-2024":0.0622248844,"08-2024":0.0878336521,"10-2024":0.1126579413,"12-2024":0.1261927481,"02-2025":0.1668944075,"04-2025":0.2051330798,"06-2025":0.2493586261,"08-2025":0.3193301121,"10-2025":0.4149723242,"12-2025":0.4953599225,"02-2026":0.53367588,"04-2026":0.5939262841,"06-2026":0.5929926561,"08-2026":0.60747718,"10-2026":0.6045750418,"12-2026":0.6004124022,"02-2027":0.5874399869,"04-2027":0.5731256144,"06-2027":0.5652892562,"08-2027":0.5375551961,"10-2027":0.548299579,"12-2027":0.5426291793,"02-2028":0.5332299595,"04-2028":0.5259239871,"06-2028":0.508914819,"08-2028":0.4970238095,"10-2028":0.4886059234,"12-2028":0.4881558168,"02-2029":0.467027637,"04-2029":0.4538705034,"06-2029":0.435768537,"08-2029":0.4315355723,"10-2029":0.4425000606,"12-2029":0.4332468827,"02-2030":0.4400985818,"04-2030":0.4389545708,"06-2030":0.4488106343,"08-2030":0.4253687351,"10-2030":0.413010273,"12-2030":0.4098096523}}