{"median":{"02-2012":0.3905695851,"04-2012":0.3975095785,"06-2012":0.3839496792,"08-2012":0.3936224166,"10-2012":0.3918433345,"12-2012":0.3894425592,"02-2013":0.3511969358,"04-2013":0.3036308499,"06-2013":0.2556136704,"08-2013":0.219413189,"10-2013":0.1919967987,"12-2013":0.1810832791,"02-2014":0.1578907366,"04-2014":0.1380347594,"06-2014":0.1193415638,"08-2014":0.1131655176,"10-2014":0.1053868059,"12-2014":0.1019623524,"02-2015":0.0997925311,"04-2015":0.0916530551,"06-2015":0.0838122605,"08-2015":0.0764615385,"10-2015":0.0743801653,"12-2015":0.0776077617,"02-2016":0.0753787879,"04-2016":0.0674692143,"06-2016":0.0613499498,"08-2016":0.0598804781,"10-2016":0.0561978344,"12-2016":0.057330637,"02-2017":0.0545075771,"04-2017":0.0505905512,"06-2017":0.0491650187,"08-2017":0.0470779774,"10-2017":0.0467483712,"12-2017":0.0526315789,"02-2018":0.0489342404,"04-2018":0.049149514,"06-2018":0.0466386555,"08-2018":0.0484850464,"10-2018":0.0533901164,"12-2018":0.0557123437,"02-2019":0.056000896,"04-2019":0.0507463742,"06-2019":0.0475321515,"08-2019":0.0489843661,"10-2019":0.0490818733,"12-2019":0.0570342205},"percentile_25":{"02-2012":0.3284717733,"04-2012":0.3268649194,"06-2012":0.3253019958,"08-2012":0.3278663106,"10-2012":0.3305261284,"12-2012":0.3303580044,"02-2013":0.2872202757,"04-2013":0.2598720904,"06-2013":0.2225723623,"08-2013":0.1793624663,"10-2013":0.1537663581,"12-2013":0.1335488506,"02-2014":0.1068862578,"04-2014":0.093315508,"06-2014":0.0793862768,"08-2014":0.070703125,"10-2014":0.0691644562,"12-2014":0.0646774166,"02-2015":0.0583789538,"04-2015":0.0542316927,"06-2015":0.0495867769,"08-2015":0.0457619334,"10-2015":0.0433287769,"12-2015":0.041623444,"02-2016":0.0373491469,"04-2016":0.0322823656,"06-2016":0.0287364684,"08-2016":0.0276992804,"10-2016":0.0251902456,"12-2016":0.0284608379,"02-2017":0.0260927743,"04-2017":0.0254807692,"06-2017":0.0236693041,"08-2017":0.0281137993,"10-2017":0.0274219109,"12-2017":0.0254895159,"02-2018":0.0236827877,"04-2018":0.0226268412,"06-2018":0.0230062968,"08-2018":0.0229629242,"10-2018":0.0252713851,"12-2018":0.0263902681,"02-2019":0.0276960784,"04-2019":0.0265993842,"06-2019":0.0262183236,"08-2019":0.0280380065,"10-2019":0.0295787546,"12-2019":0.0269762846},"percentile_75":{"02-2012":0.454118521,"04-2012":0.4462754637,"06-2012":0.4477740586,"08-2012":0.4525001639,"10-2012":0.4474988421,"12-2012":0.4497703627,"02-2013":0.4039854435,"04-2013":0.3531914894,"06-2013":0.3032200899,"08-2013":0.2658479295,"10-2013":0.2422498949,"12-2013":0.2287311069,"02-2014":0.2030397139,"04-2014":0.183672324,"06-2014":0.1586640524,"08-2014":0.148442554,"10-2014":0.1426111383,"12-2014":0.1498063504,"02-2015":0.1417109929,"04-2015":0.1335916494,"06-2015":0.1268907563,"08-2015":0.1258861249,"10-2015":0.1226349381,"12-2015":0.1322597288,"02-2016":0.1225546976,"04-2016":0.1163891931,"06-2016":0.1041506276,"08-2016":0.1023670026,"10-2016":0.103422619,"12-2016":0.1124147754,"02-2017":0.099794132,"04-2017":0.0910453639,"06-2017":0.0928720532,"08-2017":0.0966362847,"10-2017":0.098376791,"12-2017":0.104561475,"02-2018":0.0974834642,"04-2018":0.0923967924,"06-2018":0.0846747967,"08-2018":0.0877370518,"10-2018":0.0922067511,"12-2018":0.0910014514,"02-2019":0.0912910619,"04-2019":0.0922413056,"06-2019":0.0927632027,"08-2019":0.0936609577,"10-2019":0.0993278793,"12-2019":0.1045489645}}