{"median":{"02-2020":0.065166107,"04-2020":0.0700431524,"06-2020":0.0773470434,"08-2020":0.0782737547,"10-2020":0.0828658252,"12-2020":0.0963917609,"02-2021":0.0945925793,"04-2021":0.0994331498,"06-2021":0.0945750737,"08-2021":0.0925093401,"10-2021":0.0847431171,"12-2021":0.0841045068,"02-2022":0.0811882606,"04-2022":0.076253395,"06-2022":0.0786205664,"08-2022":0.0799169733,"10-2022":0.0705638272,"12-2022":0.0637548539,"02-2023":0.0632048872,"04-2023":0.0577543079,"06-2023":0.0528911953,"08-2023":0.0533567571,"10-2023":0.0464218371,"12-2023":0.0389440309,"02-2024":0.0388669302,"04-2024":0.0419561304,"06-2024":0.0453593169,"08-2024":0.0592264525,"10-2024":0.0670212766,"12-2024":0.0736120781,"02-2025":0.0864427861,"04-2025":0.1056697069,"06-2025":0.1395353303,"08-2025":0.1570397112,"10-2025":0.1897124102,"12-2025":0.2217784264,"02-2026":0.2648422214,"04-2026":0.3201441411,"06-2026":0.381947176,"08-2026":0.4486531987,"10-2026":0.4930395913,"12-2026":0.5409288824,"02-2027":0.5184280979,"04-2027":0.5280723906,"06-2027":0.5288082686,"08-2027":0.5263593633,"10-2027":0.522699545,"12-2027":0.5179163215,"02-2028":0.5182050356,"04-2028":0.4918202581,"06-2028":0.4929135915,"08-2028":0.4912628007,"10-2028":0.4939015475,"12-2028":0.4804268746,"02-2029":0.4693124796,"04-2029":0.452974953,"06-2029":0.4579054975,"08-2029":0.4504825186,"10-2029":0.4334000816,"12-2029":0.4374109709,"02-2030":0.4300665102,"04-2030":0.4161435217,"06-2030":0.4322430457,"08-2030":0.4234112085,"10-2030":0.411931065,"12-2030":0.3963267216},"percentile_25":{"02-2020":0.0342860861,"04-2020":0.0352425181,"06-2020":0.0367365151,"08-2020":0.0367365151,"10-2020":0.0386525763,"12-2020":0.0368139224,"02-2021":0.0362212159,"04-2021":0.034036548,"06-2021":0.0329979947,"08-2021":0.0266805267,"10-2021":0.0226658217,"12-2021":0.0182643531,"02-2022":0.0121463415,"04-2022":0.0117626509,"06-2022":0.0075117569,"08-2022":0.0072727273,"10-2022":0.003607071,"12-2022":0.0,"02-2023":0.0,"04-2023":0.0,"06-2023":0.0,"08-2023":0.0,"10-2023":0.0,"12-2023":0.0,"02-2024":0.0,"04-2024":0.0,"06-2024":0.0,"08-2024":0.0,"10-2024":0.0,"12-2024":0.0,"02-2025":0.0,"04-2025":0.0,"06-2025":0.0,"08-2025":0.0,"10-2025":0.0,"12-2025":0.0,"02-2026":0.0,"04-2026":0.0,"06-2026":0.0,"08-2026":0.0,"10-2026":0.0,"12-2026":0.0,"02-2027":0.0,"04-2027":0.0,"06-2027":0.0,"08-2027":0.0,"10-2027":0.0,"12-2027":0.0,"02-2028":0.0,"04-2028":0.0,"06-2028":0.0,"08-2028":0.0,"10-2028":0.0,"12-2028":0.0,"02-2029":0.0,"04-2029":0.0,"06-2029":0.0,"08-2029":0.0,"10-2029":0.0,"12-2029":0.0,"02-2030":0.0,"04-2030":0.0,"06-2030":0.0,"08-2030":0.0,"10-2030":0.0,"12-2030":0.0},"percentile_75":{"02-2020":0.1127998639,"04-2020":0.1317111685,"06-2020":0.1621398366,"08-2020":0.1802663497,"10-2020":0.1888524861,"12-2020":0.2206766917,"02-2021":0.2377843505,"04-2021":0.235979448,"06-2021":0.2331957265,"08-2021":0.2299873737,"10-2021":0.2022513441,"12-2021":0.1919939536,"02-2022":0.1994464945,"04-2022":0.192124484,"06-2022":0.1950813766,"08-2022":0.1794137796,"10-2022":0.1725480283,"12-2022":0.1740127643,"02-2023":0.1670454545,"04-2023":0.17377187,"06-2023":0.1742780662,"08-2023":0.1665032578,"10-2023":0.1696087626,"12-2023":0.169248008,"02-2024":0.1916123296,"04-2024":0.2187861869,"06-2024":0.2810227273,"08-2024":0.3485663082,"10-2024":0.4220927945,"12-2024":0.4940658845,"02-2025":0.5873287671,"04-2025":0.6768693349,"06-2025":0.7147779784,"08-2025":0.7415501166,"10-2025":0.7308284971,"12-2025":0.7084371287,"02-2026":0.6992549308,"04-2026":0.6912007257,"06-2026":0.6736134205,"08-2026":0.6637007196,"10-2026":0.6549924378,"12-2026":0.64363233,"02-2027":0.6375601976,"04-2027":0.6353231424,"06-2027":0.6207459021,"08-2027":0.6122633836,"10-2027":0.6111016092,"12-2027":0.6112637363,"02-2028":0.5938665126,"04-2028":0.5896511185,"06-2028":0.5640248424,"08-2028":0.5668024196,"10-2028":0.5603511743,"12-2028":0.5522778466,"02-2029":0.5395719952,"04-2029":0.5326949291,"06-2029":0.520995329,"08-2029":0.51864723,"10-2029":0.5094373655,"12-2029":0.5148086633,"02-2030":0.5051213054,"04-2030":0.5054581136,"06-2030":0.5034365487,"08-2030":0.4927409988,"10-2030":0.4842919154,"12-2030":0.4704996782}}