{"median":{"02-2020":0.0602151187,"04-2020":0.0578053996,"06-2020":0.060075188,"08-2020":0.0589320599,"10-2020":0.0571438091,"12-2020":0.0609543713,"02-2021":0.0572731684,"04-2021":0.0528683742,"06-2021":0.0480979309,"08-2021":0.0496947664,"10-2021":0.0438181818,"12-2021":0.041912213,"02-2022":0.0339641987,"04-2022":0.0295303476,"06-2022":0.0261690472,"08-2022":0.0250097037,"10-2022":0.0194579043,"12-2022":0.0155700957,"02-2023":0.0081876633,"04-2023":0.0076638478,"06-2023":0.005944601,"08-2023":0.0056937567,"10-2023":0.0073554267,"12-2023":0.0038382353,"02-2024":0.0037668123,"04-2024":0.0018450185,"06-2024":0.0,"08-2024":0.0,"10-2024":0.0,"12-2024":0.0,"02-2025":0.0,"04-2025":0.0,"06-2025":0.0,"08-2025":0.0,"10-2025":0.0,"12-2025":0.0,"02-2026":0.0,"04-2026":0.0,"06-2026":0.0,"08-2026":0.0,"10-2026":0.0,"12-2026":0.0,"02-2027":0.0,"04-2027":0.0,"06-2027":0.0,"08-2027":0.0,"10-2027":0.0,"12-2027":0.0,"02-2028":0.0,"04-2028":0.0,"06-2028":0.0,"08-2028":0.0,"10-2028":0.0,"12-2028":0.0,"02-2029":0.0,"04-2029":0.0,"06-2029":0.0,"08-2029":0.0,"10-2029":0.0,"12-2029":0.0,"02-2030":0.0,"04-2030":0.0,"06-2030":0.0,"08-2030":0.0,"10-2030":0.0,"12-2030":0.0},"percentile_25":{"02-2020":0.0327719821,"04-2020":0.0335508794,"06-2020":0.0306848202,"08-2020":0.0286663264,"10-2020":0.0263919398,"12-2020":0.0207690329,"02-2021":0.0159047604,"04-2021":0.0118697479,"06-2021":0.0080564192,"08-2021":0.0065170337,"10-2021":0.0037843053,"12-2021":0.003649635,"02-2022":0.0,"04-2022":0.0,"06-2022":0.0,"08-2022":0.0,"10-2022":0.0,"12-2022":0.0,"02-2023":0.0,"04-2023":0.0,"06-2023":0.0,"08-2023":0.0,"10-2023":0.0,"12-2023":0.0,"02-2024":0.0,"04-2024":0.0,"06-2024":0.0,"08-2024":0.0,"10-2024":0.0,"12-2024":0.0,"02-2025":0.0,"04-2025":0.0,"06-2025":0.0,"08-2025":0.0,"10-2025":0.0,"12-2025":0.0,"02-2026":0.0,"04-2026":0.0,"06-2026":0.0,"08-2026":0.0,"10-2026":0.0,"12-2026":0.0,"02-2027":0.0,"04-2027":0.0,"06-2027":0.0,"08-2027":0.0,"10-2027":0.0,"12-2027":0.0,"02-2028":0.0,"04-2028":0.0,"06-2028":0.0,"08-2028":0.0,"10-2028":0.0,"12-2028":0.0,"02-2029":0.0,"04-2029":0.0,"06-2029":0.0,"08-2029":0.0,"10-2029":0.0,"12-2029":0.0,"02-2030":0.0,"04-2030":0.0,"06-2030":0.0,"08-2030":0.0,"10-2030":0.0,"12-2030":0.0},"percentile_75":{"02-2020":0.1017554663,"04-2020":0.1007044325,"06-2020":0.1090793861,"08-2020":0.1151770891,"10-2020":0.1178348678,"12-2020":0.1169008649,"02-2021":0.1139525598,"04-2021":0.117965813,"06-2021":0.1167295975,"08-2021":0.1183617195,"10-2021":0.1094308517,"12-2021":0.1197874494,"02-2022":0.1242951128,"04-2022":0.1196721872,"06-2022":0.1261820668,"08-2022":0.1289253817,"10-2022":0.1244176618,"12-2022":0.1205170878,"02-2023":0.1201254826,"04-2023":0.1219926471,"06-2023":0.1169657534,"08-2023":0.1085470085,"10-2023":0.1075748848,"12-2023":0.1080914369,"02-2024":0.1129545455,"04-2024":0.1185661765,"06-2024":0.113971328,"08-2024":0.1101211376,"10-2024":0.1111927109,"12-2024":0.1201398005,"02-2025":0.120325254,"04-2025":0.1176576369,"06-2025":0.1274193548,"08-2025":0.1321635644,"10-2025":0.1283599624,"12-2025":0.1380439656,"02-2026":0.1345045652,"04-2026":0.1329952671,"06-2026":0.1335559618,"08-2026":0.1237444397,"10-2026":0.1263745384,"12-2026":0.1378497202,"02-2027":0.1512194095,"04-2027":0.1611321572,"06-2027":0.1679680182,"08-2027":0.1668467126,"10-2027":0.1738250429,"12-2027":0.188995261,"02-2028":0.1949613925,"04-2028":0.2102230788,"06-2028":0.2108274648,"08-2028":0.1900079224,"10-2028":0.1973618529,"12-2028":0.2156080702,"02-2029":0.2136507084,"04-2029":0.2149035517,"06-2029":0.2140151515,"08-2029":0.216840718,"10-2029":0.213580904,"12-2029":0.2297553555,"02-2030":0.2224358974,"04-2030":0.2404686055,"06-2030":0.2542306152,"08-2030":0.280987395,"10-2030":0.3200869385,"12-2030":0.3904720425}}