{"median":{"02-2020":0.065166107,"04-2020":0.0700431524,"06-2020":0.0773470434,"08-2020":0.0782737547,"10-2020":0.0828658252,"12-2020":0.0963917609,"02-2021":0.0945925793,"04-2021":0.0994331498,"06-2021":0.0945750737,"08-2021":0.0925093401,"10-2021":0.0847431171,"12-2021":0.0841045068,"02-2022":0.0811882606,"04-2022":0.076253395,"06-2022":0.0786205664,"08-2022":0.0799169733,"10-2022":0.0705638272,"12-2022":0.0637548539,"02-2023":0.0632048872,"04-2023":0.0577543079,"06-2023":0.0528911953,"08-2023":0.0533567571,"10-2023":0.0464218371,"12-2023":0.0389440309,"02-2024":0.0350959961,"04-2024":0.0347826087,"06-2024":0.0329444218,"08-2024":0.0264696632,"10-2024":0.0272500943,"12-2024":0.0272075472,"02-2025":0.0285205897,"04-2025":0.030495356,"06-2025":0.0378848135,"08-2025":0.0411285794,"10-2025":0.0470309592,"12-2025":0.0584797544,"02-2026":0.0737851662,"04-2026":0.0879175605,"06-2026":0.1196413137,"08-2026":0.1607262664,"10-2026":0.2023221596,"12-2026":0.2586149552,"02-2027":0.2934492498,"04-2027":0.3612359551,"06-2027":0.4290302528,"08-2027":0.5336563994,"10-2027":0.5217481359,"12-2027":0.5329441481,"02-2028":0.5230963773,"04-2028":0.5231532908,"06-2028":0.507389575,"08-2028":0.4934524974,"10-2028":0.487544484,"12-2028":0.4707264957,"02-2029":0.4719355423,"04-2029":0.4539930556,"06-2029":0.4475381231,"08-2029":0.44579386,"10-2029":0.4367788202,"12-2029":0.4259831461,"02-2030":0.4272640648,"04-2030":0.4304679094,"06-2030":0.445112782,"08-2030":0.4335694276,"10-2030":0.4176639512,"12-2030":0.3969244446},"percentile_25":{"02-2020":0.0342860861,"04-2020":0.0352425181,"06-2020":0.0367365151,"08-2020":0.0367365151,"10-2020":0.0386525763,"12-2020":0.0368139224,"02-2021":0.0362212159,"04-2021":0.034036548,"06-2021":0.0329979947,"08-2021":0.0266805267,"10-2021":0.0226658217,"12-2021":0.0182643531,"02-2022":0.0121463415,"04-2022":0.0117626509,"06-2022":0.0075117569,"08-2022":0.0072727273,"10-2022":0.003607071,"12-2022":0.0,"02-2023":0.0,"04-2023":0.0,"06-2023":0.0,"08-2023":0.0,"10-2023":0.0,"12-2023":0.0,"02-2024":0.0,"04-2024":0.0,"06-2024":0.0,"08-2024":0.0,"10-2024":0.0,"12-2024":0.0,"02-2025":0.0,"04-2025":0.0,"06-2025":0.0,"08-2025":0.0,"10-2025":0.0,"12-2025":0.0,"02-2026":0.0,"04-2026":0.0,"06-2026":0.0,"08-2026":0.0,"10-2026":0.0,"12-2026":0.0,"02-2027":0.0,"04-2027":0.0,"06-2027":0.0,"08-2027":0.0,"10-2027":0.0,"12-2027":0.0,"02-2028":0.0,"04-2028":0.0,"06-2028":0.0,"08-2028":0.0,"10-2028":0.0,"12-2028":0.0,"02-2029":0.0,"04-2029":0.0,"06-2029":0.0,"08-2029":0.0,"10-2029":0.0,"12-2029":0.0,"02-2030":0.0,"04-2030":0.0,"06-2030":0.0,"08-2030":0.0,"10-2030":0.0,"12-2030":0.0},"percentile_75":{"02-2020":0.1127998639,"04-2020":0.1317111685,"06-2020":0.1621398366,"08-2020":0.1802663497,"10-2020":0.1888524861,"12-2020":0.2206766917,"02-2021":0.2377843505,"04-2021":0.235979448,"06-2021":0.2331957265,"08-2021":0.2299873737,"10-2021":0.2022513441,"12-2021":0.1919939536,"02-2022":0.1994464945,"04-2022":0.192124484,"06-2022":0.1950813766,"08-2022":0.1794137796,"10-2022":0.1725480283,"12-2022":0.1740127643,"02-2023":0.1670454545,"04-2023":0.17377187,"06-2023":0.1742780662,"08-2023":0.1665032578,"10-2023":0.1696087626,"12-2023":0.169248008,"02-2024":0.1647135417,"04-2024":0.1669642857,"06-2024":0.1820420851,"08-2024":0.1974749305,"10-2024":0.2200153161,"12-2024":0.2451152211,"02-2025":0.2929113942,"04-2025":0.3742875768,"06-2025":0.462590329,"08-2025":0.5507519556,"10-2025":0.619951221,"12-2025":0.6795322509,"02-2026":0.7168246114,"04-2026":0.7199287199,"06-2026":0.7186048713,"08-2026":0.707891002,"10-2026":0.6961588925,"12-2026":0.6865165474,"02-2027":0.6672413793,"04-2027":0.6540972378,"06-2027":0.640190401,"08-2027":0.6403317078,"10-2027":0.6451036127,"12-2027":0.6360967852,"02-2028":0.6287282674,"04-2028":0.6140042511,"06-2028":0.5849414829,"08-2028":0.5719822813,"10-2028":0.5810533808,"12-2028":0.5681030021,"02-2029":0.5660023565,"04-2029":0.549871134,"06-2029":0.5322489053,"08-2029":0.5290569493,"10-2029":0.5197887379,"12-2029":0.5212875236,"02-2030":0.515845664,"04-2030":0.5107652559,"06-2030":0.512832239,"08-2030":0.4902800046,"10-2030":0.4880724853,"12-2030":0.4686296351}}