{"median":{"02-2020":0.065166107,"04-2020":0.0700431524,"06-2020":0.0773470434,"08-2020":0.0782737547,"10-2020":0.0828658252,"12-2020":0.0963917609,"02-2021":0.0945925793,"04-2021":0.0994331498,"06-2021":0.0945750737,"08-2021":0.0925093401,"10-2021":0.0847431171,"12-2021":0.0841045068,"02-2022":0.0811882606,"04-2022":0.076253395,"06-2022":0.0798949394,"08-2022":0.0831472735,"10-2022":0.0902307692,"12-2022":0.0961632508,"02-2023":0.1082054746,"04-2023":0.123109879,"06-2023":0.1530568224,"08-2023":0.1861271495,"10-2023":0.2102540107,"12-2023":0.2433829894,"02-2024":0.2896129158,"04-2024":0.3319345266,"06-2024":0.3766276567,"08-2024":0.4557924828,"10-2024":0.5265837104,"12-2024":0.5658675799,"02-2025":0.5996228059,"04-2025":0.5902012517,"06-2025":0.5852755194,"08-2025":0.5976442046,"10-2025":0.5876782531,"12-2025":0.5823424449,"02-2026":0.5732815598,"04-2026":0.5627761512,"06-2026":0.5559878945,"08-2026":0.5440817233,"10-2026":0.5397778639,"12-2026":0.5257991459,"02-2027":0.506478596,"04-2027":0.5114069618,"06-2027":0.5018248418,"08-2027":0.4882106767,"10-2027":0.4768662838,"12-2027":0.47771382,"02-2028":0.4679276316,"04-2028":0.4700370329,"06-2028":0.4567267251,"08-2028":0.4417930759,"10-2028":0.4302283654,"12-2028":0.424558983,"02-2029":0.4224694034,"04-2029":0.4151596266,"06-2029":0.3967436975,"08-2029":0.3993012422,"10-2029":0.393362166,"12-2029":0.4020777078,"02-2030":0.4,"04-2030":0.4075528896,"06-2030":0.4134624079,"08-2030":0.4045740873,"10-2030":0.3964240102,"12-2030":0.3872983871},"percentile_25":{"02-2020":0.0342860861,"04-2020":0.0352425181,"06-2020":0.0367365151,"08-2020":0.0367365151,"10-2020":0.0386525763,"12-2020":0.0368139224,"02-2021":0.0362212159,"04-2021":0.034036548,"06-2021":0.0329979947,"08-2021":0.0266805267,"10-2021":0.0226658217,"12-2021":0.0182643531,"02-2022":0.0121463415,"04-2022":0.0117626509,"06-2022":0.0074488668,"08-2022":0.0063005023,"10-2022":0.0035587189,"12-2022":0.0,"02-2023":0.0,"04-2023":0.0,"06-2023":0.0,"08-2023":0.0,"10-2023":0.0,"12-2023":0.0,"02-2024":0.0,"04-2024":0.0,"06-2024":0.0,"08-2024":0.0,"10-2024":0.0,"12-2024":0.0,"02-2025":0.0,"04-2025":0.0,"06-2025":0.0,"08-2025":0.0,"10-2025":0.0,"12-2025":0.0,"02-2026":0.0,"04-2026":0.0,"06-2026":0.0,"08-2026":0.0,"10-2026":0.0,"12-2026":0.0,"02-2027":0.0,"04-2027":0.0,"06-2027":0.0,"08-2027":0.0,"10-2027":0.0,"12-2027":0.0,"02-2028":0.0,"04-2028":0.0,"06-2028":0.0,"08-2028":0.0,"10-2028":0.0,"12-2028":0.0,"02-2029":0.0,"04-2029":0.0,"06-2029":0.0,"08-2029":0.0,"10-2029":0.0,"12-2029":0.0,"02-2030":0.0,"04-2030":0.0,"06-2030":0.0,"08-2030":0.0,"10-2030":0.0,"12-2030":0.0},"percentile_75":{"02-2020":0.1127998639,"04-2020":0.1317111685,"06-2020":0.1621398366,"08-2020":0.1802663497,"10-2020":0.1888524861,"12-2020":0.2206766917,"02-2021":0.2377843505,"04-2021":0.235979448,"06-2021":0.2331957265,"08-2021":0.2299873737,"10-2021":0.2022513441,"12-2021":0.1919939536,"02-2022":0.1994464945,"04-2022":0.192124484,"06-2022":0.1910847213,"08-2022":0.1954239046,"10-2022":0.2117692546,"12-2022":0.2371630728,"02-2023":0.280806438,"04-2023":0.3366815365,"06-2023":0.4188224022,"08-2023":0.5093316085,"10-2023":0.5920152091,"12-2023":0.6479886526,"02-2024":0.7146589375,"04-2024":0.7377499356,"06-2024":0.7330761697,"08-2024":0.7204916871,"10-2024":0.7090072546,"12-2024":0.6988723661,"02-2025":0.6859780293,"04-2025":0.6729684789,"06-2025":0.6795419847,"08-2025":0.6598268365,"10-2025":0.6499101009,"12-2025":0.6435854538,"02-2026":0.6300612053,"04-2026":0.6240310078,"06-2026":0.6173023897,"08-2026":0.6071943377,"10-2026":0.5994680851,"12-2026":0.580121307,"02-2027":0.5739045194,"04-2027":0.5650340193,"06-2027":0.5461915685,"08-2027":0.5488721805,"10-2027":0.5349018967,"12-2027":0.5288175876,"02-2028":0.5211617406,"04-2028":0.525646744,"06-2028":0.5110525879,"08-2028":0.5040753556,"10-2028":0.4932488051,"12-2028":0.4864502716,"02-2029":0.4736416267,"04-2029":0.4676837102,"06-2029":0.4656152038,"08-2029":0.4558464684,"10-2029":0.4564285714,"12-2029":0.4593738982,"02-2030":0.4479848317,"04-2030":0.4648641588,"06-2030":0.461384778,"08-2030":0.4527819369,"10-2030":0.4451189475,"12-2030":0.4354824561}}