{"median":{"02-2020":0.065166107,"04-2020":0.0700431524,"06-2020":0.0773470434,"08-2020":0.0782737547,"10-2020":0.0828658252,"12-2020":0.0963917609,"02-2021":0.0945925793,"04-2021":0.0994331498,"06-2021":0.0945750737,"08-2021":0.0925093401,"10-2021":0.0847431171,"12-2021":0.0841045068,"02-2022":0.0811882606,"04-2022":0.076253395,"06-2022":0.0786205664,"08-2022":0.0799169733,"10-2022":0.0705638272,"12-2022":0.0637548539,"02-2023":0.0632048872,"04-2023":0.0577543079,"06-2023":0.0536601183,"08-2023":0.0558735208,"10-2023":0.0488095238,"12-2023":0.0572411319,"02-2024":0.0629174747,"04-2024":0.0742178894,"06-2024":0.0867260737,"08-2024":0.1056235431,"10-2024":0.1383986928,"12-2024":0.1643631981,"02-2025":0.199913063,"04-2025":0.2519845989,"06-2025":0.2876394467,"08-2025":0.3500219654,"10-2025":0.4021777835,"12-2025":0.4682916855,"02-2026":0.5317029364,"04-2026":0.5678746929,"06-2026":0.5708853884,"08-2026":0.5677455034,"10-2026":0.5698885955,"12-2026":0.5485849057,"02-2027":0.5393915812,"04-2027":0.5376363426,"06-2027":0.5291811426,"08-2027":0.5147193172,"10-2027":0.51446809,"12-2027":0.5117194653,"02-2028":0.5034848354,"04-2028":0.501572327,"06-2028":0.4838223267,"08-2028":0.4789002213,"10-2028":0.4709266301,"12-2028":0.4557286489,"02-2029":0.4405467721,"04-2029":0.4409302326,"06-2029":0.430633583,"08-2029":0.4226871102,"10-2029":0.4168719542,"12-2029":0.4231630824,"02-2030":0.4238755491,"04-2030":0.4197339803,"06-2030":0.4184500649,"08-2030":0.4179115971,"10-2030":0.4067943435,"12-2030":0.3952661657},"percentile_25":{"02-2020":0.0342860861,"04-2020":0.0352425181,"06-2020":0.0367365151,"08-2020":0.0367365151,"10-2020":0.0386525763,"12-2020":0.0368139224,"02-2021":0.0362212159,"04-2021":0.034036548,"06-2021":0.0329979947,"08-2021":0.0266805267,"10-2021":0.0226658217,"12-2021":0.0182643531,"02-2022":0.0121463415,"04-2022":0.0117626509,"06-2022":0.0075117569,"08-2022":0.0072727273,"10-2022":0.003607071,"12-2022":0.0,"02-2023":0.0,"04-2023":0.0,"06-2023":0.0,"08-2023":0.0,"10-2023":0.0,"12-2023":0.0,"02-2024":0.0,"04-2024":0.0,"06-2024":0.0,"08-2024":0.0,"10-2024":0.0,"12-2024":0.0,"02-2025":0.0,"04-2025":0.0,"06-2025":0.0,"08-2025":0.0,"10-2025":0.0,"12-2025":0.0,"02-2026":0.0,"04-2026":0.0,"06-2026":0.0,"08-2026":0.0,"10-2026":0.0,"12-2026":0.0,"02-2027":0.0,"04-2027":0.0,"06-2027":0.0,"08-2027":0.0,"10-2027":0.0,"12-2027":0.0,"02-2028":0.0,"04-2028":0.0,"06-2028":0.0,"08-2028":0.0,"10-2028":0.0,"12-2028":0.0,"02-2029":0.0,"04-2029":0.0,"06-2029":0.0,"08-2029":0.0,"10-2029":0.0,"12-2029":0.0,"02-2030":0.0,"04-2030":0.0,"06-2030":0.0,"08-2030":0.0,"10-2030":0.0,"12-2030":0.0},"percentile_75":{"02-2020":0.1127998639,"04-2020":0.1317111685,"06-2020":0.1621398366,"08-2020":0.1802663497,"10-2020":0.1888524861,"12-2020":0.2206766917,"02-2021":0.2377843505,"04-2021":0.235979448,"06-2021":0.2331957265,"08-2021":0.2299873737,"10-2021":0.2022513441,"12-2021":0.1919939536,"02-2022":0.1994464945,"04-2022":0.192124484,"06-2022":0.1950813766,"08-2022":0.1794137796,"10-2022":0.1725480283,"12-2022":0.1740127643,"02-2023":0.1670454545,"04-2023":0.17377187,"06-2023":0.1725605954,"08-2023":0.1842667299,"10-2023":0.2117974549,"12-2023":0.2502559405,"02-2024":0.3142945585,"04-2024":0.3866374434,"06-2024":0.4530229918,"08-2024":0.5522494116,"10-2024":0.6215783861,"12-2024":0.7125508175,"02-2025":0.7363038689,"04-2025":0.7332456633,"06-2025":0.7078512749,"08-2025":0.6944679523,"10-2025":0.6847936447,"12-2025":0.6706922004,"02-2026":0.6547953831,"04-2026":0.6573799815,"06-2026":0.6541129977,"08-2026":0.6348077992,"10-2026":0.6393518519,"12-2026":0.6305084746,"02-2027":0.6187471885,"04-2027":0.6095251826,"06-2027":0.6020585162,"08-2027":0.5913299663,"10-2027":0.5851000574,"12-2027":0.5902386174,"02-2028":0.5742971888,"04-2028":0.5686813187,"06-2028":0.5605193662,"08-2028":0.5516938992,"10-2028":0.5485471491,"12-2028":0.525881014,"02-2029":0.5219098278,"04-2029":0.5090231409,"06-2029":0.5077033219,"08-2029":0.4960857056,"10-2029":0.4867982569,"12-2029":0.4895953387,"02-2030":0.4910044978,"04-2030":0.4791058367,"06-2030":0.4916483041,"08-2030":0.4681905371,"10-2030":0.4605372562,"12-2030":0.4425958188}}