{"median":{"02-2020":0.065166107,"04-2020":0.0700431524,"06-2020":0.0773470434,"08-2020":0.0782737547,"10-2020":0.0828658252,"12-2020":0.0963917609,"02-2021":0.0945925793,"04-2021":0.0994331498,"06-2021":0.0945750737,"08-2021":0.0925093401,"10-2021":0.0847431171,"12-2021":0.0841045068,"02-2022":0.0811882606,"04-2022":0.076253395,"06-2022":0.0786205664,"08-2022":0.0799169733,"10-2022":0.0705638272,"12-2022":0.0637548539,"02-2023":0.0632048872,"04-2023":0.0577543079,"06-2023":0.0528911953,"08-2023":0.0533567571,"10-2023":0.0464218371,"12-2023":0.0389440309,"02-2024":0.0350959961,"04-2024":0.0347826087,"06-2024":0.0333351624,"08-2024":0.0289407578,"10-2024":0.0264726909,"12-2024":0.0186968799,"02-2025":0.0153555955,"04-2025":0.0150373819,"06-2025":0.0141860026,"08-2025":0.0145987346,"10-2025":0.0148698885,"12-2025":0.0150943396,"02-2026":0.0186660723,"04-2026":0.0196264026,"06-2026":0.0185937846,"08-2026":0.0180613306,"10-2026":0.0172082071,"12-2026":0.0170129141,"02-2027":0.0244233379,"04-2027":0.029950997,"06-2027":0.0344882019,"08-2027":0.0487282954,"10-2027":0.0589620341,"12-2027":0.0657952338,"02-2028":0.0815889534,"04-2028":0.0944954868,"06-2028":0.1081761006,"08-2028":0.1376085846,"10-2028":0.1672356529,"12-2028":0.2126342639,"02-2029":0.2697742748,"04-2029":0.3197817369,"06-2029":0.37919279,"08-2029":0.3736232273,"10-2029":0.4016088499,"12-2029":0.4175620523,"02-2030":0.4030462291,"04-2030":0.4228026568,"06-2030":0.4247302158,"08-2030":0.4111498258,"10-2030":0.4027646111,"12-2030":0.396171496},"percentile_25":{"02-2020":0.0342860861,"04-2020":0.0352425181,"06-2020":0.0367365151,"08-2020":0.0367365151,"10-2020":0.0386525763,"12-2020":0.0368139224,"02-2021":0.0362212159,"04-2021":0.034036548,"06-2021":0.0329979947,"08-2021":0.0266805267,"10-2021":0.0226658217,"12-2021":0.0182643531,"02-2022":0.0121463415,"04-2022":0.0117626509,"06-2022":0.0075117569,"08-2022":0.0072727273,"10-2022":0.003607071,"12-2022":0.0,"02-2023":0.0,"04-2023":0.0,"06-2023":0.0,"08-2023":0.0,"10-2023":0.0,"12-2023":0.0,"02-2024":0.0,"04-2024":0.0,"06-2024":0.0,"08-2024":0.0,"10-2024":0.0,"12-2024":0.0,"02-2025":0.0,"04-2025":0.0,"06-2025":0.0,"08-2025":0.0,"10-2025":0.0,"12-2025":0.0,"02-2026":0.0,"04-2026":0.0,"06-2026":0.0,"08-2026":0.0,"10-2026":0.0,"12-2026":0.0,"02-2027":0.0,"04-2027":0.0,"06-2027":0.0,"08-2027":0.0,"10-2027":0.0,"12-2027":0.0,"02-2028":0.0,"04-2028":0.0,"06-2028":0.0,"08-2028":0.0,"10-2028":0.0,"12-2028":0.0,"02-2029":0.0,"04-2029":0.0,"06-2029":0.0,"08-2029":0.0,"10-2029":0.0,"12-2029":0.0,"02-2030":0.0,"04-2030":0.0,"06-2030":0.0,"08-2030":0.0,"10-2030":0.0,"12-2030":0.0},"percentile_75":{"02-2020":0.1127998639,"04-2020":0.1317111685,"06-2020":0.1621398366,"08-2020":0.1802663497,"10-2020":0.1888524861,"12-2020":0.2206766917,"02-2021":0.2377843505,"04-2021":0.235979448,"06-2021":0.2331957265,"08-2021":0.2299873737,"10-2021":0.2022513441,"12-2021":0.1919939536,"02-2022":0.1994464945,"04-2022":0.192124484,"06-2022":0.1950813766,"08-2022":0.1794137796,"10-2022":0.1725480283,"12-2022":0.1740127643,"02-2023":0.1670454545,"04-2023":0.17377187,"06-2023":0.1742780662,"08-2023":0.1665032578,"10-2023":0.1696087626,"12-2023":0.169248008,"02-2024":0.1647135417,"04-2024":0.1669642857,"06-2024":0.183045233,"08-2024":0.1869737013,"10-2024":0.1759574087,"12-2024":0.1826488597,"02-2025":0.2101430953,"04-2025":0.2359178734,"06-2025":0.2878672746,"08-2025":0.3533037014,"10-2025":0.4200347222,"12-2025":0.524294964,"02-2026":0.6224318526,"04-2026":0.6782134619,"06-2026":0.7148166217,"08-2026":0.7139249639,"10-2026":0.7259135467,"12-2026":0.6926515742,"02-2027":0.6816532176,"04-2027":0.6802347754,"06-2027":0.6649184149,"08-2027":0.6490351397,"10-2027":0.6521882092,"12-2027":0.6339023963,"02-2028":0.625922005,"04-2028":0.6155239688,"06-2028":0.6086137821,"08-2028":0.598943662,"10-2028":0.5790075683,"12-2028":0.5694765422,"02-2029":0.5736425339,"04-2029":0.5608530962,"06-2029":0.5453361694,"08-2029":0.5440782206,"10-2029":0.5418432203,"12-2029":0.5320581897,"02-2030":0.5248670213,"04-2030":0.5100269766,"06-2030":0.5129266429,"08-2030":0.5020826606,"10-2030":0.5008741259,"12-2030":0.4860724324}}