{"median":{"02-2020":0.0602151187,"04-2020":0.0578053996,"06-2020":0.060075188,"08-2020":0.0589320599,"10-2020":0.0571438091,"12-2020":0.0609543713,"02-2021":0.0572731684,"04-2021":0.0528683742,"06-2021":0.0480979309,"08-2021":0.0496947664,"10-2021":0.0438181818,"12-2021":0.041912213,"02-2022":0.0339641987,"04-2022":0.0295303476,"06-2022":0.0261690472,"08-2022":0.0250097037,"10-2022":0.0194579043,"12-2022":0.0155700957,"02-2023":0.0098763859,"04-2023":0.0076045627,"06-2023":0.0095744681,"08-2023":0.0081033414,"10-2023":0.0071815369,"12-2023":0.0073462077,"02-2024":0.0058290822,"04-2024":0.0038925239,"06-2024":0.0074772886,"08-2024":0.0095132358,"10-2024":0.0074358691,"12-2024":0.0076055523,"02-2025":0.0095242275,"04-2025":0.0090529829,"06-2025":0.0126949261,"08-2025":0.0125267094,"10-2025":0.0131086142,"12-2025":0.0113220349,"02-2026":0.0131510141,"04-2026":0.0094784697,"06-2026":0.0095314256,"08-2026":0.0098314176,"10-2026":0.0096444411,"12-2026":0.0132462495,"02-2027":0.0263721234,"04-2027":0.0393258427,"06-2027":0.0628132401,"08-2027":0.0781814019,"10-2027":0.0870169809,"12-2027":0.0939440994,"02-2028":0.0875497404,"04-2028":0.0915750916,"06-2028":0.0910120293,"08-2028":0.1130869131,"10-2028":0.114785138,"12-2028":0.1356617647,"02-2029":0.1511910824,"04-2029":0.1715670322,"06-2029":0.1900962689,"08-2029":0.2281487184,"10-2029":0.2516888151,"12-2029":0.2788915774,"02-2030":0.2892720307,"04-2030":0.3102608044,"06-2030":0.3435649697,"08-2030":0.3466092853,"10-2030":0.3505501909,"12-2030":0.3321963445},"percentile_25":{"02-2020":0.0327719821,"04-2020":0.0335508794,"06-2020":0.0306848202,"08-2020":0.0286663264,"10-2020":0.0263919398,"12-2020":0.0207690329,"02-2021":0.0159047604,"04-2021":0.0118697479,"06-2021":0.0080564192,"08-2021":0.0065170337,"10-2021":0.0037843053,"12-2021":0.003649635,"02-2022":0.0,"04-2022":0.0,"06-2022":0.0,"08-2022":0.0,"10-2022":0.0,"12-2022":0.0,"02-2023":0.0,"04-2023":0.0,"06-2023":0.0,"08-2023":0.0,"10-2023":0.0,"12-2023":0.0,"02-2024":0.0,"04-2024":0.0,"06-2024":0.0,"08-2024":0.0,"10-2024":0.0,"12-2024":0.0,"02-2025":0.0,"04-2025":0.0,"06-2025":0.0,"08-2025":0.0,"10-2025":0.0,"12-2025":0.0,"02-2026":0.0,"04-2026":0.0,"06-2026":0.0,"08-2026":0.0,"10-2026":0.0,"12-2026":0.0,"02-2027":0.0,"04-2027":0.0,"06-2027":0.0,"08-2027":0.0,"10-2027":0.0,"12-2027":0.0,"02-2028":0.0,"04-2028":0.0,"06-2028":0.0,"08-2028":0.0,"10-2028":0.0,"12-2028":0.0,"02-2029":0.0,"04-2029":0.0,"06-2029":0.0,"08-2029":0.0,"10-2029":0.0,"12-2029":0.0,"02-2030":0.0,"04-2030":0.0,"06-2030":0.0,"08-2030":0.0,"10-2030":0.0,"12-2030":0.0},"percentile_75":{"02-2020":0.1017554663,"04-2020":0.1007044325,"06-2020":0.1090793861,"08-2020":0.1151770891,"10-2020":0.1178348678,"12-2020":0.1169008649,"02-2021":0.1139525598,"04-2021":0.117965813,"06-2021":0.1167295975,"08-2021":0.1183617195,"10-2021":0.1094308517,"12-2021":0.1197874494,"02-2022":0.1242951128,"04-2022":0.1196721872,"06-2022":0.1261820668,"08-2022":0.1289253817,"10-2022":0.1244176618,"12-2022":0.1205170878,"02-2023":0.1342741935,"04-2023":0.1480526872,"06-2023":0.1667300091,"08-2023":0.1759923658,"10-2023":0.2228487162,"12-2023":0.2809365382,"02-2024":0.3649677122,"04-2024":0.4520514706,"06-2024":0.544453274,"08-2024":0.6389387536,"10-2024":0.685565457,"12-2024":0.7068965517,"02-2025":0.7125193764,"04-2025":0.6872298808,"06-2025":0.6807675072,"08-2025":0.6730625248,"10-2025":0.6645941607,"12-2025":0.6704560476,"02-2026":0.657758645,"04-2026":0.647338403,"06-2026":0.6260926573,"08-2026":0.6226550585,"10-2026":0.6188301015,"12-2026":0.6091637617,"02-2027":0.5867096317,"04-2027":0.5797224333,"06-2027":0.5727127396,"08-2027":0.5561594203,"10-2027":0.5381314668,"12-2027":0.5419724925,"02-2028":0.5306452678,"04-2028":0.5271557272,"06-2028":0.5084877244,"08-2028":0.5,"10-2028":0.4877286755,"12-2028":0.4738186723,"02-2029":0.4738186723,"04-2029":0.4618001047,"06-2029":0.4640070476,"08-2029":0.4561475002,"10-2029":0.4548770392,"12-2029":0.4513043175,"02-2030":0.455896439,"04-2030":0.4508132799,"06-2030":0.4541729009,"08-2030":0.4440677966,"10-2030":0.4430954238,"12-2030":0.424651628}}