{"median":{"02-2020":0.065166107,"04-2020":0.0700431524,"06-2020":0.0773470434,"08-2020":0.0782737547,"10-2020":0.0828658252,"12-2020":0.0963917609,"02-2021":0.0945925793,"04-2021":0.0994331498,"06-2021":0.0945750737,"08-2021":0.0925093401,"10-2021":0.0847431171,"12-2021":0.0841045068,"02-2022":0.0800648627,"04-2022":0.0887106538,"06-2022":0.1053209978,"08-2022":0.1195238095,"10-2022":0.1325643301,"12-2022":0.1580635264,"02-2023":0.1791255508,"04-2023":0.2160516093,"06-2023":0.2579315164,"08-2023":0.3080674492,"10-2023":0.3731042399,"12-2023":0.4348484848,"02-2024":0.4900876859,"04-2024":0.534115959,"06-2024":0.5926100544,"08-2024":0.6150678881,"10-2024":0.6162469195,"12-2024":0.5974741946,"02-2025":0.5921097285,"04-2025":0.5930588862,"06-2025":0.5782661783,"08-2025":0.5528195209,"10-2025":0.5593470398,"12-2025":0.550261324,"02-2026":0.5374218842,"04-2026":0.5416320063,"06-2026":0.5297235502,"08-2026":0.522273074,"10-2026":0.507381388,"12-2026":0.4926731079,"02-2027":0.4906559,"04-2027":0.4849134117,"06-2027":0.4783434356,"08-2027":0.4665402224,"10-2027":0.463420645,"12-2027":0.4538844433,"02-2028":0.4566755892,"04-2028":0.444055559,"06-2028":0.4362323,"08-2028":0.4232829277,"10-2028":0.416988417,"12-2028":0.4155857568,"02-2029":0.4144155844,"04-2029":0.4033210042,"06-2029":0.3984962406,"08-2029":0.395026819,"10-2029":0.391878589,"12-2029":0.3894997174,"02-2030":0.3968821338,"04-2030":0.4029540048,"06-2030":0.4038092867,"08-2030":0.3975920747,"10-2030":0.3861070637,"12-2030":0.3888760362},"percentile_25":{"02-2020":0.0342860861,"04-2020":0.0352425181,"06-2020":0.0367365151,"08-2020":0.0367365151,"10-2020":0.0386525763,"12-2020":0.0368139224,"02-2021":0.0362212159,"04-2021":0.034036548,"06-2021":0.0329979947,"08-2021":0.0266805267,"10-2021":0.0226658217,"12-2021":0.0182643531,"02-2022":0.0152963402,"04-2022":0.0119069767,"06-2022":0.007956784,"08-2022":0.004015423,"10-2022":0.0035854469,"12-2022":0.0,"02-2023":0.0,"04-2023":0.0,"06-2023":0.0,"08-2023":0.0,"10-2023":0.0,"12-2023":0.0,"02-2024":0.0,"04-2024":0.0,"06-2024":0.0,"08-2024":0.0,"10-2024":0.0,"12-2024":0.0,"02-2025":0.0,"04-2025":0.0,"06-2025":0.0,"08-2025":0.0,"10-2025":0.0,"12-2025":0.0,"02-2026":0.0,"04-2026":0.0,"06-2026":0.0,"08-2026":0.0,"10-2026":0.0,"12-2026":0.0,"02-2027":0.0,"04-2027":0.0,"06-2027":0.0,"08-2027":0.0,"10-2027":0.0,"12-2027":0.0,"02-2028":0.0,"04-2028":0.0,"06-2028":0.0,"08-2028":0.0,"10-2028":0.0,"12-2028":0.0,"02-2029":0.0,"04-2029":0.0,"06-2029":0.0,"08-2029":0.0,"10-2029":0.0,"12-2029":0.0,"02-2030":0.0,"04-2030":0.0,"06-2030":0.0,"08-2030":0.0,"10-2030":0.0,"12-2030":0.0},"percentile_75":{"02-2020":0.1127998639,"04-2020":0.1317111685,"06-2020":0.1621398366,"08-2020":0.1802663497,"10-2020":0.1888524861,"12-2020":0.2206766917,"02-2021":0.2377843505,"04-2021":0.235979448,"06-2021":0.2331957265,"08-2021":0.2299873737,"10-2021":0.2022513441,"12-2021":0.1919939536,"02-2022":0.212984384,"04-2022":0.2261439912,"06-2022":0.266385894,"08-2022":0.3195069615,"10-2022":0.3677754435,"12-2022":0.4481576033,"02-2023":0.5408807911,"04-2023":0.6225480776,"06-2023":0.693668753,"08-2023":0.7452602372,"10-2023":0.7442279607,"12-2023":0.7367825102,"02-2024":0.7200175336,"04-2024":0.7089154178,"06-2024":0.6877850721,"08-2024":0.6853048912,"10-2024":0.6843883273,"12-2024":0.6701847704,"02-2025":0.6631569711,"04-2025":0.6504606505,"06-2025":0.6406311279,"08-2025":0.6377428127,"10-2025":0.6274229865,"12-2025":0.6157361677,"02-2026":0.605712341,"04-2026":0.5995509187,"06-2026":0.5917519355,"08-2026":0.5819810784,"10-2026":0.5685868628,"12-2026":0.5570561018,"02-2027":0.5463618212,"04-2027":0.5457188161,"06-2027":0.5309806113,"08-2027":0.52234524,"10-2027":0.5126613903,"12-2027":0.5076478117,"02-2028":0.5054295819,"04-2028":0.4980786935,"06-2028":0.4871688485,"08-2028":0.478987069,"10-2028":0.471580144,"12-2028":0.468810562,"02-2029":0.4599827708,"04-2029":0.4666053285,"06-2029":0.4513726846,"08-2029":0.4461796336,"10-2029":0.4420343311,"12-2029":0.4519025875,"02-2030":0.4508753912,"04-2030":0.463772578,"06-2030":0.4607266782,"08-2030":0.4486419568,"10-2030":0.4437381031,"12-2030":0.4326034189}}