{"median":{"02-2020":0.0602151187,"04-2020":0.0578053996,"06-2020":0.060075188,"08-2020":0.0589320599,"10-2020":0.0571438091,"12-2020":0.0609543713,"02-2021":0.0572731684,"04-2021":0.0528683742,"06-2021":0.0480979309,"08-2021":0.0496947664,"10-2021":0.0438181818,"12-2021":0.041912213,"02-2022":0.0339641987,"04-2022":0.0295303476,"06-2022":0.0258204786,"08-2022":0.0252635405,"10-2022":0.0232781955,"12-2022":0.0227285772,"02-2023":0.0198057856,"04-2023":0.025,"06-2023":0.0324909747,"08-2023":0.0385107817,"10-2023":0.0465117768,"12-2023":0.0547627613,"02-2024":0.0572954195,"04-2024":0.0565569383,"06-2024":0.0678487269,"08-2024":0.0745856739,"10-2024":0.0854782609,"12-2024":0.1062142857,"02-2025":0.1269128186,"04-2025":0.138433776,"06-2025":0.1403719093,"08-2025":0.1586466676,"10-2025":0.1862056158,"12-2025":0.2042222222,"02-2026":0.2497076023,"04-2026":0.2783719028,"06-2026":0.3413898774,"08-2026":0.4122559096,"10-2026":0.4747012565,"12-2026":0.4336178063,"02-2027":0.4401414185,"04-2027":0.4392329966,"06-2027":0.4226226553,"08-2027":0.4132549534,"10-2027":0.4245265601,"12-2027":0.4052461802,"02-2028":0.3928863033,"04-2028":0.4184500649,"06-2028":0.39695231,"08-2028":0.3910596703,"10-2028":0.3978021978,"12-2028":0.373920338,"02-2029":0.3837423839,"04-2029":0.3752342323,"06-2029":0.3670938098,"08-2029":0.3618742369,"10-2029":0.3538544789,"12-2029":0.3537399088,"02-2030":0.3642532782,"04-2030":0.3585065878,"06-2030":0.3689700484,"08-2030":0.3668715626,"10-2030":0.3588267847,"12-2030":0.3498419922},"percentile_25":{"02-2020":0.0327719821,"04-2020":0.0335508794,"06-2020":0.0306848202,"08-2020":0.0286663264,"10-2020":0.0263919398,"12-2020":0.0207690329,"02-2021":0.0159047604,"04-2021":0.0118697479,"06-2021":0.0080564192,"08-2021":0.0065170337,"10-2021":0.0037843053,"12-2021":0.003649635,"02-2022":0.0,"04-2022":0.0,"06-2022":0.0,"08-2022":0.0,"10-2022":0.0,"12-2022":0.0,"02-2023":0.0,"04-2023":0.0,"06-2023":0.0,"08-2023":0.0,"10-2023":0.0,"12-2023":0.0,"02-2024":0.0,"04-2024":0.0,"06-2024":0.0,"08-2024":0.0,"10-2024":0.0,"12-2024":0.0,"02-2025":0.0,"04-2025":0.0,"06-2025":0.0,"08-2025":0.0,"10-2025":0.0,"12-2025":0.0,"02-2026":0.0,"04-2026":0.0,"06-2026":0.0,"08-2026":0.0,"10-2026":0.0,"12-2026":0.0,"02-2027":0.0,"04-2027":0.0,"06-2027":0.0,"08-2027":0.0,"10-2027":0.0,"12-2027":0.0,"02-2028":0.0,"04-2028":0.0,"06-2028":0.0,"08-2028":0.0,"10-2028":0.0,"12-2028":0.0,"02-2029":0.0,"04-2029":0.0,"06-2029":0.0,"08-2029":0.0,"10-2029":0.0,"12-2029":0.0,"02-2030":0.0,"04-2030":0.0,"06-2030":0.0,"08-2030":0.0,"10-2030":0.0,"12-2030":0.0},"percentile_75":{"02-2020":0.1017554663,"04-2020":0.1007044325,"06-2020":0.1090793861,"08-2020":0.1151770891,"10-2020":0.1178348678,"12-2020":0.1169008649,"02-2021":0.1139525598,"04-2021":0.117965813,"06-2021":0.1167295975,"08-2021":0.1183617195,"10-2021":0.1094308517,"12-2021":0.1197874494,"02-2022":0.1242951128,"04-2022":0.1196721872,"06-2022":0.1303934571,"08-2022":0.1338093617,"10-2022":0.1427337909,"12-2022":0.179297908,"02-2023":0.2046304348,"04-2023":0.2542074471,"06-2023":0.3187490494,"08-2023":0.3841436172,"10-2023":0.4632542189,"12-2023":0.5803729476,"02-2024":0.6769384626,"04-2024":0.7269114921,"06-2024":0.7316091954,"08-2024":0.7156521739,"10-2024":0.6975462202,"12-2024":0.694369277,"02-2025":0.6707501782,"04-2025":0.6660811232,"06-2025":0.6654835597,"08-2025":0.6512180305,"10-2025":0.6367366338,"12-2025":0.6374220828,"02-2026":0.6284039018,"04-2026":0.6176519352,"06-2026":0.6013691227,"08-2026":0.6024472053,"10-2026":0.5898610823,"12-2026":0.5847502329,"02-2027":0.5729681324,"04-2027":0.554870842,"06-2027":0.5449239476,"08-2027":0.5346249048,"10-2027":0.5254225979,"12-2027":0.5264077341,"02-2028":0.5105845242,"04-2028":0.493507299,"06-2028":0.4981053429,"08-2028":0.4962956954,"10-2028":0.4830763913,"12-2028":0.4683963228,"02-2029":0.4522383545,"04-2029":0.4527830367,"06-2029":0.4448315912,"08-2029":0.4391624222,"10-2029":0.4411101213,"12-2029":0.4475781367,"02-2030":0.4441334992,"04-2030":0.4383354799,"06-2030":0.4479784367,"08-2030":0.4377134333,"10-2030":0.4333591331,"12-2030":0.4214353355}}