{"median":{"02-2020":0.0602151187,"04-2020":0.0578053996,"06-2020":0.060075188,"08-2020":0.0589320599,"10-2020":0.0571438091,"12-2020":0.0609543713,"02-2021":0.0572731684,"04-2021":0.0528683742,"06-2021":0.0487812939,"08-2021":0.0506824538,"10-2021":0.0496025487,"12-2021":0.0533335268,"02-2022":0.0519154758,"04-2022":0.0624431449,"06-2022":0.0717748043,"08-2022":0.0807883523,"10-2022":0.0919328938,"12-2022":0.1053884123,"02-2023":0.1403918179,"04-2023":0.1750878468,"06-2023":0.1895452232,"08-2023":0.2180553692,"10-2023":0.2562814828,"12-2023":0.3077744616,"02-2024":0.3511072261,"04-2024":0.3980458291,"06-2024":0.4709196656,"08-2024":0.5343850448,"10-2024":0.5646111548,"12-2024":0.5646554675,"02-2025":0.568269401,"04-2025":0.5563919349,"06-2025":0.5418181818,"08-2025":0.5407420052,"10-2025":0.5295070806,"12-2025":0.5276752768,"02-2026":0.5175212399,"04-2026":0.5185002264,"06-2026":0.5089780098,"08-2026":0.5056102156,"10-2026":0.4962797619,"12-2026":0.4790610316,"02-2027":0.4677506601,"04-2027":0.4666443714,"06-2027":0.4569430401,"08-2027":0.4450686642,"10-2027":0.427808846,"12-2027":0.4252898551,"02-2028":0.4192708333,"04-2028":0.4133022457,"06-2028":0.4036606186,"08-2028":0.3906753857,"10-2028":0.3849189101,"12-2028":0.3854303059,"02-2029":0.383945323,"04-2029":0.3854484865,"06-2029":0.3771647483,"08-2029":0.3793769562,"10-2029":0.3802906239,"12-2029":0.3840518826,"02-2030":0.3871606335,"04-2030":0.3917130129,"06-2030":0.3863823471,"08-2030":0.3846401675,"10-2030":0.3742804748,"12-2030":0.3592070944},"percentile_25":{"02-2020":0.0327719821,"04-2020":0.0335508794,"06-2020":0.0306848202,"08-2020":0.0286663264,"10-2020":0.0263919398,"12-2020":0.0207690329,"02-2021":0.0159047604,"04-2021":0.0118697479,"06-2021":0.0080321285,"08-2021":0.0064974135,"10-2021":0.0037700383,"12-2021":0.0036668083,"02-2022":0.0,"04-2022":0.0,"06-2022":0.0,"08-2022":0.0,"10-2022":0.0,"12-2022":0.0,"02-2023":0.0,"04-2023":0.0,"06-2023":0.0,"08-2023":0.0,"10-2023":0.0,"12-2023":0.0,"02-2024":0.0,"04-2024":0.0,"06-2024":0.0,"08-2024":0.0,"10-2024":0.0,"12-2024":0.0,"02-2025":0.0,"04-2025":0.0,"06-2025":0.0,"08-2025":0.0,"10-2025":0.0,"12-2025":0.0,"02-2026":0.0,"04-2026":0.0,"06-2026":0.0,"08-2026":0.0,"10-2026":0.0,"12-2026":0.0,"02-2027":0.0,"04-2027":0.0,"06-2027":0.0,"08-2027":0.0,"10-2027":0.0,"12-2027":0.0,"02-2028":0.0,"04-2028":0.0,"06-2028":0.0,"08-2028":0.0,"10-2028":0.0,"12-2028":0.0,"02-2029":0.0,"04-2029":0.0,"06-2029":0.0,"08-2029":0.0,"10-2029":0.0,"12-2029":0.0,"02-2030":0.0,"04-2030":0.0,"06-2030":0.0,"08-2030":0.0,"10-2030":0.0,"12-2030":0.0},"percentile_75":{"02-2020":0.1017554663,"04-2020":0.1007044325,"06-2020":0.1090793861,"08-2020":0.1151770891,"10-2020":0.1178348678,"12-2020":0.1169008649,"02-2021":0.1139525598,"04-2021":0.117965813,"06-2021":0.1190775681,"08-2021":0.1233327977,"10-2021":0.1321678322,"12-2021":0.1578802462,"02-2022":0.2036740497,"04-2022":0.2449149787,"06-2022":0.3034514661,"08-2022":0.3822994145,"10-2022":0.4718033247,"12-2022":0.5865527145,"02-2023":0.6670441411,"04-2023":0.7216038038,"06-2023":0.7463924964,"08-2023":0.730364338,"10-2023":0.7196667864,"12-2023":0.7115384615,"02-2024":0.6947260614,"04-2024":0.688999202,"06-2024":0.6819449103,"08-2024":0.6734532828,"10-2024":0.661681778,"12-2024":0.649427953,"02-2025":0.6411787871,"04-2025":0.6317689531,"06-2025":0.6248479781,"08-2025":0.6151184664,"10-2025":0.6046572475,"12-2025":0.5973263531,"02-2026":0.5897424819,"04-2026":0.5734961436,"06-2026":0.5678363696,"08-2026":0.5627200704,"10-2026":0.5562214612,"12-2026":0.5402476253,"02-2027":0.5316083767,"04-2027":0.5233324933,"06-2027":0.5127505828,"08-2027":0.500464684,"10-2027":0.5017223454,"12-2027":0.4937549251,"02-2028":0.4897135417,"04-2028":0.4750564979,"06-2028":0.4694134421,"08-2028":0.4614853572,"10-2028":0.4527002285,"12-2028":0.4472055058,"02-2029":0.4441530692,"04-2029":0.4405707501,"06-2029":0.4379091741,"08-2029":0.4382372927,"10-2029":0.4349346896,"12-2029":0.4391055209,"02-2030":0.438628715,"04-2030":0.4505599005,"06-2030":0.4463015647,"08-2030":0.4333534559,"10-2030":0.4304635762,"12-2030":0.4308556966}}