{"median":{"02-2020":0.0602151187,"04-2020":0.0578053996,"06-2020":0.060075188,"08-2020":0.0589320599,"10-2020":0.0571438091,"12-2020":0.0609543713,"02-2021":0.0601224136,"04-2021":0.0578145087,"06-2021":0.0558314494,"08-2021":0.0651755492,"10-2021":0.0833333333,"12-2021":0.0931014493,"02-2022":0.1157751513,"04-2022":0.1455849478,"06-2022":0.1819871578,"08-2022":0.2036036743,"10-2022":0.2336585225,"12-2022":0.2824160448,"02-2023":0.3358587899,"04-2023":0.3711658832,"06-2023":0.4106147444,"08-2023":0.4669280162,"10-2023":0.508778847,"12-2023":0.5754862248,"02-2024":0.5930182075,"04-2024":0.5874362934,"06-2024":0.5904143213,"08-2024":0.5955438587,"10-2024":0.5894994173,"12-2024":0.5788048553,"02-2025":0.567581536,"04-2025":0.5457821193,"06-2025":0.5471040694,"08-2025":0.5426212406,"10-2025":0.5362889078,"12-2025":0.5237795176,"02-2026":0.5144695281,"04-2026":0.5048249242,"06-2026":0.5082530765,"08-2026":0.49209375,"10-2026":0.4850337857,"12-2026":0.4729536394,"02-2027":0.4698029243,"04-2027":0.4551847732,"06-2027":0.4495286195,"08-2027":0.4387553155,"10-2027":0.4396906244,"12-2027":0.4220269801,"02-2028":0.4195047908,"04-2028":0.4145991882,"06-2028":0.4061554118,"08-2028":0.4003745318,"10-2028":0.3933733961,"12-2028":0.386970522,"02-2029":0.3886792453,"04-2029":0.3861555001,"06-2029":0.3775335775,"08-2029":0.3788767924,"10-2029":0.3861270487,"12-2029":0.3905017301,"02-2030":0.3926968485,"04-2030":0.4006908978,"06-2030":0.4028166421,"08-2030":0.3975498339,"10-2030":0.3853928827,"12-2030":0.3827772405},"percentile_25":{"02-2020":0.0327719821,"04-2020":0.0335508794,"06-2020":0.0306848202,"08-2020":0.0286663264,"10-2020":0.0263919398,"12-2020":0.0207690329,"02-2021":0.0158102767,"04-2021":0.0117192823,"06-2021":0.0112683438,"08-2021":0.0076197856,"10-2021":0.0041380753,"12-2021":0.0037493063,"02-2022":0.0027372263,"04-2022":0.0,"06-2022":0.0,"08-2022":0.0,"10-2022":0.0,"12-2022":0.0,"02-2023":0.0,"04-2023":0.0,"06-2023":0.0,"08-2023":0.0,"10-2023":0.0,"12-2023":0.0,"02-2024":0.0,"04-2024":0.0,"06-2024":0.0,"08-2024":0.0,"10-2024":0.0,"12-2024":0.0,"02-2025":0.0,"04-2025":0.0,"06-2025":0.0,"08-2025":0.0,"10-2025":0.0,"12-2025":0.0,"02-2026":0.0,"04-2026":0.0,"06-2026":0.0,"08-2026":0.0,"10-2026":0.0,"12-2026":0.0,"02-2027":0.0,"04-2027":0.0,"06-2027":0.0,"08-2027":0.0,"10-2027":0.0,"12-2027":0.0,"02-2028":0.0,"04-2028":0.0,"06-2028":0.0,"08-2028":0.0,"10-2028":0.0,"12-2028":0.0,"02-2029":0.0,"04-2029":0.0,"06-2029":0.0,"08-2029":0.0,"10-2029":0.0,"12-2029":0.0,"02-2030":0.0,"04-2030":0.0,"06-2030":0.0,"08-2030":0.0,"10-2030":0.0,"12-2030":0.0},"percentile_75":{"02-2020":0.1017554663,"04-2020":0.1007044325,"06-2020":0.1090793861,"08-2020":0.1151770891,"10-2020":0.1178348678,"12-2020":0.1169008649,"02-2021":0.1172561443,"04-2021":0.1271050671,"06-2021":0.1378040461,"08-2021":0.1710997838,"10-2021":0.2182599356,"12-2021":0.2696552579,"02-2022":0.346027668,"04-2022":0.4216041438,"06-2022":0.5331326735,"08-2022":0.6303562831,"10-2022":0.6918007948,"12-2022":0.7412883871,"02-2023":0.732181006,"04-2023":0.7239806368,"06-2023":0.7078561225,"08-2023":0.7091873759,"10-2023":0.6941865102,"12-2023":0.6841608562,"02-2024":0.6736009286,"04-2024":0.6752664109,"06-2024":0.6609427353,"08-2024":0.6717595745,"10-2024":0.6618392865,"12-2024":0.6497047244,"02-2025":0.6324229003,"04-2025":0.6254579503,"06-2025":0.6148392096,"08-2025":0.6001901141,"10-2025":0.5986471463,"12-2025":0.5876277308,"02-2026":0.5756757329,"04-2026":0.5663978495,"06-2026":0.5678024842,"08-2026":0.5554149798,"10-2026":0.5480090252,"12-2026":0.5394123826,"02-2027":0.5247016239,"04-2027":0.5109650715,"06-2027":0.501908481,"08-2027":0.4933714809,"10-2027":0.4875089649,"12-2027":0.4823221344,"02-2028":0.4737410873,"04-2028":0.471962324,"06-2028":0.4659616656,"08-2028":0.4599329205,"10-2028":0.4451053031,"12-2028":0.4459802402,"02-2029":0.4396636223,"04-2029":0.4323416633,"06-2029":0.4278389831,"08-2029":0.4329072293,"10-2029":0.4343179008,"12-2029":0.4403446383,"02-2030":0.4378524486,"04-2030":0.4459331599,"06-2030":0.4465235562,"08-2030":0.4486777606,"10-2030":0.4383683177,"12-2030":0.4338546758}}