{"median":{"02-2020":0.065166107,"04-2020":0.0700431524,"06-2020":0.0773470434,"08-2020":0.0782737547,"10-2020":0.0828658252,"12-2020":0.0963917609,"02-2021":0.0945925793,"04-2021":0.0994331498,"06-2021":0.0945750737,"08-2021":0.0925093401,"10-2021":0.0847431171,"12-2021":0.0841045068,"02-2022":0.0811882606,"04-2022":0.076253395,"06-2022":0.0786205664,"08-2022":0.0799169733,"10-2022":0.0705638272,"12-2022":0.0637548539,"02-2023":0.0632048872,"04-2023":0.0577543079,"06-2023":0.0528911953,"08-2023":0.0533567571,"10-2023":0.0464218371,"12-2023":0.0389440309,"02-2024":0.0350959961,"04-2024":0.0347826087,"06-2024":0.0333351624,"08-2024":0.0289407578,"10-2024":0.0264726909,"12-2024":0.0186968799,"02-2025":0.0153555955,"04-2025":0.0129894474,"06-2025":0.011288406,"08-2025":0.0073260073,"10-2025":0.0038762019,"12-2025":0.0036703303,"02-2026":0.0036833537,"04-2026":0.0,"06-2026":0.0,"08-2026":0.0,"10-2026":0.0,"12-2026":0.0,"02-2027":0.0,"04-2027":0.0,"06-2027":0.0,"08-2027":0.0,"10-2027":0.0,"12-2027":0.0,"02-2028":0.0,"04-2028":0.0,"06-2028":0.0,"08-2028":0.0,"10-2028":0.0,"12-2028":0.0,"02-2029":0.0,"04-2029":0.0,"06-2029":0.0,"08-2029":0.0,"10-2029":0.0,"12-2029":0.0,"02-2030":0.0,"04-2030":0.0,"06-2030":0.0,"08-2030":0.0,"10-2030":0.0,"12-2030":0.0},"percentile_25":{"02-2020":0.0342860861,"04-2020":0.0352425181,"06-2020":0.0367365151,"08-2020":0.0367365151,"10-2020":0.0386525763,"12-2020":0.0368139224,"02-2021":0.0362212159,"04-2021":0.034036548,"06-2021":0.0329979947,"08-2021":0.0266805267,"10-2021":0.0226658217,"12-2021":0.0182643531,"02-2022":0.0121463415,"04-2022":0.0117626509,"06-2022":0.0075117569,"08-2022":0.0072727273,"10-2022":0.003607071,"12-2022":0.0,"02-2023":0.0,"04-2023":0.0,"06-2023":0.0,"08-2023":0.0,"10-2023":0.0,"12-2023":0.0,"02-2024":0.0,"04-2024":0.0,"06-2024":0.0,"08-2024":0.0,"10-2024":0.0,"12-2024":0.0,"02-2025":0.0,"04-2025":0.0,"06-2025":0.0,"08-2025":0.0,"10-2025":0.0,"12-2025":0.0,"02-2026":0.0,"04-2026":0.0,"06-2026":0.0,"08-2026":0.0,"10-2026":0.0,"12-2026":0.0,"02-2027":0.0,"04-2027":0.0,"06-2027":0.0,"08-2027":0.0,"10-2027":0.0,"12-2027":0.0,"02-2028":0.0,"04-2028":0.0,"06-2028":0.0,"08-2028":0.0,"10-2028":0.0,"12-2028":0.0,"02-2029":0.0,"04-2029":0.0,"06-2029":0.0,"08-2029":0.0,"10-2029":0.0,"12-2029":0.0,"02-2030":0.0,"04-2030":0.0,"06-2030":0.0,"08-2030":0.0,"10-2030":0.0,"12-2030":0.0},"percentile_75":{"02-2020":0.1127998639,"04-2020":0.1317111685,"06-2020":0.1621398366,"08-2020":0.1802663497,"10-2020":0.1888524861,"12-2020":0.2206766917,"02-2021":0.2377843505,"04-2021":0.235979448,"06-2021":0.2331957265,"08-2021":0.2299873737,"10-2021":0.2022513441,"12-2021":0.1919939536,"02-2022":0.1994464945,"04-2022":0.192124484,"06-2022":0.1950813766,"08-2022":0.1794137796,"10-2022":0.1725480283,"12-2022":0.1740127643,"02-2023":0.1670454545,"04-2023":0.17377187,"06-2023":0.1742780662,"08-2023":0.1665032578,"10-2023":0.1696087626,"12-2023":0.169248008,"02-2024":0.1647135417,"04-2024":0.1669642857,"06-2024":0.183045233,"08-2024":0.1869737013,"10-2024":0.1759574087,"12-2024":0.1826488597,"02-2025":0.1861111111,"04-2025":0.1878946937,"06-2025":0.1943257492,"08-2025":0.191496004,"10-2025":0.19133535,"12-2025":0.1866879631,"02-2026":0.181770274,"04-2026":0.1644585095,"06-2026":0.1698593431,"08-2026":0.1783672115,"10-2026":0.1787117936,"12-2026":0.1768371017,"02-2027":0.1916682798,"04-2027":0.2039796455,"06-2027":0.2538149351,"08-2027":0.3209958462,"10-2027":0.421894191,"12-2027":0.5228612291,"02-2028":0.6189292443,"04-2028":0.6727414915,"06-2028":0.7046217019,"08-2028":0.7099105232,"10-2028":0.6961826488,"12-2028":0.6915954416,"02-2029":0.6792648055,"04-2029":0.6672597865,"06-2029":0.6470908786,"08-2029":0.6395433371,"10-2029":0.6362078321,"12-2029":0.6303476026,"02-2030":0.6305306097,"04-2030":0.6263866921,"06-2030":0.6328711319,"08-2030":0.6085087812,"10-2030":0.5895015795,"12-2030":0.5743340778}}