{"median":{"02-2020":0.0602151187,"04-2020":0.0578053996,"06-2020":0.060075188,"08-2020":0.0589320599,"10-2020":0.0571438091,"12-2020":0.0609543713,"02-2021":0.0572731684,"04-2021":0.0528683742,"06-2021":0.0480979309,"08-2021":0.0496947664,"10-2021":0.0438181818,"12-2021":0.041912213,"02-2022":0.0378083993,"04-2022":0.0355870218,"06-2022":0.0354418605,"08-2022":0.0355064119,"10-2022":0.0318304066,"12-2022":0.0404081633,"02-2023":0.0468778612,"04-2023":0.0501464693,"06-2023":0.0583258123,"08-2023":0.069234866,"10-2023":0.07542145,"12-2023":0.0896390142,"02-2024":0.1081826156,"04-2024":0.1285448828,"06-2024":0.1449617867,"08-2024":0.1791235094,"10-2024":0.228620785,"12-2024":0.2687210826,"02-2025":0.3447289051,"04-2025":0.3864667614,"06-2025":0.4357677903,"08-2025":0.4740776272,"10-2025":0.4784196832,"12-2025":0.500965251,"02-2026":0.5038780664,"04-2026":0.4992582203,"06-2026":0.4766797491,"08-2026":0.4766159819,"10-2026":0.4763978608,"12-2026":0.4640820206,"02-2027":0.4532530588,"04-2027":0.4495276653,"06-2027":0.4426838373,"08-2027":0.4307321141,"10-2027":0.4329857449,"12-2027":0.4191902032,"02-2028":0.4131671788,"04-2028":0.4023755656,"06-2028":0.3909391534,"08-2028":0.3708750603,"10-2028":0.3684210526,"12-2028":0.3707455739,"02-2029":0.3637980085,"04-2029":0.3593527986,"06-2029":0.3510003745,"08-2029":0.355202743,"10-2029":0.3554717903,"12-2029":0.3596406231,"02-2030":0.363479655,"04-2030":0.3712693276,"06-2030":0.3688795159,"08-2030":0.3579107981,"10-2030":0.3497954491,"12-2030":0.3479883353},"percentile_25":{"02-2020":0.0327719821,"04-2020":0.0335508794,"06-2020":0.0306848202,"08-2020":0.0286663264,"10-2020":0.0263919398,"12-2020":0.0207690329,"02-2021":0.0159047604,"04-2021":0.0118697479,"06-2021":0.0080564192,"08-2021":0.0065170337,"10-2021":0.0037843053,"12-2021":0.003649635,"02-2022":0.0,"04-2022":0.0,"06-2022":0.0,"08-2022":0.0,"10-2022":0.0,"12-2022":0.0,"02-2023":0.0,"04-2023":0.0,"06-2023":0.0,"08-2023":0.0,"10-2023":0.0,"12-2023":0.0,"02-2024":0.0,"04-2024":0.0,"06-2024":0.0,"08-2024":0.0,"10-2024":0.0,"12-2024":0.0,"02-2025":0.0,"04-2025":0.0,"06-2025":0.0,"08-2025":0.0,"10-2025":0.0,"12-2025":0.0,"02-2026":0.0,"04-2026":0.0,"06-2026":0.0,"08-2026":0.0,"10-2026":0.0,"12-2026":0.0,"02-2027":0.0,"04-2027":0.0,"06-2027":0.0,"08-2027":0.0,"10-2027":0.0,"12-2027":0.0,"02-2028":0.0,"04-2028":0.0,"06-2028":0.0,"08-2028":0.0,"10-2028":0.0,"12-2028":0.0,"02-2029":0.0,"04-2029":0.0,"06-2029":0.0,"08-2029":0.0,"10-2029":0.0,"12-2029":0.0,"02-2030":0.0,"04-2030":0.0,"06-2030":0.0,"08-2030":0.0,"10-2030":0.0,"12-2030":0.0},"percentile_75":{"02-2020":0.1017554663,"04-2020":0.1007044325,"06-2020":0.1090793861,"08-2020":0.1151770891,"10-2020":0.1178348678,"12-2020":0.1169008649,"02-2021":0.1139525598,"04-2021":0.117965813,"06-2021":0.1167295975,"08-2021":0.1183617195,"10-2021":0.1094308517,"12-2021":0.1197874494,"02-2022":0.1246462264,"04-2022":0.1412517196,"06-2022":0.1742864693,"08-2022":0.2161328422,"10-2022":0.272321972,"12-2022":0.3393736235,"02-2023":0.4289982511,"04-2023":0.5039370079,"06-2023":0.6022988506,"08-2023":0.6892620232,"10-2023":0.7264014175,"12-2023":0.7433586537,"02-2024":0.7445643733,"04-2024":0.7174781977,"06-2024":0.7010807473,"08-2024":0.6833225178,"10-2024":0.6815432551,"12-2024":0.6725372189,"02-2025":0.6633061383,"04-2025":0.6543771044,"06-2025":0.6418607801,"08-2025":0.6281328321,"10-2025":0.621281362,"12-2025":0.6094310036,"02-2026":0.5923023943,"04-2026":0.590306778,"06-2026":0.580643405,"08-2026":0.5657291477,"10-2026":0.5685350284,"12-2026":0.5448732719,"02-2027":0.5421274462,"04-2027":0.534162244,"06-2027":0.5355890202,"08-2027":0.516321021,"10-2027":0.5076593137,"12-2027":0.5036448114,"02-2028":0.4829756079,"04-2028":0.4710979452,"06-2028":0.4642577451,"08-2028":0.4476244512,"10-2028":0.4592545608,"12-2028":0.4513893654,"02-2029":0.4470629047,"04-2029":0.4328247626,"06-2029":0.4295768025,"08-2029":0.4369329179,"10-2029":0.4331596868,"12-2029":0.4347744881,"02-2030":0.4343222966,"04-2030":0.4485695503,"06-2030":0.4420787906,"08-2030":0.4380346616,"10-2030":0.4370449029,"12-2030":0.4285714286}}