{"median":{"02-2020":0.065166107,"04-2020":0.0700431524,"06-2020":0.0773470434,"08-2020":0.0782737547,"10-2020":0.0828658252,"12-2020":0.0963917609,"02-2021":0.1033778532,"04-2021":0.1168619025,"06-2021":0.1311787072,"08-2021":0.1464107677,"10-2021":0.1767752715,"12-2021":0.20553177,"02-2022":0.2561767345,"04-2022":0.2862263185,"06-2022":0.3358237041,"08-2022":0.3916687753,"10-2022":0.445753219,"12-2022":0.5084272018,"02-2023":0.5640559595,"04-2023":0.5876647834,"06-2023":0.6003331491,"08-2023":0.6089241162,"10-2023":0.614512769,"12-2023":0.6093057987,"02-2024":0.6103281915,"04-2024":0.5953348431,"06-2024":0.5962206653,"08-2024":0.5864690803,"10-2024":0.5828863411,"12-2024":0.5637944067,"02-2025":0.5548699795,"04-2025":0.5482202982,"06-2025":0.5398835096,"08-2025":0.5281247529,"10-2025":0.527426795,"12-2025":0.5196899225,"02-2026":0.5008710801,"04-2026":0.4980770648,"06-2026":0.4938335175,"08-2026":0.4812734082,"10-2026":0.4731058415,"12-2026":0.4588893766,"02-2027":0.4603610675,"04-2027":0.4553639847,"06-2027":0.4484116932,"08-2027":0.4482136252,"10-2027":0.4444614321,"12-2027":0.4352687837,"02-2028":0.4337777602,"04-2028":0.427827381,"06-2028":0.412312212,"08-2028":0.4101202419,"10-2028":0.3962613557,"12-2028":0.3971320096,"02-2029":0.3943982996,"04-2029":0.393823793,"06-2029":0.3935281302,"08-2029":0.3937782076,"10-2029":0.3856216807,"12-2029":0.4011619334,"02-2030":0.4038517975,"04-2030":0.4114823534,"06-2030":0.4156544148,"08-2030":0.4101257916,"10-2030":0.3966101695,"12-2030":0.3876419049},"percentile_25":{"02-2020":0.0342860861,"04-2020":0.0352425181,"06-2020":0.0367365151,"08-2020":0.0367365151,"10-2020":0.0386525763,"12-2020":0.0368139224,"02-2021":0.0366644385,"04-2021":0.0384682637,"06-2021":0.0403673787,"08-2021":0.0402074019,"10-2021":0.0415805785,"12-2021":0.0422029595,"02-2022":0.0532904595,"04-2022":0.0554534314,"06-2022":0.0600930036,"08-2022":0.0776422764,"10-2022":0.0888810253,"12-2022":0.0948561157,"02-2023":0.1230267216,"04-2023":0.1323433268,"06-2023":0.1337769784,"08-2023":0.1628674575,"10-2023":0.1850876803,"12-2023":0.206083043,"02-2024":0.2369751762,"04-2024":0.2583440308,"06-2024":0.2888555599,"08-2024":0.309654321,"10-2024":0.3412749467,"12-2024":0.4048928392,"02-2025":0.4178834679,"04-2025":0.4374360212,"06-2025":0.4550985491,"08-2025":0.4428205558,"10-2025":0.4205494428,"12-2025":0.4248758987,"02-2026":0.423553335,"04-2026":0.4352581356,"06-2026":0.4282366488,"08-2026":0.4205358287,"10-2026":0.4209939148,"12-2026":0.4106737885,"02-2027":0.4,"04-2027":0.3994525695,"06-2027":0.3995281508,"08-2027":0.3924821741,"10-2027":0.3868358809,"12-2027":0.3834273183,"02-2028":0.376717033,"04-2028":0.3574762976,"06-2028":0.3564359605,"08-2028":0.3497180092,"10-2028":0.3402825786,"12-2028":0.3405600625,"02-2029":0.3364471326,"04-2029":0.334252451,"06-2029":0.3399088272,"08-2029":0.3330508475,"10-2029":0.341615082,"12-2029":0.3442708333,"02-2030":0.3488102004,"04-2030":0.3611091956,"06-2030":0.3551105651,"08-2030":0.3341865757,"10-2030":0.3366822708,"12-2030":0.3350815851},"percentile_75":{"02-2020":0.1127998639,"04-2020":0.1317111685,"06-2020":0.1621398366,"08-2020":0.1802663497,"10-2020":0.1888524861,"12-2020":0.2206766917,"02-2021":0.2597217421,"04-2021":0.2812088933,"06-2021":0.308390056,"08-2021":0.3684142354,"10-2021":0.4263600177,"12-2021":0.4985521236,"02-2022":0.5830248546,"04-2022":0.6436491609,"06-2022":0.6992017115,"08-2022":0.7300983167,"10-2022":0.7408123445,"12-2022":0.7386926225,"02-2023":0.7239288231,"04-2023":0.7136301743,"06-2023":0.6830783124,"08-2023":0.68196533,"10-2023":0.6704059829,"12-2023":0.6666666667,"02-2024":0.6716004847,"04-2024":0.6569603904,"06-2024":0.6504065041,"08-2024":0.6407668232,"10-2024":0.6428571429,"12-2024":0.6313499918,"02-2025":0.6232953634,"04-2025":0.6123323013,"06-2025":0.6055484618,"08-2025":0.5867158672,"10-2025":0.5834074733,"12-2025":0.5669172932,"02-2026":0.5632720021,"04-2026":0.5581543742,"06-2026":0.5464762252,"08-2026":0.5383352633,"10-2026":0.5354797946,"12-2026":0.5297523427,"02-2027":0.5153395673,"04-2027":0.5112248147,"06-2027":0.5060005784,"08-2027":0.4911066629,"10-2027":0.4943851842,"12-2027":0.4784268296,"02-2028":0.4784651182,"04-2028":0.4693217256,"06-2028":0.4618633056,"08-2028":0.4497453311,"10-2028":0.450207817,"12-2028":0.4419987284,"02-2029":0.44295846,"04-2029":0.4419471272,"06-2029":0.4356378234,"08-2029":0.4427436233,"10-2029":0.4420480549,"12-2029":0.451964711,"02-2030":0.4488173361,"04-2030":0.4625497786,"06-2030":0.4562274775,"08-2030":0.4539245971,"10-2030":0.4461375825,"12-2030":0.4323545655}}