{"median":{"02-2020":0.065166107,"04-2020":0.0700431524,"06-2020":0.0773470434,"08-2020":0.0782737547,"10-2020":0.0828658252,"12-2020":0.0963917609,"02-2021":0.0945925793,"04-2021":0.0994331498,"06-2021":0.0982620321,"08-2021":0.0961507554,"10-2021":0.1013309931,"12-2021":0.1079098227,"02-2022":0.1166301009,"04-2022":0.1322072703,"06-2022":0.1484244839,"08-2022":0.1717219538,"10-2022":0.206609309,"12-2022":0.2455869062,"02-2023":0.2962962963,"04-2023":0.3590466037,"06-2023":0.4305454545,"08-2023":0.5077248867,"10-2023":0.5558240431,"12-2023":0.5959062302,"02-2024":0.5970067161,"04-2024":0.6128938629,"06-2024":0.6158854167,"08-2024":0.6174749164,"10-2024":0.619818451,"12-2024":0.6031794425,"02-2025":0.5970093074,"04-2025":0.5877979445,"06-2025":0.5722311396,"08-2025":0.5609326824,"10-2025":0.5544855589,"12-2025":0.5387589697,"02-2026":0.529203304,"04-2026":0.5280248528,"06-2026":0.5168434381,"08-2026":0.5096189419,"10-2026":0.4981684982,"12-2026":0.4963632036,"02-2027":0.4866433566,"04-2027":0.4744811793,"06-2027":0.4615384615,"08-2027":0.4517432208,"10-2027":0.4452477347,"12-2027":0.4395826177,"02-2028":0.438627359,"04-2028":0.4328113531,"06-2028":0.4208437111,"08-2028":0.4215713428,"10-2028":0.415775676,"12-2028":0.4119052243,"02-2029":0.4105044816,"04-2029":0.4015010702,"06-2029":0.3984785496,"08-2029":0.3974910301,"10-2029":0.3974610662,"12-2029":0.3964598997,"02-2030":0.404988211,"04-2030":0.4132209287,"06-2030":0.4126938474,"08-2030":0.4062454787,"10-2030":0.3949322947,"12-2030":0.3928217997},"percentile_25":{"02-2020":0.0342860861,"04-2020":0.0352425181,"06-2020":0.0367365151,"08-2020":0.0367365151,"10-2020":0.0386525763,"12-2020":0.0368139224,"02-2021":0.0362212159,"04-2021":0.034036548,"06-2021":0.0334925777,"08-2021":0.025862069,"10-2021":0.0230042331,"12-2021":0.0256844493,"02-2022":0.0282050431,"04-2022":0.0251514157,"06-2022":0.0301666294,"08-2022":0.034645467,"10-2022":0.0325414583,"12-2022":0.033298987,"02-2023":0.0395527226,"04-2023":0.0383247563,"06-2023":0.0488236494,"08-2023":0.0511529056,"10-2023":0.056193835,"12-2023":0.0749611801,"02-2024":0.0785799803,"04-2024":0.0929539138,"06-2024":0.1134632616,"08-2024":0.1093285404,"10-2024":0.127196703,"12-2024":0.1387931034,"02-2025":0.1501439394,"04-2025":0.1687788018,"06-2025":0.1753597122,"08-2025":0.1949458484,"10-2025":0.2043457237,"12-2025":0.2020745003,"02-2026":0.2089877601,"04-2026":0.2250768344,"06-2026":0.2338779641,"08-2026":0.2367898411,"10-2026":0.240419708,"12-2026":0.2633141113,"02-2027":0.2863731656,"04-2027":0.3032414977,"06-2027":0.3292114695,"08-2027":0.3536953991,"10-2027":0.3464386561,"12-2027":0.3374166009,"02-2028":0.3461859979,"04-2028":0.3504899951,"06-2028":0.3452865881,"08-2028":0.3389294529,"10-2028":0.3274538519,"12-2028":0.3280039722,"02-2029":0.32543671,"04-2029":0.3279590613,"06-2029":0.3181915927,"08-2029":0.3243055556,"10-2029":0.3210653942,"12-2029":0.3259051186,"02-2030":0.3301884116,"04-2030":0.3461976897,"06-2030":0.3375281845,"08-2030":0.3333735074,"10-2030":0.3246852518,"12-2030":0.3122180451},"percentile_75":{"02-2020":0.1127998639,"04-2020":0.1317111685,"06-2020":0.1621398366,"08-2020":0.1802663497,"10-2020":0.1888524861,"12-2020":0.2206766917,"02-2021":0.2377843505,"04-2021":0.235979448,"06-2021":0.2333657588,"08-2021":0.2409068472,"10-2021":0.2343785735,"12-2021":0.26704902,"02-2022":0.2987328506,"04-2022":0.3428899246,"06-2022":0.4277269487,"08-2022":0.5197192513,"10-2022":0.5969842657,"12-2022":0.6773787236,"02-2023":0.7302500603,"04-2023":0.7257423372,"06-2023":0.7319646098,"08-2023":0.7263360507,"10-2023":0.714162139,"12-2023":0.7007848678,"02-2024":0.6955126436,"04-2024":0.6866351476,"06-2024":0.6840328467,"08-2024":0.6829639755,"10-2024":0.6743458927,"12-2024":0.6702732108,"02-2025":0.6497987094,"04-2025":0.6466431095,"06-2025":0.6317724458,"08-2025":0.625619569,"10-2025":0.6075446766,"12-2025":0.5928903473,"02-2026":0.5857800395,"04-2026":0.5839809233,"06-2026":0.5758859784,"08-2026":0.5596898893,"10-2026":0.5583805811,"12-2026":0.5437478867,"02-2027":0.545825603,"04-2027":0.5330188679,"06-2027":0.5185852275,"08-2027":0.5113853227,"10-2027":0.5017712853,"12-2027":0.4952687798,"02-2028":0.4945112237,"04-2028":0.4866155325,"06-2028":0.4798110651,"08-2028":0.4734881947,"10-2028":0.45997921,"12-2028":0.4582573023,"02-2029":0.4562837195,"04-2029":0.4435173712,"06-2029":0.4431483957,"08-2029":0.4487676847,"10-2029":0.4386523385,"12-2029":0.4500461255,"02-2030":0.4476929342,"04-2030":0.4622023576,"06-2030":0.4618633056,"08-2030":0.4495496579,"10-2030":0.4419987284,"12-2030":0.4433077393}}