{"median":{"02-2020":0.0602151187,"04-2020":0.0578053996,"06-2020":0.0613520024,"08-2020":0.0624026509,"10-2020":0.0683706589,"12-2020":0.0772069259,"02-2021":0.0835076709,"04-2021":0.0822072072,"06-2021":0.0825158562,"08-2021":0.0853672643,"10-2021":0.0905673274,"12-2021":0.0971335269,"02-2022":0.0978370916,"04-2022":0.099616295,"06-2022":0.1013833992,"08-2022":0.0984980237,"10-2022":0.11401066,"12-2022":0.1254052461,"02-2023":0.1253532922,"04-2023":0.1234995057,"06-2023":0.124252988,"08-2023":0.1313676633,"10-2023":0.1346415732,"12-2023":0.1467285531,"02-2024":0.1451250076,"04-2024":0.1466033966,"06-2024":0.1488874626,"08-2024":0.1566131237,"10-2024":0.1625761606,"12-2024":0.1944781145,"02-2025":0.1927639148,"04-2025":0.1923314324,"06-2025":0.2031856713,"08-2025":0.2070344545,"10-2025":0.2281166341,"12-2025":0.2532877137,"02-2026":0.2725877193,"04-2026":0.2677897574,"06-2026":0.2688705936,"08-2026":0.2549932524,"10-2026":0.272378962,"12-2026":0.2903741585,"02-2027":0.325434522,"04-2027":0.3485270513,"06-2027":0.394162617,"08-2027":0.4265782959,"10-2027":0.4600682396,"12-2027":0.4836335604,"02-2028":0.4785892634,"04-2028":0.5084695267,"06-2028":0.5136030374,"08-2028":0.5127498002,"10-2028":0.5120782261,"12-2028":0.5119320171,"02-2029":0.5233674955,"04-2029":0.5133654018,"06-2029":0.491087963,"08-2029":0.4927796893,"10-2029":0.504611249,"12-2029":0.5154822005,"02-2030":0.5146184715,"04-2030":0.5107919255,"06-2030":0.5119291705,"08-2030":0.5024719582,"10-2030":0.4876685648,"12-2030":0.4791389406},"percentile_25":{"02-2020":0.0327719821,"04-2020":0.0335508794,"06-2020":0.0306240929,"08-2020":0.0301603064,"10-2020":0.0280909982,"12-2020":0.0271587848,"02-2021":0.0261082196,"04-2021":0.0217356173,"06-2021":0.0199255504,"08-2021":0.0164289523,"10-2021":0.0151947229,"12-2021":0.0149124256,"02-2022":0.0109013327,"04-2022":0.0097189847,"06-2022":0.0040516707,"08-2022":0.0028625954,"10-2022":0.0,"12-2022":0.0,"02-2023":0.0,"04-2023":0.0,"06-2023":0.0,"08-2023":0.0,"10-2023":0.0,"12-2023":0.0,"02-2024":0.0,"04-2024":0.0,"06-2024":0.0,"08-2024":0.0,"10-2024":0.0,"12-2024":0.0,"02-2025":0.0,"04-2025":0.0,"06-2025":0.0,"08-2025":0.0,"10-2025":0.0,"12-2025":0.0,"02-2026":0.0,"04-2026":0.0,"06-2026":0.0,"08-2026":0.0,"10-2026":0.0,"12-2026":0.0,"02-2027":0.0,"04-2027":0.0,"06-2027":0.0,"08-2027":0.0,"10-2027":0.0,"12-2027":0.0,"02-2028":0.0,"04-2028":0.0,"06-2028":0.0,"08-2028":0.0,"10-2028":0.0,"12-2028":0.0,"02-2029":0.0,"04-2029":0.0,"06-2029":0.0,"08-2029":0.0,"10-2029":0.0,"12-2029":0.0,"02-2030":0.0,"04-2030":0.0,"06-2030":0.0,"08-2030":0.0,"10-2030":0.0,"12-2030":0.0},"percentile_75":{"02-2020":0.1017554663,"04-2020":0.1007044325,"06-2020":0.1080841857,"08-2020":0.124635214,"10-2020":0.1421280168,"12-2020":0.1659346649,"02-2021":0.1660870374,"04-2021":0.180789689,"06-2021":0.2037388603,"08-2021":0.2362652682,"10-2021":0.2494687763,"12-2021":0.2934062792,"02-2022":0.311708081,"04-2022":0.3126192748,"06-2022":0.3388888889,"08-2022":0.3750482826,"10-2022":0.4170433557,"12-2022":0.4721604595,"02-2023":0.4835477941,"04-2023":0.49175,"06-2023":0.4904672395,"08-2023":0.4959386282,"10-2023":0.5133122206,"12-2023":0.5310419059,"02-2024":0.5149488563,"04-2024":0.4977774434,"06-2024":0.4964084828,"08-2024":0.4859674797,"10-2024":0.5074626866,"12-2024":0.5192307692,"02-2025":0.5063983488,"04-2025":0.4830937005,"06-2025":0.4531490903,"08-2025":0.4465318106,"10-2025":0.4611941581,"12-2025":0.4870881505,"02-2026":0.4785509224,"04-2026":0.4508101239,"06-2026":0.4328900614,"08-2026":0.4133022566,"10-2026":0.4120625599,"12-2026":0.4439158403,"02-2027":0.4748647993,"04-2027":0.4912798408,"06-2027":0.5161315553,"08-2027":0.5567859867,"10-2027":0.5828197338,"12-2027":0.5957235053,"02-2028":0.5990905197,"04-2028":0.5866474753,"06-2028":0.5783464397,"08-2028":0.5968641115,"10-2028":0.583885914,"12-2028":0.589602081,"02-2029":0.5782185897,"04-2029":0.573343814,"06-2029":0.5722789116,"08-2029":0.5675992827,"10-2029":0.5702392739,"12-2029":0.5742306403,"02-2030":0.5703703704,"04-2030":0.5639267891,"06-2030":0.5618031359,"08-2030":0.5588240921,"10-2030":0.5534501958,"12-2030":0.5390667174}}