{"median":{"02-2020":0.0602151187,"04-2020":0.0578053996,"06-2020":0.0613520024,"08-2020":0.0624026509,"10-2020":0.0683706589,"12-2020":0.0772069259,"02-2021":0.0835076709,"04-2021":0.0822072072,"06-2021":0.0825158562,"08-2021":0.0853672643,"10-2021":0.0905673274,"12-2021":0.0971335269,"02-2022":0.1082884097,"04-2022":0.1179811434,"06-2022":0.1346872082,"08-2022":0.1439075924,"10-2022":0.1743305144,"12-2022":0.2056223874,"02-2023":0.2526960784,"04-2023":0.2986266857,"06-2023":0.3572496841,"08-2023":0.428163513,"10-2023":0.5042735043,"12-2023":0.5444602572,"02-2024":0.5722255237,"04-2024":0.5864152474,"06-2024":0.5863488119,"08-2024":0.5785567856,"10-2024":0.5812219789,"12-2024":0.5771981774,"02-2025":0.5706102864,"04-2025":0.5536890646,"06-2025":0.5381606325,"08-2025":0.5347766563,"10-2025":0.535716108,"12-2025":0.5222662254,"02-2026":0.5154553049,"04-2026":0.517360554,"06-2026":0.5018382353,"08-2026":0.4964026915,"10-2026":0.4881771567,"12-2026":0.4768127929,"02-2027":0.4693771041,"04-2027":0.463738601,"06-2027":0.4580286126,"08-2027":0.4501908397,"10-2027":0.4419884676,"12-2027":0.4268142298,"02-2028":0.434092685,"04-2028":0.4302586784,"06-2028":0.4206406345,"08-2028":0.421344207,"10-2028":0.4145363607,"12-2028":0.4048923068,"02-2029":0.4007501159,"04-2029":0.3985760616,"06-2029":0.3931204416,"08-2029":0.3888770099,"10-2029":0.3979516652,"12-2029":0.397531003,"02-2030":0.4075370729,"04-2030":0.4139225182,"06-2030":0.4091060481,"08-2030":0.4084284303,"10-2030":0.3929197995,"12-2030":0.3933602348},"percentile_25":{"02-2020":0.0327719821,"04-2020":0.0335508794,"06-2020":0.0306240929,"08-2020":0.0301603064,"10-2020":0.0280909982,"12-2020":0.0271587848,"02-2021":0.0261082196,"04-2021":0.0217356173,"06-2021":0.0199255504,"08-2021":0.0164289523,"10-2021":0.0151947229,"12-2021":0.0149124256,"02-2022":0.0111015385,"04-2022":0.0110740938,"06-2022":0.0075,"08-2022":0.003875969,"10-2022":0.0038059916,"12-2022":0.0039195867,"02-2023":0.006483352,"04-2023":0.0065190957,"06-2023":0.0073598729,"08-2023":0.0062571959,"10-2023":0.006561607,"12-2023":0.0112178388,"02-2024":0.0118870895,"04-2024":0.0137755102,"06-2024":0.0137625763,"08-2024":0.0146859853,"10-2024":0.014065849,"12-2024":0.0137519562,"02-2025":0.0185016742,"04-2025":0.0209161406,"06-2025":0.0201331515,"08-2025":0.017500642,"10-2025":0.0193423923,"12-2025":0.0164936167,"02-2026":0.0220188733,"04-2026":0.0241602067,"06-2026":0.0224464161,"08-2026":0.0177746463,"10-2026":0.0192679261,"12-2026":0.026905449,"02-2027":0.0383332641,"04-2027":0.0498692403,"06-2027":0.0640115477,"08-2027":0.0779191738,"10-2027":0.0837352908,"12-2027":0.0871478873,"02-2028":0.1240954168,"04-2028":0.1315506873,"06-2028":0.1426988529,"08-2028":0.1496249926,"10-2028":0.1528995401,"12-2028":0.1564054951,"02-2029":0.1833438357,"04-2029":0.1985902153,"06-2029":0.218597109,"08-2029":0.239200219,"10-2029":0.2526477076,"12-2029":0.2743949313,"02-2030":0.2748502525,"04-2030":0.2648934145,"06-2030":0.2780479655,"08-2030":0.3025112751,"10-2030":0.289874552,"12-2030":0.2969819519},"percentile_75":{"02-2020":0.1017554663,"04-2020":0.1007044325,"06-2020":0.1080841857,"08-2020":0.124635214,"10-2020":0.1421280168,"12-2020":0.1659346649,"02-2021":0.1660870374,"04-2021":0.180789689,"06-2021":0.2037388603,"08-2021":0.2362652682,"10-2021":0.2494687763,"12-2021":0.2934062792,"02-2022":0.3502581756,"04-2022":0.3961733393,"06-2022":0.4651875,"08-2022":0.5426228184,"10-2022":0.6226321795,"12-2022":0.6957926639,"02-2023":0.7279640512,"04-2023":0.7545205966,"06-2023":0.7289713053,"08-2023":0.7076891383,"10-2023":0.6773799314,"12-2023":0.6755761056,"02-2024":0.6704059829,"04-2024":0.6678384116,"06-2024":0.6672862454,"08-2024":0.6577946768,"10-2024":0.6522762951,"12-2024":0.6469372294,"02-2025":0.6426903736,"04-2025":0.6331440095,"06-2025":0.6175625638,"08-2025":0.598462911,"10-2025":0.5946685737,"12-2025":0.5864953211,"02-2026":0.5816617647,"04-2026":0.5669593025,"06-2026":0.5605589817,"08-2026":0.5491597586,"10-2026":0.5569204152,"12-2026":0.542693662,"02-2027":0.5278087951,"04-2027":0.5281428874,"06-2027":0.5139572193,"08-2027":0.5059324733,"10-2027":0.5076458566,"12-2027":0.4980119503,"02-2028":0.4899282929,"04-2028":0.4894216681,"06-2028":0.4878174049,"08-2028":0.4741025087,"10-2028":0.4718507675,"12-2028":0.4621007001,"02-2029":0.4577058505,"04-2029":0.4533410531,"06-2029":0.4471406301,"08-2029":0.4388927882,"10-2029":0.4353403641,"12-2029":0.4426081767,"02-2030":0.4454205193,"04-2030":0.4567530065,"06-2030":0.4596608198,"08-2030":0.4566202091,"10-2030":0.4505008711,"12-2030":0.4424061792}}