{"median":{"02-2020":0.0602151187,"04-2020":0.0578053996,"06-2020":0.0613520024,"08-2020":0.0624026509,"10-2020":0.0683706589,"12-2020":0.0772069259,"02-2021":0.0835076709,"04-2021":0.0822072072,"06-2021":0.0825158562,"08-2021":0.0853672643,"10-2021":0.0905673274,"12-2021":0.0971335269,"02-2022":0.0978370916,"04-2022":0.099616295,"06-2022":0.1013833992,"08-2022":0.0984980237,"10-2022":0.11401066,"12-2022":0.1254052461,"02-2023":0.1253532922,"04-2023":0.1234995057,"06-2023":0.124252988,"08-2023":0.1313676633,"10-2023":0.1346415732,"12-2023":0.1467285531,"02-2024":0.1563439806,"04-2024":0.1812129334,"06-2024":0.206501711,"08-2024":0.2366532721,"10-2024":0.2870879121,"12-2024":0.3480302963,"02-2025":0.4258414308,"04-2025":0.4698339412,"06-2025":0.5147882939,"08-2025":0.542654809,"10-2025":0.5561740962,"12-2025":0.5505776213,"02-2026":0.5619148936,"04-2026":0.5606119371,"06-2026":0.5322409717,"08-2026":0.5284523231,"10-2026":0.5220370416,"12-2026":0.5141121227,"02-2027":0.5063513154,"04-2027":0.4955022885,"06-2027":0.4869255537,"08-2027":0.4937959153,"10-2027":0.4844740856,"12-2027":0.4660576172,"02-2028":0.4618303138,"04-2028":0.4614157474,"06-2028":0.4508582388,"08-2028":0.4399873031,"10-2028":0.4407323293,"12-2028":0.4387553155,"02-2029":0.4281015038,"04-2029":0.4237155833,"06-2029":0.4136690647,"08-2029":0.4057255051,"10-2029":0.4120904671,"12-2029":0.4266452718,"02-2030":0.4223826715,"04-2030":0.4191147396,"06-2030":0.4159635586,"08-2030":0.4086984989,"10-2030":0.4079140871,"12-2030":0.3904162594},"percentile_25":{"02-2020":0.0327719821,"04-2020":0.0335508794,"06-2020":0.0306240929,"08-2020":0.0301603064,"10-2020":0.0280909982,"12-2020":0.0271587848,"02-2021":0.0261082196,"04-2021":0.0217356173,"06-2021":0.0199255504,"08-2021":0.0164289523,"10-2021":0.0151947229,"12-2021":0.0149124256,"02-2022":0.0109013327,"04-2022":0.0097189847,"06-2022":0.0040516707,"08-2022":0.0028625954,"10-2022":0.0,"12-2022":0.0,"02-2023":0.0,"04-2023":0.0,"06-2023":0.0,"08-2023":0.0,"10-2023":0.0,"12-2023":0.0,"02-2024":0.0,"04-2024":0.0,"06-2024":0.0,"08-2024":0.0,"10-2024":0.0,"12-2024":0.0,"02-2025":0.0,"04-2025":0.0,"06-2025":0.0,"08-2025":0.0,"10-2025":0.0,"12-2025":0.0,"02-2026":0.0,"04-2026":0.0,"06-2026":0.0,"08-2026":0.0,"10-2026":0.0,"12-2026":0.0,"02-2027":0.0,"04-2027":0.0,"06-2027":0.0,"08-2027":0.0,"10-2027":0.0,"12-2027":0.0,"02-2028":0.0,"04-2028":0.0,"06-2028":0.0,"08-2028":0.0,"10-2028":0.0,"12-2028":0.0,"02-2029":0.0,"04-2029":0.0,"06-2029":0.0,"08-2029":0.0,"10-2029":0.0,"12-2029":0.0,"02-2030":0.0,"04-2030":0.0,"06-2030":0.0,"08-2030":0.0,"10-2030":0.0,"12-2030":0.0},"percentile_75":{"02-2020":0.1017554663,"04-2020":0.1007044325,"06-2020":0.1080841857,"08-2020":0.124635214,"10-2020":0.1421280168,"12-2020":0.1659346649,"02-2021":0.1660870374,"04-2021":0.180789689,"06-2021":0.2037388603,"08-2021":0.2362652682,"10-2021":0.2494687763,"12-2021":0.2934062792,"02-2022":0.311708081,"04-2022":0.3126192748,"06-2022":0.3388888889,"08-2022":0.3750482826,"10-2022":0.4170433557,"12-2022":0.4721604595,"02-2023":0.4835477941,"04-2023":0.49175,"06-2023":0.4904672395,"08-2023":0.4959386282,"10-2023":0.5133122206,"12-2023":0.5310419059,"02-2024":0.5681870404,"04-2024":0.5987704918,"06-2024":0.6425529053,"08-2024":0.6686328378,"10-2024":0.6800335142,"12-2024":0.685321415,"02-2025":0.6690975936,"04-2025":0.6568126918,"06-2025":0.6443518332,"08-2025":0.6299582691,"10-2025":0.6275992252,"12-2025":0.6235846674,"02-2026":0.6208366493,"04-2026":0.6233231136,"06-2026":0.6101185642,"08-2026":0.6052896489,"10-2026":0.5936073354,"12-2026":0.596586629,"02-2027":0.5796506203,"04-2027":0.5647442085,"06-2027":0.5544820532,"08-2027":0.5525327115,"10-2027":0.5427681111,"12-2027":0.5319280779,"02-2028":0.5337638376,"04-2028":0.5365400957,"06-2028":0.5192783462,"08-2028":0.5089920748,"10-2028":0.5,"12-2028":0.5079874622,"02-2029":0.5019122368,"04-2029":0.4857779444,"06-2029":0.4731663685,"08-2029":0.4658599499,"10-2029":0.475558606,"12-2029":0.477380031,"02-2030":0.4732142857,"04-2030":0.4804239878,"06-2030":0.4757070903,"08-2030":0.465872916,"10-2030":0.4523460411,"12-2030":0.4452054795}}