{"median":{"02-2020":0.0602151187,"04-2020":0.0578053996,"06-2020":0.0613520024,"08-2020":0.0624026509,"10-2020":0.0683706589,"12-2020":0.0772069259,"02-2021":0.0835076709,"04-2021":0.0822072072,"06-2021":0.0825158562,"08-2021":0.0853672643,"10-2021":0.0905673274,"12-2021":0.0971335269,"02-2022":0.0978370916,"04-2022":0.099616295,"06-2022":0.1013833992,"08-2022":0.0984980237,"10-2022":0.11401066,"12-2022":0.1254052461,"02-2023":0.1253532922,"04-2023":0.1234995057,"06-2023":0.124252988,"08-2023":0.1313676633,"10-2023":0.1346415732,"12-2023":0.1467285531,"02-2024":0.1451250076,"04-2024":0.1466033966,"06-2024":0.1488874626,"08-2024":0.1566131237,"10-2024":0.1625761606,"12-2024":0.1944781145,"02-2025":0.1927639148,"04-2025":0.1923314324,"06-2025":0.2031856713,"08-2025":0.2070344545,"10-2025":0.2281166341,"12-2025":0.2532877137,"02-2026":0.2725877193,"04-2026":0.2677897574,"06-2026":0.2688705936,"08-2026":0.2549932524,"10-2026":0.272378962,"12-2026":0.2903741585,"02-2027":0.292110419,"04-2027":0.2866583881,"06-2027":0.2728718479,"08-2027":0.2849414002,"10-2027":0.2921442903,"12-2027":0.2955827068,"02-2028":0.3173541247,"04-2028":0.3531759467,"06-2028":0.3907099261,"08-2028":0.4367003367,"10-2028":0.4573252418,"12-2028":0.4677732255,"02-2029":0.4868433972,"04-2029":0.4893928036,"06-2029":0.492910045,"08-2029":0.5008710801,"10-2029":0.5018561549,"12-2029":0.5042814108,"02-2030":0.5250685064,"04-2030":0.5130686172,"06-2030":0.5377140975,"08-2030":0.5348785872,"10-2030":0.5233426704,"12-2030":0.5173012452},"percentile_25":{"02-2020":0.0327719821,"04-2020":0.0335508794,"06-2020":0.0306240929,"08-2020":0.0301603064,"10-2020":0.0280909982,"12-2020":0.0271587848,"02-2021":0.0261082196,"04-2021":0.0217356173,"06-2021":0.0199255504,"08-2021":0.0164289523,"10-2021":0.0151947229,"12-2021":0.0149124256,"02-2022":0.0109013327,"04-2022":0.0097189847,"06-2022":0.0040516707,"08-2022":0.0028625954,"10-2022":0.0,"12-2022":0.0,"02-2023":0.0,"04-2023":0.0,"06-2023":0.0,"08-2023":0.0,"10-2023":0.0,"12-2023":0.0,"02-2024":0.0,"04-2024":0.0,"06-2024":0.0,"08-2024":0.0,"10-2024":0.0,"12-2024":0.0,"02-2025":0.0,"04-2025":0.0,"06-2025":0.0,"08-2025":0.0,"10-2025":0.0,"12-2025":0.0,"02-2026":0.0,"04-2026":0.0,"06-2026":0.0,"08-2026":0.0,"10-2026":0.0,"12-2026":0.0,"02-2027":0.0,"04-2027":0.0,"06-2027":0.0,"08-2027":0.0,"10-2027":0.0,"12-2027":0.0,"02-2028":0.0,"04-2028":0.0,"06-2028":0.0,"08-2028":0.0,"10-2028":0.0,"12-2028":0.0,"02-2029":0.0,"04-2029":0.0,"06-2029":0.0,"08-2029":0.0,"10-2029":0.0,"12-2029":0.0,"02-2030":0.0,"04-2030":0.0,"06-2030":0.0,"08-2030":0.0,"10-2030":0.0,"12-2030":0.0},"percentile_75":{"02-2020":0.1017554663,"04-2020":0.1007044325,"06-2020":0.1080841857,"08-2020":0.124635214,"10-2020":0.1421280168,"12-2020":0.1659346649,"02-2021":0.1660870374,"04-2021":0.180789689,"06-2021":0.2037388603,"08-2021":0.2362652682,"10-2021":0.2494687763,"12-2021":0.2934062792,"02-2022":0.311708081,"04-2022":0.3126192748,"06-2022":0.3388888889,"08-2022":0.3750482826,"10-2022":0.4170433557,"12-2022":0.4721604595,"02-2023":0.4835477941,"04-2023":0.49175,"06-2023":0.4904672395,"08-2023":0.4959386282,"10-2023":0.5133122206,"12-2023":0.5310419059,"02-2024":0.5149488563,"04-2024":0.4977774434,"06-2024":0.4964084828,"08-2024":0.4859674797,"10-2024":0.5074626866,"12-2024":0.5192307692,"02-2025":0.5063983488,"04-2025":0.4830937005,"06-2025":0.4531490903,"08-2025":0.4465318106,"10-2025":0.4611941581,"12-2025":0.4870881505,"02-2026":0.4785509224,"04-2026":0.4508101239,"06-2026":0.4328900614,"08-2026":0.4133022566,"10-2026":0.4120625599,"12-2026":0.4439158403,"02-2027":0.4337719548,"04-2027":0.4120293046,"06-2027":0.39844265,"08-2027":0.3876000381,"10-2027":0.4163341173,"12-2027":0.4406870229,"02-2028":0.4769044627,"04-2028":0.5070178049,"06-2028":0.5401590106,"08-2028":0.551503297,"10-2028":0.5602678571,"12-2028":0.5846953348,"02-2029":0.5874361581,"04-2029":0.5899091683,"06-2029":0.5915401259,"08-2029":0.5795438369,"10-2029":0.5774633124,"12-2029":0.5852383283,"02-2030":0.5784273113,"04-2030":0.5830114601,"06-2030":0.5958188153,"08-2030":0.5772343087,"10-2030":0.578994699,"12-2030":0.5741454541}}