{"median":{"02-2020":0.0602151187,"04-2020":0.0578053996,"06-2020":0.0613520024,"08-2020":0.0624026509,"10-2020":0.0683706589,"12-2020":0.0772069259,"02-2021":0.0909363027,"04-2021":0.0947204969,"06-2021":0.1168409903,"08-2021":0.1387525323,"10-2021":0.1741658241,"12-2021":0.2082212667,"02-2022":0.2424726976,"04-2022":0.2848418875,"06-2022":0.3328395062,"08-2022":0.3766839454,"10-2022":0.412071915,"12-2022":0.4702268954,"02-2023":0.5323667132,"04-2023":0.5690909091,"06-2023":0.5759615385,"08-2023":0.5870388669,"10-2023":0.6042486583,"12-2023":0.6101374153,"02-2024":0.597196663,"04-2024":0.5931819058,"06-2024":0.5825761018,"08-2024":0.5844941737,"10-2024":0.5837923643,"12-2024":0.5684989894,"02-2025":0.5611186566,"04-2025":0.553381459,"06-2025":0.5433880309,"08-2025":0.5353886693,"10-2025":0.5254096233,"12-2025":0.5143884892,"02-2026":0.5062886544,"04-2026":0.4881344362,"06-2026":0.493274888,"08-2026":0.4866451087,"10-2026":0.4784387281,"12-2026":0.4662830413,"02-2027":0.4456364237,"04-2027":0.4493815474,"06-2027":0.4463917934,"08-2027":0.4424266774,"10-2027":0.4383978171,"12-2027":0.4212456059,"02-2028":0.4164958325,"04-2028":0.4165117851,"06-2028":0.4073890813,"08-2028":0.4070846395,"10-2028":0.4053189933,"12-2028":0.4007636369,"02-2029":0.39678809,"04-2029":0.3917002333,"06-2029":0.3860648989,"08-2029":0.3922695806,"10-2029":0.3843088286,"12-2029":0.3895887055,"02-2030":0.3958320771,"04-2030":0.4060925332,"06-2030":0.41,"08-2030":0.407331771,"10-2030":0.4004007866,"12-2030":0.392745098},"percentile_25":{"02-2020":0.0327719821,"04-2020":0.0335508794,"06-2020":0.0306240929,"08-2020":0.0301603064,"10-2020":0.0280909982,"12-2020":0.0271587848,"02-2021":0.0283357075,"04-2021":0.0292833027,"06-2021":0.025711727,"08-2021":0.0304569969,"10-2021":0.032788524,"12-2021":0.0373491469,"02-2022":0.0375347071,"04-2022":0.0424817902,"06-2022":0.0534033914,"08-2022":0.0666531688,"10-2022":0.0822026411,"12-2022":0.0876551952,"02-2023":0.0976205245,"04-2023":0.1140385455,"06-2023":0.1381060857,"08-2023":0.1532716457,"10-2023":0.1811354827,"12-2023":0.2213041933,"02-2024":0.2531026009,"04-2024":0.2666023166,"06-2024":0.2845497051,"08-2024":0.3255360817,"10-2024":0.3533076307,"12-2024":0.3978141424,"02-2025":0.4105308785,"04-2025":0.429887218,"06-2025":0.4318494006,"08-2025":0.4355373091,"10-2025":0.424778415,"12-2025":0.4193701126,"02-2026":0.4320110701,"04-2026":0.4252798507,"06-2026":0.4244338846,"08-2026":0.4168875147,"10-2026":0.4117499468,"12-2026":0.3891194536,"02-2027":0.3841184345,"04-2027":0.3755636502,"06-2027":0.385675905,"08-2027":0.3791446816,"10-2027":0.3770329971,"12-2027":0.3665102041,"02-2028":0.3613087501,"04-2028":0.3494175627,"06-2028":0.3413315297,"08-2028":0.3380944298,"10-2028":0.3509297521,"12-2028":0.3461346944,"02-2029":0.3363026971,"04-2029":0.3369883041,"06-2029":0.3307765086,"08-2029":0.3358652135,"10-2029":0.3400783033,"12-2029":0.3418929002,"02-2030":0.344924812,"04-2030":0.351171875,"06-2030":0.3479455327,"08-2030":0.3462914342,"10-2030":0.3452020202,"12-2030":0.3397083835},"percentile_75":{"02-2020":0.1017554663,"04-2020":0.1007044325,"06-2020":0.1080841857,"08-2020":0.124635214,"10-2020":0.1421280168,"12-2020":0.1659346649,"02-2021":0.1896656139,"04-2021":0.215720971,"06-2021":0.270375346,"08-2021":0.3282516528,"10-2021":0.394352322,"12-2021":0.4711937248,"02-2022":0.5551735083,"04-2022":0.6433949044,"06-2022":0.7111053854,"08-2022":0.7311311475,"10-2022":0.7488373696,"12-2022":0.7251433825,"02-2023":0.7051306087,"04-2023":0.721271216,"06-2023":0.6982395382,"08-2023":0.6828311753,"10-2023":0.6766498723,"12-2023":0.6656706507,"02-2024":0.6574254882,"04-2024":0.6419937206,"06-2024":0.6424025287,"08-2024":0.6386508737,"10-2024":0.6413556194,"12-2024":0.6366930171,"02-2025":0.6193952033,"04-2025":0.6046457626,"06-2025":0.6111601885,"08-2025":0.595374459,"10-2025":0.5840860563,"12-2025":0.5789258396,"02-2026":0.5708299054,"04-2026":0.5606642428,"06-2026":0.5546721714,"08-2026":0.5349451139,"10-2026":0.5348879636,"12-2026":0.5359555985,"02-2027":0.5195721969,"04-2027":0.5143644173,"06-2027":0.5056654112,"08-2027":0.4971804511,"10-2027":0.4898469388,"12-2027":0.4803611244,"02-2028":0.4729665072,"04-2028":0.4625069906,"06-2028":0.4613148479,"08-2028":0.4507593101,"10-2028":0.4478090377,"12-2028":0.4457499218,"02-2029":0.4441111111,"04-2029":0.4400159548,"06-2029":0.4390657687,"08-2029":0.4404781665,"10-2029":0.4367930871,"12-2029":0.4414789063,"02-2030":0.4493421053,"04-2030":0.4568998194,"06-2030":0.4637302465,"08-2030":0.4518782127,"10-2030":0.4447278912,"12-2030":0.4350706311}}