{"median":{"02-2020":0.0602151187,"04-2020":0.0578053996,"06-2020":0.0613520024,"08-2020":0.0624026509,"10-2020":0.0683706589,"12-2020":0.0772069259,"02-2021":0.0835076709,"04-2021":0.0822072072,"06-2021":0.0825158562,"08-2021":0.0853672643,"10-2021":0.0905673274,"12-2021":0.0971335269,"02-2022":0.0978370916,"04-2022":0.099616295,"06-2022":0.1013833992,"08-2022":0.0984980237,"10-2022":0.11401066,"12-2022":0.1254052461,"02-2023":0.1321501946,"04-2023":0.138048983,"06-2023":0.1662929746,"08-2023":0.1992063492,"10-2023":0.234396369,"12-2023":0.2764219804,"02-2024":0.328320802,"04-2024":0.3776836632,"06-2024":0.4317876908,"08-2024":0.4979618493,"10-2024":0.5356424862,"12-2024":0.5460722702,"02-2025":0.5514705882,"04-2025":0.549984051,"06-2025":0.5536106526,"08-2025":0.5533192738,"10-2025":0.5559318718,"12-2025":0.5456210456,"02-2026":0.5368109358,"04-2026":0.5308244754,"06-2026":0.5163148423,"08-2026":0.5027851954,"10-2026":0.4929546018,"12-2026":0.4980068022,"02-2027":0.4875257884,"04-2027":0.474447109,"06-2027":0.4680902368,"08-2027":0.4628482544,"10-2027":0.4638706383,"12-2027":0.4595048943,"02-2028":0.4531347962,"04-2028":0.4363838842,"06-2028":0.4354243542,"08-2028":0.4179878049,"10-2028":0.4148269546,"12-2028":0.4174242424,"02-2029":0.4117026379,"04-2029":0.3996336996,"06-2029":0.3906323645,"08-2029":0.3901967513,"10-2029":0.3957876262,"12-2029":0.4014388489,"02-2030":0.4007426902,"04-2030":0.406125849,"06-2030":0.4060824742,"08-2030":0.4021559621,"10-2030":0.3930331566,"12-2030":0.3900554652},"percentile_25":{"02-2020":0.0327719821,"04-2020":0.0335508794,"06-2020":0.0306240929,"08-2020":0.0301603064,"10-2020":0.0280909982,"12-2020":0.0271587848,"02-2021":0.0261082196,"04-2021":0.0217356173,"06-2021":0.0199255504,"08-2021":0.0164289523,"10-2021":0.0151947229,"12-2021":0.0149124256,"02-2022":0.0109013327,"04-2022":0.0097189847,"06-2022":0.0040516707,"08-2022":0.0028625954,"10-2022":0.0,"12-2022":0.0,"02-2023":0.0,"04-2023":0.0,"06-2023":0.0,"08-2023":0.0,"10-2023":0.0,"12-2023":0.0,"02-2024":0.0,"04-2024":0.0,"06-2024":0.0,"08-2024":0.0,"10-2024":0.0,"12-2024":0.0,"02-2025":0.0,"04-2025":0.0,"06-2025":0.0,"08-2025":0.0,"10-2025":0.0,"12-2025":0.0,"02-2026":0.0,"04-2026":0.0,"06-2026":0.0,"08-2026":0.0,"10-2026":0.0,"12-2026":0.0,"02-2027":0.0,"04-2027":0.0,"06-2027":0.0,"08-2027":0.0,"10-2027":0.0,"12-2027":0.0,"02-2028":0.0,"04-2028":0.0,"06-2028":0.0,"08-2028":0.0,"10-2028":0.0,"12-2028":0.0,"02-2029":0.0,"04-2029":0.0,"06-2029":0.0,"08-2029":0.0,"10-2029":0.0,"12-2029":0.0,"02-2030":0.0,"04-2030":0.0,"06-2030":0.0,"08-2030":0.0,"10-2030":0.0,"12-2030":0.0},"percentile_75":{"02-2020":0.1017554663,"04-2020":0.1007044325,"06-2020":0.1080841857,"08-2020":0.124635214,"10-2020":0.1421280168,"12-2020":0.1659346649,"02-2021":0.1660870374,"04-2021":0.180789689,"06-2021":0.2037388603,"08-2021":0.2362652682,"10-2021":0.2494687763,"12-2021":0.2934062792,"02-2022":0.311708081,"04-2022":0.3126192748,"06-2022":0.3388888889,"08-2022":0.3750482826,"10-2022":0.4170433557,"12-2022":0.4721604595,"02-2023":0.5421472185,"04-2023":0.6011079766,"06-2023":0.6527272727,"08-2023":0.7052929528,"10-2023":0.7143741872,"12-2023":0.7242977099,"02-2024":0.7121914894,"04-2024":0.6979420064,"06-2024":0.6848947007,"08-2024":0.6831794973,"10-2024":0.668257899,"12-2024":0.6508122157,"02-2025":0.6417899829,"04-2025":0.6333955968,"06-2025":0.6292576282,"08-2025":0.6264468864,"10-2025":0.6156876642,"12-2025":0.6101109601,"02-2026":0.6085471547,"04-2026":0.5983188148,"06-2026":0.5864354754,"08-2026":0.5698670314,"10-2026":0.5717086835,"12-2026":0.5626420324,"02-2027":0.5623791168,"04-2027":0.5514165225,"06-2027":0.5366478811,"08-2027":0.5254807692,"10-2027":0.525693685,"12-2027":0.5073683919,"02-2028":0.5123793945,"04-2028":0.491333307,"06-2028":0.4836423054,"08-2028":0.487478355,"10-2028":0.4831175979,"12-2028":0.4725600353,"02-2029":0.4749515525,"04-2029":0.4691258741,"06-2029":0.463878327,"08-2029":0.448312557,"10-2029":0.4485358012,"12-2029":0.4510821397,"02-2030":0.45804861,"04-2030":0.468253679,"06-2030":0.4654857472,"08-2030":0.4528757461,"10-2030":0.4463232391,"12-2030":0.4483392495}}