{
  "median": {
    "02-2020": 0.0331955923,
    "04-2020": 0.0294738148,
    "06-2020": 0.0268715001,
    "08-2020": 0.0228578892,
    "10-2020": 0.0198807943,
    "12-2020": 0.0197239426,
    "02-2021": 0.0151549943,
    "04-2021": 0.012,
    "06-2021": 0.0086021903,
    "08-2021": 0.0042919246,
    "10-2021": 0.004149449,
    "12-2021": 0.0038910506,
    "02-2022": 0,
    "04-2022": 0,
    "06-2022": 0,
    "08-2022": 0,
    "10-2022": 0,
    "12-2022": 0,
    "02-2023": 0,
    "04-2023": 0,
    "06-2023": 0,
    "08-2023": 0,
    "10-2023": 0,
    "12-2023": 0,
    "02-2024": 0,
    "04-2024": 0,
    "06-2024": 0,
    "08-2024": 0,
    "10-2024": 0,
    "12-2024": 0,
    "02-2025": 0,
    "04-2025": 0,
    "06-2025": 0,
    "08-2025": 0,
    "10-2025": 0,
    "12-2025": 0,
    "02-2026": 0,
    "04-2026": 0,
    "06-2026": 0,
    "08-2026": 0,
    "10-2026": 0,
    "12-2026": 0,
    "02-2027": 0,
    "04-2027": 0,
    "06-2027": 0,
    "08-2027": 0,
    "10-2027": 0,
    "12-2027": 0,
    "02-2028": 0,
    "04-2028": 0,
    "06-2028": 0,
    "08-2028": 0,
    "10-2028": 0,
    "12-2028": 0,
    "02-2029": 0,
    "04-2029": 0,
    "06-2029": 0,
    "08-2029": 0,
    "10-2029": 0,
    "12-2029": 0,
    "02-2030": 0,
    "04-2030": 0,
    "06-2030": 0,
    "08-2030": 0,
    "10-2030": 0,
    "12-2030": 0
  },
  "percentile_25": {
    "02-2020": 0.0162111862,
    "04-2020": 0.0129317491,
    "06-2020": 0.0123330298,
    "08-2020": 0.008978979,
    "10-2020": 0.0083508394,
    "12-2020": 0.0042508114,
    "02-2021": 0.004048583,
    "04-2021": 0,
    "06-2021": 0,
    "08-2021": 0,
    "10-2021": 0,
    "12-2021": 0,
    "02-2022": 0,
    "04-2022": 0,
    "06-2022": 0,
    "08-2022": 0,
    "10-2022": 0,
    "12-2022": 0,
    "02-2023": 0,
    "04-2023": 0,
    "06-2023": 0,
    "08-2023": 0,
    "10-2023": 0,
    "12-2023": 0,
    "02-2024": 0,
    "04-2024": 0,
    "06-2024": 0,
    "08-2024": 0,
    "10-2024": 0,
    "12-2024": 0,
    "02-2025": 0,
    "04-2025": 0,
    "06-2025": 0,
    "08-2025": 0,
    "10-2025": 0,
    "12-2025": 0,
    "02-2026": 0,
    "04-2026": 0,
    "06-2026": 0,
    "08-2026": 0,
    "10-2026": 0,
    "12-2026": 0,
    "02-2027": 0,
    "04-2027": 0,
    "06-2027": 0,
    "08-2027": 0,
    "10-2027": 0,
    "12-2027": 0,
    "02-2028": 0,
    "04-2028": 0,
    "06-2028": 0,
    "08-2028": 0,
    "10-2028": 0,
    "12-2028": 0,
    "02-2029": 0,
    "04-2029": 0,
    "06-2029": 0,
    "08-2029": 0,
    "10-2029": 0,
    "12-2029": 0,
    "02-2030": 0,
    "04-2030": 0,
    "06-2030": 0,
    "08-2030": 0,
    "10-2030": 0,
    "12-2030": 0
  },
  "percentile_75": {
    "02-2020": 0.0593724778,
    "04-2020": 0.056010929,
    "06-2020": 0.0570764463,
    "08-2020": 0.0524099243,
    "10-2020": 0.0486552921,
    "12-2020": 0.0453142536,
    "02-2021": 0.0390513004,
    "04-2021": 0.0345739315,
    "06-2021": 0.0293817814,
    "08-2021": 0.0235097276,
    "10-2021": 0.0206404321,
    "12-2021": 0.0159227482,
    "02-2022": 0.0123593868,
    "04-2022": 0.0108697129,
    "06-2022": 0.0106483718,
    "08-2022": 0.0081053948,
    "10-2022": 0.0081984013,
    "12-2022": 0.0086032389,
    "02-2023": 0.009804742,
    "04-2023": 0.0151541645,
    "06-2023": 0.0121287004,
    "08-2023": 0.0160541395,
    "10-2023": 0.0174603175,
    "12-2023": 0.0152353549,
    "02-2024": 0.0171213368,
    "04-2024": 0.0163331942,
    "06-2024": 0.0160243742,
    "08-2024": 0.0173268997,
    "10-2024": 0.0183729248,
    "12-2024": 0.0162767546,
    "02-2025": 0.0209961397,
    "04-2025": 0.0226289947,
    "06-2025": 0.0261770486,
    "08-2025": 0.0227388211,
    "10-2025": 0.0240375837,
    "12-2025": 0.0267368421,
    "02-2026": 0.026099647,
    "04-2026": 0.0306285511,
    "06-2026": 0.0392477767,
    "08-2026": 0.0507619048,
    "10-2026": 0.0640848371,
    "12-2026": 0.0654012317,
    "02-2027": 0.0850041771,
    "04-2027": 0.0928551271,
    "06-2027": 0.1094101853,
    "08-2027": 0.1162509036,
    "10-2027": 0.1494631186,
    "12-2027": 0.1390272244,
    "02-2028": 0.141531776,
    "04-2028": 0.1478340312,
    "06-2028": 0.1726311292,
    "08-2028": 0.1929938974,
    "10-2028": 0.196953363,
    "12-2028": 0.2218300111,
    "02-2029": 0.2658202064,
    "04-2029": 0.282967759,
    "06-2029": 0.327658371,
    "08-2029": 0.3437909631,
    "10-2029": 0.3655581551,
    "12-2029": 0.3590534836,
    "02-2030": 0.3515710929,
    "04-2030": 0.357794047,
    "06-2030": 0.36643807,
    "08-2030": 0.358354724,
    "10-2030": 0.3796006037,
    "12-2030": 0.3769885093
  }
}
