{
  "median": {
    "02-2020": 0.0331955923,
    "04-2020": 0.0294738148,
    "06-2020": 0.0259745127,
    "08-2020": 0.0234841754,
    "10-2020": 0.0221656322,
    "12-2020": 0.0235297736,
    "02-2021": 0.021894523,
    "04-2021": 0.0226676551,
    "06-2021": 0.0225614928,
    "08-2021": 0.0261886102,
    "10-2021": 0.0252641657,
    "12-2021": 0.0291686923,
    "02-2022": 0.0311941448,
    "04-2022": 0.0314268143,
    "06-2022": 0.0355340622,
    "08-2022": 0.040984295,
    "10-2022": 0.0444446258,
    "12-2022": 0.046588046,
    "02-2023": 0.0531880947,
    "04-2023": 0.0608838991,
    "06-2023": 0.0637787985,
    "08-2023": 0.0696114585,
    "10-2023": 0.0762766645,
    "12-2023": 0.083849476,
    "02-2024": 0.0872282609,
    "04-2024": 0.0942686286,
    "06-2024": 0.0943839264,
    "08-2024": 0.1073562237,
    "10-2024": 0.1113221942,
    "12-2024": 0.1159272684,
    "02-2025": 0.1143623433,
    "04-2025": 0.126662538,
    "06-2025": 0.1363767895,
    "08-2025": 0.1483587016,
    "10-2025": 0.1535296143,
    "12-2025": 0.1755368433,
    "02-2026": 0.2028571429,
    "04-2026": 0.2183390602,
    "06-2026": 0.2396616541,
    "08-2026": 0.2574011883,
    "10-2026": 0.270463606,
    "12-2026": 0.2963134924,
    "02-2027": 0.3335859543,
    "04-2027": 0.3561488078,
    "06-2027": 0.372317303,
    "08-2027": 0.3742901259,
    "10-2027": 0.3773896126,
    "12-2027": 0.3913756189,
    "02-2028": 0.3966500208,
    "04-2028": 0.3985294118,
    "06-2028": 0.3946996975,
    "08-2028": 0.3997117918,
    "10-2028": 0.3803558237,
    "12-2028": 0.3886043534,
    "02-2029": 0.3982013321,
    "04-2029": 0.4045925849,
    "06-2029": 0.3960134901,
    "08-2029": 0.3825757576,
    "10-2029": 0.3803622159,
    "12-2029": 0.3804397768,
    "02-2030": 0.3847116754,
    "04-2030": 0.3691077614,
    "06-2030": 0.3781918819,
    "08-2030": 0.3661064426,
    "10-2030": 0.3709269867,
    "12-2030": 0.3646987875
  },
  "percentile_25": {
    "02-2020": 0.0162111862,
    "04-2020": 0.0129317491,
    "06-2020": 0.0120682889,
    "08-2020": 0.0084033613,
    "10-2020": 0.0078510371,
    "12-2020": 0.007477333,
    "02-2021": 0.0043197146,
    "04-2021": 0,
    "06-2021": 0,
    "08-2021": 0,
    "10-2021": 0.002688172,
    "12-2021": 0,
    "02-2022": 0,
    "04-2022": 0.0039590179,
    "06-2022": 0,
    "08-2022": 0.0040612245,
    "10-2022": 0.0030737705,
    "12-2022": 0.0040609262,
    "02-2023": 0.0041154337,
    "04-2023": 0.0040241935,
    "06-2023": 0.0040160643,
    "08-2023": 0.0066721556,
    "10-2023": 0.0070166229,
    "12-2023": 0.0043434852,
    "02-2024": 0.004268958,
    "04-2024": 0.0043011347,
    "06-2024": 0.0041279801,
    "08-2024": 0.0041408398,
    "10-2024": 0.0041800671,
    "12-2024": 0.004159325,
    "02-2025": 0.0042255364,
    "04-2025": 0.004065834,
    "06-2025": 0.0041068279,
    "08-2025": 0.0041154337,
    "10-2025": 0.0041152263,
    "12-2025": 0.0041279801,
    "02-2026": 0.0075544774,
    "04-2026": 0.0081918594,
    "06-2026": 0.0105456104,
    "08-2026": 0.0115174474,
    "10-2026": 0.0106872294,
    "12-2026": 0.01066865,
    "02-2027": 0.0105683513,
    "04-2027": 0.0125,
    "06-2027": 0.0084702886,
    "08-2027": 0.0114411157,
    "10-2027": 0.0086365605,
    "12-2027": 0.0088314456,
    "02-2028": 0.0110862631,
    "04-2028": 0.01484375,
    "06-2028": 0.0129606748,
    "08-2028": 0.0157656649,
    "10-2028": 0.0167101341,
    "12-2028": 0.0164189662,
    "02-2029": 0.0150642244,
    "04-2029": 0.0161298127,
    "06-2029": 0.0189132104,
    "08-2029": 0.0204121784,
    "10-2029": 0.0245238951,
    "12-2029": 0.0233236811,
    "02-2030": 0.023859375,
    "04-2030": 0.0270028296,
    "06-2030": 0.0346569414,
    "08-2030": 0.0387971388,
    "10-2030": 0.0366892052,
    "12-2030": 0.0360447359
  },
  "percentile_75": {
    "02-2020": 0.0593724778,
    "04-2020": 0.056010929,
    "06-2020": 0.0563393769,
    "08-2020": 0.0513413506,
    "10-2020": 0.0557359307,
    "12-2020": 0.0575662582,
    "02-2021": 0.0607547543,
    "04-2021": 0.062317607,
    "06-2021": 0.0689201787,
    "08-2021": 0.0774176606,
    "10-2021": 0.0929819545,
    "12-2021": 0.1002556228,
    "02-2022": 0.1151293397,
    "04-2022": 0.1245118054,
    "06-2022": 0.1292599143,
    "08-2022": 0.1522305022,
    "10-2022": 0.1722489973,
    "12-2022": 0.1940202471,
    "02-2023": 0.2340431167,
    "04-2023": 0.2537100457,
    "06-2023": 0.2918984192,
    "08-2023": 0.3369372221,
    "10-2023": 0.3757918552,
    "12-2023": 0.4124383369,
    "02-2024": 0.438467406,
    "04-2024": 0.4879690432,
    "06-2024": 0.5015306122,
    "08-2024": 0.5292994361,
    "10-2024": 0.5273574482,
    "12-2024": 0.5261740987,
    "02-2025": 0.561751749,
    "04-2025": 0.5640788382,
    "06-2025": 0.579337645,
    "08-2025": 0.5852303523,
    "10-2025": 0.5798630707,
    "12-2025": 0.5765837104,
    "02-2026": 0.5603842752,
    "04-2026": 0.5535906898,
    "06-2026": 0.5471385542,
    "08-2026": 0.5432432432,
    "10-2026": 0.5496604174,
    "12-2026": 0.528891258,
    "02-2027": 0.538542024,
    "04-2027": 0.5278333333,
    "06-2027": 0.5368430278,
    "08-2027": 0.5297369858,
    "10-2027": 0.5230938416,
    "12-2027": 0.5262149939,
    "02-2028": 0.519934759,
    "04-2028": 0.5174037674,
    "06-2028": 0.5042362218,
    "08-2028": 0.5004612546,
    "10-2028": 0.5009615385,
    "12-2028": 0.4956896552,
    "02-2029": 0.4922394366,
    "04-2029": 0.493533484,
    "06-2029": 0.4947505736,
    "08-2029": 0.4923462364,
    "10-2029": 0.4828924393,
    "12-2029": 0.4761777368,
    "02-2030": 0.4702667814,
    "04-2030": 0.459020979,
    "06-2030": 0.463529143,
    "08-2030": 0.4589036393,
    "10-2030": 0.4626286449,
    "12-2030": 0.4559628596
  }
}
