{
  "median": {
    "02-2020": 0.0336140388,
    "04-2020": 0.0360367672,
    "06-2020": 0.0377754876,
    "08-2020": 0.0365185185,
    "10-2020": 0.032989831,
    "12-2020": 0.0313730315,
    "02-2021": 0.0297877734,
    "04-2021": 0.0257906656,
    "06-2021": 0.024400324,
    "08-2021": 0.0204081633,
    "10-2021": 0.0160372811,
    "12-2021": 0.0114944216,
    "02-2022": 0.0082993268,
    "04-2022": 0.0079366329,
    "06-2022": 0.0042919246,
    "08-2022": 0.0037898363,
    "10-2022": 0,
    "12-2022": 0,
    "02-2023": 0,
    "04-2023": 0,
    "06-2023": 0,
    "08-2023": 0,
    "10-2023": 0,
    "12-2023": 0,
    "02-2024": 0,
    "04-2024": 0,
    "06-2024": 0,
    "08-2024": 0,
    "10-2024": 0,
    "12-2024": 0,
    "02-2025": 0,
    "04-2025": 0,
    "06-2025": 0,
    "08-2025": 0,
    "10-2025": 0,
    "12-2025": 0,
    "02-2026": 0,
    "04-2026": 0,
    "06-2026": 0,
    "08-2026": 0,
    "10-2026": 0,
    "12-2026": 0,
    "02-2027": 0,
    "04-2027": 0,
    "06-2027": 0,
    "08-2027": 0,
    "10-2027": 0,
    "12-2027": 0,
    "02-2028": 0,
    "04-2028": 0,
    "06-2028": 0,
    "08-2028": 0,
    "10-2028": 0,
    "12-2028": 0,
    "02-2029": 0,
    "04-2029": 0,
    "06-2029": 0,
    "08-2029": 0,
    "10-2029": 0,
    "12-2029": 0,
    "02-2030": 0,
    "04-2030": 0,
    "06-2030": 0,
    "08-2030": 0,
    "10-2030": 0,
    "12-2030": 0
  },
  "percentile_25": {
    "02-2020": 0.0169326241,
    "04-2020": 0.0157639575,
    "06-2020": 0.0154447009,
    "08-2020": 0.0144947682,
    "10-2020": 0.014520202,
    "12-2020": 0.0125529551,
    "02-2021": 0.0119069767,
    "04-2021": 0.0085654278,
    "06-2021": 0.0042872602,
    "08-2021": 0.0041754197,
    "10-2021": 0.0038022814,
    "12-2021": 0,
    "02-2022": 0,
    "04-2022": 0,
    "06-2022": 0,
    "08-2022": 0,
    "10-2022": 0,
    "12-2022": 0,
    "02-2023": 0,
    "04-2023": 0,
    "06-2023": 0,
    "08-2023": 0,
    "10-2023": 0,
    "12-2023": 0,
    "02-2024": 0,
    "04-2024": 0,
    "06-2024": 0,
    "08-2024": 0,
    "10-2024": 0,
    "12-2024": 0,
    "02-2025": 0,
    "04-2025": 0,
    "06-2025": 0,
    "08-2025": 0,
    "10-2025": 0,
    "12-2025": 0,
    "02-2026": 0,
    "04-2026": 0,
    "06-2026": 0,
    "08-2026": 0,
    "10-2026": 0,
    "12-2026": 0,
    "02-2027": 0,
    "04-2027": 0,
    "06-2027": 0,
    "08-2027": 0,
    "10-2027": 0,
    "12-2027": 0,
    "02-2028": 0,
    "04-2028": 0,
    "06-2028": 0,
    "08-2028": 0,
    "10-2028": 0,
    "12-2028": 0,
    "02-2029": 0,
    "04-2029": 0,
    "06-2029": 0,
    "08-2029": 0,
    "10-2029": 0,
    "12-2029": 0,
    "02-2030": 0,
    "04-2030": 0,
    "06-2030": 0,
    "08-2030": 0,
    "10-2030": 0,
    "12-2030": 0
  },
  "percentile_75": {
    "02-2020": 0.0655895943,
    "04-2020": 0.0711904762,
    "06-2020": 0.0798412775,
    "08-2020": 0.0760359938,
    "10-2020": 0.0785863753,
    "12-2020": 0.0799293612,
    "02-2021": 0.0687086237,
    "04-2021": 0.0610706761,
    "06-2021": 0.0567420019,
    "08-2021": 0.0492726333,
    "10-2021": 0.0430156129,
    "12-2021": 0.0389122871,
    "02-2022": 0.0370752984,
    "04-2022": 0.028231405,
    "06-2022": 0.0252366769,
    "08-2022": 0.0233463035,
    "10-2022": 0.0224806202,
    "12-2022": 0.0201612903,
    "02-2023": 0.0178755365,
    "04-2023": 0.0176109187,
    "06-2023": 0.0211419337,
    "08-2023": 0.0218227848,
    "10-2023": 0.028231405,
    "12-2023": 0.0309509388,
    "02-2024": 0.0293522267,
    "04-2024": 0.0324252824,
    "06-2024": 0.0367455367,
    "08-2024": 0.0443587271,
    "10-2024": 0.0415220186,
    "12-2024": 0.0449167187,
    "02-2025": 0.0519494602,
    "04-2025": 0.0532661637,
    "06-2025": 0.0554358528,
    "08-2025": 0.0527101432,
    "10-2025": 0.063579901,
    "12-2025": 0.0673469388,
    "02-2026": 0.0594117995,
    "04-2026": 0.0590624633,
    "06-2026": 0.071969697,
    "08-2026": 0.0815430752,
    "10-2026": 0.0951462451,
    "12-2026": 0.109783069,
    "02-2027": 0.1218760331,
    "04-2027": 0.1417469738,
    "06-2027": 0.1615343228,
    "08-2027": 0.1632527566,
    "10-2027": 0.1807190697,
    "12-2027": 0.2014243518,
    "02-2028": 0.2342634373,
    "04-2028": 0.2672967826,
    "06-2028": 0.30317804,
    "08-2028": 0.3255291005,
    "10-2028": 0.33495671,
    "12-2028": 0.3564465977,
    "02-2029": 0.350270226,
    "04-2029": 0.3691356546,
    "06-2029": 0.3922715442,
    "08-2029": 0.3962962963,
    "10-2029": 0.4101815104,
    "12-2029": 0.4078272605,
    "02-2030": 0.4230053741,
    "04-2030": 0.4139173554,
    "06-2030": 0.4324087629,
    "08-2030": 0.3948100925,
    "10-2030": 0.4085609244,
    "12-2030": 0.4055573458
  }
}
