{"median":{"02-2020":0.0542151163,"04-2020":0.0558816184,"06-2020":0.0536233868,"08-2020":0.0580311504,"10-2020":0.0624937183,"12-2020":0.0667781494,"02-2021":0.0677214706,"04-2021":0.0661202186,"06-2021":0.0654858934,"08-2021":0.067870844,"10-2021":0.0635516239,"12-2021":0.0692028986,"02-2022":0.0677655678,"04-2022":0.063707716,"06-2022":0.0651047798,"08-2022":0.0669047245,"10-2022":0.0663388544,"12-2022":0.0710265736,"02-2023":0.0678775389,"04-2023":0.068855042,"06-2023":0.067687747,"08-2023":0.0713383838,"10-2023":0.0786776945,"12-2023":0.0865092354,"02-2024":0.0863649764,"04-2024":0.0830235969,"06-2024":0.0777826024,"08-2024":0.0831401671,"10-2024":0.0960303178,"12-2024":0.1037532871,"02-2025":0.1075395921,"04-2025":0.1084531869,"06-2025":0.1085844334,"08-2025":0.1129293501,"10-2025":0.122705314,"12-2025":0.1332210307,"02-2026":0.1281595036,"04-2026":0.1184105749,"06-2026":0.1225549582,"08-2026":0.1241504898,"10-2026":0.1322968457,"12-2026":0.1523616734,"02-2027":0.1402226456,"04-2027":0.1438423645,"06-2027":0.1359714764,"08-2027":0.1440735936,"10-2027":0.1636431227,"12-2027":0.1933819951,"02-2028":0.2101450164,"04-2028":0.2455650975,"06-2028":0.3073741745,"08-2028":0.3540431267,"10-2028":0.4344214881,"12-2028":0.4959378408,"02-2029":0.5506040826,"04-2029":0.566938899,"06-2029":0.5728560879,"08-2029":0.5680268388,"10-2029":0.5546128818,"12-2029":0.5506066185,"02-2030":0.5477031802,"04-2030":0.5363949291,"06-2030":0.5498292702,"08-2030":0.5439246125,"10-2030":0.5402979066,"12-2030":0.5306907378},"percentile_25":{"02-2020":0.0308288584,"04-2020":0.0283115123,"06-2020":0.0252494971,"08-2020":0.0246588694,"10-2020":0.0229248901,"12-2020":0.0229895105,"02-2021":0.0207102985,"04-2021":0.0170462608,"06-2021":0.0148288869,"08-2021":0.0146526002,"10-2021":0.0116065748,"12-2021":0.0137519672,"02-2022":0.0137895584,"04-2022":0.0110004248,"06-2022":0.0108205854,"08-2022":0.008050686,"10-2022":0.0074420334,"12-2022":0.0075066357,"02-2023":0.0070993031,"04-2023":0.0070314777,"06-2023":0.0038761423,"08-2023":0.0039398496,"10-2023":0.0062554785,"12-2023":0.0069748591,"02-2024":0.0075191134,"04-2024":0.0061011905,"06-2024":0.0069466596,"08-2024":0.007308105,"10-2024":0.0070182724,"12-2024":0.004002979,"02-2025":0.0039565826,"04-2025":0.003824465,"06-2025":0.0037418246,"08-2025":0.0037665183,"10-2025":0.0037176251,"12-2025":0.0036183329,"02-2026":0.0036237511,"04-2026":0.0,"06-2026":0.0,"08-2026":0.0,"10-2026":0.0,"12-2026":0.0,"02-2027":0.0,"04-2027":0.0,"06-2027":0.0,"08-2027":0.0,"10-2027":0.0,"12-2027":0.0,"02-2028":0.0,"04-2028":0.0,"06-2028":0.0,"08-2028":0.0,"10-2028":0.0,"12-2028":0.0,"02-2029":0.0,"04-2029":0.0,"06-2029":0.0,"08-2029":0.0,"10-2029":0.0,"12-2029":0.0,"02-2030":0.0,"04-2030":0.0,"06-2030":0.0,"08-2030":0.0,"10-2030":0.0,"12-2030":0.0},"percentile_75":{"02-2020":0.0952380952,"04-2020":0.0948569529,"06-2020":0.1014028255,"08-2020":0.1086785714,"10-2020":0.1157738095,"12-2020":0.132151395,"02-2021":0.1378156566,"04-2021":0.1382787076,"06-2021":0.1453339764,"08-2021":0.1551002358,"10-2021":0.1728145425,"12-2021":0.1882779199,"02-2022":0.1877766268,"04-2022":0.1794363105,"06-2022":0.1838825909,"08-2022":0.1941193437,"10-2022":0.2088426334,"12-2022":0.2237695078,"02-2023":0.2197154041,"04-2023":0.2087774318,"06-2023":0.2039107085,"08-2023":0.2227011837,"10-2023":0.2468434343,"12-2023":0.2640900766,"02-2024":0.2638256951,"04-2024":0.2628831924,"06-2024":0.2698378401,"08-2024":0.2895235362,"10-2024":0.3060918556,"12-2024":0.3238514384,"02-2025":0.3222616633,"04-2025":0.314003275,"06-2025":0.3141846932,"08-2025":0.3293566484,"10-2025":0.3571850196,"12-2025":0.3734438998,"02-2026":0.3722927862,"04-2026":0.3504310345,"06-2026":0.3363225358,"08-2026":0.3285804816,"10-2026":0.3341666667,"12-2026":0.3737989653,"02-2027":0.3580172903,"04-2027":0.3386363636,"06-2027":0.3351006695,"08-2027":0.337316031,"10-2027":0.3509552465,"12-2027":0.3621744675,"02-2028":0.3913794169,"04-2028":0.4470323741,"06-2028":0.5110999662,"08-2028":0.5881231181,"10-2028":0.6454349583,"12-2028":0.6763641845,"02-2029":0.6962583744,"04-2029":0.697324623,"06-2029":0.676483463,"08-2029":0.6646953871,"10-2029":0.653049264,"12-2029":0.6414439954,"02-2030":0.6296955318,"04-2030":0.6176919495,"06-2030":0.6097585227,"08-2030":0.6105924413,"10-2030":0.6031991672,"12-2030":0.5907570742}}