{"median":{"02-2020":0.0542151163,"04-2020":0.0558816184,"06-2020":0.0536233868,"08-2020":0.0580311504,"10-2020":0.0624937183,"12-2020":0.0667781494,"02-2021":0.0677214706,"04-2021":0.0661202186,"06-2021":0.0654858934,"08-2021":0.067870844,"10-2021":0.0635516239,"12-2021":0.0692028986,"02-2022":0.0677655678,"04-2022":0.063707716,"06-2022":0.0651047798,"08-2022":0.0669047245,"10-2022":0.0663388544,"12-2022":0.0710265736,"02-2023":0.0678775389,"04-2023":0.068855042,"06-2023":0.067687747,"08-2023":0.0713383838,"10-2023":0.0786776945,"12-2023":0.0865092354,"02-2024":0.0863649764,"04-2024":0.0830235969,"06-2024":0.0777826024,"08-2024":0.0831401671,"10-2024":0.0960303178,"12-2024":0.1037532871,"02-2025":0.1075395921,"04-2025":0.1084531869,"06-2025":0.1085844334,"08-2025":0.1129293501,"10-2025":0.122705314,"12-2025":0.1332210307,"02-2026":0.1452768816,"04-2026":0.1672409737,"06-2026":0.2031468531,"08-2026":0.2439568225,"10-2026":0.2964686761,"12-2026":0.3627388295,"02-2027":0.4206478818,"04-2027":0.4930735565,"06-2027":0.5599152251,"08-2027":0.5839041096,"10-2027":0.5992384808,"12-2027":0.606440368,"02-2028":0.5827590148,"04-2028":0.5726228109,"06-2028":0.5676121666,"08-2028":0.5629317227,"10-2028":0.5699789125,"12-2028":0.5640577508,"02-2029":0.5532671209,"04-2029":0.5454702078,"06-2029":0.5320776256,"08-2029":0.5238865078,"10-2029":0.5078996865,"12-2029":0.5,"02-2030":0.4853942652,"04-2030":0.4821856077,"06-2030":0.4641509434,"08-2030":0.4578817734,"10-2030":0.4519572954,"12-2030":0.4479726703},"percentile_25":{"02-2020":0.0308288584,"04-2020":0.0283115123,"06-2020":0.0252494971,"08-2020":0.0246588694,"10-2020":0.0229248901,"12-2020":0.0229895105,"02-2021":0.0207102985,"04-2021":0.0170462608,"06-2021":0.0148288869,"08-2021":0.0146526002,"10-2021":0.0116065748,"12-2021":0.0137519672,"02-2022":0.0137895584,"04-2022":0.0110004248,"06-2022":0.0108205854,"08-2022":0.008050686,"10-2022":0.0074420334,"12-2022":0.0075066357,"02-2023":0.0070993031,"04-2023":0.0070314777,"06-2023":0.0038761423,"08-2023":0.0039398496,"10-2023":0.0062554785,"12-2023":0.0069748591,"02-2024":0.0075191134,"04-2024":0.0061011905,"06-2024":0.0069466596,"08-2024":0.007308105,"10-2024":0.0070182724,"12-2024":0.004002979,"02-2025":0.0039565826,"04-2025":0.003824465,"06-2025":0.0037418246,"08-2025":0.0037665183,"10-2025":0.0037176251,"12-2025":0.0036183329,"02-2026":0.003700287,"04-2026":0.0,"06-2026":0.0,"08-2026":0.0,"10-2026":0.0027075812,"12-2026":0.0028625954,"02-2027":0.0064814815,"04-2027":0.0064136231,"06-2027":0.0067750831,"08-2027":0.0091626599,"10-2027":0.0117959254,"12-2027":0.0110430078,"02-2028":0.0127118644,"04-2028":0.0110169492,"06-2028":0.0153235952,"08-2028":0.0177537231,"10-2028":0.0200423729,"12-2028":0.0204908077,"02-2029":0.022717262,"04-2029":0.0278165069,"06-2029":0.0331364666,"08-2029":0.0334602076,"10-2029":0.0308087291,"12-2029":0.0288020256,"02-2030":0.0337802682,"04-2030":0.0385236448,"06-2030":0.0548974061,"08-2030":0.0609018844,"10-2030":0.0715921446,"12-2030":0.0912869458},"percentile_75":{"02-2020":0.0952380952,"04-2020":0.0948569529,"06-2020":0.1014028255,"08-2020":0.1086785714,"10-2020":0.1157738095,"12-2020":0.132151395,"02-2021":0.1378156566,"04-2021":0.1382787076,"06-2021":0.1453339764,"08-2021":0.1551002358,"10-2021":0.1728145425,"12-2021":0.1882779199,"02-2022":0.1877766268,"04-2022":0.1794363105,"06-2022":0.1838825909,"08-2022":0.1941193437,"10-2022":0.2088426334,"12-2022":0.2237695078,"02-2023":0.2197154041,"04-2023":0.2087774318,"06-2023":0.2039107085,"08-2023":0.2227011837,"10-2023":0.2468434343,"12-2023":0.2640900766,"02-2024":0.2638256951,"04-2024":0.2628831924,"06-2024":0.2698378401,"08-2024":0.2895235362,"10-2024":0.3060918556,"12-2024":0.3238514384,"02-2025":0.3222616633,"04-2025":0.314003275,"06-2025":0.3141846932,"08-2025":0.3293566484,"10-2025":0.3571850196,"12-2025":0.3734438998,"02-2026":0.4363866656,"04-2026":0.4734069173,"06-2026":0.5310892418,"08-2026":0.5893829772,"10-2026":0.6468675781,"12-2026":0.6740516169,"02-2027":0.6872960949,"04-2027":0.697769093,"06-2027":0.7082308743,"08-2027":0.6969992498,"10-2027":0.694490902,"12-2027":0.6954145268,"02-2028":0.6766964984,"04-2028":0.6555223091,"06-2028":0.6483383111,"08-2028":0.640130719,"10-2028":0.6324404762,"12-2028":0.6211585166,"02-2029":0.6146127946,"04-2029":0.6022796759,"06-2029":0.5960166539,"08-2029":0.5911484314,"10-2029":0.5931935818,"12-2029":0.5738848921,"02-2030":0.5672135404,"04-2030":0.5496529904,"06-2030":0.5315633272,"08-2030":0.5164948688,"10-2030":0.504657665,"12-2030":0.5056439986}}