{"median":{"02-2020":0.0542151163,"04-2020":0.0558816184,"06-2020":0.0536233868,"08-2020":0.0580311504,"10-2020":0.0624937183,"12-2020":0.0667781494,"02-2021":0.0677214706,"04-2021":0.0661202186,"06-2021":0.0654858934,"08-2021":0.067870844,"10-2021":0.0635516239,"12-2021":0.0692028986,"02-2022":0.0677655678,"04-2022":0.063707716,"06-2022":0.0651047798,"08-2022":0.0669047245,"10-2022":0.0663388544,"12-2022":0.0710265736,"02-2023":0.0774949957,"04-2023":0.0843650382,"06-2023":0.1035045377,"08-2023":0.127016129,"10-2023":0.1574119374,"12-2023":0.1968780737,"02-2024":0.2303921569,"04-2024":0.2809127698,"06-2024":0.3405450822,"08-2024":0.4050846768,"10-2024":0.4761421447,"12-2024":0.5440716912,"02-2025":0.5719622677,"04-2025":0.5971742004,"06-2025":0.6039931919,"08-2025":0.6031794425,"10-2025":0.587038231,"12-2025":0.5862683813,"02-2026":0.5782700136,"04-2026":0.576079106,"06-2026":0.5739987484,"08-2026":0.5635378229,"10-2026":0.5587591719,"12-2026":0.5569117683,"02-2027":0.5456594499,"04-2027":0.5377132595,"06-2027":0.5442460939,"08-2027":0.5335644034,"10-2027":0.5209183673,"12-2027":0.5026518035,"02-2028":0.4910383514,"04-2028":0.4814484325,"06-2028":0.475231238,"08-2028":0.466141785,"10-2028":0.4520743358,"12-2028":0.4425381392,"02-2029":0.4297812643,"04-2029":0.4266564208,"06-2029":0.4244717997,"08-2029":0.4031432749,"10-2029":0.3973283381,"12-2029":0.3855600372,"02-2030":0.3811987004,"04-2030":0.3800782261,"06-2030":0.3703729058,"08-2030":0.3617890098,"10-2030":0.3577783752,"12-2030":0.3537906137},"percentile_25":{"02-2020":0.0308288584,"04-2020":0.0283115123,"06-2020":0.0252494971,"08-2020":0.0246588694,"10-2020":0.0229248901,"12-2020":0.0229895105,"02-2021":0.0207102985,"04-2021":0.0170462608,"06-2021":0.0148288869,"08-2021":0.0146526002,"10-2021":0.0116065748,"12-2021":0.0137519672,"02-2022":0.0137895584,"04-2022":0.0110004248,"06-2022":0.0108205854,"08-2022":0.008050686,"10-2022":0.0074420334,"12-2022":0.0075066357,"02-2023":0.0069282569,"04-2023":0.0059971146,"06-2023":0.0037986807,"08-2023":0.0061589037,"10-2023":0.0103377525,"12-2023":0.0077304816,"02-2024":0.0105278496,"04-2024":0.0131671609,"06-2024":0.0105541142,"08-2024":0.0104898926,"10-2024":0.0114676339,"12-2024":0.0160286612,"02-2025":0.0146526002,"04-2025":0.018754958,"06-2025":0.022934702,"08-2025":0.0312950938,"10-2025":0.0340301974,"12-2025":0.0388331538,"02-2026":0.0486044184,"04-2026":0.0530035336,"06-2026":0.0628980686,"08-2026":0.0716845878,"10-2026":0.0756396533,"12-2026":0.0913978495,"02-2027":0.1110885653,"04-2027":0.1315099682,"06-2027":0.142372478,"08-2027":0.1848126536,"10-2027":0.2057353075,"12-2027":0.2313616295,"02-2028":0.2737860604,"04-2028":0.2963434164,"06-2028":0.3353605229,"08-2028":0.345684236,"10-2028":0.3475873417,"12-2028":0.3483394595,"02-2029":0.3297491039,"04-2029":0.3287925697,"06-2029":0.3256917832,"08-2029":0.3097932617,"10-2029":0.3152204465,"12-2029":0.3071428571,"02-2030":0.3046162614,"04-2030":0.2988831615,"06-2030":0.2957220638,"08-2030":0.2861344538,"10-2030":0.2757251082,"12-2030":0.2727197347},"percentile_75":{"02-2020":0.0952380952,"04-2020":0.0948569529,"06-2020":0.1014028255,"08-2020":0.1086785714,"10-2020":0.1157738095,"12-2020":0.132151395,"02-2021":0.1378156566,"04-2021":0.1382787076,"06-2021":0.1453339764,"08-2021":0.1551002358,"10-2021":0.1728145425,"12-2021":0.1882779199,"02-2022":0.1877766268,"04-2022":0.1794363105,"06-2022":0.1838825909,"08-2022":0.1941193437,"10-2022":0.2088426334,"12-2022":0.2237695078,"02-2023":0.2449026211,"04-2023":0.2593009652,"06-2023":0.3097165992,"08-2023":0.3925348359,"10-2023":0.4843587008,"12-2023":0.5744891777,"02-2024":0.6529267217,"04-2024":0.6948863636,"06-2024":0.6954235738,"08-2024":0.6944752748,"10-2024":0.6958047613,"12-2024":0.70609319,"02-2025":0.7050464844,"04-2025":0.6985003519,"06-2025":0.6885428254,"08-2025":0.6899660558,"10-2025":0.6911893853,"12-2025":0.6781939605,"02-2026":0.6660093029,"04-2026":0.6441947566,"06-2026":0.6372503121,"08-2026":0.6267906009,"10-2026":0.6259799889,"12-2026":0.6204307557,"02-2027":0.6203741566,"04-2027":0.6003690037,"06-2027":0.6051050204,"08-2027":0.5851180105,"10-2027":0.5796408169,"12-2027":0.5716748768,"02-2028":0.5568229239,"04-2028":0.5467760623,"06-2028":0.5282782911,"08-2028":0.5210763889,"10-2028":0.5068261787,"12-2028":0.5007861635,"02-2029":0.4968247332,"04-2029":0.4882927637,"06-2029":0.4776840357,"08-2029":0.4630823257,"10-2029":0.4552592356,"12-2029":0.4455816368,"02-2030":0.4402534284,"04-2030":0.4312533826,"06-2030":0.4251898434,"08-2030":0.4175929435,"10-2030":0.4008627841,"12-2030":0.3974716162}}