{"median":{"02-2020":0.0579277286,"04-2020":0.0541926448,"06-2020":0.0549028051,"08-2020":0.0569614386,"10-2020":0.0559288538,"12-2020":0.0589546136,"02-2021":0.0550117342,"04-2021":0.0524202071,"06-2021":0.0551887177,"08-2021":0.0530029428,"10-2021":0.0580993805,"12-2021":0.0551500406,"02-2022":0.0544354839,"04-2022":0.0467215179,"06-2022":0.0487847809,"08-2022":0.0516633305,"10-2022":0.0525418955,"12-2022":0.0584572305,"02-2023":0.0551488834,"04-2023":0.05273238,"06-2023":0.0588434132,"08-2023":0.0629524975,"10-2023":0.0711027476,"12-2023":0.0740442524,"02-2024":0.0725521692,"04-2024":0.0687121212,"06-2024":0.0712758044,"08-2024":0.0821162047,"10-2024":0.0926075804,"12-2024":0.10054544,"02-2025":0.0946553102,"04-2025":0.0927184723,"06-2025":0.1019802375,"08-2025":0.121875,"10-2025":0.125082843,"12-2025":0.13476076,"02-2026":0.1302243919,"04-2026":0.1228773585,"06-2026":0.1166611973,"08-2026":0.1194123468,"10-2026":0.1282430236,"12-2026":0.1325319707,"02-2027":0.1413210445,"04-2027":0.1540057915,"06-2027":0.1869171369,"08-2027":0.2148809524,"10-2027":0.2637522315,"12-2027":0.3365497327,"02-2028":0.3660649819,"04-2028":0.4069514696,"06-2028":0.4441665706,"08-2028":0.4848927875,"10-2028":0.4822278415,"12-2028":0.489925876,"02-2029":0.5189807184,"04-2029":0.5008833272,"06-2029":0.4880470512,"08-2029":0.5043557191,"10-2029":0.5097234826,"12-2029":0.5069271116,"02-2030":0.4929274877,"04-2030":0.5017103896,"06-2030":0.5081521023,"08-2030":0.4886316203,"10-2030":0.4855548602,"12-2030":0.4678416821},"percentile_25":{"02-2020":0.0341881265,"04-2020":0.0318953681,"06-2020":0.0252823058,"08-2020":0.0233236811,"10-2020":0.0249824531,"12-2020":0.0272307367,"02-2021":0.0221588416,"04-2021":0.019379845,"06-2021":0.015968254,"08-2021":0.0147064743,"10-2021":0.0123786528,"12-2021":0.0116506167,"02-2022":0.0101511383,"04-2022":0.0075940483,"06-2022":0.003697195,"08-2022":0.0,"10-2022":0.0,"12-2022":0.0,"02-2023":0.0,"04-2023":0.0,"06-2023":0.0,"08-2023":0.0,"10-2023":0.0,"12-2023":0.0,"02-2024":0.0,"04-2024":0.0,"06-2024":0.0,"08-2024":0.0,"10-2024":0.0,"12-2024":0.0,"02-2025":0.0,"04-2025":0.0,"06-2025":0.0,"08-2025":0.0,"10-2025":0.0,"12-2025":0.0,"02-2026":0.0,"04-2026":0.0,"06-2026":0.0,"08-2026":0.0,"10-2026":0.0,"12-2026":0.0,"02-2027":0.0,"04-2027":0.0,"06-2027":0.0,"08-2027":0.0,"10-2027":0.0,"12-2027":0.0,"02-2028":0.0,"04-2028":0.0,"06-2028":0.0,"08-2028":0.0,"10-2028":0.0,"12-2028":0.0,"02-2029":0.0,"04-2029":0.0,"06-2029":0.0,"08-2029":0.0,"10-2029":0.0,"12-2029":0.0,"02-2030":0.0,"04-2030":0.0,"06-2030":0.0,"08-2030":0.0,"10-2030":0.0,"12-2030":0.0},"percentile_75":{"02-2020":0.0887761834,"04-2020":0.0876724522,"06-2020":0.0884654949,"08-2020":0.0947791852,"10-2020":0.1102748099,"12-2020":0.1212173787,"02-2021":0.1277864081,"04-2021":0.1323576799,"06-2021":0.142364903,"08-2021":0.1557410125,"10-2021":0.1705918385,"12-2021":0.2014403292,"02-2022":0.2020258595,"04-2022":0.1985901126,"06-2022":0.1918956826,"08-2022":0.2070064593,"10-2022":0.2265676251,"12-2022":0.249302974,"02-2023":0.2532006355,"04-2023":0.2605773961,"06-2023":0.2526044935,"08-2023":0.2742987845,"10-2023":0.2869375471,"12-2023":0.3228712201,"02-2024":0.3190415606,"04-2024":0.3020568246,"06-2024":0.3258105604,"08-2024":0.3419726962,"10-2024":0.3473193235,"12-2024":0.3743257417,"02-2025":0.3691230795,"04-2025":0.3590217391,"06-2025":0.3584635216,"08-2025":0.3481220272,"10-2025":0.3660541992,"12-2025":0.3907092986,"02-2026":0.3836344715,"04-2026":0.3641193165,"06-2026":0.3758998528,"08-2026":0.3679663777,"10-2026":0.3821904689,"12-2026":0.392401902,"02-2027":0.4227646653,"04-2027":0.4589255774,"06-2027":0.5087818004,"08-2027":0.562875,"10-2027":0.601700044,"12-2027":0.6271824319,"02-2028":0.6457839696,"04-2028":0.6389372822,"06-2028":0.6398860604,"08-2028":0.6203979777,"10-2028":0.611021315,"12-2028":0.6131445186,"02-2029":0.6118021076,"04-2029":0.6124649369,"06-2029":0.5884978992,"08-2029":0.5837527821,"10-2029":0.590739962,"12-2029":0.5876528829,"02-2030":0.5826658872,"04-2030":0.5789916711,"06-2030":0.5891866029,"08-2030":0.5672040826,"10-2030":0.550462963,"12-2030":0.536509063}}