{"median":{"02-2020":0.0579277286,"04-2020":0.0541926448,"06-2020":0.0549028051,"08-2020":0.0569614386,"10-2020":0.0559288538,"12-2020":0.0589546136,"02-2021":0.0550117342,"04-2021":0.0524202071,"06-2021":0.0551887177,"08-2021":0.0530029428,"10-2021":0.0580993805,"12-2021":0.0551500406,"02-2022":0.0544354839,"04-2022":0.0467215179,"06-2022":0.0487847809,"08-2022":0.0516633305,"10-2022":0.0525418955,"12-2022":0.0584572305,"02-2023":0.0609889509,"04-2023":0.0633653137,"06-2023":0.0768217054,"08-2023":0.0923704483,"10-2023":0.1140694991,"12-2023":0.1400757576,"02-2024":0.1655028325,"04-2024":0.200024247,"06-2024":0.2220029863,"08-2024":0.2615603553,"10-2024":0.3256291764,"12-2024":0.4052163626,"02-2025":0.4532017884,"04-2025":0.4887245708,"06-2025":0.5116793705,"08-2025":0.545954058,"10-2025":0.5549313358,"12-2025":0.5454901385,"02-2026":0.5400424788,"04-2026":0.528371523,"06-2026":0.5215064596,"08-2026":0.5090172915,"10-2026":0.5061308426,"12-2026":0.5056430056,"02-2027":0.5045866652,"04-2027":0.4955231043,"06-2027":0.4678555028,"08-2027":0.4712931996,"10-2027":0.4604895932,"12-2027":0.4566511403,"02-2028":0.4499401914,"04-2028":0.4515008961,"06-2028":0.4481417833,"08-2028":0.4404783958,"10-2028":0.4298709719,"12-2028":0.4234160424,"02-2029":0.411361336,"04-2029":0.4041879898,"06-2029":0.3958772694,"08-2029":0.3873609956,"10-2029":0.384173407,"12-2029":0.3823302469,"02-2030":0.386755562,"04-2030":0.3985102795,"06-2030":0.4013422819,"08-2030":0.3929188943,"10-2030":0.3772636508,"12-2030":0.3791811847},"percentile_25":{"02-2020":0.0341881265,"04-2020":0.0318953681,"06-2020":0.0252823058,"08-2020":0.0233236811,"10-2020":0.0249824531,"12-2020":0.0272307367,"02-2021":0.0221588416,"04-2021":0.019379845,"06-2021":0.015968254,"08-2021":0.0147064743,"10-2021":0.0123786528,"12-2021":0.0116506167,"02-2022":0.0101511383,"04-2022":0.0075940483,"06-2022":0.003697195,"08-2022":0.0,"10-2022":0.0,"12-2022":0.0,"02-2023":0.0,"04-2023":0.0,"06-2023":0.0,"08-2023":0.0,"10-2023":0.0,"12-2023":0.0,"02-2024":0.0,"04-2024":0.0,"06-2024":0.0,"08-2024":0.0,"10-2024":0.0,"12-2024":0.0,"02-2025":0.0,"04-2025":0.0,"06-2025":0.0,"08-2025":0.0,"10-2025":0.0,"12-2025":0.0,"02-2026":0.0,"04-2026":0.0,"06-2026":0.0,"08-2026":0.0,"10-2026":0.0,"12-2026":0.0,"02-2027":0.0,"04-2027":0.0,"06-2027":0.0,"08-2027":0.0,"10-2027":0.0,"12-2027":0.0,"02-2028":0.0,"04-2028":0.0,"06-2028":0.0,"08-2028":0.0,"10-2028":0.0,"12-2028":0.0,"02-2029":0.0,"04-2029":0.0,"06-2029":0.0,"08-2029":0.0,"10-2029":0.0,"12-2029":0.0,"02-2030":0.0,"04-2030":0.0,"06-2030":0.0,"08-2030":0.0,"10-2030":0.0,"12-2030":0.0},"percentile_75":{"02-2020":0.0887761834,"04-2020":0.0876724522,"06-2020":0.0884654949,"08-2020":0.0947791852,"10-2020":0.1102748099,"12-2020":0.1212173787,"02-2021":0.1277864081,"04-2021":0.1323576799,"06-2021":0.142364903,"08-2021":0.1557410125,"10-2021":0.1705918385,"12-2021":0.2014403292,"02-2022":0.2020258595,"04-2022":0.1985901126,"06-2022":0.1918956826,"08-2022":0.2070064593,"10-2022":0.2265676251,"12-2022":0.249302974,"02-2023":0.2703256535,"04-2023":0.3133708656,"06-2023":0.3843526207,"08-2023":0.4561017364,"10-2023":0.5337848283,"12-2023":0.6025084526,"02-2024":0.6658468519,"04-2024":0.6798234552,"06-2024":0.6917360606,"08-2024":0.6970839656,"10-2024":0.698342922,"12-2024":0.6823255039,"02-2025":0.6757463038,"04-2025":0.6546893456,"06-2025":0.6518075232,"08-2025":0.6437500921,"10-2025":0.6436135549,"12-2025":0.6326492819,"02-2026":0.6220145449,"04-2026":0.6139334824,"06-2026":0.6012094027,"08-2026":0.6086234554,"10-2026":0.5936154599,"12-2026":0.5869903054,"02-2027":0.5723582211,"04-2027":0.5599090823,"06-2027":0.5546063621,"08-2027":0.5515474681,"10-2027":0.5453656561,"12-2027":0.5278676342,"02-2028":0.5173147713,"04-2028":0.5207693422,"06-2028":0.5193496071,"08-2028":0.5032001912,"10-2028":0.4991777073,"12-2028":0.4847489046,"02-2029":0.4718222954,"04-2029":0.4719151748,"06-2029":0.4577996716,"08-2029":0.4480471729,"10-2029":0.4513819514,"12-2029":0.4476218458,"02-2030":0.4453405018,"04-2030":0.4599065714,"06-2030":0.4634550153,"08-2030":0.4552319893,"10-2030":0.4469159532,"12-2030":0.4304203341}}