{"median":{"02-2020":0.0579277286,"04-2020":0.0541926448,"06-2020":0.0549028051,"08-2020":0.0569614386,"10-2020":0.0559288538,"12-2020":0.0589546136,"02-2021":0.0550117342,"04-2021":0.0524202071,"06-2021":0.0551887177,"08-2021":0.0530029428,"10-2021":0.0580993805,"12-2021":0.0551500406,"02-2022":0.0544354839,"04-2022":0.0467215179,"06-2022":0.0487847809,"08-2022":0.0516633305,"10-2022":0.0525418955,"12-2022":0.0584572305,"02-2023":0.0551488834,"04-2023":0.05273238,"06-2023":0.0588434132,"08-2023":0.0629524975,"10-2023":0.0711027476,"12-2023":0.0740442524,"02-2024":0.0725521692,"04-2024":0.0687121212,"06-2024":0.0712758044,"08-2024":0.0821162047,"10-2024":0.0926075804,"12-2024":0.10054544,"02-2025":0.0946553102,"04-2025":0.0927184723,"06-2025":0.1019802375,"08-2025":0.121875,"10-2025":0.125082843,"12-2025":0.13476076,"02-2026":0.1435920578,"04-2026":0.1550635348,"06-2026":0.186333115,"08-2026":0.2092423879,"10-2026":0.2519384504,"12-2026":0.2905457087,"02-2027":0.3353919631,"04-2027":0.3688837972,"06-2027":0.420214372,"08-2027":0.4380283816,"10-2027":0.4903149508,"12-2027":0.5036800689,"02-2028":0.5115693013,"04-2028":0.5086509333,"06-2028":0.5203937405,"08-2028":0.5209537959,"10-2028":0.4873126355,"12-2028":0.4874787692,"02-2029":0.4906110423,"04-2029":0.4974630411,"06-2029":0.4836542531,"08-2029":0.4706602921,"10-2029":0.4584202982,"12-2029":0.4565469966,"02-2030":0.451253373,"04-2030":0.4416408669,"06-2030":0.459102667,"08-2030":0.4594944872,"10-2030":0.4534324659,"12-2030":0.4341024372},"percentile_25":{"02-2020":0.0341881265,"04-2020":0.0318953681,"06-2020":0.0252823058,"08-2020":0.0233236811,"10-2020":0.0249824531,"12-2020":0.0272307367,"02-2021":0.0221588416,"04-2021":0.019379845,"06-2021":0.015968254,"08-2021":0.0147064743,"10-2021":0.0123786528,"12-2021":0.0116506167,"02-2022":0.0101511383,"04-2022":0.0075940483,"06-2022":0.003697195,"08-2022":0.0,"10-2022":0.0,"12-2022":0.0,"02-2023":0.0,"04-2023":0.0,"06-2023":0.0,"08-2023":0.0,"10-2023":0.0,"12-2023":0.0,"02-2024":0.0,"04-2024":0.0,"06-2024":0.0,"08-2024":0.0,"10-2024":0.0,"12-2024":0.0,"02-2025":0.0,"04-2025":0.0,"06-2025":0.0,"08-2025":0.0,"10-2025":0.0,"12-2025":0.0,"02-2026":0.0,"04-2026":0.0,"06-2026":0.0,"08-2026":0.0,"10-2026":0.0,"12-2026":0.0,"02-2027":0.0,"04-2027":0.0,"06-2027":0.0,"08-2027":0.0,"10-2027":0.0,"12-2027":0.0,"02-2028":0.0,"04-2028":0.0,"06-2028":0.0,"08-2028":0.0,"10-2028":0.0,"12-2028":0.0,"02-2029":0.0,"04-2029":0.0,"06-2029":0.0,"08-2029":0.0,"10-2029":0.0,"12-2029":0.0,"02-2030":0.0,"04-2030":0.0,"06-2030":0.0,"08-2030":0.0,"10-2030":0.0,"12-2030":0.0},"percentile_75":{"02-2020":0.0887761834,"04-2020":0.0876724522,"06-2020":0.0884654949,"08-2020":0.0947791852,"10-2020":0.1102748099,"12-2020":0.1212173787,"02-2021":0.1277864081,"04-2021":0.1323576799,"06-2021":0.142364903,"08-2021":0.1557410125,"10-2021":0.1705918385,"12-2021":0.2014403292,"02-2022":0.2020258595,"04-2022":0.1985901126,"06-2022":0.1918956826,"08-2022":0.2070064593,"10-2022":0.2265676251,"12-2022":0.249302974,"02-2023":0.2532006355,"04-2023":0.2605773961,"06-2023":0.2526044935,"08-2023":0.2742987845,"10-2023":0.2869375471,"12-2023":0.3228712201,"02-2024":0.3190415606,"04-2024":0.3020568246,"06-2024":0.3258105604,"08-2024":0.3419726962,"10-2024":0.3473193235,"12-2024":0.3743257417,"02-2025":0.3691230795,"04-2025":0.3590217391,"06-2025":0.3584635216,"08-2025":0.3481220272,"10-2025":0.3660541992,"12-2025":0.3907092986,"02-2026":0.4228084205,"04-2026":0.4696235324,"06-2026":0.5319262123,"08-2026":0.5633294187,"10-2026":0.6011549184,"12-2026":0.6294674184,"02-2027":0.6441969112,"04-2027":0.6428650275,"06-2027":0.6567857143,"08-2027":0.6387218625,"10-2027":0.6330062444,"12-2027":0.6144102177,"02-2028":0.6185939315,"04-2028":0.6204734219,"06-2028":0.6197316878,"08-2028":0.6159209317,"10-2028":0.5898914518,"12-2028":0.581219427,"02-2029":0.5805015945,"04-2029":0.5636188893,"06-2029":0.5583941606,"08-2029":0.5429943528,"10-2029":0.543071161,"12-2029":0.5509531703,"02-2030":0.5479145538,"04-2030":0.5326369662,"06-2030":0.5420149932,"08-2030":0.5323140544,"10-2030":0.5215799031,"12-2030":0.5049587185}}