{"median":{"02-2020":0.0579277286,"04-2020":0.0541926448,"06-2020":0.0549028051,"08-2020":0.0569614386,"10-2020":0.0559288538,"12-2020":0.0589546136,"02-2021":0.0550117342,"04-2021":0.0524202071,"06-2021":0.0551887177,"08-2021":0.0530029428,"10-2021":0.0580993805,"12-2021":0.0551500406,"02-2022":0.0544354839,"04-2022":0.0467215179,"06-2022":0.0487847809,"08-2022":0.0516633305,"10-2022":0.0525418955,"12-2022":0.0584572305,"02-2023":0.0551488834,"04-2023":0.05273238,"06-2023":0.0588434132,"08-2023":0.0629524975,"10-2023":0.0711027476,"12-2023":0.0740442524,"02-2024":0.0725521692,"04-2024":0.0687121212,"06-2024":0.0712758044,"08-2024":0.0821162047,"10-2024":0.0926075804,"12-2024":0.10054544,"02-2025":0.0946553102,"04-2025":0.0927184723,"06-2025":0.1019802375,"08-2025":0.121875,"10-2025":0.125082843,"12-2025":0.13476076,"02-2026":0.1302243919,"04-2026":0.1228773585,"06-2026":0.1166611973,"08-2026":0.1194123468,"10-2026":0.1282430236,"12-2026":0.1325319707,"02-2027":0.1322299652,"04-2027":0.1349120194,"06-2027":0.1425896201,"08-2027":0.1366066558,"10-2027":0.1273565533,"12-2027":0.1292747451,"02-2028":0.1277985075,"04-2028":0.1267565359,"06-2028":0.1433927329,"08-2028":0.1470669618,"10-2028":0.1648235552,"12-2028":0.1621023012,"02-2029":0.1675156142,"04-2029":0.1637880987,"06-2029":0.1545455806,"08-2029":0.1624040921,"10-2029":0.1772621584,"12-2029":0.2081297834,"02-2030":0.2036810263,"04-2030":0.2231745371,"06-2030":0.2646760223,"08-2030":0.2997311828,"10-2030":0.336807126,"12-2030":0.382785619},"percentile_25":{"02-2020":0.0341881265,"04-2020":0.0318953681,"06-2020":0.0252823058,"08-2020":0.0233236811,"10-2020":0.0249824531,"12-2020":0.0272307367,"02-2021":0.0221588416,"04-2021":0.019379845,"06-2021":0.015968254,"08-2021":0.0147064743,"10-2021":0.0123786528,"12-2021":0.0116506167,"02-2022":0.0101511383,"04-2022":0.0075940483,"06-2022":0.003697195,"08-2022":0.0,"10-2022":0.0,"12-2022":0.0,"02-2023":0.0,"04-2023":0.0,"06-2023":0.0,"08-2023":0.0,"10-2023":0.0,"12-2023":0.0,"02-2024":0.0,"04-2024":0.0,"06-2024":0.0,"08-2024":0.0,"10-2024":0.0,"12-2024":0.0,"02-2025":0.0,"04-2025":0.0,"06-2025":0.0,"08-2025":0.0,"10-2025":0.0,"12-2025":0.0,"02-2026":0.0,"04-2026":0.0,"06-2026":0.0,"08-2026":0.0,"10-2026":0.0,"12-2026":0.0,"02-2027":0.0,"04-2027":0.0,"06-2027":0.0,"08-2027":0.0,"10-2027":0.0,"12-2027":0.0,"02-2028":0.0,"04-2028":0.0,"06-2028":0.0,"08-2028":0.0,"10-2028":0.0,"12-2028":0.0,"02-2029":0.0,"04-2029":0.0,"06-2029":0.0,"08-2029":0.0,"10-2029":0.0,"12-2029":0.0,"02-2030":0.0,"04-2030":0.0,"06-2030":0.0,"08-2030":0.0,"10-2030":0.0,"12-2030":0.0},"percentile_75":{"02-2020":0.0887761834,"04-2020":0.0876724522,"06-2020":0.0884654949,"08-2020":0.0947791852,"10-2020":0.1102748099,"12-2020":0.1212173787,"02-2021":0.1277864081,"04-2021":0.1323576799,"06-2021":0.142364903,"08-2021":0.1557410125,"10-2021":0.1705918385,"12-2021":0.2014403292,"02-2022":0.2020258595,"04-2022":0.1985901126,"06-2022":0.1918956826,"08-2022":0.2070064593,"10-2022":0.2265676251,"12-2022":0.249302974,"02-2023":0.2532006355,"04-2023":0.2605773961,"06-2023":0.2526044935,"08-2023":0.2742987845,"10-2023":0.2869375471,"12-2023":0.3228712201,"02-2024":0.3190415606,"04-2024":0.3020568246,"06-2024":0.3258105604,"08-2024":0.3419726962,"10-2024":0.3473193235,"12-2024":0.3743257417,"02-2025":0.3691230795,"04-2025":0.3590217391,"06-2025":0.3584635216,"08-2025":0.3481220272,"10-2025":0.3660541992,"12-2025":0.3907092986,"02-2026":0.3836344715,"04-2026":0.3641193165,"06-2026":0.3758998528,"08-2026":0.3679663777,"10-2026":0.3821904689,"12-2026":0.392401902,"02-2027":0.3817204301,"04-2027":0.3607547413,"06-2027":0.3398300957,"08-2027":0.3321538596,"10-2027":0.336646705,"12-2027":0.3701893729,"02-2028":0.355952381,"04-2028":0.341074921,"06-2028":0.3233067961,"08-2028":0.3438125448,"10-2028":0.3587452619,"12-2028":0.3655959752,"02-2029":0.3582159713,"04-2029":0.3404752657,"06-2029":0.3418678964,"08-2029":0.325903401,"10-2029":0.3436996204,"12-2029":0.3482157833,"02-2030":0.3878366656,"04-2030":0.4293653516,"06-2030":0.4904401436,"08-2030":0.5535257177,"10-2030":0.5893988959,"12-2030":0.6040762731}}