{"median":{"02-2020":0.0579277286,"04-2020":0.0541926448,"06-2020":0.0549028051,"08-2020":0.0569614386,"10-2020":0.0559288538,"12-2020":0.0589546136,"02-2021":0.0550117342,"04-2021":0.0524202071,"06-2021":0.0551887177,"08-2021":0.0530029428,"10-2021":0.0580993805,"12-2021":0.0551500406,"02-2022":0.0544354839,"04-2022":0.0467215179,"06-2022":0.0487847809,"08-2022":0.0516633305,"10-2022":0.0525418955,"12-2022":0.0584572305,"02-2023":0.0551488834,"04-2023":0.05273238,"06-2023":0.0588434132,"08-2023":0.0629524975,"10-2023":0.0711027476,"12-2023":0.0740442524,"02-2024":0.0835971951,"04-2024":0.1000509937,"06-2024":0.1193759464,"08-2024":0.1327000206,"10-2024":0.1636716853,"12-2024":0.1966860536,"02-2025":0.2348642213,"04-2025":0.2790564904,"06-2025":0.3177741388,"08-2025":0.3719344036,"10-2025":0.4140350877,"12-2025":0.4556563064,"02-2026":0.4871961806,"04-2026":0.527026227,"06-2026":0.5140197689,"08-2026":0.5176131041,"10-2026":0.5214107366,"12-2026":0.5299498747,"02-2027":0.5044857165,"04-2027":0.4990272374,"06-2027":0.5018277633,"08-2027":0.4932781621,"10-2027":0.4961062051,"12-2027":0.4741184912,"02-2028":0.4707780089,"04-2028":0.4568288854,"06-2028":0.4585650447,"08-2028":0.4515730872,"10-2028":0.4490321965,"12-2028":0.4448637317,"02-2029":0.4347532163,"04-2029":0.4261412575,"06-2029":0.4158943656,"08-2029":0.4013651877,"10-2029":0.4018761004,"12-2029":0.4072283552,"02-2030":0.4095556161,"04-2030":0.4121835876,"06-2030":0.4020547945,"08-2030":0.4020709021,"10-2030":0.397826197,"12-2030":0.3945865909},"percentile_25":{"02-2020":0.0341881265,"04-2020":0.0318953681,"06-2020":0.0252823058,"08-2020":0.0233236811,"10-2020":0.0249824531,"12-2020":0.0272307367,"02-2021":0.0221588416,"04-2021":0.019379845,"06-2021":0.015968254,"08-2021":0.0147064743,"10-2021":0.0123786528,"12-2021":0.0116506167,"02-2022":0.0101511383,"04-2022":0.0075940483,"06-2022":0.003697195,"08-2022":0.0,"10-2022":0.0,"12-2022":0.0,"02-2023":0.0,"04-2023":0.0,"06-2023":0.0,"08-2023":0.0,"10-2023":0.0,"12-2023":0.0,"02-2024":0.0,"04-2024":0.0,"06-2024":0.0,"08-2024":0.0,"10-2024":0.0,"12-2024":0.0,"02-2025":0.0,"04-2025":0.0,"06-2025":0.0,"08-2025":0.0,"10-2025":0.0,"12-2025":0.0,"02-2026":0.0,"04-2026":0.0,"06-2026":0.0,"08-2026":0.0,"10-2026":0.0,"12-2026":0.0,"02-2027":0.0,"04-2027":0.0,"06-2027":0.0,"08-2027":0.0,"10-2027":0.0,"12-2027":0.0,"02-2028":0.0,"04-2028":0.0,"06-2028":0.0,"08-2028":0.0,"10-2028":0.0,"12-2028":0.0,"02-2029":0.0,"04-2029":0.0,"06-2029":0.0,"08-2029":0.0,"10-2029":0.0,"12-2029":0.0,"02-2030":0.0,"04-2030":0.0,"06-2030":0.0,"08-2030":0.0,"10-2030":0.0,"12-2030":0.0},"percentile_75":{"02-2020":0.0887761834,"04-2020":0.0876724522,"06-2020":0.0884654949,"08-2020":0.0947791852,"10-2020":0.1102748099,"12-2020":0.1212173787,"02-2021":0.1277864081,"04-2021":0.1323576799,"06-2021":0.142364903,"08-2021":0.1557410125,"10-2021":0.1705918385,"12-2021":0.2014403292,"02-2022":0.2020258595,"04-2022":0.1985901126,"06-2022":0.1918956826,"08-2022":0.2070064593,"10-2022":0.2265676251,"12-2022":0.249302974,"02-2023":0.2532006355,"04-2023":0.2605773961,"06-2023":0.2526044935,"08-2023":0.2742987845,"10-2023":0.2869375471,"12-2023":0.3228712201,"02-2024":0.3598699764,"04-2024":0.4169815792,"06-2024":0.4845029123,"08-2024":0.5706133187,"10-2024":0.5989181138,"12-2024":0.6751968242,"02-2025":0.6657967033,"04-2025":0.6811641376,"06-2025":0.6768054413,"08-2025":0.6669611307,"10-2025":0.6620655173,"12-2025":0.6559849521,"02-2026":0.6491887499,"04-2026":0.6498646209,"06-2026":0.6324975538,"08-2026":0.6244685315,"10-2026":0.6222426471,"12-2026":0.6197702822,"02-2027":0.6014582407,"04-2027":0.5958825847,"06-2027":0.5924908425,"08-2027":0.5808500292,"10-2027":0.5782474804,"12-2027":0.5754065754,"02-2028":0.5662625763,"04-2028":0.5546063621,"06-2028":0.5437804981,"08-2028":0.5333992095,"10-2028":0.5265197878,"12-2028":0.5140632954,"02-2029":0.5128424435,"04-2029":0.5017796338,"06-2029":0.4946519525,"08-2029":0.4846447446,"10-2029":0.4787493936,"12-2029":0.4834762722,"02-2030":0.4739265933,"04-2030":0.4791910307,"06-2030":0.4734664544,"08-2030":0.4595068753,"10-2030":0.4541637827,"12-2030":0.4456454068}}