{"median":{"02-2020":0.0579277286,"04-2020":0.0541926448,"06-2020":0.0549028051,"08-2020":0.0569614386,"10-2020":0.0559288538,"12-2020":0.0589546136,"02-2021":0.0550117342,"04-2021":0.0524202071,"06-2021":0.0551887177,"08-2021":0.0530029428,"10-2021":0.0580993805,"12-2021":0.0551500406,"02-2022":0.0544354839,"04-2022":0.0467215179,"06-2022":0.0487847809,"08-2022":0.0516633305,"10-2022":0.0525418955,"12-2022":0.0584572305,"02-2023":0.0551488834,"04-2023":0.05273238,"06-2023":0.0588434132,"08-2023":0.0629524975,"10-2023":0.0711027476,"12-2023":0.0740442524,"02-2024":0.0725521692,"04-2024":0.0687121212,"06-2024":0.0712758044,"08-2024":0.0821162047,"10-2024":0.0926075804,"12-2024":0.10054544,"02-2025":0.1162518038,"04-2025":0.1234286592,"06-2025":0.1521412791,"08-2025":0.1768074902,"10-2025":0.206830739,"12-2025":0.2368162507,"02-2026":0.2775850104,"04-2026":0.3108290626,"06-2026":0.3733487078,"08-2026":0.4096123316,"10-2026":0.4571384521,"12-2026":0.4786263729,"02-2027":0.4854706589,"04-2027":0.5156628685,"06-2027":0.5281815927,"08-2027":0.5208856994,"10-2027":0.5231903893,"12-2027":0.5152740168,"02-2028":0.5000818587,"04-2028":0.508050686,"06-2028":0.4895634878,"08-2028":0.4829656321,"10-2028":0.4762160421,"12-2028":0.4604316547,"02-2029":0.4675526024,"04-2029":0.4627654892,"06-2029":0.4322142558,"08-2029":0.4369421488,"10-2029":0.4401289683,"12-2029":0.4458585859,"02-2030":0.440735786,"04-2030":0.4366987179,"06-2030":0.4380451128,"08-2030":0.4194676291,"10-2030":0.4281115608,"12-2030":0.4025666685},"percentile_25":{"02-2020":0.0341881265,"04-2020":0.0318953681,"06-2020":0.0252823058,"08-2020":0.0233236811,"10-2020":0.0249824531,"12-2020":0.0272307367,"02-2021":0.0221588416,"04-2021":0.019379845,"06-2021":0.015968254,"08-2021":0.0147064743,"10-2021":0.0123786528,"12-2021":0.0116506167,"02-2022":0.0101511383,"04-2022":0.0075940483,"06-2022":0.003697195,"08-2022":0.0,"10-2022":0.0,"12-2022":0.0,"02-2023":0.0,"04-2023":0.0,"06-2023":0.0,"08-2023":0.0,"10-2023":0.0,"12-2023":0.0,"02-2024":0.0,"04-2024":0.0,"06-2024":0.0,"08-2024":0.0,"10-2024":0.0,"12-2024":0.0,"02-2025":0.0,"04-2025":0.0,"06-2025":0.0,"08-2025":0.0,"10-2025":0.0,"12-2025":0.0,"02-2026":0.0,"04-2026":0.0,"06-2026":0.0,"08-2026":0.0,"10-2026":0.0,"12-2026":0.0,"02-2027":0.0,"04-2027":0.0,"06-2027":0.0,"08-2027":0.0,"10-2027":0.0,"12-2027":0.0,"02-2028":0.0,"04-2028":0.0,"06-2028":0.0,"08-2028":0.0,"10-2028":0.0,"12-2028":0.0,"02-2029":0.0,"04-2029":0.0,"06-2029":0.0,"08-2029":0.0,"10-2029":0.0,"12-2029":0.0,"02-2030":0.0,"04-2030":0.0,"06-2030":0.0,"08-2030":0.0,"10-2030":0.0,"12-2030":0.0},"percentile_75":{"02-2020":0.0887761834,"04-2020":0.0876724522,"06-2020":0.0884654949,"08-2020":0.0947791852,"10-2020":0.1102748099,"12-2020":0.1212173787,"02-2021":0.1277864081,"04-2021":0.1323576799,"06-2021":0.142364903,"08-2021":0.1557410125,"10-2021":0.1705918385,"12-2021":0.2014403292,"02-2022":0.2020258595,"04-2022":0.1985901126,"06-2022":0.1918956826,"08-2022":0.2070064593,"10-2022":0.2265676251,"12-2022":0.249302974,"02-2023":0.2532006355,"04-2023":0.2605773961,"06-2023":0.2526044935,"08-2023":0.2742987845,"10-2023":0.2869375471,"12-2023":0.3228712201,"02-2024":0.3190415606,"04-2024":0.3020568246,"06-2024":0.3258105604,"08-2024":0.3419726962,"10-2024":0.3473193235,"12-2024":0.3743257417,"02-2025":0.4171071177,"04-2025":0.4823752478,"06-2025":0.5289491077,"08-2025":0.5954800413,"10-2025":0.6347536216,"12-2025":0.6555126464,"02-2026":0.6661044511,"04-2026":0.6644517506,"06-2026":0.65625,"08-2026":0.6497561647,"10-2026":0.6467809804,"12-2026":0.6426060822,"02-2027":0.6319149501,"04-2027":0.6231011207,"06-2027":0.6223491087,"08-2027":0.6133183264,"10-2027":0.6119957941,"12-2027":0.6069618789,"02-2028":0.5943419305,"04-2028":0.5855689177,"06-2028":0.5793911373,"08-2028":0.5676691729,"10-2028":0.5624783651,"12-2028":0.5603438044,"02-2029":0.5455315871,"04-2029":0.5389338731,"06-2029":0.527483635,"08-2029":0.5137053452,"10-2029":0.5138454012,"12-2029":0.5138371962,"02-2030":0.5,"04-2030":0.5078878748,"06-2030":0.511627907,"08-2030":0.4857839756,"10-2030":0.4753694581,"12-2030":0.4721951563}}