{"median":{"02-2006":0.3694841012,"04-2006":0.3713602706,"06-2006":0.3668010753,"08-2006":0.3663172272,"10-2006":0.3654094967,"12-2006":0.3691243594,"02-2007":0.3436983715,"04-2007":0.2965856481,"06-2007":0.246060794,"08-2007":0.2097769813,"10-2007":0.187755102,"12-2007":0.1693042249,"02-2008":0.1431498829,"04-2008":0.1195881373,"06-2008":0.1054421769,"08-2008":0.0990195142,"10-2008":0.092473994,"12-2008":0.0912635915,"02-2009":0.0861611877,"04-2009":0.0776701958,"06-2009":0.0731755685,"08-2009":0.069249021,"10-2009":0.0690286415,"12-2009":0.0673687196,"02-2010":0.0629135712,"04-2010":0.0575627534,"06-2010":0.0521837034,"08-2010":0.0545404027,"10-2010":0.0510823246,"12-2010":0.0506082845,"02-2011":0.0466101695,"04-2011":0.0475249388,"06-2011":0.046875,"08-2011":0.0446625563,"10-2011":0.047008547,"12-2011":0.046317637,"02-2012":0.0447154472,"04-2012":0.0441774194,"06-2012":0.0386106142,"08-2012":0.04,"10-2012":0.0400803213,"12-2012":0.041993299,"02-2013":0.038218111,"04-2013":0.0352946604,"06-2013":0.0347578778,"08-2013":0.0362174504,"10-2013":0.0380228137,"12-2013":0.0405959868,"02-2014":0.0384791069,"04-2014":0.0401612903,"06-2014":0.0398406375,"08-2014":0.0446415094,"10-2014":0.0474223116,"12-2014":0.0501937984,"02-2015":0.0509929394,"04-2015":0.0490180978,"06-2015":0.0479089634,"08-2015":0.0454545455,"10-2015":0.0502948396,"12-2015":0.0491747835,"02-2016":0.0460894754,"04-2016":0.0431372549,"06-2016":0.0435573722,"08-2016":0.0470769231,"10-2016":0.0532442555,"12-2016":0.0545415959,"02-2017":0.0535769451,"04-2017":0.052823545,"06-2017":0.0572452637,"08-2017":0.0593840457,"10-2017":0.0625,"12-2017":0.0610160092,"02-2018":0.0643289879,"04-2018":0.0606764841,"06-2018":0.060438052,"08-2018":0.0653333333,"10-2018":0.0688665394,"12-2018":0.0689680711,"02-2019":0.0640754717,"04-2019":0.0644479057,"06-2019":0.0679719562,"08-2019":0.0677731859,"10-2019":0.0725498646,"12-2019":0.0804597701},"percentile_25":{"02-2006":0.3028541226,"04-2006":0.2966027397,"06-2006":0.2933114035,"08-2006":0.2868032944,"10-2006":0.2802941495,"12-2006":0.2838524418,"02-2007":0.2649990507,"04-2007":0.2321240205,"06-2007":0.1945228684,"08-2007":0.1642127006,"10-2007":0.1443502825,"12-2007":0.1299638989,"02-2008":0.1066696778,"04-2008":0.0875212842,"06-2008":0.074972467,"08-2008":0.0657092467,"10-2008":0.0615226986,"12-2008":0.0611591977,"02-2009":0.0559700852,"04-2009":0.0489334387,"06-2009":0.0442397439,"08-2009":0.0421497713,"10-2009":0.0382978723,"12-2009":0.0385578794,"02-2010":0.0334689148,"04-2010":0.0315585523,"06-2010":0.0279721116,"08-2010":0.0244649079,"10-2010":0.0252634924,"12-2010":0.0263291139,"02-2011":0.0247678808,"04-2011":0.0243655574,"06-2011":0.0235823337,"08-2011":0.0205761317,"10-2011":0.0208987099,"12-2011":0.0215303764,"02-2012":0.02027706,"04-2012":0.0207254552,"06-2012":0.0173913043,"08-2012":0.0193442914,"10-2012":0.0176221624,"12-2012":0.0173538231,"02-2013":0.0171308556,"04-2013":0.0149868248,"06-2013":0.0127666451,"08-2013":0.0118697479,"10-2013":0.0123587452,"12-2013":0.0125,"02-2014":0.0125006457,"04-2014":0.0118625954,"06-2014":0.0117192823,"08-2014":0.0125918568,"10-2014":0.0145535133,"12-2014":0.0142073779,"02-2015":0.0156500803,"04-2015":0.0156783468,"06-2015":0.0146555099,"08-2015":0.0150235138,"10-2015":0.0167891424,"12-2015":0.0196275928,"02-2016":0.0199800797,"04-2016":0.0163297428,"06-2016":0.0171757097,"08-2016":0.0170126671,"10-2016":0.0190122252,"12-2016":0.0204501533,"02-2017":0.0187711905,"04-2017":0.018519275,"06-2017":0.0195391155,"08-2017":0.0198412698,"10-2017":0.0231961025,"12-2017":0.0229300729,"02-2018":0.0200616792,"04-2018":0.022296627,"06-2018":0.0232568541,"08-2018":0.0236689142,"10-2018":0.0283183352,"12-2018":0.0302763748,"02-2019":0.0300764537,"04-2019":0.02963084,"06-2019":0.0307397583,"08-2019":0.0311166809,"10-2019":0.0334572491,"12-2019":0.0388388597},"percentile_75":{"02-2006":0.4312376327,"04-2006":0.4304166732,"06-2006":0.4336108079,"08-2006":0.4362440508,"10-2006":0.4427844179,"12-2006":0.4357975836,"02-2007":0.3981171548,"04-2007":0.3514041385,"06-2007":0.2895842548,"08-2007":0.2471383134,"10-2007":0.2263374486,"12-2007":0.2041028912,"02-2008":0.1772662311,"04-2008":0.1530903594,"06-2008":0.1369624841,"08-2008":0.1263745384,"10-2008":0.1259355052,"12-2008":0.1307478977,"02-2009":0.1276688119,"04-2009":0.1182686119,"06-2009":0.1116177575,"08-2009":0.1064670759,"10-2009":0.1050940929,"12-2009":0.1064117601,"02-2010":0.1010339721,"04-2010":0.092818965,"06-2010":0.0856177606,"08-2010":0.0899033298,"10-2010":0.0933709263,"12-2010":0.0883538899,"02-2011":0.0822315952,"04-2011":0.076074379,"06-2011":0.0747094268,"08-2011":0.0746863846,"10-2011":0.0823494687,"12-2011":0.0844934927,"02-2012":0.0831049204,"04-2012":0.0772225233,"06-2012":0.0756540084,"08-2012":0.0721334844,"10-2012":0.0773915831,"12-2012":0.0841775754,"02-2013":0.0841995293,"04-2013":0.0873057447,"06-2013":0.0830739972,"08-2013":0.0873192243,"10-2013":0.0941743399,"12-2013":0.1026350299,"02-2014":0.1046393443,"04-2014":0.1084992142,"06-2014":0.1134914659,"08-2014":0.1118038668,"10-2014":0.1106530612,"12-2014":0.1133815875,"02-2015":0.1104885977,"04-2015":0.1081953911,"06-2015":0.1076971242,"08-2015":0.1081953911,"10-2015":0.1112258953,"12-2015":0.118169145,"02-2016":0.1164023946,"04-2016":0.1114670868,"06-2016":0.1211984488,"08-2016":0.1306188268,"10-2016":0.1365802516,"12-2016":0.1509892138,"02-2017":0.1461674528,"04-2017":0.1369072024,"06-2017":0.1317381078,"08-2017":0.13492706,"10-2017":0.1368995724,"12-2017":0.141322966,"02-2018":0.134498458,"04-2018":0.1328186278,"06-2018":0.1241714494,"08-2018":0.118158074,"10-2018":0.1311488101,"12-2018":0.1402817335,"02-2019":0.1448818729,"04-2019":0.1320811571,"06-2019":0.1358490566,"08-2019":0.1366308891,"10-2019":0.1418348346,"12-2019":0.1544880688}}