{"median":{"02-2010":0.3614758403,"04-2010":0.3546406829,"06-2010":0.3572948328,"08-2010":0.3480000704,"10-2010":0.3483314931,"12-2010":0.3558242678,"02-2011":0.3220046083,"04-2011":0.2848627712,"06-2011":0.2453751109,"08-2011":0.2093639847,"10-2011":0.1875,"12-2011":0.1719375,"02-2012":0.1457091396,"04-2012":0.1252615063,"06-2012":0.1106886354,"08-2012":0.1047449362,"10-2012":0.0962625483,"12-2012":0.0933201385,"02-2013":0.0822072072,"04-2013":0.0725384615,"06-2013":0.0665364583,"08-2013":0.0642401233,"10-2013":0.0591736695,"12-2013":0.058349546,"02-2014":0.0554373522,"04-2014":0.0508474576,"06-2014":0.0498819927,"08-2014":0.0472363083,"10-2014":0.0492538411,"12-2014":0.0478032821,"02-2015":0.0455535359,"04-2015":0.0445351429,"06-2015":0.0406766917,"08-2015":0.0392080745,"10-2015":0.0385912977,"12-2015":0.0405681182,"02-2016":0.0378978759,"04-2016":0.0334065628,"06-2016":0.033126436,"08-2016":0.0339385698,"10-2016":0.0330584157,"12-2016":0.0347536975,"02-2017":0.0338466678,"04-2017":0.0325899376,"06-2017":0.0285733327,"08-2017":0.0295827473,"10-2017":0.0278064041,"12-2017":0.0301774598,"02-2018":0.0288311688,"04-2018":0.0267695233,"06-2018":0.0270415393,"08-2018":0.029167173,"10-2018":0.0313170313,"12-2018":0.032258589,"02-2019":0.0330066694,"04-2019":0.0301903989,"06-2019":0.0316205534,"08-2019":0.0295757708,"10-2019":0.0310096154,"12-2019":0.0321331785},"percentile_25":{"02-2010":0.260909183,"04-2010":0.267470146,"06-2010":0.2713266545,"08-2010":0.271988489,"10-2010":0.2696273042,"12-2010":0.2591631697,"02-2011":0.2504769027,"04-2011":0.2234114565,"06-2011":0.1913947991,"08-2011":0.1582236842,"10-2011":0.1395849802,"12-2011":0.1174089069,"02-2012":0.0982077446,"04-2012":0.0841666667,"06-2012":0.0650449067,"08-2012":0.0572604292,"10-2012":0.0573251823,"12-2012":0.052078642,"02-2013":0.049232159,"04-2013":0.0422792924,"06-2013":0.0362177419,"08-2013":0.0339303447,"10-2013":0.0297033151,"12-2013":0.0303567917,"02-2014":0.0286592506,"04-2014":0.0279786934,"06-2014":0.024,"08-2014":0.0233920785,"10-2014":0.0207254552,"12-2014":0.0209003354,"02-2015":0.0200037802,"04-2015":0.018864944,"06-2015":0.0173999594,"08-2015":0.0154224537,"10-2015":0.0150978093,"12-2015":0.0155669873,"02-2016":0.0158737599,"04-2016":0.0156098006,"06-2016":0.0151230349,"08-2016":0.0128481417,"10-2016":0.012806874,"12-2016":0.0124870332,"02-2017":0.0121827787,"04-2017":0.0123080397,"06-2017":0.0113758903,"08-2017":0.0086493987,"10-2017":0.0118115686,"12-2017":0.0114296784,"02-2018":0.0105073996,"04-2018":0.0085289005,"06-2018":0.0122834528,"08-2018":0.0123330298,"10-2018":0.0129877369,"12-2018":0.012806874,"02-2019":0.0149546661,"04-2019":0.0148436649,"06-2019":0.0153552554,"08-2019":0.0147331144,"10-2019":0.0158891991,"12-2019":0.0168705996},"percentile_75":{"02-2010":0.4178170013,"04-2010":0.4205846357,"06-2010":0.4190679587,"08-2010":0.4228424015,"10-2010":0.4295825099,"12-2010":0.4229580098,"02-2011":0.3885103734,"04-2011":0.3378690284,"06-2011":0.2877534247,"08-2011":0.2509883306,"10-2011":0.2292520492,"12-2011":0.2142857143,"02-2012":0.1891631135,"04-2012":0.1681455939,"06-2012":0.1471793635,"08-2012":0.1355709724,"10-2012":0.1336669961,"12-2012":0.1346153846,"02-2013":0.1227854331,"04-2013":0.1134419502,"06-2013":0.1053478762,"08-2013":0.0991444867,"10-2013":0.1001937984,"12-2013":0.1049117369,"02-2014":0.099821814,"04-2014":0.0869066546,"06-2014":0.0843027282,"08-2014":0.0862472935,"10-2014":0.0830862978,"12-2014":0.0849498747,"02-2015":0.0826990095,"04-2015":0.0771563521,"06-2015":0.0773145844,"08-2015":0.0809871351,"10-2015":0.0823087432,"12-2015":0.0816326531,"02-2016":0.0814735676,"04-2016":0.0756959034,"06-2016":0.0728463366,"08-2016":0.0757602501,"10-2016":0.0722891566,"12-2016":0.0683469388,"02-2017":0.0677011845,"04-2017":0.064064257,"06-2017":0.0600029034,"08-2017":0.0609756098,"10-2017":0.0630252101,"12-2017":0.0676783659,"02-2018":0.0656412332,"04-2018":0.0610594752,"06-2018":0.0608722292,"08-2018":0.0598717949,"10-2018":0.0671583576,"12-2018":0.0664591978,"02-2019":0.0669456067,"04-2019":0.0612973945,"06-2019":0.0619834711,"08-2019":0.0610050472,"10-2019":0.0625612745,"12-2019":0.0619866729}}