{"median":{"02-2008":0.3754699248,"04-2008":0.3790138459,"06-2008":0.3801719252,"08-2008":0.3777285669,"10-2008":0.3830576294,"12-2008":0.3810830809,"02-2009":0.3485500758,"04-2009":0.3073345259,"06-2009":0.2566307054,"08-2009":0.2208835341,"10-2009":0.1960392157,"12-2009":0.1790142276,"02-2010":0.1582369038,"04-2010":0.1367067473,"06-2010":0.1177754945,"08-2010":0.1130711394,"10-2010":0.1059246606,"12-2010":0.1045932679,"02-2011":0.0975093014,"04-2011":0.087056552,"06-2011":0.0843142686,"08-2011":0.0773775761,"10-2011":0.0753319714,"12-2011":0.0767757147,"02-2012":0.0742926251,"04-2012":0.0680425532,"06-2012":0.0642580645,"08-2012":0.0618220863,"10-2012":0.0615260867,"12-2012":0.0597082788,"02-2013":0.0570802005,"04-2013":0.0532553138,"06-2013":0.05088238,"08-2013":0.0500034725,"10-2013":0.0482946264,"12-2013":0.0512315768,"02-2014":0.0469336671,"04-2014":0.0425030108,"06-2014":0.0436507937,"08-2014":0.0453029603,"10-2014":0.0426515152,"12-2014":0.0471601964,"02-2015":0.047151459,"04-2015":0.0442700742,"06-2015":0.0424246478,"08-2015":0.0436535433,"10-2015":0.0464426877,"12-2015":0.0506916996,"02-2016":0.0509139249,"04-2016":0.049281522,"06-2016":0.0486817419,"08-2016":0.0514853504,"10-2016":0.0536663713,"12-2016":0.060606308,"02-2017":0.0591813122,"04-2017":0.0552442327,"06-2017":0.0523967902,"08-2017":0.0577567186,"10-2017":0.0627377673,"12-2017":0.0650097979,"02-2018":0.0658447365,"04-2018":0.0620437956,"06-2018":0.0636205534,"08-2018":0.0653453689,"10-2018":0.0700783563,"12-2018":0.0777406995,"02-2019":0.0739299611,"04-2019":0.0692963753,"06-2019":0.0634509502,"08-2019":0.0645957969,"10-2019":0.0694991055,"12-2019":0.0753124463},"percentile_25":{"02-2008":0.3233171016,"04-2008":0.3224152471,"06-2008":0.3171462159,"08-2008":0.3140763972,"10-2008":0.3078381997,"12-2008":0.3087719731,"02-2009":0.2813077405,"04-2009":0.2462825799,"06-2009":0.2082138076,"08-2009":0.1757322176,"10-2009":0.1563778492,"12-2009":0.1383399209,"02-2010":0.1229132458,"04-2010":0.1026846566,"06-2010":0.0877695192,"08-2010":0.0797123016,"10-2010":0.0744773943,"12-2010":0.0705886596,"02-2011":0.0617662994,"04-2011":0.0533196721,"06-2011":0.0546710872,"08-2011":0.0522396417,"10-2011":0.0503028314,"12-2011":0.0478217565,"02-2012":0.0405279655,"04-2012":0.0362267509,"06-2012":0.0316742081,"08-2012":0.0313115129,"10-2012":0.0287733971,"12-2012":0.0282545275,"02-2013":0.0262674366,"04-2013":0.0229231975,"06-2013":0.022782192,"08-2013":0.0224972731,"10-2013":0.0207041989,"12-2013":0.0202225088,"02-2014":0.0200009524,"04-2014":0.0199407115,"06-2014":0.0178204641,"08-2014":0.0193126166,"10-2014":0.0191182405,"12-2014":0.0201010474,"02-2015":0.0177001456,"04-2015":0.017075832,"06-2015":0.0177788221,"08-2015":0.0174497402,"10-2015":0.0198919601,"12-2015":0.0198818327,"02-2016":0.0182843828,"04-2016":0.0163934426,"06-2016":0.0166322314,"08-2016":0.0201010474,"10-2016":0.0210095068,"12-2016":0.023328877,"02-2017":0.0236689142,"04-2017":0.0219058837,"06-2017":0.0222975554,"08-2017":0.0232568541,"10-2017":0.0273975738,"12-2017":0.0262119772,"02-2018":0.0255948988,"04-2018":0.0244708995,"06-2018":0.0237394958,"08-2018":0.0250562099,"10-2018":0.025613748,"12-2018":0.0273755656,"02-2019":0.0305053261,"04-2019":0.0280564489,"06-2019":0.0291093843,"08-2019":0.0299858194,"10-2019":0.0353193966,"12-2019":0.0353084276},"percentile_75":{"02-2008":0.4417650215,"04-2008":0.4501555852,"06-2008":0.4509466125,"08-2008":0.4442062312,"10-2008":0.445688425,"12-2008":0.4566398908,"02-2009":0.404811098,"04-2009":0.3569351745,"06-2009":0.2991035857,"08-2009":0.2694906445,"10-2009":0.2424468066,"12-2009":0.2247025635,"02-2010":0.1994360902,"04-2010":0.1811854214,"06-2010":0.1575587906,"08-2010":0.1474178221,"10-2010":0.1465844682,"12-2010":0.1505032907,"02-2011":0.1410913867,"04-2011":0.1234690866,"06-2011":0.1122367672,"08-2011":0.1155384615,"10-2011":0.1174089069,"12-2011":0.1138663968,"02-2012":0.1088090551,"04-2012":0.1041722939,"06-2012":0.1011150428,"08-2012":0.1004804233,"10-2012":0.1006653992,"12-2012":0.1046615603,"02-2013":0.0985659129,"04-2013":0.0948810202,"06-2013":0.0903202446,"08-2013":0.0868474155,"10-2013":0.0885919166,"12-2013":0.0912721149,"02-2014":0.0861488995,"04-2014":0.0835584934,"06-2014":0.0797002033,"08-2014":0.0821116728,"10-2014":0.0859659544,"12-2014":0.0917772926,"02-2015":0.0891156463,"04-2015":0.0931843602,"06-2015":0.0970361609,"08-2015":0.0925558708,"10-2015":0.0996212794,"12-2015":0.108212864,"02-2016":0.106923721,"04-2016":0.1050973021,"06-2016":0.1074481074,"08-2016":0.1099599553,"10-2016":0.106484267,"12-2016":0.1183445819,"02-2017":0.1146097046,"04-2017":0.1173023897,"06-2017":0.1203030303,"08-2017":0.1178963111,"10-2017":0.1298900196,"12-2017":0.1344651026,"02-2018":0.139875791,"04-2018":0.1388360271,"06-2018":0.1282878229,"08-2018":0.1315789474,"10-2018":0.1476137107,"12-2018":0.1539716749,"02-2019":0.1533320418,"04-2019":0.1479651163,"06-2019":0.1398923366,"08-2019":0.1378740347,"10-2019":0.1455885201,"12-2019":0.1602328431}}