{
  "median": {
    "02-2020": 0.0331955923,
    "04-2020": 0.0294738148,
    "06-2020": 0.0259745127,
    "08-2020": 0.0234841754,
    "10-2020": 0.0221656322,
    "12-2020": 0.0235297736,
    "02-2021": 0.0202027623,
    "04-2021": 0.0172786983,
    "06-2021": 0.0169139996,
    "08-2021": 0.016194332,
    "10-2021": 0.0155509255,
    "12-2021": 0.015936255,
    "02-2022": 0.0123711866,
    "04-2022": 0.0084926073,
    "06-2022": 0.0080808411,
    "08-2022": 0.0043196746,
    "10-2022": 0.0042373642,
    "12-2022": 0.0041409465,
    "02-2023": 0.0040899967,
    "04-2023": 0.0038244413,
    "06-2023": 0,
    "08-2023": 0,
    "10-2023": 0,
    "12-2023": 0,
    "02-2024": 0,
    "04-2024": 0,
    "06-2024": 0,
    "08-2024": 0,
    "10-2024": 0,
    "12-2024": 0,
    "02-2025": 0,
    "04-2025": 0,
    "06-2025": 0,
    "08-2025": 0,
    "10-2025": 0,
    "12-2025": 0,
    "02-2026": 0,
    "04-2026": 0,
    "06-2026": 0,
    "08-2026": 0,
    "10-2026": 0,
    "12-2026": 0,
    "02-2027": 0,
    "04-2027": 0,
    "06-2027": 0,
    "08-2027": 0,
    "10-2027": 0,
    "12-2027": 0,
    "02-2028": 0,
    "04-2028": 0,
    "06-2028": 0,
    "08-2028": 0,
    "10-2028": 0,
    "12-2028": 0,
    "02-2029": 0,
    "04-2029": 0,
    "06-2029": 0,
    "08-2029": 0,
    "10-2029": 0,
    "12-2029": 0,
    "02-2030": 0,
    "04-2030": 0,
    "06-2030": 0,
    "08-2030": 0,
    "10-2030": 0,
    "12-2030": 0
  },
  "percentile_25": {
    "02-2020": 0.0162111862,
    "04-2020": 0.0129317491,
    "06-2020": 0.0120682889,
    "08-2020": 0.0084033613,
    "10-2020": 0.0078510371,
    "12-2020": 0.007477333,
    "02-2021": 0.0043290043,
    "04-2021": 0,
    "06-2021": 0,
    "08-2021": 0,
    "10-2021": 0,
    "12-2021": 0,
    "02-2022": 0,
    "04-2022": 0,
    "06-2022": 0,
    "08-2022": 0,
    "10-2022": 0,
    "12-2022": 0,
    "02-2023": 0,
    "04-2023": 0,
    "06-2023": 0,
    "08-2023": 0,
    "10-2023": 0,
    "12-2023": 0,
    "02-2024": 0,
    "04-2024": 0,
    "06-2024": 0,
    "08-2024": 0,
    "10-2024": 0,
    "12-2024": 0,
    "02-2025": 0,
    "04-2025": 0,
    "06-2025": 0,
    "08-2025": 0,
    "10-2025": 0,
    "12-2025": 0,
    "02-2026": 0,
    "04-2026": 0,
    "06-2026": 0,
    "08-2026": 0,
    "10-2026": 0,
    "12-2026": 0,
    "02-2027": 0,
    "04-2027": 0,
    "06-2027": 0,
    "08-2027": 0,
    "10-2027": 0,
    "12-2027": 0,
    "02-2028": 0,
    "04-2028": 0,
    "06-2028": 0,
    "08-2028": 0,
    "10-2028": 0,
    "12-2028": 0,
    "02-2029": 0,
    "04-2029": 0,
    "06-2029": 0,
    "08-2029": 0,
    "10-2029": 0,
    "12-2029": 0,
    "02-2030": 0,
    "04-2030": 0,
    "06-2030": 0,
    "08-2030": 0,
    "10-2030": 0,
    "12-2030": 0
  },
  "percentile_75": {
    "02-2020": 0.0593724778,
    "04-2020": 0.056010929,
    "06-2020": 0.0563393769,
    "08-2020": 0.0513413506,
    "10-2020": 0.0557359307,
    "12-2020": 0.0575662582,
    "02-2021": 0.053432282,
    "04-2021": 0.0519450582,
    "06-2021": 0.047106383,
    "08-2021": 0.0463370103,
    "10-2021": 0.0438830576,
    "12-2021": 0.0445366208,
    "02-2022": 0.0427197802,
    "04-2022": 0.0397657263,
    "06-2022": 0.0392570344,
    "08-2022": 0.0382413388,
    "10-2022": 0.0385012572,
    "12-2022": 0.0328231293,
    "02-2023": 0.0323313488,
    "04-2023": 0.0339015885,
    "06-2023": 0.0414937759,
    "08-2023": 0.0509317873,
    "10-2023": 0.0602647326,
    "12-2023": 0.0618914031,
    "02-2024": 0.0653551377,
    "04-2024": 0.073815779,
    "06-2024": 0.0851327036,
    "08-2024": 0.0889616478,
    "10-2024": 0.0923036297,
    "12-2024": 0.1064419667,
    "02-2025": 0.1193372726,
    "04-2025": 0.1269603321,
    "06-2025": 0.1560034075,
    "08-2025": 0.1931804484,
    "10-2025": 0.2126009774,
    "12-2025": 0.2824818374,
    "02-2026": 0.304632462,
    "04-2026": 0.3499719216,
    "06-2026": 0.3850601295,
    "08-2026": 0.4346466275,
    "10-2026": 0.4581544366,
    "12-2026": 0.4816926771,
    "02-2027": 0.4938355563,
    "04-2027": 0.5179634354,
    "06-2027": 0.5150179476,
    "08-2027": 0.5071980389,
    "10-2027": 0.47864819,
    "12-2027": 0.4939974677,
    "02-2028": 0.4927729654,
    "04-2028": 0.4987927167,
    "06-2028": 0.4977039017,
    "08-2028": 0.4898571469,
    "10-2028": 0.4892728674,
    "12-2028": 0.4870079365,
    "02-2029": 0.4763618375,
    "04-2029": 0.4858117591,
    "06-2029": 0.4722556894,
    "08-2029": 0.4671253311,
    "10-2029": 0.4714695367,
    "12-2029": 0.4625798389,
    "02-2030": 0.4641722408,
    "04-2030": 0.4608493674,
    "06-2030": 0.4455974843,
    "08-2030": 0.4483723823,
    "10-2030": 0.4365917237,
    "12-2030": 0.4412543763
  }
}
