{
  "median": {
    "02-2020": 0.0331955923,
    "04-2020": 0.0294738148,
    "06-2020": 0.0259745127,
    "08-2020": 0.0234841754,
    "10-2020": 0.0221656322,
    "12-2020": 0.0235297736,
    "02-2021": 0.0202027623,
    "04-2021": 0.0172786983,
    "06-2021": 0.0169139996,
    "08-2021": 0.016194332,
    "10-2021": 0.0155509255,
    "12-2021": 0.015936255,
    "02-2022": 0.0123711866,
    "04-2022": 0.0084926073,
    "06-2022": 0.0080808411,
    "08-2022": 0.0043196746,
    "10-2022": 0.0042373642,
    "12-2022": 0.0041409465,
    "02-2023": 0.0040733367,
    "04-2023": 0,
    "06-2023": 0,
    "08-2023": 0,
    "10-2023": 0,
    "12-2023": 0,
    "02-2024": 0,
    "04-2024": 0,
    "06-2024": 0,
    "08-2024": 0,
    "10-2024": 0,
    "12-2024": 0,
    "02-2025": 0,
    "04-2025": 0,
    "06-2025": 0,
    "08-2025": 0,
    "10-2025": 0,
    "12-2025": 0,
    "02-2026": 0,
    "04-2026": 0,
    "06-2026": 0,
    "08-2026": 0,
    "10-2026": 0,
    "12-2026": 0,
    "02-2027": 0,
    "04-2027": 0,
    "06-2027": 0,
    "08-2027": 0,
    "10-2027": 0,
    "12-2027": 0,
    "02-2028": 0,
    "04-2028": 0,
    "06-2028": 0,
    "08-2028": 0,
    "10-2028": 0,
    "12-2028": 0,
    "02-2029": 0,
    "04-2029": 0,
    "06-2029": 0,
    "08-2029": 0,
    "10-2029": 0,
    "12-2029": 0,
    "02-2030": 0,
    "04-2030": 0,
    "06-2030": 0,
    "08-2030": 0,
    "10-2030": 0,
    "12-2030": 0
  },
  "percentile_25": {
    "02-2020": 0.0162111862,
    "04-2020": 0.0129317491,
    "06-2020": 0.0120682889,
    "08-2020": 0.0084033613,
    "10-2020": 0.0078510371,
    "12-2020": 0.007477333,
    "02-2021": 0.0043290043,
    "04-2021": 0,
    "06-2021": 0,
    "08-2021": 0,
    "10-2021": 0,
    "12-2021": 0,
    "02-2022": 0,
    "04-2022": 0,
    "06-2022": 0,
    "08-2022": 0,
    "10-2022": 0,
    "12-2022": 0,
    "02-2023": 0,
    "04-2023": 0,
    "06-2023": 0,
    "08-2023": 0,
    "10-2023": 0,
    "12-2023": 0,
    "02-2024": 0,
    "04-2024": 0,
    "06-2024": 0,
    "08-2024": 0,
    "10-2024": 0,
    "12-2024": 0,
    "02-2025": 0,
    "04-2025": 0,
    "06-2025": 0,
    "08-2025": 0,
    "10-2025": 0,
    "12-2025": 0,
    "02-2026": 0,
    "04-2026": 0,
    "06-2026": 0,
    "08-2026": 0,
    "10-2026": 0,
    "12-2026": 0,
    "02-2027": 0,
    "04-2027": 0,
    "06-2027": 0,
    "08-2027": 0,
    "10-2027": 0,
    "12-2027": 0,
    "02-2028": 0,
    "04-2028": 0,
    "06-2028": 0,
    "08-2028": 0,
    "10-2028": 0,
    "12-2028": 0,
    "02-2029": 0,
    "04-2029": 0,
    "06-2029": 0,
    "08-2029": 0,
    "10-2029": 0,
    "12-2029": 0,
    "02-2030": 0,
    "04-2030": 0,
    "06-2030": 0,
    "08-2030": 0,
    "10-2030": 0,
    "12-2030": 0
  },
  "percentile_75": {
    "02-2020": 0.0593724778,
    "04-2020": 0.056010929,
    "06-2020": 0.0563393769,
    "08-2020": 0.0513413506,
    "10-2020": 0.0557359307,
    "12-2020": 0.0575662582,
    "02-2021": 0.053432282,
    "04-2021": 0.0519450582,
    "06-2021": 0.047106383,
    "08-2021": 0.0463370103,
    "10-2021": 0.0438830576,
    "12-2021": 0.0445366208,
    "02-2022": 0.0427197802,
    "04-2022": 0.0397657263,
    "06-2022": 0.0392570344,
    "08-2022": 0.0382413388,
    "10-2022": 0.0385012572,
    "12-2022": 0.0328231293,
    "02-2023": 0.0293966989,
    "04-2023": 0.0293568763,
    "06-2023": 0.0242927023,
    "08-2023": 0.0267356753,
    "10-2023": 0.0258034125,
    "12-2023": 0.0274338575,
    "02-2024": 0.0290517468,
    "04-2024": 0.0293030294,
    "06-2024": 0.0294427898,
    "08-2024": 0.0288663491,
    "10-2024": 0.0291681986,
    "12-2024": 0.0350147316,
    "02-2025": 0.0412770709,
    "04-2025": 0.0437059696,
    "06-2025": 0.0520560036,
    "08-2025": 0.0514097456,
    "10-2025": 0.0436074435,
    "12-2025": 0.0559066256,
    "02-2026": 0.0585101215,
    "04-2026": 0.0686394733,
    "06-2026": 0.0764498659,
    "08-2026": 0.0869150246,
    "10-2026": 0.1197647977,
    "12-2026": 0.1319626713,
    "02-2027": 0.1683588788,
    "04-2027": 0.1878858025,
    "06-2027": 0.2072198276,
    "08-2027": 0.2316126454,
    "10-2027": 0.265729585,
    "12-2027": 0.3091893004,
    "02-2028": 0.3594687268,
    "04-2028": 0.3772963155,
    "06-2028": 0.4072916667,
    "08-2028": 0.4238006436,
    "10-2028": 0.4355309311,
    "12-2028": 0.4572121909,
    "02-2029": 0.4567106427,
    "04-2029": 0.4793472373,
    "06-2029": 0.470011769,
    "08-2029": 0.4724010359,
    "10-2029": 0.4595483005,
    "12-2029": 0.4391984733,
    "02-2030": 0.4259653402,
    "04-2030": 0.4225558323,
    "06-2030": 0.4116852415,
    "08-2030": 0.4250885897,
    "10-2030": 0.4241123888,
    "12-2030": 0.4145466129
  }
}
