{"median":{"02-2004":0.3572948328,"04-2004":0.3661632863,"06-2004":0.3699987197,"08-2004":0.3668342531,"10-2004":0.377792475,"12-2004":0.3799679487,"02-2005":0.3354311927,"04-2005":0.2967656533,"06-2005":0.2557056277,"08-2005":0.2160927807,"10-2005":0.194385356,"12-2005":0.1720277921,"02-2006":0.1502866932,"04-2006":0.1342373498,"06-2006":0.1176474824,"08-2006":0.1063257855,"10-2006":0.0987835025,"12-2006":0.1,"02-2007":0.0925557067,"04-2007":0.0810822898,"06-2007":0.0729698593,"08-2007":0.0694172564,"10-2007":0.066084425,"12-2007":0.0665352561,"02-2008":0.0583657588,"04-2008":0.0519833709,"06-2008":0.0494896037,"08-2008":0.049382716,"10-2008":0.0506839945,"12-2008":0.0498979909,"02-2009":0.0501009891,"04-2009":0.044446077,"06-2009":0.0423728814,"08-2009":0.041408045,"10-2009":0.0404055245,"12-2009":0.0474551071,"02-2010":0.0435573722,"04-2010":0.041266762,"06-2010":0.0399933114,"08-2010":0.040343263,"10-2010":0.0417737381,"12-2010":0.043651481,"02-2011":0.0439387823,"04-2011":0.0400025602,"06-2011":0.0399130743,"08-2011":0.0404864936,"10-2011":0.0409863603,"12-2011":0.0408190467,"02-2012":0.0394634388,"04-2012":0.0393280632,"06-2012":0.0366612464,"08-2012":0.0354330709,"10-2012":0.0363637848,"12-2012":0.0407333665,"02-2013":0.0357854297,"04-2013":0.0339434228,"06-2013":0.0357854297,"08-2013":0.0386697217,"10-2013":0.0389105058,"12-2013":0.0460279739,"02-2014":0.0449899632,"04-2014":0.0415802213,"06-2014":0.0439195036,"08-2014":0.0451762523,"10-2014":0.0440063369,"12-2014":0.0486246874,"02-2015":0.0537588443,"04-2015":0.049011456,"06-2015":0.0427609707,"08-2015":0.0446493295,"10-2015":0.0428593296,"12-2015":0.0459935897,"02-2016":0.0483878835,"04-2016":0.0489347332,"06-2016":0.0524450691,"08-2016":0.0550410485,"10-2016":0.0607287449,"12-2016":0.0646917682,"02-2017":0.0599385462,"04-2017":0.0565021849,"06-2017":0.0542997543,"08-2017":0.0574325386,"10-2017":0.0623776224,"12-2017":0.071196919,"02-2018":0.0665224182,"04-2018":0.0608842008,"06-2018":0.0604982206,"08-2018":0.0588235294,"10-2018":0.0588235294,"12-2018":0.062848513,"02-2019":0.0683033279,"04-2019":0.0641713269,"06-2019":0.0622744046,"08-2019":0.0625033793,"10-2019":0.0731684982,"12-2019":0.0809750213},"percentile_25":{"02-2004":0.2978090172,"04-2004":0.2921757097,"06-2004":0.2895090469,"08-2004":0.2824334797,"10-2004":0.2929501159,"12-2004":0.2842662952,"02-2005":0.2624944715,"04-2005":0.231025641,"06-2005":0.1953969253,"08-2005":0.1666666667,"10-2005":0.1479414683,"12-2005":0.1295037647,"02-2006":0.1076116933,"04-2006":0.0951028139,"06-2006":0.082096475,"08-2006":0.0725722859,"10-2006":0.0665929204,"12-2006":0.0597023033,"02-2007":0.0557343825,"04-2007":0.0477021277,"06-2007":0.0411706349,"08-2007":0.0367777778,"10-2007":0.0334370532,"12-2007":0.0314849624,"02-2008":0.0285728451,"04-2008":0.0261888846,"06-2008":0.0255633047,"08-2008":0.0252114082,"10-2008":0.0251348828,"12-2008":0.0239760956,"02-2009":0.0239043825,"04-2009":0.02134479,"06-2009":0.0198022122,"08-2009":0.0194552529,"10-2009":0.0198216638,"12-2009":0.0190742397,"02-2010":0.0179884454,"04-2010":0.0162437049,"06-2010":0.0159840637,"08-2010":0.0174482628,"10-2010":0.0194377095,"12-2010":0.0202080832,"02-2011":0.0166506619,"04-2011":0.0164803908,"06-2011":0.0156406749,"08-2011":0.0154754331,"10-2011":0.0127304229,"12-2011":0.012232454,"02-2012":0.0126588983,"04-2012":0.0123966942,"06-2012":0.0121598639,"08-2012":0.0118460365,"10-2012":0.012232454,"12-2012":0.0127686856,"02-2013":0.0130434783,"04-2013":0.0128628328,"06-2013":0.0120606285,"08-2013":0.0129877369,"10-2013":0.0131292906,"12-2013":0.0144827083,"02-2014":0.0120370075,"04-2014":0.0119053199,"06-2014":0.0138157895,"08-2014":0.0128438332,"10-2014":0.0126449314,"12-2014":0.0126719736,"02-2015":0.0121583897,"04-2015":0.0120846288,"06-2015":0.0115164416,"08-2015":0.0123360996,"10-2015":0.0124481328,"12-2015":0.0136857203,"02-2016":0.0149818992,"04-2016":0.0145477299,"06-2016":0.0125658147,"08-2016":0.0152097802,"10-2016":0.0160967742,"12-2016":0.0189771562,"02-2017":0.0188373097,"04-2017":0.0173312974,"06-2017":0.0175730916,"08-2017":0.0202022666,"10-2017":0.0204320988,"12-2017":0.0244402214,"02-2018":0.0245834765,"04-2018":0.023977801,"06-2018":0.0242052623,"08-2018":0.0247645623,"10-2018":0.0280564489,"12-2018":0.0338029061,"02-2019":0.0313148789,"04-2019":0.0305356756,"06-2019":0.0275333281,"08-2019":0.0299637984,"10-2019":0.0332156805,"12-2019":0.0337333602},"percentile_75":{"02-2004":0.4267241379,"04-2004":0.4197144811,"06-2004":0.4323982249,"08-2004":0.4380501251,"10-2004":0.4398611111,"12-2004":0.4363444795,"02-2005":0.3912744761,"04-2005":0.3407119715,"06-2005":0.2857142857,"08-2005":0.2604761905,"10-2005":0.2367879682,"12-2005":0.2204724409,"02-2006":0.1979316979,"04-2006":0.1700404858,"06-2006":0.1556338992,"08-2006":0.1438270873,"10-2006":0.1418401572,"12-2006":0.1427042161,"02-2007":0.1317217275,"04-2007":0.1204376419,"06-2007":0.109613848,"08-2007":0.1002192982,"10-2007":0.0995715902,"12-2007":0.0988188976,"02-2008":0.0935876552,"04-2008":0.0886241429,"06-2008":0.0842711505,"08-2008":0.0805661671,"10-2008":0.0814327777,"12-2008":0.0848901099,"02-2009":0.0825617284,"04-2009":0.080767622,"06-2009":0.0773820822,"08-2009":0.0771475606,"10-2009":0.0811369082,"12-2009":0.0916334661,"02-2010":0.0857700893,"04-2010":0.0840084034,"06-2010":0.0818468173,"08-2010":0.0790561669,"10-2010":0.0869379775,"12-2010":0.0888176358,"02-2011":0.0863009564,"04-2011":0.0776304784,"06-2011":0.077559817,"08-2011":0.0783534647,"10-2011":0.0797991241,"12-2011":0.0860205164,"02-2012":0.0881153846,"04-2012":0.0851133325,"06-2012":0.0880529994,"08-2012":0.0874929185,"10-2012":0.0975893228,"12-2012":0.1015184445,"02-2013":0.0984740491,"04-2013":0.0990740741,"06-2013":0.0906817252,"08-2013":0.0944739617,"10-2013":0.0975780512,"12-2013":0.1012965383,"02-2014":0.1008114089,"04-2014":0.1025923883,"06-2014":0.1059269162,"08-2014":0.1004065041,"10-2014":0.1062099962,"12-2014":0.1202927753,"02-2015":0.1225047529,"04-2015":0.1097234012,"06-2015":0.1090396446,"08-2015":0.1195787189,"10-2015":0.1300762575,"12-2015":0.1435234542,"02-2016":0.1447691065,"04-2016":0.1374956302,"06-2016":0.1295122888,"08-2016":0.1338933227,"10-2016":0.1363606101,"12-2016":0.1452029272,"02-2017":0.1483192035,"04-2017":0.1348744642,"06-2017":0.1412560325,"08-2017":0.1438326493,"10-2017":0.147229582,"12-2017":0.1665195394,"02-2018":0.1640299634,"04-2018":0.1514761822,"06-2018":0.146440516,"08-2018":0.1505944468,"10-2018":0.1554150252,"12-2018":0.1656960227,"02-2019":0.176261155,"04-2019":0.1545508528,"06-2019":0.1528232406,"08-2019":0.1563735178,"10-2019":0.1630226481,"12-2019":0.1793386492}}