{"median":{"02-2020":0.0550245098,"04-2020":0.0516131419,"06-2020":0.0513766311,"08-2020":0.0483278054,"10-2020":0.0458015267,"12-2020":0.0473602484,"02-2021":0.0434860466,"04-2021":0.0386606342,"06-2021":0.0325645104,"08-2021":0.0317054783,"10-2021":0.0308313779,"12-2021":0.0309673555,"02-2022":0.0311948921,"04-2022":0.0357792058,"06-2022":0.0413036063,"08-2022":0.0502844586,"10-2022":0.0582084396,"12-2022":0.0791443053,"02-2023":0.1001681413,"04-2023":0.1196198423,"06-2023":0.149255577,"08-2023":0.1734822509,"10-2023":0.2044664911,"12-2023":0.2273070907,"02-2024":0.2580500894,"04-2024":0.3117408907,"06-2024":0.3512388198,"08-2024":0.3878331813,"10-2024":0.4387932953,"12-2024":0.4844359515,"02-2025":0.5484423051,"04-2025":0.5679571766,"06-2025":0.5657883063,"08-2025":0.552872566,"10-2025":0.5600604089,"12-2025":0.5455686376,"02-2026":0.5401021939,"04-2026":0.5430567945,"06-2026":0.5244819365,"08-2026":0.5318750498,"10-2026":0.5240091174,"12-2026":0.5081097577,"02-2027":0.4973169274,"04-2027":0.4876895926,"06-2027":0.4775528623,"08-2027":0.4697729806,"10-2027":0.4608656174,"12-2027":0.4543959139,"02-2028":0.4438526466,"04-2028":0.4600140126,"06-2028":0.449044244,"08-2028":0.4451643192,"10-2028":0.4392353785,"12-2028":0.4211459404,"02-2029":0.4065289062,"04-2029":0.3942578562,"06-2029":0.3897333261,"08-2029":0.3770850424,"10-2029":0.3747637747,"12-2029":0.3706334748,"02-2030":0.3707521955,"04-2030":0.3620670474,"06-2030":0.3480263158,"08-2030":0.340411985,"10-2030":0.344301926,"12-2030":0.3409248013},"percentile_25":{"02-2020":0.036082799,"04-2020":0.0295362377,"06-2020":0.0273742722,"08-2020":0.0258357609,"10-2020":0.0226634321,"12-2020":0.0199815008,"02-2021":0.0184889402,"04-2021":0.0117765557,"06-2021":0.0077522847,"08-2021":0.0063223415,"10-2021":0.0043182803,"12-2021":0.0037489169,"02-2022":0.0025423729,"04-2022":0.0,"06-2022":0.0,"08-2022":0.0,"10-2022":0.0,"12-2022":0.0,"02-2023":0.0,"04-2023":0.0,"06-2023":0.0,"08-2023":0.0,"10-2023":0.0,"12-2023":0.0,"02-2024":0.0,"04-2024":0.0,"06-2024":0.0,"08-2024":0.0,"10-2024":0.0,"12-2024":0.0,"02-2025":0.0,"04-2025":0.0,"06-2025":0.0,"08-2025":0.0,"10-2025":0.0,"12-2025":0.0,"02-2026":0.0,"04-2026":0.0,"06-2026":0.0,"08-2026":0.0,"10-2026":0.0,"12-2026":0.0,"02-2027":0.0,"04-2027":0.0,"06-2027":0.0,"08-2027":0.0,"10-2027":0.0,"12-2027":0.0,"02-2028":0.0,"04-2028":0.0,"06-2028":0.0,"08-2028":0.0,"10-2028":0.0,"12-2028":0.0,"02-2029":0.0,"04-2029":0.0,"06-2029":0.0,"08-2029":0.0,"10-2029":0.0,"12-2029":0.0,"02-2030":0.0,"04-2030":0.0,"06-2030":0.0,"08-2030":0.0,"10-2030":0.0,"12-2030":0.0},"percentile_75":{"02-2020":0.0922905021,"04-2020":0.083723044,"06-2020":0.0824589098,"08-2020":0.0824797117,"10-2020":0.0879298327,"12-2020":0.0985054741,"02-2021":0.0939972438,"04-2021":0.0891452915,"06-2021":0.087639311,"08-2021":0.0875594406,"10-2021":0.0918911228,"12-2021":0.0951314849,"02-2022":0.1007333668,"04-2022":0.1130381016,"06-2022":0.1512237762,"08-2022":0.185430622,"10-2022":0.2219552367,"12-2022":0.2862078029,"02-2023":0.3579014269,"04-2023":0.4312635156,"06-2023":0.5247016239,"08-2023":0.6268390123,"10-2023":0.6765099088,"12-2023":0.7131743027,"02-2024":0.7275533109,"04-2024":0.7272784237,"06-2024":0.7154895666,"08-2024":0.699012389,"10-2024":0.6913366917,"12-2024":0.6797174233,"02-2025":0.6754751632,"04-2025":0.6706172888,"06-2025":0.6566847719,"08-2025":0.6323776314,"10-2025":0.6320532965,"12-2025":0.6268115942,"02-2026":0.6232740912,"04-2026":0.6151387899,"06-2026":0.6009033441,"08-2026":0.5911218931,"10-2026":0.5791773827,"12-2026":0.5666585127,"02-2027":0.5734653025,"04-2027":0.559457608,"06-2027":0.5437377371,"08-2027":0.5372354573,"10-2027":0.5284090909,"12-2027":0.5473097047,"02-2028":0.5320979925,"04-2028":0.5348401598,"06-2028":0.5184477817,"08-2028":0.5033474737,"10-2028":0.4941776316,"12-2028":0.4865315315,"02-2029":0.4701812478,"04-2029":0.4604416496,"06-2029":0.4425795053,"08-2029":0.4383911315,"10-2029":0.4330863798,"12-2029":0.4312047268,"02-2030":0.4330823173,"04-2030":0.4279591587,"06-2030":0.4225715115,"08-2030":0.4124952618,"10-2030":0.4043964828,"12-2030":0.3968761587}}