{"median":{"02-2020":0.0550245098,"04-2020":0.0516131419,"06-2020":0.0513766311,"08-2020":0.0483278054,"10-2020":0.0458015267,"12-2020":0.0473602484,"02-2021":0.0434860466,"04-2021":0.0386606342,"06-2021":0.0325645104,"08-2021":0.0317054783,"10-2021":0.0308313779,"12-2021":0.0309673555,"02-2022":0.0285205897,"04-2022":0.0279468953,"06-2022":0.025784875,"08-2022":0.0234503817,"10-2022":0.0218115218,"12-2022":0.0207311228,"02-2023":0.0162068741,"04-2023":0.0152126444,"06-2023":0.0141342756,"08-2023":0.0109751204,"10-2023":0.0107915065,"12-2023":0.0073530406,"02-2024":0.0038252245,"04-2024":0.0035849663,"06-2024":0.0,"08-2024":0.0,"10-2024":0.0,"12-2024":0.0,"02-2025":0.0,"04-2025":0.0,"06-2025":0.0,"08-2025":0.0,"10-2025":0.0,"12-2025":0.0,"02-2026":0.0,"04-2026":0.0,"06-2026":0.0,"08-2026":0.0,"10-2026":0.0,"12-2026":0.0,"02-2027":0.0,"04-2027":0.0,"06-2027":0.0,"08-2027":0.0,"10-2027":0.0,"12-2027":0.0,"02-2028":0.0,"04-2028":0.0,"06-2028":0.0,"08-2028":0.0,"10-2028":0.0,"12-2028":0.0,"02-2029":0.0,"04-2029":0.0,"06-2029":0.0,"08-2029":0.0,"10-2029":0.0,"12-2029":0.0,"02-2030":0.0,"04-2030":0.0,"06-2030":0.0,"08-2030":0.0,"10-2030":0.0,"12-2030":0.0},"percentile_25":{"02-2020":0.036082799,"04-2020":0.0295362377,"06-2020":0.0273742722,"08-2020":0.0258357609,"10-2020":0.0226634321,"12-2020":0.0199815008,"02-2021":0.0184889402,"04-2021":0.0117765557,"06-2021":0.0077522847,"08-2021":0.0063223415,"10-2021":0.0043182803,"12-2021":0.0037489169,"02-2022":0.0025252525,"04-2022":0.0,"06-2022":0.0,"08-2022":0.0,"10-2022":0.0,"12-2022":0.0,"02-2023":0.0,"04-2023":0.0,"06-2023":0.0,"08-2023":0.0,"10-2023":0.0,"12-2023":0.0,"02-2024":0.0,"04-2024":0.0,"06-2024":0.0,"08-2024":0.0,"10-2024":0.0,"12-2024":0.0,"02-2025":0.0,"04-2025":0.0,"06-2025":0.0,"08-2025":0.0,"10-2025":0.0,"12-2025":0.0,"02-2026":0.0,"04-2026":0.0,"06-2026":0.0,"08-2026":0.0,"10-2026":0.0,"12-2026":0.0,"02-2027":0.0,"04-2027":0.0,"06-2027":0.0,"08-2027":0.0,"10-2027":0.0,"12-2027":0.0,"02-2028":0.0,"04-2028":0.0,"06-2028":0.0,"08-2028":0.0,"10-2028":0.0,"12-2028":0.0,"02-2029":0.0,"04-2029":0.0,"06-2029":0.0,"08-2029":0.0,"10-2029":0.0,"12-2029":0.0,"02-2030":0.0,"04-2030":0.0,"06-2030":0.0,"08-2030":0.0,"10-2030":0.0,"12-2030":0.0},"percentile_75":{"02-2020":0.0922905021,"04-2020":0.083723044,"06-2020":0.0824589098,"08-2020":0.0824797117,"10-2020":0.0879298327,"12-2020":0.0985054741,"02-2021":0.0939972438,"04-2021":0.0891452915,"06-2021":0.087639311,"08-2021":0.0875594406,"10-2021":0.0918911228,"12-2021":0.0951314849,"02-2022":0.0837895438,"04-2022":0.0773488562,"06-2022":0.0781048127,"08-2022":0.08,"10-2022":0.0828634085,"12-2022":0.0856107691,"02-2023":0.0763356911,"04-2023":0.0723122805,"06-2023":0.0738208308,"08-2023":0.0801562018,"10-2023":0.0830357612,"12-2023":0.0850140944,"02-2024":0.0898458105,"04-2024":0.0806628488,"06-2024":0.0805085724,"08-2024":0.0869943948,"10-2024":0.0896360892,"12-2024":0.1004180276,"02-2025":0.0985846089,"04-2025":0.0969785575,"06-2025":0.0978057682,"08-2025":0.0974480258,"10-2025":0.1007089103,"12-2025":0.1093677359,"02-2026":0.123731112,"04-2026":0.143899247,"06-2026":0.1768688024,"08-2026":0.2339285714,"10-2026":0.3097278226,"12-2026":0.3782459198,"02-2027":0.4729570481,"04-2027":0.5806862506,"06-2027":0.5975138902,"08-2027":0.594313002,"10-2027":0.6241089767,"12-2027":0.6410627103,"02-2028":0.6331980519,"04-2028":0.63605717,"06-2028":0.6337078182,"08-2028":0.6247631886,"10-2028":0.6088069216,"12-2028":0.611668267,"02-2029":0.5955026455,"04-2029":0.5915013384,"06-2029":0.5896887086,"08-2029":0.5742093636,"10-2029":0.5623850575,"12-2029":0.5581893889,"02-2030":0.5503587035,"04-2030":0.5388273372,"06-2030":0.5235045806,"08-2030":0.5046016484,"10-2030":0.4930773924,"12-2030":0.4948156506}}