{"median":{"02-2020":0.055118395,"04-2020":0.0541103604,"06-2020":0.054370777,"08-2020":0.0540613073,"10-2020":0.0590004474,"12-2020":0.0648667602,"02-2021":0.067572407,"04-2021":0.0697842159,"06-2021":0.0750208391,"08-2021":0.0823045267,"10-2021":0.0847938451,"12-2021":0.0857853982,"02-2022":0.0852828488,"04-2022":0.0904372444,"06-2022":0.0935315796,"08-2022":0.100739316,"10-2022":0.1058758315,"12-2022":0.1171075526,"02-2023":0.1107026144,"04-2023":0.1013014962,"06-2023":0.1091851649,"08-2023":0.1125682208,"10-2023":0.1262985828,"12-2023":0.1504089895,"02-2024":0.1575443147,"04-2024":0.1620675621,"06-2024":0.1703703704,"08-2024":0.1849716631,"10-2024":0.1935085149,"12-2024":0.2240010947,"02-2025":0.2523482971,"04-2025":0.274762033,"06-2025":0.3015458059,"08-2025":0.346619191,"10-2025":0.4000207104,"12-2025":0.439863709,"02-2026":0.5157756229,"04-2026":0.534651735,"06-2026":0.5589266156,"08-2026":0.550112804,"10-2026":0.5412865077,"12-2026":0.5458365164,"02-2027":0.5472069529,"04-2027":0.5421856867,"06-2027":0.5400565367,"08-2027":0.5295387792,"10-2027":0.5236074271,"12-2027":0.5137892995,"02-2028":0.5154065905,"04-2028":0.5140852056,"06-2028":0.5036497798,"08-2028":0.4964240102,"10-2028":0.4896201223,"12-2028":0.4793961248,"02-2029":0.4724905615,"04-2029":0.4643589058,"06-2029":0.4594287038,"08-2029":0.4630756972,"10-2029":0.4499134948,"12-2029":0.4537066434,"02-2030":0.4430441963,"04-2030":0.4239090479,"06-2030":0.4219357069,"08-2030":0.4247545534,"10-2030":0.418046133,"12-2030":0.4143885453},"percentile_25":{"02-2020":0.0308288584,"04-2020":0.0293721153,"06-2020":0.0283730159,"08-2020":0.0289144315,"10-2020":0.0290795926,"12-2020":0.0266539924,"02-2021":0.0233033158,"04-2021":0.0226415094,"06-2021":0.0216557018,"08-2021":0.0164273117,"10-2021":0.012776697,"12-2021":0.0123991935,"02-2022":0.0080059579,"04-2022":0.0077223504,"06-2022":0.0073532372,"08-2022":0.0075770427,"10-2022":0.0040330325,"12-2022":0.003965251,"02-2023":0.0039532988,"04-2023":0.0029069767,"06-2023":0.0,"08-2023":0.0,"10-2023":0.0,"12-2023":0.0,"02-2024":0.0,"04-2024":0.0,"06-2024":0.0,"08-2024":0.0,"10-2024":0.0,"12-2024":0.0,"02-2025":0.0,"04-2025":0.0,"06-2025":0.0,"08-2025":0.0,"10-2025":0.0,"12-2025":0.0,"02-2026":0.0,"04-2026":0.0,"06-2026":0.0,"08-2026":0.0,"10-2026":0.0,"12-2026":0.0,"02-2027":0.0,"04-2027":0.0,"06-2027":0.0,"08-2027":0.0,"10-2027":0.0,"12-2027":0.0,"02-2028":0.0,"04-2028":0.0,"06-2028":0.0,"08-2028":0.0,"10-2028":0.0,"12-2028":0.0,"02-2029":0.0,"04-2029":0.0,"06-2029":0.0,"08-2029":0.0,"10-2029":0.0,"12-2029":0.0,"02-2030":0.0,"04-2030":0.0,"06-2030":0.0,"08-2030":0.0,"10-2030":0.0,"12-2030":0.0},"percentile_75":{"02-2020":0.0918606207,"04-2020":0.0935277724,"06-2020":0.0930487941,"08-2020":0.1053701326,"10-2020":0.1196446884,"12-2020":0.1363636364,"02-2021":0.1451959488,"04-2021":0.1551048273,"06-2021":0.1609121666,"08-2021":0.1898586782,"10-2021":0.2029593675,"12-2021":0.2434185966,"02-2022":0.248310857,"04-2022":0.257369135,"06-2022":0.2661612838,"08-2022":0.3046556122,"10-2022":0.3049908064,"12-2022":0.3358450185,"02-2023":0.3430240964,"04-2023":0.3349162208,"06-2023":0.3460227273,"08-2023":0.3627814982,"10-2023":0.389487997,"12-2023":0.4222258634,"02-2024":0.4091803865,"04-2024":0.4169176707,"06-2024":0.4330708661,"08-2024":0.4452246357,"10-2024":0.4573606744,"12-2024":0.5041601733,"02-2025":0.5428661616,"04-2025":0.5927539555,"06-2025":0.6162481134,"08-2025":0.6420654231,"10-2025":0.6465861345,"12-2025":0.6699836494,"02-2026":0.6734214291,"04-2026":0.6728977907,"06-2026":0.6402843637,"08-2026":0.6386431859,"10-2026":0.6335741779,"12-2026":0.6252060149,"02-2027":0.6199383864,"04-2027":0.606432247,"06-2027":0.6071084186,"08-2027":0.6001865672,"10-2027":0.5870145443,"12-2027":0.5909525762,"02-2028":0.5776021376,"04-2028":0.5705016584,"06-2028":0.5647360821,"08-2028":0.56133829,"10-2028":0.5461331122,"12-2028":0.5321869908,"02-2029":0.5323453458,"04-2029":0.5287815126,"06-2029":0.5243998706,"08-2029":0.5108109165,"10-2029":0.5099211343,"12-2029":0.5017424177,"02-2030":0.4968617333,"04-2030":0.4902389277,"06-2030":0.474303558,"08-2030":0.4757209578,"10-2030":0.477056649,"12-2030":0.4742818157}}