{"median":{"02-2020":0.055118395,"04-2020":0.0541103604,"06-2020":0.054370777,"08-2020":0.0540613073,"10-2020":0.0590004474,"12-2020":0.0648667602,"02-2021":0.067572407,"04-2021":0.0697842159,"06-2021":0.0750208391,"08-2021":0.0823045267,"10-2021":0.0847938451,"12-2021":0.0857853982,"02-2022":0.0852828488,"04-2022":0.0904372444,"06-2022":0.0935315796,"08-2022":0.100739316,"10-2022":0.1058758315,"12-2022":0.1171075526,"02-2023":0.1107026144,"04-2023":0.1013014962,"06-2023":0.1091851649,"08-2023":0.1125682208,"10-2023":0.1262985828,"12-2023":0.1504089895,"02-2024":0.1575443147,"04-2024":0.1620675621,"06-2024":0.1703703704,"08-2024":0.1849716631,"10-2024":0.1935085149,"12-2024":0.2240010947,"02-2025":0.2369976535,"04-2025":0.2368391292,"06-2025":0.2285557185,"08-2025":0.2361840769,"10-2025":0.2412430149,"12-2025":0.255922379,"02-2026":0.2344644411,"04-2026":0.2362876277,"06-2026":0.2301872787,"08-2026":0.2258245715,"10-2026":0.2278003403,"12-2026":0.244745794,"02-2027":0.2439386442,"04-2027":0.2328732498,"06-2027":0.2348484848,"08-2027":0.2248998025,"10-2027":0.2314868231,"12-2027":0.2514989591,"02-2028":0.2412162336,"04-2028":0.2468392993,"06-2028":0.243099658,"08-2028":0.2392760878,"10-2028":0.2582496305,"12-2028":0.2742497526,"02-2029":0.2634517045,"04-2029":0.2442748092,"06-2029":0.2365030317,"08-2029":0.2485741445,"10-2029":0.259195651,"12-2029":0.2764463382,"02-2030":0.3001954344,"04-2030":0.3238916873,"06-2030":0.3651617251,"08-2030":0.4025757576,"10-2030":0.4303733032,"12-2030":0.4503678551},"percentile_25":{"02-2020":0.0308288584,"04-2020":0.0293721153,"06-2020":0.0283730159,"08-2020":0.0289144315,"10-2020":0.0290795926,"12-2020":0.0266539924,"02-2021":0.0233033158,"04-2021":0.0226415094,"06-2021":0.0216557018,"08-2021":0.0164273117,"10-2021":0.012776697,"12-2021":0.0123991935,"02-2022":0.0080059579,"04-2022":0.0077223504,"06-2022":0.0073532372,"08-2022":0.0075770427,"10-2022":0.0040330325,"12-2022":0.003965251,"02-2023":0.0039532988,"04-2023":0.0029069767,"06-2023":0.0,"08-2023":0.0,"10-2023":0.0,"12-2023":0.0,"02-2024":0.0,"04-2024":0.0,"06-2024":0.0,"08-2024":0.0,"10-2024":0.0,"12-2024":0.0,"02-2025":0.0,"04-2025":0.0,"06-2025":0.0,"08-2025":0.0,"10-2025":0.0,"12-2025":0.0,"02-2026":0.0,"04-2026":0.0,"06-2026":0.0,"08-2026":0.0,"10-2026":0.0,"12-2026":0.0,"02-2027":0.0,"04-2027":0.0,"06-2027":0.0,"08-2027":0.0,"10-2027":0.0,"12-2027":0.0,"02-2028":0.0,"04-2028":0.0,"06-2028":0.0,"08-2028":0.0,"10-2028":0.0,"12-2028":0.0,"02-2029":0.0,"04-2029":0.0,"06-2029":0.0,"08-2029":0.0,"10-2029":0.0,"12-2029":0.0,"02-2030":0.0,"04-2030":0.0,"06-2030":0.0,"08-2030":0.0,"10-2030":0.0,"12-2030":0.0},"percentile_75":{"02-2020":0.0918606207,"04-2020":0.0935277724,"06-2020":0.0930487941,"08-2020":0.1053701326,"10-2020":0.1196446884,"12-2020":0.1363636364,"02-2021":0.1451959488,"04-2021":0.1551048273,"06-2021":0.1609121666,"08-2021":0.1898586782,"10-2021":0.2029593675,"12-2021":0.2434185966,"02-2022":0.248310857,"04-2022":0.257369135,"06-2022":0.2661612838,"08-2022":0.3046556122,"10-2022":0.3049908064,"12-2022":0.3358450185,"02-2023":0.3430240964,"04-2023":0.3349162208,"06-2023":0.3460227273,"08-2023":0.3627814982,"10-2023":0.389487997,"12-2023":0.4222258634,"02-2024":0.4091803865,"04-2024":0.4169176707,"06-2024":0.4330708661,"08-2024":0.4452246357,"10-2024":0.4573606744,"12-2024":0.5041601733,"02-2025":0.4959090909,"04-2025":0.4599791952,"06-2025":0.4577418805,"08-2025":0.446738553,"10-2025":0.4676750844,"12-2025":0.5004863813,"02-2026":0.479930579,"04-2026":0.461799321,"06-2026":0.4368855047,"08-2026":0.4373217681,"10-2026":0.4392339284,"12-2026":0.4583214184,"02-2027":0.4421693249,"04-2027":0.4246632997,"06-2027":0.4078446231,"08-2027":0.4001945525,"10-2027":0.4194252211,"12-2027":0.4364202244,"02-2028":0.4244570216,"04-2028":0.4073427024,"06-2028":0.3803093068,"08-2028":0.3764065336,"10-2028":0.3839598997,"12-2028":0.397927025,"02-2029":0.3908646168,"04-2029":0.3622195551,"06-2029":0.3677438478,"08-2029":0.3694823435,"10-2029":0.3702401625,"12-2029":0.3957977429,"02-2030":0.4366556383,"04-2030":0.4677968892,"06-2030":0.5036448114,"08-2030":0.5364655172,"10-2030":0.5631087662,"12-2030":0.5803396324}}