{"median":{"02-2020":0.055118395,"04-2020":0.0541103604,"06-2020":0.054370777,"08-2020":0.0540613073,"10-2020":0.0590004474,"12-2020":0.0648667602,"02-2021":0.067572407,"04-2021":0.0697842159,"06-2021":0.0750208391,"08-2021":0.0823045267,"10-2021":0.0847938451,"12-2021":0.0857853982,"02-2022":0.0852828488,"04-2022":0.0904372444,"06-2022":0.0935315796,"08-2022":0.100739316,"10-2022":0.1058758315,"12-2022":0.1171075526,"02-2023":0.1216373745,"04-2023":0.1399532556,"06-2023":0.1723484848,"08-2023":0.2026998822,"10-2023":0.2464932127,"12-2023":0.2946869979,"02-2024":0.3543077972,"04-2024":0.4105323793,"06-2024":0.4649160014,"08-2024":0.5103075871,"10-2024":0.547670291,"12-2024":0.5673122483,"02-2025":0.5662044269,"04-2025":0.5554898838,"06-2025":0.5579589316,"08-2025":0.5664042517,"10-2025":0.5660527853,"12-2025":0.5494360902,"02-2026":0.5557553476,"04-2026":0.5454567684,"06-2026":0.53399093,"08-2026":0.5387806638,"10-2026":0.533834346,"12-2026":0.511986671,"02-2027":0.5018454205,"04-2027":0.4963188151,"06-2027":0.4926573427,"08-2027":0.4848345588,"10-2027":0.477806393,"12-2027":0.4547163363,"02-2028":0.4563158054,"04-2028":0.4555958078,"06-2028":0.4559146599,"08-2028":0.446900161,"10-2028":0.441422656,"12-2028":0.4371800341,"02-2029":0.4253776262,"04-2029":0.4179145276,"06-2029":0.4111570248,"08-2029":0.398600971,"10-2029":0.402173913,"12-2029":0.4029900568,"02-2030":0.3944984534,"04-2030":0.3874985636,"06-2030":0.3976552502,"08-2030":0.3905543326,"10-2030":0.3865205852,"12-2030":0.3869888135},"percentile_25":{"02-2020":0.0308288584,"04-2020":0.0293721153,"06-2020":0.0283730159,"08-2020":0.0289144315,"10-2020":0.0290795926,"12-2020":0.0266539924,"02-2021":0.0233033158,"04-2021":0.0226415094,"06-2021":0.0216557018,"08-2021":0.0164273117,"10-2021":0.012776697,"12-2021":0.0123991935,"02-2022":0.0080059579,"04-2022":0.0077223504,"06-2022":0.0073532372,"08-2022":0.0075770427,"10-2022":0.0040330325,"12-2022":0.003965251,"02-2023":0.0039840637,"04-2023":0.0027675277,"06-2023":0.0,"08-2023":0.0,"10-2023":0.0,"12-2023":0.0,"02-2024":0.0,"04-2024":0.0,"06-2024":0.0,"08-2024":0.0,"10-2024":0.0,"12-2024":0.0,"02-2025":0.0,"04-2025":0.0,"06-2025":0.0,"08-2025":0.0,"10-2025":0.0,"12-2025":0.0,"02-2026":0.0,"04-2026":0.0,"06-2026":0.0,"08-2026":0.0,"10-2026":0.0,"12-2026":0.0,"02-2027":0.0,"04-2027":0.0,"06-2027":0.0,"08-2027":0.0,"10-2027":0.0,"12-2027":0.0,"02-2028":0.0,"04-2028":0.0,"06-2028":0.0,"08-2028":0.0,"10-2028":0.0,"12-2028":0.0,"02-2029":0.0,"04-2029":0.0,"06-2029":0.0,"08-2029":0.0,"10-2029":0.0,"12-2029":0.0,"02-2030":0.0,"04-2030":0.0,"06-2030":0.0,"08-2030":0.0,"10-2030":0.0,"12-2030":0.0},"percentile_75":{"02-2020":0.0918606207,"04-2020":0.0935277724,"06-2020":0.0930487941,"08-2020":0.1053701326,"10-2020":0.1196446884,"12-2020":0.1363636364,"02-2021":0.1451959488,"04-2021":0.1551048273,"06-2021":0.1609121666,"08-2021":0.1898586782,"10-2021":0.2029593675,"12-2021":0.2434185966,"02-2022":0.248310857,"04-2022":0.257369135,"06-2022":0.2661612838,"08-2022":0.3046556122,"10-2022":0.3049908064,"12-2022":0.3358450185,"02-2023":0.3824957542,"04-2023":0.4352927327,"06-2023":0.5030918728,"08-2023":0.5953049759,"10-2023":0.6438484621,"12-2023":0.6811204804,"02-2024":0.6992285504,"04-2024":0.6958844296,"06-2024":0.6908993228,"08-2024":0.6884520039,"10-2024":0.6798474946,"12-2024":0.6630588235,"02-2025":0.6618164968,"04-2025":0.6630887915,"06-2025":0.6442903226,"08-2025":0.6430605696,"10-2025":0.6377700233,"12-2025":0.6211093765,"02-2026":0.610793045,"04-2026":0.6094722551,"06-2026":0.6029692411,"08-2026":0.6071134561,"10-2026":0.5897599898,"12-2026":0.5834854015,"02-2027":0.5796548957,"04-2027":0.5774498663,"06-2027":0.5608957081,"08-2027":0.5473031535,"10-2027":0.5444700095,"12-2027":0.527546744,"02-2028":0.5247830877,"04-2028":0.5211990596,"06-2028":0.5095073783,"08-2028":0.5004355401,"10-2028":0.4960622711,"12-2028":0.4915828173,"02-2029":0.4798408661,"04-2029":0.4783664459,"06-2029":0.4647239487,"08-2029":0.4664899882,"10-2029":0.4573175678,"12-2029":0.4518049155,"02-2030":0.453189889,"04-2030":0.4572937626,"06-2030":0.447520395,"08-2030":0.4472971957,"10-2030":0.4377846454,"12-2030":0.446494004}}