{"median":{"02-2017":0.2857142857,"04-2017":0.2830009497,"06-2017":0.2883418649,"08-2017":0.2899697556,"10-2017":0.2881007184,"12-2017":0.2930063563,"02-2018":0.2662447257,"04-2018":0.231917159,"06-2018":0.2028332949,"08-2018":0.1703377032,"10-2018":0.1468689357,"12-2018":0.126418002,"02-2019":0.1053150415,"04-2019":0.0854372153,"06-2019":0.0692966764,"08-2019":0.063266123,"10-2019":0.0556679842,"12-2019":0.0510644089},"percentile_25":{"02-2017":0.1482389577,"04-2017":0.1513722127,"06-2017":0.1547770519,"08-2017":0.1654230684,"10-2017":0.163542502,"12-2017":0.1640160121,"02-2018":0.1559541538,"04-2018":0.1310529634,"06-2018":0.1270555306,"08-2018":0.104246863,"10-2018":0.0917916042,"12-2018":0.0727969349,"02-2019":0.0588235294,"04-2019":0.0497530161,"06-2019":0.0395782025,"08-2019":0.0319704013,"10-2019":0.0250804025,"12-2019":0.0226821804},"percentile_75":{"02-2017":0.4134577271,"04-2017":0.4132069467,"06-2017":0.4010869565,"08-2017":0.3993237053,"10-2017":0.3897687678,"12-2017":0.3921106557,"02-2018":0.3515354789,"04-2018":0.3070089286,"06-2018":0.2632680026,"08-2018":0.2264197531,"10-2018":0.2057941972,"12-2018":0.1854034297,"02-2019":0.165508181,"04-2019":0.1453690897,"06-2019":0.1253705534,"08-2019":0.1203826669,"10-2019":0.1092837951,"12-2019":0.1071064177}}