{"median":{"02-2009":0.3679712101,"04-2009":0.367719839,"06-2009":0.3712535691,"08-2009":0.3670614919,"10-2009":0.3744587122,"12-2009":0.3771217504,"02-2010":0.3429336623,"04-2010":0.2969816745,"06-2010":0.2536173209,"08-2010":0.2202441184,"10-2010":0.2013236216,"12-2010":0.1865813348,"02-2011":0.1615580244,"04-2011":0.1386124175,"06-2011":0.120658883,"08-2011":0.1101508251,"10-2011":0.1053659539,"12-2011":0.1057713651,"02-2012":0.09695746,"04-2012":0.0889284821,"06-2012":0.0833577123,"08-2012":0.0802230802,"10-2012":0.0745941346,"12-2012":0.0776701958,"02-2013":0.0707044913,"04-2013":0.066677085,"06-2013":0.0598465473,"08-2013":0.059541495,"10-2013":0.0588271482,"12-2013":0.059600444,"02-2014":0.0526315789,"04-2014":0.0494847465,"06-2014":0.0478087649,"08-2014":0.0490816019,"10-2014":0.0451747285,"12-2014":0.0476072871,"02-2015":0.0484850464,"04-2015":0.0480030722,"06-2015":0.0457966182,"08-2015":0.0448559671,"10-2015":0.046850577,"12-2015":0.048582996,"02-2016":0.0484850464,"04-2016":0.0432846243,"06-2016":0.0423850575,"08-2016":0.044,"10-2016":0.0449899632,"12-2016":0.0484673763,"02-2017":0.0454702078,"04-2017":0.0437552214,"06-2017":0.0443548387,"08-2017":0.0458895588,"10-2017":0.04408977,"12-2017":0.0527314856,"02-2018":0.0503146865,"04-2018":0.0487218503,"06-2018":0.0468609642,"08-2018":0.0496025487,"10-2018":0.049697603,"12-2018":0.0570757132,"02-2019":0.0566100859,"04-2019":0.0545811041,"06-2019":0.0534123327,"08-2019":0.0533991228,"10-2019":0.0574746392,"12-2019":0.0602419355},"percentile_25":{"02-2009":0.2930438736,"04-2009":0.2861862807,"06-2009":0.2911654855,"08-2009":0.2984307359,"10-2009":0.2941703844,"12-2009":0.30345294,"02-2010":0.2777602863,"04-2010":0.2492154812,"06-2010":0.2087918604,"08-2010":0.1838984375,"10-2010":0.156148539,"12-2010":0.1410860656,"02-2011":0.1205690796,"04-2011":0.1016260163,"06-2011":0.0805769231,"08-2011":0.0759023004,"10-2011":0.0702136257,"12-2011":0.0730404419,"02-2012":0.0671968006,"04-2012":0.0634337649,"06-2012":0.0571673254,"08-2012":0.053612013,"10-2012":0.0478391736,"12-2012":0.0460737179,"02-2013":0.0413244136,"04-2013":0.0352042127,"06-2013":0.0310077519,"08-2013":0.0311339745,"10-2013":0.0265599071,"12-2013":0.025,"02-2014":0.0257305195,"04-2014":0.0216946948,"06-2014":0.0230548187,"08-2014":0.0218340611,"10-2014":0.0236689142,"12-2014":0.0234469386,"02-2015":0.0199603175,"04-2015":0.0190299582,"06-2015":0.020409175,"08-2015":0.019646592,"10-2015":0.0201228977,"12-2015":0.02,"02-2016":0.0177311606,"04-2016":0.0172605173,"06-2016":0.0172413793,"08-2016":0.0158102767,"10-2016":0.0160983182,"12-2016":0.0168076054,"02-2017":0.017431399,"04-2017":0.0158110119,"06-2017":0.0168248945,"08-2017":0.0170772172,"10-2017":0.0178973592,"12-2017":0.0193611385,"02-2018":0.0200037802,"04-2018":0.020060241,"06-2018":0.0196850394,"08-2018":0.0232333663,"10-2018":0.0253633105,"12-2018":0.02734375,"02-2019":0.0259654424,"04-2019":0.0257928793,"06-2019":0.0270621196,"08-2019":0.0305555556,"10-2019":0.0315585523,"12-2019":0.0348735921},"percentile_75":{"02-2009":0.4282403922,"04-2009":0.4323984375,"06-2009":0.4359103641,"08-2009":0.4437724014,"10-2009":0.4382440476,"12-2009":0.4348156296,"02-2010":0.3947921274,"04-2010":0.3456901462,"06-2010":0.293767507,"08-2010":0.2556554262,"10-2010":0.2346659919,"12-2010":0.2265632447,"02-2011":0.2054007192,"04-2011":0.1806923282,"06-2011":0.1577309456,"08-2011":0.1491111111,"10-2011":0.1481498436,"12-2011":0.1540875443,"02-2012":0.1445907597,"04-2012":0.1290322581,"06-2012":0.1206752594,"08-2012":0.1211593511,"10-2012":0.1209280303,"12-2012":0.1269289147,"02-2013":0.1244679714,"04-2013":0.1139638424,"06-2013":0.1068627451,"08-2013":0.1065101237,"10-2013":0.1056763656,"12-2013":0.1037309097,"02-2014":0.0980829832,"04-2014":0.0900742115,"06-2014":0.0823895521,"08-2014":0.0861473399,"10-2014":0.0856070317,"12-2014":0.0891988555,"02-2015":0.0875893536,"04-2015":0.0861009045,"06-2015":0.0891652978,"08-2015":0.0844223669,"10-2015":0.0875183284,"12-2015":0.1005319149,"02-2016":0.0938872705,"04-2016":0.0872834168,"06-2016":0.0856309061,"08-2016":0.0878609456,"10-2016":0.0869606299,"12-2016":0.0924375,"02-2017":0.0928760671,"04-2017":0.087287474,"06-2017":0.0805661671,"08-2017":0.0828471278,"10-2017":0.0822557471,"12-2017":0.0967712819,"02-2018":0.091958104,"04-2018":0.0845944755,"06-2018":0.0859585013,"08-2018":0.0883804449,"10-2018":0.090291179,"12-2018":0.0997126437,"02-2019":0.0960685484,"04-2019":0.0924693878,"06-2019":0.0882693734,"08-2019":0.085778927,"10-2019":0.0828412073,"12-2019":0.0883006322}}