{"median":{"02-2020":0.0520453289,"04-2020":0.0490180978,"06-2020":0.0483754838,"08-2020":0.0473602484,"10-2020":0.0446832579,"12-2020":0.0469882246,"02-2021":0.0440257433,"04-2021":0.0399834341,"06-2021":0.0394634388,"08-2021":0.0380964821,"10-2021":0.0402072209,"12-2021":0.0377280373,"02-2022":0.038308303,"04-2022":0.0415899767,"06-2022":0.0489083773,"08-2022":0.0625159642,"10-2022":0.074620462,"12-2022":0.0944159836,"02-2023":0.1107933233,"04-2023":0.1266585645,"06-2023":0.1560235507,"08-2023":0.1701815842,"10-2023":0.1976895653,"12-2023":0.25390625,"02-2024":0.2997541086,"04-2024":0.3557363371,"06-2024":0.4256080708,"08-2024":0.469703709,"10-2024":0.5301925487,"12-2024":0.5760143811,"02-2025":0.5722707993,"04-2025":0.5700548236,"06-2025":0.5763636364,"08-2025":0.5568864469,"10-2025":0.5517857143,"12-2025":0.5439086595,"02-2026":0.5264786497,"04-2026":0.5168433674,"06-2026":0.4991349481,"08-2026":0.5106773736,"10-2026":0.5081425768,"12-2026":0.5127196933,"02-2027":0.5018303029,"04-2027":0.495467033,"06-2027":0.5026899314,"08-2027":0.4875884964,"10-2027":0.4786971831,"12-2027":0.4635201158,"02-2028":0.444269474,"04-2028":0.4297546468,"06-2028":0.4154511659,"08-2028":0.4097037037,"10-2028":0.40212818,"12-2028":0.397440715,"02-2029":0.3942453046,"04-2029":0.386970522,"06-2029":0.3780757907,"08-2029":0.375464684,"10-2029":0.3747623644,"12-2029":0.3681390977,"02-2030":0.3565073716,"04-2030":0.3499353086,"06-2030":0.3384130848,"08-2030":0.3315181629,"10-2030":0.3385603183,"12-2030":0.3332958933},"percentile_25":{"02-2020":0.0314599133,"04-2020":0.0284552846,"06-2020":0.0237165179,"08-2020":0.0228892233,"10-2020":0.019177423,"12-2020":0.0166264818,"02-2021":0.0108902503,"04-2021":0.0077233683,"06-2021":0.0060425685,"08-2021":0.0036766186,"10-2021":0.0035810292,"12-2021":0.0025337838,"02-2022":0.0,"04-2022":0.0,"06-2022":0.0,"08-2022":0.0,"10-2022":0.0,"12-2022":0.0,"02-2023":0.0,"04-2023":0.0,"06-2023":0.0,"08-2023":0.0,"10-2023":0.0,"12-2023":0.0,"02-2024":0.0,"04-2024":0.0,"06-2024":0.0,"08-2024":0.0,"10-2024":0.0,"12-2024":0.0,"02-2025":0.0,"04-2025":0.0,"06-2025":0.0,"08-2025":0.0,"10-2025":0.0,"12-2025":0.0,"02-2026":0.0,"04-2026":0.0,"06-2026":0.0,"08-2026":0.0,"10-2026":0.0,"12-2026":0.0,"02-2027":0.0,"04-2027":0.0,"06-2027":0.0,"08-2027":0.0,"10-2027":0.0,"12-2027":0.0,"02-2028":0.0,"04-2028":0.0,"06-2028":0.0,"08-2028":0.0,"10-2028":0.0,"12-2028":0.0,"02-2029":0.0,"04-2029":0.0,"06-2029":0.0,"08-2029":0.0,"10-2029":0.0,"12-2029":0.0,"02-2030":0.0,"04-2030":0.0,"06-2030":0.0,"08-2030":0.0,"10-2030":0.0,"12-2030":0.0},"percentile_75":{"02-2020":0.0944570519,"04-2020":0.0909967678,"06-2020":0.0945642408,"08-2020":0.1,"10-2020":0.0979458364,"12-2020":0.1106792293,"02-2021":0.1056033293,"04-2021":0.1044305509,"06-2021":0.0991218905,"08-2021":0.1008801265,"10-2021":0.1050216224,"12-2021":0.1116321855,"02-2022":0.1188151042,"04-2022":0.1329336674,"06-2022":0.1745748937,"08-2022":0.2265123517,"10-2022":0.2854743083,"12-2022":0.388750758,"02-2023":0.455228064,"04-2023":0.5312175325,"06-2023":0.6156895191,"08-2023":0.6829968149,"10-2023":0.7309281627,"12-2023":0.7213658518,"02-2024":0.7147800297,"04-2024":0.6960349051,"06-2024":0.6857277773,"08-2024":0.6856648786,"10-2024":0.6692648334,"12-2024":0.6762872325,"02-2025":0.6681742151,"04-2025":0.6654477888,"06-2025":0.6605514752,"08-2025":0.6452275103,"10-2025":0.6276763579,"12-2025":0.6160759022,"02-2026":0.5988188976,"04-2026":0.5957235053,"06-2026":0.5840344469,"08-2026":0.5762842477,"10-2026":0.5648642465,"12-2026":0.5767995945,"02-2027":0.5682226946,"04-2027":0.5598266054,"06-2027":0.5629590059,"08-2027":0.5485324872,"10-2027":0.5335125448,"12-2027":0.5277530184,"02-2028":0.5165187713,"04-2028":0.5054451357,"06-2028":0.487825624,"08-2028":0.481219427,"10-2028":0.475309366,"12-2028":0.4671553481,"02-2029":0.4578994591,"04-2029":0.4509905951,"06-2029":0.4480371441,"08-2029":0.4309470219,"10-2029":0.4224303277,"12-2029":0.4164372725,"02-2030":0.4178695536,"04-2030":0.4136107987,"06-2030":0.4074028971,"08-2030":0.4003717472,"10-2030":0.3989864865,"12-2030":0.4020926262}}