{"median":{"02-2020":0.0520453289,"04-2020":0.0490180978,"06-2020":0.0483754838,"08-2020":0.0473602484,"10-2020":0.0446832579,"12-2020":0.0469882246,"02-2021":0.0440257433,"04-2021":0.0399834341,"06-2021":0.0394634388,"08-2021":0.0380964821,"10-2021":0.0402072209,"12-2021":0.0377280373,"02-2022":0.0324325377,"04-2022":0.0298511619,"06-2022":0.0285728864,"08-2022":0.0257075472,"10-2022":0.0268341044,"12-2022":0.024834826,"02-2023":0.024795082,"04-2023":0.0202512134,"06-2023":0.0212183693,"08-2023":0.0165431119,"10-2023":0.0166092113,"12-2023":0.01487729,"02-2024":0.0119760956,"04-2024":0.0110175202,"06-2024":0.0093541425,"08-2024":0.0078474819,"10-2024":0.0055520724,"12-2024":0.0074123897,"02-2025":0.0072344322,"04-2025":0.0072338644,"06-2025":0.0036764706,"08-2025":0.0036904892,"10-2025":0.0036697371,"12-2025":0.0018518519,"02-2026":0.0,"04-2026":0.0,"06-2026":0.0,"08-2026":0.0,"10-2026":0.0,"12-2026":0.0,"02-2027":0.0,"04-2027":0.0,"06-2027":0.0,"08-2027":0.0,"10-2027":0.0,"12-2027":0.0,"02-2028":0.0,"04-2028":0.0,"06-2028":0.0,"08-2028":0.0,"10-2028":0.0,"12-2028":0.0,"02-2029":0.0,"04-2029":0.0,"06-2029":0.0,"08-2029":0.0,"10-2029":0.0,"12-2029":0.0,"02-2030":0.0,"04-2030":0.0,"06-2030":0.0,"08-2030":0.0,"10-2030":0.0,"12-2030":0.0},"percentile_25":{"02-2020":0.0314599133,"04-2020":0.0284552846,"06-2020":0.0237165179,"08-2020":0.0228892233,"10-2020":0.019177423,"12-2020":0.0166264818,"02-2021":0.0108902503,"04-2021":0.0077233683,"06-2021":0.0060425685,"08-2021":0.0036766186,"10-2021":0.0035810292,"12-2021":0.0025337838,"02-2022":0.0,"04-2022":0.0,"06-2022":0.0,"08-2022":0.0,"10-2022":0.0,"12-2022":0.0,"02-2023":0.0,"04-2023":0.0,"06-2023":0.0,"08-2023":0.0,"10-2023":0.0,"12-2023":0.0,"02-2024":0.0,"04-2024":0.0,"06-2024":0.0,"08-2024":0.0,"10-2024":0.0,"12-2024":0.0,"02-2025":0.0,"04-2025":0.0,"06-2025":0.0,"08-2025":0.0,"10-2025":0.0,"12-2025":0.0,"02-2026":0.0,"04-2026":0.0,"06-2026":0.0,"08-2026":0.0,"10-2026":0.0,"12-2026":0.0,"02-2027":0.0,"04-2027":0.0,"06-2027":0.0,"08-2027":0.0,"10-2027":0.0,"12-2027":0.0,"02-2028":0.0,"04-2028":0.0,"06-2028":0.0,"08-2028":0.0,"10-2028":0.0,"12-2028":0.0,"02-2029":0.0,"04-2029":0.0,"06-2029":0.0,"08-2029":0.0,"10-2029":0.0,"12-2029":0.0,"02-2030":0.0,"04-2030":0.0,"06-2030":0.0,"08-2030":0.0,"10-2030":0.0,"12-2030":0.0},"percentile_75":{"02-2020":0.0944570519,"04-2020":0.0909967678,"06-2020":0.0945642408,"08-2020":0.1,"10-2020":0.0979458364,"12-2020":0.1106792293,"02-2021":0.1056033293,"04-2021":0.1044305509,"06-2021":0.0991218905,"08-2021":0.1008801265,"10-2021":0.1050216224,"12-2021":0.1116321855,"02-2022":0.0990054648,"04-2022":0.0990482584,"06-2022":0.0985607959,"08-2022":0.0994567231,"10-2022":0.1052645886,"12-2022":0.1242951128,"02-2023":0.126599279,"04-2023":0.1199684907,"06-2023":0.1233338227,"08-2023":0.1343825418,"10-2023":0.1488218026,"12-2023":0.1668215613,"02-2024":0.156873099,"04-2024":0.1487296998,"06-2024":0.1561763504,"08-2024":0.152761503,"10-2024":0.1618661258,"12-2024":0.1745283019,"02-2025":0.1713659812,"04-2025":0.1627156799,"06-2025":0.1594040659,"08-2025":0.1694152471,"10-2025":0.1811456327,"12-2025":0.1889489176,"02-2026":0.2139916822,"04-2026":0.2385011955,"06-2026":0.3042915754,"08-2026":0.3540560629,"10-2026":0.4625730437,"12-2026":0.5866092779,"02-2027":0.6868835791,"04-2027":0.6887216154,"06-2027":0.7226648875,"08-2027":0.7096691176,"10-2027":0.6922976012,"12-2027":0.6715431244,"02-2028":0.6545042064,"04-2028":0.6487437644,"06-2028":0.6368673744,"08-2028":0.6098945661,"10-2028":0.6147546898,"12-2028":0.609041055,"02-2029":0.6017070461,"04-2029":0.5914376321,"06-2029":0.5894975528,"08-2029":0.5613054027,"10-2029":0.5513002906,"12-2029":0.5381839216,"02-2030":0.5333428038,"04-2030":0.5153516974,"06-2030":0.5059194403,"08-2030":0.4934123847,"10-2030":0.4877039168,"12-2030":0.4839950336}}