{"median":{"02-2020":0.0520453289,"04-2020":0.0490180978,"06-2020":0.0483754838,"08-2020":0.0473602484,"10-2020":0.0446832579,"12-2020":0.0469882246,"02-2021":0.0440257433,"04-2021":0.0399834341,"06-2021":0.0394634388,"08-2021":0.0380964821,"10-2021":0.0402072209,"12-2021":0.0377280373,"02-2022":0.0324325377,"04-2022":0.0298511619,"06-2022":0.0285728864,"08-2022":0.0257075472,"10-2022":0.0268341044,"12-2022":0.024834826,"02-2023":0.0265151515,"04-2023":0.0272486772,"06-2023":0.0357598978,"08-2023":0.0415620094,"10-2023":0.0443104431,"12-2023":0.0462092152,"02-2024":0.0543719212,"04-2024":0.0592463092,"06-2024":0.0814326256,"08-2024":0.0974139229,"10-2024":0.1136876049,"12-2024":0.1379079338,"02-2025":0.1671299467,"04-2025":0.1865642238,"06-2025":0.2095105681,"08-2025":0.2427521008,"10-2025":0.272467779,"12-2025":0.326156593,"02-2026":0.4085554189,"04-2026":0.4535301924,"06-2026":0.4933989145,"08-2026":0.5011804989,"10-2026":0.499960883,"12-2026":0.5061364479,"02-2027":0.5173361956,"04-2027":0.487105082,"06-2027":0.4981617647,"08-2027":0.4884002941,"10-2027":0.4724455163,"12-2027":0.4639733136,"02-2028":0.4630193689,"04-2028":0.4547368421,"06-2028":0.4554773636,"08-2028":0.4333325126,"10-2028":0.4434812592,"12-2028":0.4099807862,"02-2029":0.3986727318,"04-2029":0.3974948975,"06-2029":0.3918104549,"08-2029":0.3774547555,"10-2029":0.3682139662,"12-2029":0.3621356597,"02-2030":0.3493985096,"04-2030":0.3460793162,"06-2030":0.3445921505,"08-2030":0.3434564629,"10-2030":0.3471335099,"12-2030":0.3388707664},"percentile_25":{"02-2020":0.0314599133,"04-2020":0.0284552846,"06-2020":0.0237165179,"08-2020":0.0228892233,"10-2020":0.019177423,"12-2020":0.0166264818,"02-2021":0.0108902503,"04-2021":0.0077233683,"06-2021":0.0060425685,"08-2021":0.0036766186,"10-2021":0.0035810292,"12-2021":0.0025337838,"02-2022":0.0,"04-2022":0.0,"06-2022":0.0,"08-2022":0.0,"10-2022":0.0,"12-2022":0.0,"02-2023":0.0,"04-2023":0.0,"06-2023":0.0,"08-2023":0.0,"10-2023":0.0,"12-2023":0.0,"02-2024":0.0,"04-2024":0.0,"06-2024":0.0,"08-2024":0.0,"10-2024":0.0,"12-2024":0.0,"02-2025":0.0,"04-2025":0.0,"06-2025":0.0,"08-2025":0.0,"10-2025":0.0,"12-2025":0.0,"02-2026":0.0,"04-2026":0.0,"06-2026":0.0,"08-2026":0.0,"10-2026":0.0,"12-2026":0.0,"02-2027":0.0,"04-2027":0.0,"06-2027":0.0,"08-2027":0.0,"10-2027":0.0,"12-2027":0.0,"02-2028":0.0,"04-2028":0.0,"06-2028":0.0,"08-2028":0.0,"10-2028":0.0,"12-2028":0.0,"02-2029":0.0,"04-2029":0.0,"06-2029":0.0,"08-2029":0.0,"10-2029":0.0,"12-2029":0.0,"02-2030":0.0,"04-2030":0.0,"06-2030":0.0,"08-2030":0.0,"10-2030":0.0,"12-2030":0.0},"percentile_75":{"02-2020":0.0944570519,"04-2020":0.0909967678,"06-2020":0.0945642408,"08-2020":0.1,"10-2020":0.0979458364,"12-2020":0.1106792293,"02-2021":0.1056033293,"04-2021":0.1044305509,"06-2021":0.0991218905,"08-2021":0.1008801265,"10-2021":0.1050216224,"12-2021":0.1116321855,"02-2022":0.0990054648,"04-2022":0.0990482584,"06-2022":0.0985607959,"08-2022":0.0994567231,"10-2022":0.1052645886,"12-2022":0.1242951128,"02-2023":0.1418938903,"04-2023":0.1701976285,"06-2023":0.2201857183,"08-2023":0.2832468175,"10-2023":0.34043215,"12-2023":0.4436782009,"02-2024":0.5511487051,"04-2024":0.6099727776,"06-2024":0.6740506752,"08-2024":0.7140052629,"10-2024":0.7263799605,"12-2024":0.7113196332,"02-2025":0.6991682785,"04-2025":0.6879637705,"06-2025":0.6832740214,"08-2025":0.6690945345,"10-2025":0.6636287625,"12-2025":0.647749192,"02-2026":0.6517333282,"04-2026":0.6410892459,"06-2026":0.6264370309,"08-2026":0.6128698146,"10-2026":0.6100862069,"12-2026":0.6047666597,"02-2027":0.5942028986,"04-2027":0.5833364996,"06-2027":0.5857370024,"08-2027":0.5767139774,"10-2027":0.5704095178,"12-2027":0.5499680332,"02-2028":0.5394642857,"04-2028":0.5390071375,"06-2028":0.5147124835,"08-2028":0.5227472089,"10-2028":0.5133641584,"12-2028":0.5066750104,"02-2029":0.4981228809,"04-2029":0.4838217338,"06-2029":0.4789662503,"08-2029":0.4576585854,"10-2029":0.4416912646,"12-2029":0.4275574248,"02-2030":0.430583716,"04-2030":0.427299086,"06-2030":0.4149983102,"08-2030":0.4113592319,"10-2030":0.4127224127,"12-2030":0.3973517868}}