{"median":{"02-2020":0.0520453289,"04-2020":0.0490180978,"06-2020":0.0483754838,"08-2020":0.0473602484,"10-2020":0.0446832579,"12-2020":0.0469882246,"02-2021":0.0440257433,"04-2021":0.0399834341,"06-2021":0.0394634388,"08-2021":0.0380964821,"10-2021":0.0402072209,"12-2021":0.0377280373,"02-2022":0.0324325377,"04-2022":0.0298511619,"06-2022":0.0285728864,"08-2022":0.0257075472,"10-2022":0.0268341044,"12-2022":0.024834826,"02-2023":0.024795082,"04-2023":0.0202512134,"06-2023":0.0212183693,"08-2023":0.0165431119,"10-2023":0.0166092113,"12-2023":0.01487729,"02-2024":0.0119760956,"04-2024":0.0110175202,"06-2024":0.0093541425,"08-2024":0.0078474819,"10-2024":0.0055520724,"12-2024":0.0074123897,"02-2025":0.0072597433,"04-2025":0.0074664289,"06-2025":0.0054096639,"08-2025":0.0053650707,"10-2025":0.0035736621,"12-2025":0.0,"02-2026":0.003669836,"04-2026":0.003649635,"06-2026":0.0036630037,"08-2026":0.0054611812,"10-2026":0.0123038605,"12-2026":0.0160941999,"02-2027":0.0247795513,"04-2027":0.0262885342,"06-2027":0.0290513466,"08-2027":0.0412839193,"10-2027":0.0462666324,"12-2027":0.0510204082,"02-2028":0.0565068493,"04-2028":0.0612890254,"06-2028":0.061254751,"08-2028":0.0630975722,"10-2028":0.0628497009,"12-2028":0.0677919451,"02-2029":0.0658158985,"04-2029":0.0808089576,"06-2029":0.1015660157,"08-2029":0.1121413309,"10-2029":0.1318332987,"12-2029":0.160345282,"02-2030":0.2129496403,"04-2030":0.2531707649,"06-2030":0.2570102193,"08-2030":0.2550505051,"10-2030":0.2459812845,"12-2030":0.2544475655},"percentile_25":{"02-2020":0.0314599133,"04-2020":0.0284552846,"06-2020":0.0237165179,"08-2020":0.0228892233,"10-2020":0.019177423,"12-2020":0.0166264818,"02-2021":0.0108902503,"04-2021":0.0077233683,"06-2021":0.0060425685,"08-2021":0.0036766186,"10-2021":0.0035810292,"12-2021":0.0025337838,"02-2022":0.0,"04-2022":0.0,"06-2022":0.0,"08-2022":0.0,"10-2022":0.0,"12-2022":0.0,"02-2023":0.0,"04-2023":0.0,"06-2023":0.0,"08-2023":0.0,"10-2023":0.0,"12-2023":0.0,"02-2024":0.0,"04-2024":0.0,"06-2024":0.0,"08-2024":0.0,"10-2024":0.0,"12-2024":0.0,"02-2025":0.0,"04-2025":0.0,"06-2025":0.0,"08-2025":0.0,"10-2025":0.0,"12-2025":0.0,"02-2026":0.0,"04-2026":0.0,"06-2026":0.0,"08-2026":0.0,"10-2026":0.0,"12-2026":0.0,"02-2027":0.0,"04-2027":0.0,"06-2027":0.0,"08-2027":0.0,"10-2027":0.0,"12-2027":0.0,"02-2028":0.0,"04-2028":0.0,"06-2028":0.0,"08-2028":0.0,"10-2028":0.0,"12-2028":0.0,"02-2029":0.0,"04-2029":0.0,"06-2029":0.0,"08-2029":0.0,"10-2029":0.0,"12-2029":0.0,"02-2030":0.0,"04-2030":0.0,"06-2030":0.0,"08-2030":0.0,"10-2030":0.0,"12-2030":0.0},"percentile_75":{"02-2020":0.0944570519,"04-2020":0.0909967678,"06-2020":0.0945642408,"08-2020":0.1,"10-2020":0.0979458364,"12-2020":0.1106792293,"02-2021":0.1056033293,"04-2021":0.1044305509,"06-2021":0.0991218905,"08-2021":0.1008801265,"10-2021":0.1050216224,"12-2021":0.1116321855,"02-2022":0.0990054648,"04-2022":0.0990482584,"06-2022":0.0985607959,"08-2022":0.0994567231,"10-2022":0.1052645886,"12-2022":0.1242951128,"02-2023":0.126599279,"04-2023":0.1199684907,"06-2023":0.1233338227,"08-2023":0.1343825418,"10-2023":0.1488218026,"12-2023":0.1668215613,"02-2024":0.156873099,"04-2024":0.1487296998,"06-2024":0.1561763504,"08-2024":0.152761503,"10-2024":0.1618661258,"12-2024":0.1745283019,"02-2025":0.1831269152,"04-2025":0.2117045455,"06-2025":0.2645489617,"08-2025":0.3265519091,"10-2025":0.4219041569,"12-2025":0.5365992406,"02-2026":0.6277673171,"04-2026":0.7042638394,"06-2026":0.720507188,"08-2026":0.7078253935,"10-2026":0.6756394291,"12-2026":0.6672354949,"02-2027":0.6791413374,"04-2027":0.6571399615,"06-2027":0.6516061053,"08-2027":0.6453293011,"10-2027":0.6446563739,"12-2027":0.6205621998,"02-2028":0.6103528778,"04-2028":0.6071753247,"06-2028":0.6054587596,"08-2028":0.589822695,"10-2028":0.5736695003,"12-2028":0.5702079667,"02-2029":0.559126894,"04-2029":0.5446520312,"06-2029":0.5348566695,"08-2029":0.523534777,"10-2029":0.503649635,"12-2029":0.4882851248,"02-2030":0.4890724517,"04-2030":0.4786242704,"06-2030":0.4663348345,"08-2030":0.455082702,"10-2030":0.4492098008,"12-2030":0.4410765544}}