{"median":{"02-2020":0.0520453289,"04-2020":0.0490180978,"06-2020":0.0483754838,"08-2020":0.0457223401,"10-2020":0.0384141882,"12-2020":0.0335825571,"02-2021":0.027722881,"04-2021":0.0223604333,"06-2021":0.0151803203,"08-2021":0.0107164727,"10-2021":0.007194617,"12-2021":0.003724511,"02-2022":0.0,"04-2022":0.0,"06-2022":0.0,"08-2022":0.0,"10-2022":0.0,"12-2022":0.0,"02-2023":0.0,"04-2023":0.0,"06-2023":0.0,"08-2023":0.0,"10-2023":0.0,"12-2023":0.0,"02-2024":0.0,"04-2024":0.0,"06-2024":0.0,"08-2024":0.0,"10-2024":0.0,"12-2024":0.0,"02-2025":0.0,"04-2025":0.0,"06-2025":0.0,"08-2025":0.0,"10-2025":0.0,"12-2025":0.0,"02-2026":0.0,"04-2026":0.0,"06-2026":0.0,"08-2026":0.0,"10-2026":0.0,"12-2026":0.0,"02-2027":0.0,"04-2027":0.0,"06-2027":0.0,"08-2027":0.0,"10-2027":0.0,"12-2027":0.0,"02-2028":0.0,"04-2028":0.0,"06-2028":0.0,"08-2028":0.0,"10-2028":0.0,"12-2028":0.0,"02-2029":0.0,"04-2029":0.0,"06-2029":0.0,"08-2029":0.0,"10-2029":0.0,"12-2029":0.0,"02-2030":0.0,"04-2030":0.0,"06-2030":0.0,"08-2030":0.0,"10-2030":0.0,"12-2030":0.0},"percentile_25":{"02-2020":0.0314599133,"04-2020":0.0284552846,"06-2020":0.0233033158,"08-2020":0.0211827502,"10-2020":0.0159370079,"12-2020":0.0143124937,"02-2021":0.0076048901,"04-2021":0.006179627,"06-2021":0.0035619637,"08-2021":0.0,"10-2021":0.0,"12-2021":0.0,"02-2022":0.0,"04-2022":0.0,"06-2022":0.0,"08-2022":0.0,"10-2022":0.0,"12-2022":0.0,"02-2023":0.0,"04-2023":0.0,"06-2023":0.0,"08-2023":0.0,"10-2023":0.0,"12-2023":0.0,"02-2024":0.0,"04-2024":0.0,"06-2024":0.0,"08-2024":0.0,"10-2024":0.0,"12-2024":0.0,"02-2025":0.0,"04-2025":0.0,"06-2025":0.0,"08-2025":0.0,"10-2025":0.0,"12-2025":0.0,"02-2026":0.0,"04-2026":0.0,"06-2026":0.0,"08-2026":0.0,"10-2026":0.0,"12-2026":0.0,"02-2027":0.0,"04-2027":0.0,"06-2027":0.0,"08-2027":0.0,"10-2027":0.0,"12-2027":0.0,"02-2028":0.0,"04-2028":0.0,"06-2028":0.0,"08-2028":0.0,"10-2028":0.0,"12-2028":0.0,"02-2029":0.0,"04-2029":0.0,"06-2029":0.0,"08-2029":0.0,"10-2029":0.0,"12-2029":0.0,"02-2030":0.0,"04-2030":0.0,"06-2030":0.0,"08-2030":0.0,"10-2030":0.0,"12-2030":0.0},"percentile_75":{"02-2020":0.0944570519,"04-2020":0.0909967678,"06-2020":0.0957983193,"08-2020":0.0900941268,"10-2020":0.0831170704,"12-2020":0.0711377463,"02-2021":0.0609312326,"04-2021":0.0472440945,"06-2021":0.0386748434,"08-2021":0.0311609523,"10-2021":0.0280884658,"12-2021":0.0261752137,"02-2022":0.0329406843,"04-2022":0.0364178082,"06-2022":0.0418079673,"08-2022":0.0532988074,"10-2022":0.0656029195,"12-2022":0.0782521224,"02-2023":0.0981874732,"04-2023":0.1210151555,"06-2023":0.1507453773,"08-2023":0.1836604871,"10-2023":0.2376803552,"12-2023":0.3376962323,"02-2024":0.4134161182,"04-2024":0.495041896,"06-2024":0.5578849262,"08-2024":0.6271724018,"10-2024":0.629465602,"12-2024":0.6185023462,"02-2025":0.6104032809,"04-2025":0.620141844,"06-2025":0.5980885962,"08-2025":0.5963131313,"10-2025":0.5914089186,"12-2025":0.5839318062,"02-2026":0.5869295635,"04-2026":0.563802697,"06-2026":0.5773840885,"08-2026":0.5564598997,"10-2026":0.5316657477,"12-2026":0.5395994208,"02-2027":0.5286740114,"04-2027":0.5189564362,"06-2027":0.5228999651,"08-2027":0.5168754606,"10-2027":0.498188335,"12-2027":0.4775394847,"02-2028":0.4596986817,"04-2028":0.4483942474,"06-2028":0.4320075758,"08-2028":0.4314750136,"10-2028":0.4227594676,"12-2028":0.4230462973,"02-2029":0.432459245,"04-2029":0.4229629067,"06-2029":0.4100230415,"08-2029":0.4063995815,"10-2029":0.3909909627,"12-2029":0.3731751825,"02-2030":0.3646655702,"04-2030":0.3535056404,"06-2030":0.3591355278,"08-2030":0.3606364566,"10-2030":0.3586091302,"12-2030":0.3411680512}}