{"median":{"02-2020":0.0607215153,"04-2020":0.065087375,"06-2020":0.0762178994,"08-2020":0.0824507389,"10-2020":0.0846407336,"12-2020":0.0790491648,"02-2021":0.0760732323,"04-2021":0.0676598137,"06-2021":0.0627143903,"08-2021":0.0500025512,"10-2021":0.0388702367,"12-2021":0.0307130014,"02-2022":0.0240862412,"04-2022":0.0146789485,"06-2022":0.010969838,"08-2022":0.0078431373,"10-2022":0.0040099646,"12-2022":0.0038535789,"02-2023":0.003351673,"04-2023":0.0,"06-2023":0.0,"08-2023":0.0,"10-2023":0.0,"12-2023":0.0,"02-2024":0.0,"04-2024":0.0,"06-2024":0.0,"08-2024":0.0,"10-2024":0.0,"12-2024":0.0,"02-2025":0.0,"04-2025":0.0,"06-2025":0.0,"08-2025":0.0,"10-2025":0.0,"12-2025":0.0,"02-2026":0.0,"04-2026":0.0,"06-2026":0.0,"08-2026":0.0,"10-2026":0.0,"12-2026":0.0,"02-2027":0.0,"04-2027":0.0,"06-2027":0.0,"08-2027":0.0,"10-2027":0.0,"12-2027":0.0,"02-2028":0.0,"04-2028":0.0,"06-2028":0.0,"08-2028":0.0,"10-2028":0.0,"12-2028":0.0,"02-2029":0.0,"04-2029":0.0,"06-2029":0.0,"08-2029":0.0,"10-2029":0.0,"12-2029":0.0,"02-2030":0.0,"04-2030":0.0,"06-2030":0.0,"08-2030":0.0,"10-2030":0.0,"12-2030":0.0},"percentile_25":{"02-2020":0.0324679898,"04-2020":0.0334689148,"06-2020":0.0328467153,"08-2020":0.0353336881,"10-2020":0.0318408904,"12-2020":0.0296175044,"02-2021":0.0264434587,"04-2021":0.0265316744,"06-2021":0.0189426067,"08-2021":0.0179705303,"10-2021":0.0134775583,"12-2021":0.0075117569,"02-2022":0.0036835749,"04-2022":0.0035087719,"06-2022":0.0,"08-2022":0.0,"10-2022":0.0,"12-2022":0.0,"02-2023":0.0,"04-2023":0.0,"06-2023":0.0,"08-2023":0.0,"10-2023":0.0,"12-2023":0.0,"02-2024":0.0,"04-2024":0.0,"06-2024":0.0,"08-2024":0.0,"10-2024":0.0,"12-2024":0.0,"02-2025":0.0,"04-2025":0.0,"06-2025":0.0,"08-2025":0.0,"10-2025":0.0,"12-2025":0.0,"02-2026":0.0,"04-2026":0.0,"06-2026":0.0,"08-2026":0.0,"10-2026":0.0,"12-2026":0.0,"02-2027":0.0,"04-2027":0.0,"06-2027":0.0,"08-2027":0.0,"10-2027":0.0,"12-2027":0.0,"02-2028":0.0,"04-2028":0.0,"06-2028":0.0,"08-2028":0.0,"10-2028":0.0,"12-2028":0.0,"02-2029":0.0,"04-2029":0.0,"06-2029":0.0,"08-2029":0.0,"10-2029":0.0,"12-2029":0.0,"02-2030":0.0,"04-2030":0.0,"06-2030":0.0,"08-2030":0.0,"10-2030":0.0,"12-2030":0.0},"percentile_75":{"02-2020":0.1069632353,"04-2020":0.1244814815,"06-2020":0.1481833545,"08-2020":0.1655319935,"10-2020":0.1746253829,"12-2020":0.1787239089,"02-2021":0.1773580015,"04-2021":0.161410239,"06-2021":0.1451725205,"08-2021":0.1187755102,"10-2021":0.0906620553,"12-2021":0.0740451071,"02-2022":0.0577552227,"04-2022":0.0495070537,"06-2022":0.038955865,"08-2022":0.0312879425,"10-2022":0.0275479452,"12-2022":0.0254829193,"02-2023":0.0271581757,"04-2023":0.0302192262,"06-2023":0.0380675118,"08-2023":0.0479778737,"10-2023":0.0569377106,"12-2023":0.078254041,"02-2024":0.1019804063,"04-2024":0.1284733573,"06-2024":0.1616258741,"08-2024":0.1985925405,"10-2024":0.2708354872,"12-2024":0.3217704173,"02-2025":0.3915882544,"04-2025":0.4457792208,"06-2025":0.5490131535,"08-2025":0.6222250189,"10-2025":0.6342248177,"12-2025":0.6341432848,"02-2026":0.6216575923,"04-2026":0.6172621389,"06-2026":0.6060390416,"08-2026":0.6021990458,"10-2026":0.5930049088,"12-2026":0.6027422237,"02-2027":0.5961852075,"04-2027":0.58800493,"06-2027":0.5927254819,"08-2027":0.5678316847,"10-2027":0.5500477783,"12-2027":0.5478085155,"02-2028":0.5230576441,"04-2028":0.5343098079,"06-2028":0.5140556222,"08-2028":0.5189717367,"10-2028":0.505052161,"12-2028":0.4867266976,"02-2029":0.4767307692,"04-2029":0.4666018288,"06-2029":0.4518044382,"08-2029":0.4596774194,"10-2029":0.4372359628,"12-2029":0.4329077061,"02-2030":0.4178629411,"04-2030":0.4014343734,"06-2030":0.4014035852,"08-2030":0.3890348782,"10-2030":0.3776412436,"12-2030":0.3776289142}}