{"median":{"02-2020":0.0607215153,"04-2020":0.065087375,"06-2020":0.0762178994,"08-2020":0.0824507389,"10-2020":0.0846407336,"12-2020":0.0790491648,"02-2021":0.0787299948,"04-2021":0.0808834462,"06-2021":0.0786299766,"08-2021":0.0836618394,"10-2021":0.0866371193,"12-2021":0.1013541127,"02-2022":0.1263672098,"04-2022":0.1461744696,"06-2022":0.181834463,"08-2022":0.2251012146,"10-2022":0.253259107,"12-2022":0.3026402357,"02-2023":0.3811743381,"04-2023":0.4262404262,"06-2023":0.4744702293,"08-2023":0.5506840796,"10-2023":0.5954791155,"12-2023":0.5721796882,"02-2024":0.5993311037,"04-2024":0.5977215117,"06-2024":0.5909163152,"08-2024":0.5866616134,"10-2024":0.5901416273,"12-2024":0.5811736882,"02-2025":0.5825219775,"04-2025":0.5676642811,"06-2025":0.5664443493,"08-2025":0.544543091,"10-2025":0.5341903122,"12-2025":0.5325015645,"02-2026":0.524458022,"04-2026":0.510870136,"06-2026":0.5,"08-2026":0.4946411483,"10-2026":0.4909323871,"12-2026":0.4840614681,"02-2027":0.4736603859,"04-2027":0.4894919904,"06-2027":0.4863479638,"08-2027":0.4715482765,"10-2027":0.466909035,"12-2027":0.4435104084,"02-2028":0.4238291364,"04-2028":0.4243142114,"06-2028":0.4208385684,"08-2028":0.4139772508,"10-2028":0.4103497069,"12-2028":0.4027375502,"02-2029":0.390168088,"04-2029":0.3877115345,"06-2029":0.382245971,"08-2029":0.3732139212,"10-2029":0.3677995392,"12-2029":0.3655913978,"02-2030":0.3626515243,"04-2030":0.3552362562,"06-2030":0.3527131783,"08-2030":0.3521878122,"10-2030":0.3497142397,"12-2030":0.329578344},"percentile_25":{"02-2020":0.0324679898,"04-2020":0.0334689148,"06-2020":0.0328467153,"08-2020":0.0353336881,"10-2020":0.0318408904,"12-2020":0.0296175044,"02-2021":0.0272725491,"04-2021":0.0268045003,"06-2021":0.0228175875,"08-2021":0.0202796216,"10-2021":0.0163495223,"12-2021":0.0140850273,"02-2022":0.0154447009,"04-2022":0.0192341318,"06-2022":0.0190319952,"08-2022":0.020414272,"10-2022":0.0234227923,"12-2022":0.0248848921,"02-2023":0.0324401914,"04-2023":0.0383813307,"06-2023":0.0486122228,"08-2023":0.0526465243,"10-2023":0.0592582468,"12-2023":0.0668262251,"02-2024":0.0805795291,"04-2024":0.093474035,"06-2024":0.1020308576,"08-2024":0.1121856137,"10-2024":0.1353971577,"12-2024":0.1592722437,"02-2025":0.1732347328,"04-2025":0.1948892543,"06-2025":0.2226485823,"08-2025":0.2529462127,"10-2025":0.2710250444,"12-2025":0.3257633006,"02-2026":0.3474428516,"04-2026":0.3677627031,"06-2026":0.3800253991,"08-2026":0.3987417655,"10-2026":0.4001554324,"12-2026":0.4134540117,"02-2027":0.4104127225,"04-2027":0.4239322477,"06-2027":0.4103323558,"08-2027":0.404065231,"10-2027":0.3886940641,"12-2027":0.3634680135,"02-2028":0.3761208804,"04-2028":0.3704726148,"06-2028":0.3366218386,"08-2028":0.3364628349,"10-2028":0.3333364882,"12-2028":0.3384858186,"02-2029":0.3292664144,"04-2029":0.3254360465,"06-2029":0.3234321976,"08-2029":0.3180076628,"10-2029":0.3015559125,"12-2029":0.299072106,"02-2030":0.2921473393,"04-2030":0.296861197,"06-2030":0.3018683274,"08-2030":0.2953575721,"10-2030":0.2884264458,"12-2030":0.2804588128},"percentile_75":{"02-2020":0.1069632353,"04-2020":0.1244814815,"06-2020":0.1481833545,"08-2020":0.1655319935,"10-2020":0.1746253829,"12-2020":0.1787239089,"02-2021":0.1896656139,"04-2021":0.1959804526,"06-2021":0.1942418261,"08-2021":0.1994250452,"10-2021":0.2205808145,"12-2021":0.2598741319,"02-2022":0.3181320755,"04-2022":0.3964848798,"06-2022":0.4677829656,"08-2022":0.5630345464,"10-2022":0.651207051,"12-2022":0.7119846778,"02-2023":0.7255808746,"04-2023":0.7286195264,"06-2023":0.7372183372,"08-2023":0.7280118675,"10-2023":0.7142053973,"12-2023":0.7066825409,"02-2024":0.6883863391,"04-2024":0.6763882711,"06-2024":0.662371718,"08-2024":0.6574310035,"10-2024":0.6454205975,"12-2024":0.6471245682,"02-2025":0.6344271413,"04-2025":0.6337920396,"06-2025":0.6238852802,"08-2025":0.6080932373,"10-2025":0.6096582705,"12-2025":0.5935537789,"02-2026":0.5792283199,"04-2026":0.5580339738,"06-2026":0.5578822464,"08-2026":0.5589923469,"10-2026":0.5595050186,"12-2026":0.5474521108,"02-2027":0.5435624955,"04-2027":0.54647923,"06-2027":0.5438549028,"08-2027":0.5317698777,"10-2027":0.5199006623,"12-2027":0.5065748208,"02-2028":0.4859073359,"04-2028":0.4801740927,"06-2028":0.4768450635,"08-2028":0.4653839976,"10-2028":0.456952435,"12-2028":0.4597770313,"02-2029":0.4491788321,"04-2029":0.4457655587,"06-2029":0.4294217687,"08-2029":0.4313031446,"10-2029":0.4189089457,"12-2029":0.4132258961,"02-2030":0.4090016808,"04-2030":0.4031654375,"06-2030":0.4066399702,"08-2030":0.400177305,"10-2030":0.3969104084,"12-2030":0.3875209298}}