{"median":{"02-2020":0.0520453289,"04-2020":0.0490180978,"06-2020":0.0483754838,"08-2020":0.0457223401,"10-2020":0.0384141882,"12-2020":0.0335825571,"02-2021":0.0296847033,"04-2021":0.0242693362,"06-2021":0.0166770682,"08-2021":0.0118623406,"10-2021":0.0094197109,"12-2021":0.0090367428,"02-2022":0.0109092352,"04-2022":0.0160833762,"06-2022":0.0183150183,"08-2022":0.0218253968,"10-2022":0.0241278145,"12-2022":0.029474027,"02-2023":0.0363988879,"04-2023":0.0415954743,"06-2023":0.0510421336,"08-2023":0.0642471591,"10-2023":0.0700807409,"12-2023":0.085731782,"02-2024":0.1047486426,"04-2024":0.1298065984,"06-2024":0.1553225698,"08-2024":0.1806722689,"10-2024":0.1907824934,"12-2024":0.2433867249,"02-2025":0.2826510858,"04-2025":0.3070695319,"06-2025":0.3679035753,"08-2025":0.3980680662,"10-2025":0.4152953499,"12-2025":0.4579930362,"02-2026":0.4840679181,"04-2026":0.4725318847,"06-2026":0.4783512545,"08-2026":0.4622426666,"10-2026":0.4597163371,"12-2026":0.4536174643,"02-2027":0.4562260042,"04-2027":0.4412288047,"06-2027":0.4491213829,"08-2027":0.4494706682,"10-2027":0.4415913521,"12-2027":0.4202474042,"02-2028":0.402861397,"04-2028":0.4032509158,"06-2028":0.3961892946,"08-2028":0.3838322642,"10-2028":0.3770971244,"12-2028":0.3757498793,"02-2029":0.3663949843,"04-2029":0.3645532806,"06-2029":0.3492074354,"08-2029":0.3492151946,"10-2029":0.3362430682,"12-2029":0.331021968,"02-2030":0.326395521,"04-2030":0.3227028245,"06-2030":0.3197777717,"08-2030":0.3162700535,"10-2030":0.3065948047,"12-2030":0.3069073783},"percentile_25":{"02-2020":0.0314599133,"04-2020":0.0284552846,"06-2020":0.0233033158,"08-2020":0.0211827502,"10-2020":0.0159370079,"12-2020":0.0143124937,"02-2021":0.00759785,"04-2021":0.004,"06-2021":0.0035682511,"08-2021":0.0,"10-2021":0.0,"12-2021":0.0,"02-2022":0.0,"04-2022":0.0,"06-2022":0.0,"08-2022":0.0,"10-2022":0.0,"12-2022":0.0,"02-2023":0.0,"04-2023":0.0,"06-2023":0.0,"08-2023":0.0,"10-2023":0.0,"12-2023":0.0,"02-2024":0.0,"04-2024":0.0,"06-2024":0.0,"08-2024":0.0,"10-2024":0.0,"12-2024":0.0,"02-2025":0.0,"04-2025":0.0,"06-2025":0.0,"08-2025":0.0,"10-2025":0.0,"12-2025":0.0,"02-2026":0.0,"04-2026":0.0,"06-2026":0.0,"08-2026":0.0,"10-2026":0.0,"12-2026":0.0,"02-2027":0.0,"04-2027":0.0,"06-2027":0.0,"08-2027":0.0,"10-2027":0.0,"12-2027":0.0,"02-2028":0.0,"04-2028":0.0,"06-2028":0.0,"08-2028":0.0,"10-2028":0.0,"12-2028":0.0,"02-2029":0.0,"04-2029":0.0,"06-2029":0.0,"08-2029":0.0,"10-2029":0.0,"12-2029":0.0,"02-2030":0.0,"04-2030":0.0,"06-2030":0.0,"08-2030":0.0,"10-2030":0.0,"12-2030":0.0},"percentile_75":{"02-2020":0.0944570519,"04-2020":0.0909967678,"06-2020":0.0957983193,"08-2020":0.0900941268,"10-2020":0.0831170704,"12-2020":0.0711377463,"02-2021":0.0586552714,"04-2021":0.0546748162,"06-2021":0.0554113802,"08-2021":0.05674495,"10-2021":0.0740972222,"12-2021":0.0900725456,"02-2022":0.1201318458,"04-2022":0.1548361458,"06-2022":0.2076923077,"08-2022":0.2707525291,"10-2022":0.3207430282,"12-2022":0.390531197,"02-2023":0.4730059627,"04-2023":0.5608272506,"06-2023":0.6356520838,"08-2023":0.6773679417,"10-2023":0.706197479,"12-2023":0.7129865963,"02-2024":0.718458077,"04-2024":0.695570914,"06-2024":0.6785714286,"08-2024":0.6587307033,"10-2024":0.6577659116,"12-2024":0.6477272727,"02-2025":0.6460965751,"04-2025":0.6312932095,"06-2025":0.6358495592,"08-2025":0.618276072,"10-2025":0.6111601885,"12-2025":0.5994949495,"02-2026":0.5890256764,"04-2026":0.5786961929,"06-2026":0.572070045,"08-2026":0.5645544983,"10-2026":0.5564684908,"12-2026":0.5540180402,"02-2027":0.5500522934,"04-2027":0.5406411713,"06-2027":0.5398963848,"08-2027":0.5144928667,"10-2027":0.5,"12-2027":0.4996263736,"02-2028":0.4875426174,"04-2028":0.4830184614,"06-2028":0.4833501894,"08-2028":0.4663107948,"10-2028":0.4496966664,"12-2028":0.4420291218,"02-2029":0.4410993516,"04-2029":0.4333961142,"06-2029":0.426038209,"08-2029":0.4073290258,"10-2029":0.4088419124,"12-2029":0.3958333333,"02-2030":0.391610245,"04-2030":0.3918648663,"06-2030":0.4012923712,"08-2030":0.393543956,"10-2030":0.3809974747,"12-2030":0.3724064653}}