{"median":{"02-2020":0.0607215153,"04-2020":0.065087375,"06-2020":0.0762178994,"08-2020":0.0824507389,"10-2020":0.0846407336,"12-2020":0.0790491648,"02-2021":0.0760732323,"04-2021":0.0676598137,"06-2021":0.0627143903,"08-2021":0.0500025512,"10-2021":0.0388702367,"12-2021":0.0307130014,"02-2022":0.0234856145,"04-2022":0.0152100051,"06-2022":0.0142350557,"08-2022":0.0109692513,"10-2022":0.0109891584,"12-2022":0.008942518,"02-2023":0.0075189033,"04-2023":0.0090965614,"06-2023":0.0122157007,"08-2023":0.0122877901,"10-2023":0.0120061419,"12-2023":0.0152389748,"02-2024":0.0161251088,"04-2024":0.0240171846,"06-2024":0.0260062477,"08-2024":0.0313067151,"10-2024":0.0382549361,"12-2024":0.0457746479,"02-2025":0.0514908352,"04-2025":0.0576948052,"06-2025":0.0637295441,"08-2025":0.0777923456,"10-2025":0.084639791,"12-2025":0.0978470111,"02-2026":0.1008955457,"04-2026":0.1141012124,"06-2026":0.1315336463,"08-2026":0.1783625731,"10-2026":0.175973473,"12-2026":0.196588694,"02-2027":0.2334995374,"04-2027":0.2660986914,"06-2027":0.3022491349,"08-2027":0.3299484511,"10-2027":0.3573194535,"12-2027":0.3865019872,"02-2028":0.4023259349,"04-2028":0.3920068027,"06-2028":0.3835648148,"08-2028":0.3978284613,"10-2028":0.3700724111,"12-2028":0.3887310854,"02-2029":0.3682035639,"04-2029":0.3585898199,"06-2029":0.358778626,"08-2029":0.3557369239,"10-2029":0.3338682252,"12-2029":0.3264716127,"02-2030":0.3090470894,"04-2030":0.3033061649,"06-2030":0.299825784,"08-2030":0.2892681137,"10-2030":0.289044289,"12-2030":0.2919574561},"percentile_25":{"02-2020":0.0324679898,"04-2020":0.0334689148,"06-2020":0.0328467153,"08-2020":0.0353336881,"10-2020":0.0318408904,"12-2020":0.0296175044,"02-2021":0.0264434587,"04-2021":0.0265316744,"06-2021":0.0189426067,"08-2021":0.0179705303,"10-2021":0.0134775583,"12-2021":0.0075117569,"02-2022":0.00366315,"04-2022":0.003481296,"06-2022":0.0,"08-2022":0.0,"10-2022":0.0,"12-2022":0.0,"02-2023":0.0,"04-2023":0.0,"06-2023":0.0,"08-2023":0.0,"10-2023":0.0,"12-2023":0.0,"02-2024":0.0,"04-2024":0.0,"06-2024":0.0,"08-2024":0.0,"10-2024":0.0,"12-2024":0.0,"02-2025":0.0,"04-2025":0.0,"06-2025":0.0,"08-2025":0.0,"10-2025":0.0,"12-2025":0.0,"02-2026":0.0,"04-2026":0.0,"06-2026":0.0,"08-2026":0.0,"10-2026":0.0,"12-2026":0.0,"02-2027":0.0,"04-2027":0.0,"06-2027":0.0,"08-2027":0.0,"10-2027":0.0,"12-2027":0.0,"02-2028":0.0,"04-2028":0.0,"06-2028":0.0,"08-2028":0.0,"10-2028":0.0,"12-2028":0.0,"02-2029":0.0,"04-2029":0.0,"06-2029":0.0,"08-2029":0.0,"10-2029":0.0,"12-2029":0.0,"02-2030":0.0,"04-2030":0.0,"06-2030":0.0,"08-2030":0.0,"10-2030":0.0,"12-2030":0.0},"percentile_75":{"02-2020":0.1069632353,"04-2020":0.1244814815,"06-2020":0.1481833545,"08-2020":0.1655319935,"10-2020":0.1746253829,"12-2020":0.1787239089,"02-2021":0.1773580015,"04-2021":0.161410239,"06-2021":0.1451725205,"08-2021":0.1187755102,"10-2021":0.0906620553,"12-2021":0.0740451071,"02-2022":0.0598880923,"04-2022":0.0521526063,"06-2022":0.0491856061,"08-2022":0.0580237154,"10-2022":0.0694440433,"12-2022":0.0958243203,"02-2023":0.1289876679,"04-2023":0.1497512234,"06-2023":0.1879765396,"08-2023":0.2217247665,"10-2023":0.2927248463,"12-2023":0.3669458763,"02-2024":0.4719215207,"04-2024":0.5287798218,"06-2024":0.6321008722,"08-2024":0.6581251527,"10-2024":0.6700167112,"12-2024":0.6680039788,"02-2025":0.6694835583,"04-2025":0.6781361244,"06-2025":0.6612556696,"08-2025":0.6555555556,"10-2025":0.646800514,"12-2025":0.6396566431,"02-2026":0.6348694219,"04-2026":0.6198215848,"06-2026":0.6189621637,"08-2026":0.608781362,"10-2026":0.6051038423,"12-2026":0.5994012708,"02-2027":0.5820713827,"04-2027":0.5739299207,"06-2027":0.5686775553,"08-2027":0.56565264,"10-2027":0.5582990876,"12-2027":0.5392717208,"02-2028":0.5204678363,"04-2028":0.5199270406,"06-2028":0.51110684,"08-2028":0.501824891,"10-2028":0.4860846208,"12-2028":0.4781309544,"02-2029":0.4787561576,"04-2029":0.4648379462,"06-2029":0.437729566,"08-2029":0.4397562422,"10-2029":0.439733646,"12-2029":0.4255319149,"02-2030":0.4134113755,"04-2030":0.4050408131,"06-2030":0.4016187471,"08-2030":0.3866026751,"10-2030":0.3857769424,"12-2030":0.3788008067}}