{"median":{"02-2020":0.0520453289,"04-2020":0.0490180978,"06-2020":0.0483754838,"08-2020":0.0457223401,"10-2020":0.0384141882,"12-2020":0.0335825571,"02-2021":0.027722881,"04-2021":0.0223604333,"06-2021":0.0160336739,"08-2021":0.0108167455,"10-2021":0.007194617,"12-2021":0.0037313433,"02-2022":0.0033734583,"04-2022":0.0,"06-2022":0.0,"08-2022":0.0,"10-2022":0.0,"12-2022":0.0,"02-2023":0.0,"04-2023":0.0,"06-2023":0.0,"08-2023":0.0,"10-2023":0.0,"12-2023":0.0,"02-2024":0.0,"04-2024":0.0,"06-2024":0.0,"08-2024":0.0,"10-2024":0.0,"12-2024":0.0,"02-2025":0.0,"04-2025":0.0,"06-2025":0.0,"08-2025":0.0,"10-2025":0.0,"12-2025":0.0,"02-2026":0.0,"04-2026":0.0,"06-2026":0.0,"08-2026":0.0,"10-2026":0.0,"12-2026":0.0,"02-2027":0.0,"04-2027":0.0,"06-2027":0.0,"08-2027":0.0,"10-2027":0.0,"12-2027":0.0,"02-2028":0.0,"04-2028":0.0,"06-2028":0.0,"08-2028":0.0,"10-2028":0.0,"12-2028":0.0,"02-2029":0.0,"04-2029":0.0,"06-2029":0.0,"08-2029":0.0,"10-2029":0.0,"12-2029":0.0,"02-2030":0.0,"04-2030":0.0,"06-2030":0.0,"08-2030":0.0,"10-2030":0.0,"12-2030":0.0},"percentile_25":{"02-2020":0.0314599133,"04-2020":0.0284552846,"06-2020":0.0233033158,"08-2020":0.0211827502,"10-2020":0.0159370079,"12-2020":0.0143124937,"02-2021":0.0076048901,"04-2021":0.006179627,"06-2021":0.0036330698,"08-2021":0.0,"10-2021":0.0,"12-2021":0.0,"02-2022":0.0,"04-2022":0.0,"06-2022":0.0,"08-2022":0.0,"10-2022":0.0,"12-2022":0.0,"02-2023":0.0,"04-2023":0.0,"06-2023":0.0,"08-2023":0.0,"10-2023":0.0,"12-2023":0.0,"02-2024":0.0,"04-2024":0.0,"06-2024":0.0,"08-2024":0.0,"10-2024":0.0,"12-2024":0.0,"02-2025":0.0,"04-2025":0.0,"06-2025":0.0,"08-2025":0.0,"10-2025":0.0,"12-2025":0.0,"02-2026":0.0,"04-2026":0.0,"06-2026":0.0,"08-2026":0.0,"10-2026":0.0,"12-2026":0.0,"02-2027":0.0,"04-2027":0.0,"06-2027":0.0,"08-2027":0.0,"10-2027":0.0,"12-2027":0.0,"02-2028":0.0,"04-2028":0.0,"06-2028":0.0,"08-2028":0.0,"10-2028":0.0,"12-2028":0.0,"02-2029":0.0,"04-2029":0.0,"06-2029":0.0,"08-2029":0.0,"10-2029":0.0,"12-2029":0.0,"02-2030":0.0,"04-2030":0.0,"06-2030":0.0,"08-2030":0.0,"10-2030":0.0,"12-2030":0.0},"percentile_75":{"02-2020":0.0944570519,"04-2020":0.0909967678,"06-2020":0.0957983193,"08-2020":0.0900941268,"10-2020":0.0831170704,"12-2020":0.0711377463,"02-2021":0.0609312326,"04-2021":0.0472440945,"06-2021":0.0399659864,"08-2021":0.0300764729,"10-2021":0.0226678861,"12-2021":0.0170978293,"02-2022":0.0154910307,"04-2022":0.014801454,"06-2022":0.0111940299,"08-2022":0.0109997829,"10-2022":0.0133286287,"12-2022":0.0137354113,"02-2023":0.0142697556,"04-2023":0.0159382518,"06-2023":0.018923751,"08-2023":0.022010994,"10-2023":0.0338652482,"12-2023":0.039955336,"02-2024":0.0498242434,"04-2024":0.0560851927,"06-2024":0.0750835086,"08-2024":0.0891742971,"10-2024":0.106515444,"12-2024":0.1231884058,"02-2025":0.14403834,"04-2025":0.1786877295,"06-2025":0.216937839,"08-2025":0.2465734649,"10-2025":0.2622988506,"12-2025":0.3058023272,"02-2026":0.3322769517,"04-2026":0.3841753212,"06-2026":0.4379563895,"08-2026":0.4823760502,"10-2026":0.4699389133,"12-2026":0.5218809149,"02-2027":0.501635341,"04-2027":0.4798526716,"06-2027":0.4936435882,"08-2027":0.4770469147,"10-2027":0.4743447145,"12-2027":0.4693358426,"02-2028":0.4613646966,"04-2028":0.4488215488,"06-2028":0.4373195876,"08-2028":0.4143127999,"10-2028":0.4110152307,"12-2028":0.4191875707,"02-2029":0.4040941328,"04-2029":0.4112234043,"06-2029":0.3925777594,"08-2029":0.3861635797,"10-2029":0.3794047245,"12-2029":0.350924772,"02-2030":0.3446511542,"04-2030":0.3487168279,"06-2030":0.3447048304,"08-2030":0.3465695489,"10-2030":0.3400091779,"12-2030":0.3424280259}}