{"median":{"02-2008":0.3784050179,"04-2008":0.3777915836,"06-2008":0.3768753898,"08-2008":0.3765182186,"10-2008":0.3711397234,"12-2008":0.3747202348,"02-2009":0.3441991701,"04-2009":0.2937274243,"06-2009":0.2521844845,"08-2009":0.2208817829,"10-2009":0.1924653216,"12-2009":0.178250591,"02-2010":0.1541414141,"04-2010":0.131843402,"06-2010":0.1162253695,"08-2010":0.1058230683,"10-2010":0.1009804218,"12-2010":0.0977633238,"02-2011":0.0888892517,"04-2011":0.0807725322,"06-2011":0.0725430457,"08-2011":0.0687641005,"10-2011":0.0658608152,"12-2011":0.0651340996,"02-2012":0.0618719495,"04-2012":0.0577717737,"06-2012":0.0539863253,"08-2012":0.0536663713,"10-2012":0.0567491719,"12-2012":0.0565627564,"02-2013":0.0498004801,"04-2013":0.0473120468,"06-2013":0.0431589197,"08-2013":0.0450827244,"10-2013":0.0440588235,"12-2013":0.0442657728,"02-2014":0.0409836066,"04-2014":0.0401612903,"06-2014":0.0386883381,"08-2014":0.0370376643,"10-2014":0.0367159708,"12-2014":0.0412880509,"02-2015":0.039370689,"04-2015":0.0383318834,"06-2015":0.0394135009,"08-2015":0.038578869,"10-2015":0.0407333665,"12-2015":0.0396808358,"02-2016":0.0387959866,"04-2016":0.0384615385,"06-2016":0.038544074,"08-2016":0.0444144914,"10-2016":0.0429361488,"12-2016":0.0475249388,"02-2017":0.0485324758,"04-2017":0.0465419641,"06-2017":0.0461545289,"08-2017":0.0479784565,"10-2017":0.052000832,"12-2017":0.0552373541,"02-2018":0.0510223048,"04-2018":0.0453610176,"06-2018":0.0467125126,"08-2018":0.0504437108,"10-2018":0.0517961173,"12-2018":0.057661252,"02-2019":0.0570885388,"04-2019":0.0569723948,"06-2019":0.0538330988,"08-2019":0.0521417078,"10-2019":0.0552503053,"12-2019":0.0601045296},"percentile_25":{"02-2008":0.2945360195,"04-2008":0.293,"06-2008":0.3004838299,"08-2008":0.2900397167,"10-2008":0.3034361472,"12-2008":0.3067046619,"02-2009":0.2797293474,"04-2009":0.2475714447,"06-2009":0.1991803279,"08-2009":0.1663135593,"10-2009":0.149151099,"12-2009":0.1351418297,"02-2010":0.1180093812,"04-2010":0.102147906,"06-2010":0.0872604228,"08-2010":0.0782720526,"10-2010":0.0717596995,"12-2010":0.0636886389,"02-2011":0.0589481489,"04-2011":0.0499521073,"06-2011":0.0443548387,"08-2011":0.0414083978,"10-2011":0.04056845,"12-2011":0.0381355932,"02-2012":0.0369241192,"04-2012":0.0336134454,"06-2012":0.0294435654,"08-2012":0.0285728451,"10-2012":0.0269526108,"12-2012":0.0280287818,"02-2013":0.0278897638,"04-2013":0.0237165179,"06-2013":0.0207902893,"08-2013":0.0198230515,"10-2013":0.0174868991,"12-2013":0.0206622068,"02-2014":0.0198022122,"04-2014":0.0207902893,"06-2014":0.0173724826,"08-2014":0.0176033406,"10-2014":0.0197240952,"12-2014":0.0164950549,"02-2015":0.0155642023,"04-2015":0.0149956676,"06-2015":0.0123725368,"08-2015":0.0124879964,"10-2015":0.0125,"12-2015":0.0146343968,"02-2016":0.0123966942,"04-2016":0.0132732104,"06-2016":0.0151434075,"08-2016":0.0163099386,"10-2016":0.018089898,"12-2016":0.0195530516,"02-2017":0.0199787509,"04-2017":0.0175174338,"06-2017":0.0178684951,"08-2017":0.0161128385,"10-2017":0.0163767146,"12-2017":0.0166339339,"02-2018":0.0157807309,"04-2018":0.0159544428,"06-2018":0.0157480315,"08-2018":0.0199005565,"10-2018":0.0217881645,"12-2018":0.0268210956,"02-2019":0.0288422547,"04-2019":0.0269752511,"06-2019":0.0278359375,"08-2019":0.0285714286,"10-2019":0.0316835396,"12-2019":0.0320328935},"percentile_75":{"02-2008":0.4434533552,"04-2008":0.4448002009,"06-2008":0.4469975053,"08-2008":0.4412390682,"10-2008":0.445961605,"12-2008":0.4341298525,"02-2009":0.3917575171,"04-2009":0.3406845131,"06-2009":0.2924691358,"08-2009":0.2559100519,"10-2009":0.2429149798,"12-2009":0.2224974513,"02-2010":0.2032696759,"04-2010":0.1771778132,"06-2010":0.1527994792,"08-2010":0.1389526542,"10-2010":0.1382739212,"12-2010":0.1406511628,"02-2011":0.1301413668,"04-2011":0.1203694446,"06-2011":0.110130719,"08-2011":0.1037344398,"10-2011":0.1084261603,"12-2011":0.1123894783,"02-2012":0.1085425764,"04-2012":0.0947351828,"06-2012":0.0932049419,"08-2012":0.0946724844,"10-2012":0.0954356846,"12-2012":0.0987124464,"02-2013":0.0920438346,"04-2013":0.0839927033,"06-2013":0.0806966369,"08-2013":0.0825401109,"10-2013":0.082276547,"12-2013":0.0851246059,"02-2014":0.0822199673,"04-2014":0.0754726974,"06-2014":0.074577769,"08-2014":0.0754155436,"10-2014":0.0787932349,"12-2014":0.0831804856,"02-2015":0.0839028501,"04-2015":0.0816742081,"06-2015":0.0810215193,"08-2015":0.0854127158,"10-2015":0.0905536898,"12-2015":0.10170044,"02-2016":0.0969390644,"04-2016":0.0907885858,"06-2016":0.0876164119,"08-2016":0.0849044609,"10-2016":0.0819452037,"12-2016":0.0852582878,"02-2017":0.0868401299,"04-2017":0.0866997604,"06-2017":0.0909090909,"08-2017":0.0928358038,"10-2017":0.0997126437,"12-2017":0.1089008825,"02-2018":0.1068771763,"04-2018":0.1063827191,"06-2018":0.1023926812,"08-2018":0.1015399183,"10-2018":0.0980595517,"12-2018":0.0986727967,"02-2019":0.0967155125,"04-2019":0.0918423695,"06-2019":0.0880149662,"08-2019":0.0861009045,"10-2019":0.0958383669,"12-2019":0.1038000826}}