{"median":{"02-2007":0.3767765823,"04-2007":0.3854407395,"06-2007":0.3870967742,"08-2007":0.3783248018,"10-2007":0.3836290997,"12-2007":0.3834536474,"02-2008":0.3447507428,"04-2008":0.3049130763,"06-2008":0.2494813278,"08-2008":0.2178096345,"10-2008":0.2014788694,"12-2008":0.1833001328,"02-2009":0.1582180501,"04-2009":0.1328103448,"06-2009":0.1194317381,"08-2009":0.1091305786,"10-2009":0.1010204082,"12-2009":0.1011844758,"02-2010":0.0905673274,"04-2010":0.0827809452,"06-2010":0.076407967,"08-2010":0.0742456823,"10-2010":0.0718819281,"12-2010":0.0707271885,"02-2011":0.0668061367,"04-2011":0.0618957828,"06-2011":0.0579265096,"08-2011":0.057943477,"10-2011":0.0585784314,"12-2011":0.0582285225,"02-2012":0.0520668624,"04-2012":0.0488260791,"06-2012":0.046121796,"08-2012":0.0476921364,"10-2012":0.0485901639,"12-2012":0.0499831868,"02-2013":0.0486817419,"04-2013":0.0473289438,"06-2013":0.0449385776,"08-2013":0.0432421996,"10-2013":0.0431203516,"12-2013":0.0444719101,"02-2014":0.0450827244,"04-2014":0.0418330496,"06-2014":0.0415971938,"08-2014":0.042904717,"10-2014":0.050210084,"12-2014":0.0514346764,"02-2015":0.0480581375,"04-2015":0.0466442511,"06-2015":0.0476197975,"08-2015":0.0496837445,"10-2015":0.0536469345,"12-2015":0.0549996897,"02-2016":0.056645149,"04-2016":0.0565021849,"06-2016":0.0568009744,"08-2016":0.057661252,"10-2016":0.062345679,"12-2016":0.0668131255,"02-2017":0.0632586368,"04-2017":0.0598441074,"06-2017":0.0631416326,"08-2017":0.0645774562,"10-2017":0.0680909091,"12-2017":0.0739513639,"02-2018":0.0738821809,"04-2018":0.0705406336,"06-2018":0.0696707352,"08-2018":0.0716991342,"10-2018":0.073403838,"12-2018":0.0740020176,"02-2019":0.0714285714,"04-2019":0.0665436654,"06-2019":0.0654791929,"08-2019":0.0681616493,"10-2019":0.0770715771,"12-2019":0.0817243473},"percentile_25":{"02-2007":0.3216979486,"04-2007":0.3215336134,"06-2007":0.3272658408,"08-2007":0.316008316,"10-2007":0.317687747,"12-2007":0.3093629344,"02-2008":0.282304125,"04-2008":0.2497222222,"06-2008":0.2159555815,"08-2008":0.1846483129,"10-2008":0.1577911314,"12-2008":0.1437928883,"02-2009":0.1199159894,"04-2009":0.0998015873,"06-2009":0.0857081857,"08-2009":0.0762162574,"10-2009":0.067444968,"12-2009":0.0627479705,"02-2010":0.0594155844,"04-2010":0.0527920411,"06-2010":0.0499521073,"08-2010":0.0448070726,"10-2010":0.0411958172,"12-2010":0.0403105208,"02-2011":0.0352425181,"04-2011":0.0342738002,"06-2011":0.029629729,"08-2011":0.0321285141,"10-2011":0.0298198637,"12-2011":0.0290178571,"02-2012":0.0261860436,"04-2012":0.0236975176,"06-2012":0.0236231371,"08-2012":0.0224802372,"10-2012":0.0217719246,"12-2012":0.0221014493,"02-2013":0.0216056714,"04-2013":0.0195135747,"06-2013":0.0162601626,"08-2013":0.016464197,"10-2013":0.0167717087,"12-2013":0.0159852006,"02-2014":0.0170046132,"04-2014":0.0157509158,"06-2014":0.0128481417,"08-2014":0.0140243709,"10-2014":0.0153263403,"12-2014":0.0192780671,"02-2015":0.0191785957,"04-2015":0.017075832,"06-2015":0.0167565885,"08-2015":0.0197637649,"10-2015":0.0233236811,"12-2015":0.0223880597,"02-2016":0.0227799388,"04-2016":0.0199005565,"06-2016":0.0227706435,"08-2016":0.023977801,"10-2016":0.0272398735,"12-2016":0.027082008,"02-2017":0.0275052288,"04-2017":0.0262424183,"06-2017":0.0254444444,"08-2017":0.0271847723,"10-2017":0.0290766461,"12-2017":0.0338983051,"02-2018":0.0351915185,"04-2018":0.033,"06-2018":0.0314374227,"08-2018":0.031527915,"10-2018":0.0310794214,"12-2018":0.0369241192,"02-2019":0.0336764213,"04-2019":0.0336833769,"06-2019":0.0299142367,"08-2019":0.0305396096,"10-2019":0.0319438875,"12-2019":0.035750698},"percentile_75":{"02-2007":0.453432282,"04-2007":0.4511383393,"06-2007":0.448,"08-2007":0.448621072,"10-2007":0.4487066256,"12-2007":0.4396998855,"02-2008":0.3920603448,"04-2008":0.3375801414,"06-2008":0.2913527548,"08-2008":0.2575293914,"10-2008":0.2360128755,"12-2008":0.2145760743,"02-2009":0.1951675925,"04-2009":0.1660033611,"06-2009":0.151589295,"08-2009":0.1405779367,"10-2009":0.1405927894,"12-2009":0.1408608991,"02-2010":0.1287634933,"04-2010":0.1207377049,"06-2010":0.1100209254,"08-2010":0.1087715985,"10-2010":0.1116734143,"12-2010":0.1158725869,"02-2011":0.1092436975,"04-2011":0.1021453663,"06-2011":0.0950905155,"08-2011":0.0954238067,"10-2011":0.0971988726,"12-2011":0.0952874926,"02-2012":0.0921092437,"04-2012":0.0848143828,"06-2012":0.0838579027,"08-2012":0.0852583587,"10-2012":0.0849065554,"12-2012":0.0918443696,"02-2013":0.0941308362,"04-2013":0.0873284073,"06-2013":0.0861980649,"08-2013":0.0868218571,"10-2013":0.0917148424,"12-2013":0.095481146,"02-2014":0.0943709637,"04-2014":0.0928122656,"06-2014":0.0897688317,"08-2014":0.0906998739,"10-2014":0.0911943705,"12-2014":0.1021694862,"02-2015":0.0936485988,"04-2015":0.0963647959,"06-2015":0.0967712656,"08-2015":0.0981946625,"10-2015":0.1138533598,"12-2015":0.1171658986,"02-2016":0.1089816572,"04-2016":0.1095446951,"06-2016":0.106197479,"08-2016":0.1058823529,"10-2016":0.1179120879,"12-2016":0.1345138925,"02-2017":0.1341328413,"04-2017":0.1279133384,"06-2017":0.1229463993,"08-2017":0.1281066211,"10-2017":0.1424088464,"12-2017":0.1414995364,"02-2018":0.142550345,"04-2018":0.1337131158,"06-2018":0.1353977891,"08-2018":0.1421784128,"10-2018":0.149522149,"12-2018":0.1630989352,"02-2019":0.1665451086,"04-2019":0.1606945816,"06-2019":0.1609732186,"08-2019":0.156195022,"10-2019":0.1627246144,"12-2019":0.1733077944}}