{"median":{"02-2013":0.3640215716,"04-2013":0.365511691,"06-2013":0.3729114453,"08-2013":0.3714609475,"10-2013":0.3662033898,"12-2013":0.3752338992,"02-2014":0.3353658537,"04-2014":0.2929551426,"06-2014":0.2469287469,"08-2014":0.218642539,"10-2014":0.1960769231,"12-2014":0.1766829475,"02-2015":0.1506802096,"04-2015":0.1292220114,"06-2015":0.1108834244,"08-2015":0.1019237884,"10-2015":0.0982220161,"12-2015":0.0945619776,"02-2016":0.0912953274,"04-2016":0.0792107162,"06-2016":0.0711536469,"08-2016":0.0681880342,"10-2016":0.0674157303,"12-2016":0.06387251,"02-2017":0.0584233091,"04-2017":0.0531544958,"06-2017":0.0514283292,"08-2017":0.0522065208,"10-2017":0.0503964313,"12-2017":0.0512820513,"02-2018":0.0492113761,"04-2018":0.0456280361,"06-2018":0.0431967458,"08-2018":0.0416666667,"10-2018":0.0417856916,"12-2018":0.0420894128,"02-2019":0.0391390931,"04-2019":0.0368112014,"06-2019":0.0378471393,"08-2019":0.0350111086,"10-2019":0.0357142857,"12-2019":0.0354380145},"percentile_25":{"02-2013":0.2978643967,"04-2013":0.2937976768,"06-2013":0.2966657569,"08-2013":0.2882337496,"10-2013":0.2922970052,"12-2013":0.2932023432,"02-2014":0.267798913,"04-2014":0.2371022179,"06-2014":0.2042608696,"08-2014":0.1712264073,"10-2014":0.1476120833,"12-2014":0.1277704696,"02-2015":0.1087013629,"04-2015":0.0894783461,"06-2015":0.0762033898,"08-2015":0.0688747228,"10-2015":0.0677364017,"12-2015":0.0653428094,"02-2016":0.0604743083,"04-2016":0.0563909774,"06-2016":0.0496550044,"08-2016":0.044534413,"10-2016":0.0419248052,"12-2016":0.0389484057,"02-2017":0.035225452,"04-2017":0.0337552743,"06-2017":0.0305053261,"08-2017":0.029688799,"10-2017":0.0281693548,"12-2017":0.0279721116,"02-2018":0.0269752511,"04-2018":0.0248228745,"06-2018":0.0245650719,"08-2018":0.0224482667,"10-2018":0.023952381,"12-2018":0.0231889869,"02-2019":0.020811722,"04-2019":0.0209003354,"06-2019":0.0195321372,"08-2019":0.0194176945,"10-2019":0.0199203187,"12-2019":0.0217439786},"percentile_75":{"02-2013":0.4218194609,"04-2013":0.4247828185,"06-2013":0.4300376268,"08-2013":0.433322848,"10-2013":0.4390722143,"12-2013":0.4296527778,"02-2014":0.3886639676,"04-2014":0.3392850698,"06-2014":0.2859911406,"08-2014":0.2529589002,"10-2014":0.2293695304,"12-2014":0.2167948802,"02-2015":0.1894720923,"04-2015":0.1666666667,"06-2015":0.1470035906,"08-2015":0.1425800233,"10-2015":0.1355083542,"12-2015":0.132875504,"02-2016":0.1301413668,"04-2016":0.1182436941,"06-2016":0.1095348261,"08-2016":0.1001046025,"10-2016":0.0988255008,"12-2016":0.0958390805,"02-2017":0.0920923695,"04-2017":0.0834163347,"06-2017":0.0787438481,"08-2017":0.0764056571,"10-2017":0.0783270147,"12-2017":0.0844285714,"02-2018":0.0770800628,"04-2018":0.0722692308,"06-2018":0.0693411097,"08-2018":0.0670635107,"10-2018":0.0674394349,"12-2018":0.06758755,"02-2019":0.0622894931,"04-2019":0.0589397814,"06-2019":0.0574967825,"08-2019":0.0600214592,"10-2019":0.0609334989,"12-2019":0.0640666724}}