{"median":{"02-2020":0.0554530545,"04-2020":0.0537825811,"06-2020":0.0501814955,"08-2020":0.0527353726,"10-2020":0.0578763518,"12-2020":0.0595238095,"02-2021":0.0526315789,"04-2021":0.0508302583,"06-2021":0.0467261905,"08-2021":0.0479784565,"10-2021":0.0511590229,"12-2021":0.0501937984,"02-2022":0.0476919042,"04-2022":0.0475249388,"06-2022":0.0479940694,"08-2022":0.0483228002,"10-2022":0.0553875082,"12-2022":0.055646445,"02-2023":0.0538865312,"04-2023":0.0539979814,"06-2023":0.0487847809,"08-2023":0.0501997853,"10-2023":0.0547964092,"12-2023":0.0581526331,"02-2024":0.0554854583,"04-2024":0.0508394,"06-2024":0.0525395657,"08-2024":0.0491710726,"10-2024":0.0549058296,"12-2024":0.058141844,"02-2025":0.0574788584,"04-2025":0.0545827633,"06-2025":0.054369137,"08-2025":0.0588235294,"10-2025":0.0647008126,"12-2025":0.0674179675,"02-2026":0.0674242424,"04-2026":0.0655108405,"06-2026":0.0624319523,"08-2026":0.061091326,"10-2026":0.0641576291,"12-2026":0.0632048872,"02-2027":0.0655757286,"04-2027":0.0588267099,"06-2027":0.0628725731,"08-2027":0.0715394285,"10-2027":0.0724145143,"12-2027":0.082750362,"02-2028":0.0879125702,"04-2028":0.0913136158,"06-2028":0.0978824335,"08-2028":0.0950133645,"10-2028":0.102957105,"12-2028":0.1164411644,"02-2029":0.1203570477,"04-2029":0.1170053476,"06-2029":0.1201208178,"08-2029":0.1292743308,"10-2029":0.1457507796,"12-2029":0.1495779221,"02-2030":0.1660539216,"04-2030":0.1871604757,"06-2030":0.1989331096,"08-2030":0.2455640412,"10-2030":0.3012110016,"12-2030":0.3697180024},"percentile_25":{"02-2020":0.029629729,"04-2020":0.0292581939,"06-2020":0.0260844262,"08-2020":0.0250832392,"10-2020":0.025,"12-2020":0.0248962656,"02-2021":0.0238365759,"04-2021":0.0200589742,"06-2021":0.0168785311,"08-2021":0.0163934426,"10-2021":0.0151105478,"12-2021":0.0121225319,"02-2022":0.0118115686,"04-2022":0.008316967,"06-2022":0.007664165,"08-2022":0.0081620509,"10-2022":0.008131668,"12-2022":0.0075521806,"02-2023":0.0042630134,"04-2023":0.0040160643,"06-2023":0.004048583,"08-2023":0.0040322581,"10-2023":0.0039761901,"12-2023":0.0039328358,"02-2024":0.0025510204,"04-2024":0.0,"06-2024":0.0,"08-2024":0.0,"10-2024":0.0,"12-2024":0.0,"02-2025":0.0,"04-2025":0.0,"06-2025":0.0,"08-2025":0.0,"10-2025":0.0,"12-2025":0.0,"02-2026":0.0,"04-2026":0.0,"06-2026":0.0,"08-2026":0.0,"10-2026":0.0,"12-2026":0.0,"02-2027":0.0,"04-2027":0.0,"06-2027":0.0,"08-2027":0.0,"10-2027":0.0,"12-2027":0.0,"02-2028":0.0,"04-2028":0.0,"06-2028":0.0,"08-2028":0.0,"10-2028":0.0,"12-2028":0.0,"02-2029":0.0,"04-2029":0.0,"06-2029":0.0,"08-2029":0.0,"10-2029":0.0,"12-2029":0.0,"02-2030":0.0,"04-2030":0.0,"06-2030":0.0,"08-2030":0.0,"10-2030":0.0,"12-2030":0.0},"percentile_75":{"02-2020":0.0884222333,"04-2020":0.0875578168,"06-2020":0.0863523098,"08-2020":0.092201347,"10-2020":0.096482705,"12-2020":0.1130410531,"02-2021":0.1143184459,"04-2021":0.1063405677,"06-2021":0.1060655969,"08-2021":0.1121147839,"10-2021":0.1091193958,"12-2021":0.1345253299,"02-2022":0.1283426874,"04-2022":0.1256670311,"06-2022":0.1289958096,"08-2022":0.1352280869,"10-2022":0.1440746753,"12-2022":0.1553635785,"02-2023":0.1537682863,"04-2023":0.1524163569,"06-2023":0.1466875786,"08-2023":0.1559953829,"10-2023":0.163916122,"12-2023":0.1919225491,"02-2024":0.1893964159,"04-2024":0.193634917,"06-2024":0.2011409483,"08-2024":0.2060040864,"10-2024":0.2204550113,"12-2024":0.2367169946,"02-2025":0.2421407487,"04-2025":0.2300914256,"06-2025":0.2408896328,"08-2025":0.2560637787,"10-2025":0.2805989583,"12-2025":0.2827800268,"02-2026":0.2626924545,"04-2026":0.2537268351,"06-2026":0.2585847158,"08-2026":0.2643239223,"10-2026":0.2725245499,"12-2026":0.2961334846,"02-2027":0.3121681689,"04-2027":0.2885706545,"06-2027":0.2741325505,"08-2027":0.282967033,"10-2027":0.2766639936,"12-2027":0.3100971311,"02-2028":0.2993908011,"04-2028":0.2887018043,"06-2028":0.2796737318,"08-2028":0.2871489621,"10-2028":0.3020709641,"12-2028":0.3288658474,"02-2029":0.3261058675,"04-2029":0.3083225249,"06-2029":0.2977443609,"08-2029":0.2972222222,"10-2029":0.3058699353,"12-2029":0.3408079988,"02-2030":0.3844259189,"04-2030":0.4388789747,"06-2030":0.5,"08-2030":0.5789377289,"10-2030":0.619142389,"12-2030":0.6571426027}}