{"median":{"02-2020":0.0554530545,"04-2020":0.0537825811,"06-2020":0.0501814955,"08-2020":0.0527353726,"10-2020":0.0578763518,"12-2020":0.0595238095,"02-2021":0.0526315789,"04-2021":0.0508302583,"06-2021":0.0467261905,"08-2021":0.0479784565,"10-2021":0.0511590229,"12-2021":0.0501937984,"02-2022":0.0476919042,"04-2022":0.0475249388,"06-2022":0.0479940694,"08-2022":0.0483228002,"10-2022":0.0553875082,"12-2022":0.055646445,"02-2023":0.0631355311,"04-2023":0.0669301713,"06-2023":0.0736199398,"08-2023":0.0873713906,"10-2023":0.1025067345,"12-2023":0.1318151545,"02-2024":0.1627886003,"04-2024":0.1893333542,"06-2024":0.2459583748,"08-2024":0.2865952613,"10-2024":0.3105796165,"12-2024":0.3570789599,"02-2025":0.4065618706,"04-2025":0.4772727273,"06-2025":0.5274873257,"08-2025":0.564012162,"10-2025":0.5667595503,"12-2025":0.5658612144,"02-2026":0.5716864295,"04-2026":0.5674028033,"06-2026":0.5786474164,"08-2026":0.5768587173,"10-2026":0.5755747722,"12-2026":0.5686331924,"02-2027":0.560075188,"04-2027":0.5494989223,"06-2027":0.5326241135,"08-2027":0.5273504274,"10-2027":0.512274807,"12-2027":0.5081206648,"02-2028":0.5038115942,"04-2028":0.4980468452,"06-2028":0.4826148268,"08-2028":0.476702509,"10-2028":0.4730357792,"12-2028":0.474245755,"02-2029":0.4622867405,"04-2029":0.4525547445,"06-2029":0.4500907998,"08-2029":0.4336611456,"10-2029":0.4251872322,"12-2029":0.42984375,"02-2030":0.4219061048,"04-2030":0.4244447896,"06-2030":0.4160539216,"08-2030":0.4169664269,"10-2030":0.4093727348,"12-2030":0.4007362893},"percentile_25":{"02-2020":0.029629729,"04-2020":0.0292581939,"06-2020":0.0260844262,"08-2020":0.0250832392,"10-2020":0.025,"12-2020":0.0248962656,"02-2021":0.0238365759,"04-2021":0.0200589742,"06-2021":0.0168785311,"08-2021":0.0163934426,"10-2021":0.0151105478,"12-2021":0.0121225319,"02-2022":0.0118115686,"04-2022":0.008316967,"06-2022":0.007664165,"08-2022":0.0081620509,"10-2022":0.008131668,"12-2022":0.0075521806,"02-2023":0.0072402597,"04-2023":0.0040650407,"06-2023":0.0040609262,"08-2023":0.004016257,"10-2023":0.0040120482,"12-2023":0.0037917565,"02-2024":0.0026223776,"04-2024":0.0026041667,"06-2024":0.0042467532,"08-2024":0.0077745604,"10-2024":0.0107146928,"12-2024":0.0112995548,"02-2025":0.0104360913,"04-2025":0.0141964834,"06-2025":0.0253548196,"08-2025":0.0246971596,"10-2025":0.034772763,"12-2025":0.0383241887,"02-2026":0.0477950494,"04-2026":0.0523626553,"06-2026":0.0542158722,"08-2026":0.0576794077,"10-2026":0.0605697943,"12-2026":0.0636359662,"02-2027":0.0671875,"04-2027":0.0695958647,"06-2027":0.0801184009,"08-2027":0.0947760695,"10-2027":0.1140367414,"12-2027":0.1368468318,"02-2028":0.1483742951,"04-2028":0.1784386617,"06-2028":0.1943920335,"08-2028":0.2449036455,"10-2028":0.286739438,"12-2028":0.3306358597,"02-2029":0.3389554887,"04-2029":0.3301800686,"06-2029":0.3369264694,"08-2029":0.3174873737,"10-2029":0.3187152099,"12-2029":0.3200512038,"02-2030":0.3098465,"04-2030":0.3117869504,"06-2030":0.2871408261,"08-2030":0.2998543124,"10-2030":0.2820322793,"12-2030":0.3003938417},"percentile_75":{"02-2020":0.0884222333,"04-2020":0.0875578168,"06-2020":0.0863523098,"08-2020":0.092201347,"10-2020":0.096482705,"12-2020":0.1130410531,"02-2021":0.1143184459,"04-2021":0.1063405677,"06-2021":0.1060655969,"08-2021":0.1121147839,"10-2021":0.1091193958,"12-2021":0.1345253299,"02-2022":0.1283426874,"04-2022":0.1256670311,"06-2022":0.1289958096,"08-2022":0.1352280869,"10-2022":0.1440746753,"12-2022":0.1553635785,"02-2023":0.1619416188,"04-2023":0.1933166249,"06-2023":0.2467039514,"08-2023":0.2948363556,"10-2023":0.3492154299,"12-2023":0.4235986346,"02-2024":0.5082819377,"04-2024":0.5830920206,"06-2024":0.648601626,"08-2024":0.6967320261,"10-2024":0.6919837646,"12-2024":0.6906049407,"02-2025":0.695295203,"04-2025":0.6937818767,"06-2025":0.6823315991,"08-2025":0.6717062312,"10-2025":0.6694669366,"12-2025":0.6608654655,"02-2026":0.6603949592,"04-2026":0.6492316785,"06-2026":0.65,"08-2026":0.6444494585,"10-2026":0.646696409,"12-2026":0.6354884105,"02-2027":0.6300496405,"04-2027":0.6212383223,"06-2027":0.605646377,"08-2027":0.5942644312,"10-2027":0.5865285908,"12-2027":0.5833367884,"02-2028":0.5743812588,"04-2028":0.5689915459,"06-2028":0.5594985099,"08-2028":0.5500971251,"10-2028":0.5388622807,"12-2028":0.5318623737,"02-2029":0.5219098278,"04-2029":0.5186607573,"06-2029":0.5036235749,"08-2029":0.4910835887,"10-2029":0.4973591549,"12-2029":0.4893807208,"02-2030":0.4801799878,"04-2030":0.4731770572,"06-2030":0.4619550342,"08-2030":0.458500933,"10-2030":0.4641353274,"12-2030":0.4518772938}}