{"median":{"02-2020":0.0554530545,"04-2020":0.0537825811,"06-2020":0.0501814955,"08-2020":0.0527353726,"10-2020":0.0578763518,"12-2020":0.0595238095,"02-2021":0.0526315789,"04-2021":0.0508302583,"06-2021":0.0467261905,"08-2021":0.0479784565,"10-2021":0.0511590229,"12-2021":0.0501937984,"02-2022":0.0476919042,"04-2022":0.0475249388,"06-2022":0.0479940694,"08-2022":0.0483228002,"10-2022":0.0553875082,"12-2022":0.055646445,"02-2023":0.0538865312,"04-2023":0.0539979814,"06-2023":0.0487847809,"08-2023":0.0501997853,"10-2023":0.0547964092,"12-2023":0.0581526331,"02-2024":0.0636713051,"04-2024":0.0640834013,"06-2024":0.0713110668,"08-2024":0.0947559329,"10-2024":0.1151930894,"12-2024":0.1259110759,"02-2025":0.164099949,"04-2025":0.1798556092,"06-2025":0.2061624147,"08-2025":0.2505230126,"10-2025":0.2771016271,"12-2025":0.3253968254,"02-2026":0.4038745777,"04-2026":0.4960529055,"06-2026":0.5521580583,"08-2026":0.5237889398,"10-2026":0.5578067766,"12-2026":0.5708975472,"02-2027":0.5779688636,"04-2027":0.5673333333,"06-2027":0.5636243386,"08-2027":0.5501446981,"10-2027":0.5406277545,"12-2027":0.5457875458,"02-2028":0.527479605,"04-2028":0.5313613593,"06-2028":0.5193220339,"08-2028":0.5061467387,"10-2028":0.4944382647,"12-2028":0.4999743013,"02-2029":0.4872486854,"04-2029":0.481608698,"06-2029":0.4775423549,"08-2029":0.4663876093,"10-2029":0.4652447552,"12-2029":0.4534396699,"02-2030":0.4409197315,"04-2030":0.4419006881,"06-2030":0.442836818,"08-2030":0.4327514241,"10-2030":0.4191073376,"12-2030":0.4112695583},"percentile_25":{"02-2020":0.029629729,"04-2020":0.0292581939,"06-2020":0.0260844262,"08-2020":0.0250832392,"10-2020":0.025,"12-2020":0.0248962656,"02-2021":0.0238365759,"04-2021":0.0200589742,"06-2021":0.0168785311,"08-2021":0.0163934426,"10-2021":0.0151105478,"12-2021":0.0121225319,"02-2022":0.0118115686,"04-2022":0.008316967,"06-2022":0.007664165,"08-2022":0.0081620509,"10-2022":0.008131668,"12-2022":0.0075521806,"02-2023":0.0042630134,"04-2023":0.0040160643,"06-2023":0.004048583,"08-2023":0.0040322581,"10-2023":0.0039761901,"12-2023":0.0039328358,"02-2024":0.0,"04-2024":0.0,"06-2024":0.0,"08-2024":0.0,"10-2024":0.0,"12-2024":0.0,"02-2025":0.0,"04-2025":0.0,"06-2025":0.0,"08-2025":0.0,"10-2025":0.0,"12-2025":0.0,"02-2026":0.0,"04-2026":0.0,"06-2026":0.0,"08-2026":0.0,"10-2026":0.0,"12-2026":0.0,"02-2027":0.0,"04-2027":0.0,"06-2027":0.0,"08-2027":0.0,"10-2027":0.0,"12-2027":0.0,"02-2028":0.0,"04-2028":0.0,"06-2028":0.0,"08-2028":0.0,"10-2028":0.0,"12-2028":0.0,"02-2029":0.0,"04-2029":0.0,"06-2029":0.0,"08-2029":0.0,"10-2029":0.0,"12-2029":0.0026315789,"02-2030":0.0053003534,"04-2030":0.0052816901,"06-2030":0.0051724138,"08-2030":0.0051903114,"10-2030":0.0052264808,"12-2030":0.0079787234},"percentile_75":{"02-2020":0.0884222333,"04-2020":0.0875578168,"06-2020":0.0863523098,"08-2020":0.092201347,"10-2020":0.096482705,"12-2020":0.1130410531,"02-2021":0.1143184459,"04-2021":0.1063405677,"06-2021":0.1060655969,"08-2021":0.1121147839,"10-2021":0.1091193958,"12-2021":0.1345253299,"02-2022":0.1283426874,"04-2022":0.1256670311,"06-2022":0.1289958096,"08-2022":0.1352280869,"10-2022":0.1440746753,"12-2022":0.1553635785,"02-2023":0.1537682863,"04-2023":0.1524163569,"06-2023":0.1466875786,"08-2023":0.1559953829,"10-2023":0.163916122,"12-2023":0.1919225491,"02-2024":0.2054095538,"04-2024":0.2394476875,"06-2024":0.3035618719,"08-2024":0.3584768492,"10-2024":0.4385001702,"12-2024":0.5037593985,"02-2025":0.5982142857,"04-2025":0.6761799025,"06-2025":0.7175606641,"08-2025":0.6925292018,"10-2025":0.6887666286,"12-2025":0.6875394156,"02-2026":0.6786702688,"04-2026":0.6782758137,"06-2026":0.6702615138,"08-2026":0.6650986141,"10-2026":0.6703666217,"12-2026":0.6618336014,"02-2027":0.6584210526,"04-2027":0.6318734793,"06-2027":0.6283373998,"08-2027":0.6325255648,"10-2027":0.6310359965,"12-2027":0.618909695,"02-2028":0.6257841706,"04-2028":0.6229024548,"06-2028":0.607034597,"08-2028":0.5844155844,"10-2028":0.5723691756,"12-2028":0.5592259226,"02-2029":0.5658716355,"04-2029":0.5527732709,"06-2029":0.5447994987,"08-2029":0.5403253618,"10-2029":0.5248264952,"12-2029":0.5311827957,"02-2030":0.5126816625,"04-2030":0.5101102941,"06-2030":0.5042776907,"08-2030":0.4963257576,"10-2030":0.4832065702,"12-2030":0.4674509478}}