{"median":{"02-2020":0.0554530545,"04-2020":0.0537825811,"06-2020":0.0501814955,"08-2020":0.0527353726,"10-2020":0.0578763518,"12-2020":0.0595238095,"02-2021":0.0526315789,"04-2021":0.0508302583,"06-2021":0.0467261905,"08-2021":0.0479784565,"10-2021":0.0511590229,"12-2021":0.0501937984,"02-2022":0.0476919042,"04-2022":0.0475249388,"06-2022":0.0479940694,"08-2022":0.0483228002,"10-2022":0.0553875082,"12-2022":0.055646445,"02-2023":0.0538865312,"04-2023":0.0539979814,"06-2023":0.0487847809,"08-2023":0.0501997853,"10-2023":0.0547964092,"12-2023":0.0581526331,"02-2024":0.0554854583,"04-2024":0.0508394,"06-2024":0.0525395657,"08-2024":0.0491710726,"10-2024":0.0549058296,"12-2024":0.058141844,"02-2025":0.0574788584,"04-2025":0.0545827633,"06-2025":0.054369137,"08-2025":0.0588235294,"10-2025":0.0647008126,"12-2025":0.0674179675,"02-2026":0.0674242424,"04-2026":0.0655108405,"06-2026":0.0624319523,"08-2026":0.061091326,"10-2026":0.0641576291,"12-2026":0.0632048872,"02-2027":0.0769122451,"04-2027":0.0848326033,"06-2027":0.1107388035,"08-2027":0.1321043949,"10-2027":0.1579568743,"12-2027":0.2088796097,"02-2028":0.2343340113,"04-2028":0.2559055118,"06-2028":0.3294117647,"08-2028":0.3991342323,"10-2028":0.4854385754,"12-2028":0.5538062154,"02-2029":0.5444468832,"04-2029":0.5516073074,"06-2029":0.5482652899,"08-2029":0.5374715871,"10-2029":0.5479379419,"12-2029":0.5275603855,"02-2030":0.5154460878,"04-2030":0.520065568,"06-2030":0.5221050193,"08-2030":0.5177956227,"10-2030":0.5054253472,"12-2030":0.4943181003},"percentile_25":{"02-2020":0.029629729,"04-2020":0.0292581939,"06-2020":0.0260844262,"08-2020":0.0250832392,"10-2020":0.025,"12-2020":0.0248962656,"02-2021":0.0238365759,"04-2021":0.0200589742,"06-2021":0.0168785311,"08-2021":0.0163934426,"10-2021":0.0151105478,"12-2021":0.0121225319,"02-2022":0.0118115686,"04-2022":0.008316967,"06-2022":0.007664165,"08-2022":0.0081620509,"10-2022":0.008131668,"12-2022":0.0075521806,"02-2023":0.0042630134,"04-2023":0.0040160643,"06-2023":0.004048583,"08-2023":0.0040322581,"10-2023":0.0039761901,"12-2023":0.0039328358,"02-2024":0.0025510204,"04-2024":0.0,"06-2024":0.0,"08-2024":0.0,"10-2024":0.0,"12-2024":0.0,"02-2025":0.0,"04-2025":0.0,"06-2025":0.0,"08-2025":0.0,"10-2025":0.0,"12-2025":0.0,"02-2026":0.0,"04-2026":0.0,"06-2026":0.0,"08-2026":0.0,"10-2026":0.0,"12-2026":0.0,"02-2027":0.0,"04-2027":0.0,"06-2027":0.0,"08-2027":0.0,"10-2027":0.0,"12-2027":0.0,"02-2028":0.0,"04-2028":0.0,"06-2028":0.0,"08-2028":0.0,"10-2028":0.0,"12-2028":0.0,"02-2029":0.0,"04-2029":0.0,"06-2029":0.0,"08-2029":0.0,"10-2029":0.0,"12-2029":0.0,"02-2030":0.0,"04-2030":0.0,"06-2030":0.0,"08-2030":0.0,"10-2030":0.0,"12-2030":0.0},"percentile_75":{"02-2020":0.0884222333,"04-2020":0.0875578168,"06-2020":0.0863523098,"08-2020":0.092201347,"10-2020":0.096482705,"12-2020":0.1130410531,"02-2021":0.1143184459,"04-2021":0.1063405677,"06-2021":0.1060655969,"08-2021":0.1121147839,"10-2021":0.1091193958,"12-2021":0.1345253299,"02-2022":0.1283426874,"04-2022":0.1256670311,"06-2022":0.1289958096,"08-2022":0.1352280869,"10-2022":0.1440746753,"12-2022":0.1553635785,"02-2023":0.1537682863,"04-2023":0.1524163569,"06-2023":0.1466875786,"08-2023":0.1559953829,"10-2023":0.163916122,"12-2023":0.1919225491,"02-2024":0.1893964159,"04-2024":0.193634917,"06-2024":0.2011409483,"08-2024":0.2060040864,"10-2024":0.2204550113,"12-2024":0.2367169946,"02-2025":0.2421407487,"04-2025":0.2300914256,"06-2025":0.2408896328,"08-2025":0.2560637787,"10-2025":0.2805989583,"12-2025":0.2827800268,"02-2026":0.2626924545,"04-2026":0.2537268351,"06-2026":0.2585847158,"08-2026":0.2643239223,"10-2026":0.2725245499,"12-2026":0.2961334846,"02-2027":0.3470538721,"04-2027":0.3698415468,"06-2027":0.4277950311,"08-2027":0.5111852513,"10-2027":0.5657864391,"12-2027":0.6175176524,"02-2028":0.647044335,"04-2028":0.6743458927,"06-2028":0.6672535211,"08-2028":0.6770946386,"10-2028":0.6570942995,"12-2028":0.6518365817,"02-2029":0.6565934066,"04-2029":0.6484617087,"06-2029":0.654029495,"08-2029":0.6505635433,"10-2029":0.6395539033,"12-2029":0.6228530534,"02-2030":0.6057932964,"04-2030":0.606389226,"06-2030":0.6023482172,"08-2030":0.6038813206,"10-2030":0.585101476,"12-2030":0.5788938492}}