{"median":{"02-2020":0.0554530545,"04-2020":0.0537825811,"06-2020":0.0501814955,"08-2020":0.0527353726,"10-2020":0.0578763518,"12-2020":0.0595238095,"02-2021":0.0526315789,"04-2021":0.0508302583,"06-2021":0.0467261905,"08-2021":0.0479784565,"10-2021":0.0511590229,"12-2021":0.0501937984,"02-2022":0.0550154121,"04-2022":0.0621503025,"06-2022":0.0683624801,"08-2022":0.0866051136,"10-2022":0.101190945,"12-2022":0.1216888375,"02-2023":0.1564978847,"04-2023":0.1705808346,"06-2023":0.2047426258,"08-2023":0.2374080912,"10-2023":0.2745972739,"12-2023":0.2996154312,"02-2024":0.344944053,"04-2024":0.4226738092,"06-2024":0.4685005561,"08-2024":0.5127871219,"10-2024":0.5597998904,"12-2024":0.5800793469,"02-2025":0.5974518912,"04-2025":0.5917892157,"06-2025":0.6060169898,"08-2025":0.5828544061,"10-2025":0.5749165301,"12-2025":0.5656440627,"02-2026":0.5673916334,"04-2026":0.5604965968,"06-2026":0.5613035819,"08-2026":0.5585841465,"10-2026":0.5486903875,"12-2026":0.530977844,"02-2027":0.5222539016,"04-2027":0.5165461304,"06-2027":0.5282437885,"08-2027":0.5053863084,"10-2027":0.4972477322,"12-2027":0.4897627965,"02-2028":0.481697417,"04-2028":0.4648589684,"06-2028":0.4606741573,"08-2028":0.4543427524,"10-2028":0.4561044638,"12-2028":0.4436591777,"02-2029":0.4415061022,"04-2029":0.4362669246,"06-2029":0.4256495301,"08-2029":0.4172673062,"10-2029":0.4154324745,"12-2029":0.4157284419,"02-2030":0.408001443,"04-2030":0.4061770015,"06-2030":0.401806496,"08-2030":0.3982679863,"10-2030":0.3944429965,"12-2030":0.3917634364},"percentile_25":{"02-2020":0.029629729,"04-2020":0.0292581939,"06-2020":0.0260844262,"08-2020":0.0250832392,"10-2020":0.025,"12-2020":0.0248962656,"02-2021":0.0238365759,"04-2021":0.0200589742,"06-2021":0.0168785311,"08-2021":0.0163934426,"10-2021":0.0151105478,"12-2021":0.0121225319,"02-2022":0.0085106383,"04-2022":0.0116752404,"06-2022":0.0109787018,"08-2022":0.0126109053,"10-2022":0.0151737968,"12-2022":0.0200422276,"02-2023":0.0272056738,"04-2023":0.0295283617,"06-2023":0.035772875,"08-2023":0.0453268641,"10-2023":0.0480553155,"12-2023":0.058784965,"02-2024":0.0593405672,"04-2024":0.0723995272,"06-2024":0.1074371846,"08-2024":0.1167577535,"10-2024":0.1380115658,"12-2024":0.146749929,"02-2025":0.1862618218,"04-2025":0.2020607795,"06-2025":0.225197906,"08-2025":0.2654652649,"10-2025":0.2820512821,"12-2025":0.3234132015,"02-2026":0.3734330484,"04-2026":0.3687841679,"06-2026":0.3819195943,"08-2026":0.4149984748,"10-2026":0.4255930017,"12-2026":0.4552644387,"02-2027":0.4417938931,"04-2027":0.4389619393,"06-2027":0.4344560405,"08-2027":0.4352625802,"10-2027":0.4273060892,"12-2027":0.4167582418,"02-2028":0.4084639954,"04-2028":0.3902238536,"06-2028":0.379858156,"08-2028":0.3820948617,"10-2028":0.3769545131,"12-2028":0.3846766349,"02-2029":0.3782959789,"04-2029":0.3709386282,"06-2029":0.3582163714,"08-2029":0.3535420969,"10-2029":0.3497938017,"12-2029":0.3483797562,"02-2030":0.3465057355,"04-2030":0.3445316969,"06-2030":0.3489855664,"08-2030":0.3425572519,"10-2030":0.3406352432,"12-2030":0.3320573845},"percentile_75":{"02-2020":0.0884222333,"04-2020":0.0875578168,"06-2020":0.0863523098,"08-2020":0.092201347,"10-2020":0.096482705,"12-2020":0.1130410531,"02-2021":0.1143184459,"04-2021":0.1063405677,"06-2021":0.1060655969,"08-2021":0.1121147839,"10-2021":0.1091193958,"12-2021":0.1345253299,"02-2022":0.1462251042,"04-2022":0.1748945179,"06-2022":0.2054703593,"08-2022":0.2547171285,"10-2022":0.308358297,"12-2022":0.3716640502,"02-2023":0.4672833124,"04-2023":0.5579995857,"06-2023":0.6390491383,"08-2023":0.6839508979,"10-2023":0.709470305,"12-2023":0.7272789219,"02-2024":0.7189867424,"04-2024":0.689307434,"06-2024":0.6832422587,"08-2024":0.673488718,"10-2024":0.6744753675,"12-2024":0.6651560766,"02-2025":0.6653642782,"04-2025":0.6666666667,"06-2025":0.6571009012,"08-2025":0.6492021277,"10-2025":0.64643709,"12-2025":0.6443007871,"02-2026":0.6392070292,"04-2026":0.631532711,"06-2026":0.6160265049,"08-2026":0.6086548289,"10-2026":0.5994584838,"12-2026":0.5924326893,"02-2027":0.5914450974,"04-2027":0.5779425797,"06-2027":0.5652547639,"08-2027":0.5652899218,"10-2027":0.5620963461,"12-2027":0.5544637649,"02-2028":0.5483734148,"04-2028":0.5277759533,"06-2028":0.514139952,"08-2028":0.5064793697,"10-2028":0.5104533451,"12-2028":0.5004826255,"02-2029":0.4990234815,"04-2029":0.4902312065,"06-2029":0.4821705136,"08-2029":0.4680904022,"10-2029":0.4645696254,"12-2029":0.4565140889,"02-2030":0.4511668551,"04-2030":0.451619403,"06-2030":0.4504447505,"08-2030":0.4471886389,"10-2030":0.4437412587,"12-2030":0.4383341383}}