{"median":{"02-2020":0.0554530545,"04-2020":0.0537825811,"06-2020":0.0501814955,"08-2020":0.0527353726,"10-2020":0.0578763518,"12-2020":0.0595238095,"02-2021":0.0526315789,"04-2021":0.0508302583,"06-2021":0.0467261905,"08-2021":0.0479784565,"10-2021":0.0511590229,"12-2021":0.0501937984,"02-2022":0.0476919042,"04-2022":0.0475249388,"06-2022":0.0479940694,"08-2022":0.0483228002,"10-2022":0.0553875082,"12-2022":0.055646445,"02-2023":0.0538865312,"04-2023":0.0539979814,"06-2023":0.0487847809,"08-2023":0.0501997853,"10-2023":0.0547964092,"12-2023":0.0581526331,"02-2024":0.0554854583,"04-2024":0.0508394,"06-2024":0.0525395657,"08-2024":0.0491710726,"10-2024":0.0549058296,"12-2024":0.058141844,"02-2025":0.0600269784,"04-2025":0.0642779541,"06-2025":0.0910749834,"08-2025":0.1028409397,"10-2025":0.1256869773,"12-2025":0.1505527916,"02-2026":0.1786328865,"04-2026":0.2209804454,"06-2026":0.2678459984,"08-2026":0.3249914148,"10-2026":0.357951308,"12-2026":0.4378554918,"02-2027":0.5,"04-2027":0.5555555556,"06-2027":0.5661881114,"08-2027":0.5678283828,"10-2027":0.5748280275,"12-2027":0.5759179845,"02-2028":0.5674648734,"04-2028":0.5654330902,"06-2028":0.567510661,"08-2028":0.5408230999,"10-2028":0.5284332741,"12-2028":0.5212781955,"02-2029":0.5082884097,"04-2029":0.5128267085,"06-2029":0.5017424988,"08-2029":0.4881940601,"10-2029":0.4853430688,"12-2029":0.4761026182,"02-2030":0.4736026385,"04-2030":0.457199554,"06-2030":0.4577730796,"08-2030":0.4370612128,"10-2030":0.4350262449,"12-2030":0.4372752465},"percentile_25":{"02-2020":0.029629729,"04-2020":0.0292581939,"06-2020":0.0260844262,"08-2020":0.0250832392,"10-2020":0.025,"12-2020":0.0248962656,"02-2021":0.0238365759,"04-2021":0.0200589742,"06-2021":0.0168785311,"08-2021":0.0163934426,"10-2021":0.0151105478,"12-2021":0.0121225319,"02-2022":0.0118115686,"04-2022":0.008316967,"06-2022":0.007664165,"08-2022":0.0081620509,"10-2022":0.008131668,"12-2022":0.0075521806,"02-2023":0.0042630134,"04-2023":0.0040160643,"06-2023":0.004048583,"08-2023":0.0040322581,"10-2023":0.0039761901,"12-2023":0.0039328358,"02-2024":0.0025510204,"04-2024":0.0,"06-2024":0.0,"08-2024":0.0,"10-2024":0.0,"12-2024":0.0,"02-2025":0.0,"04-2025":0.0,"06-2025":0.0,"08-2025":0.0,"10-2025":0.0,"12-2025":0.0,"02-2026":0.0,"04-2026":0.0,"06-2026":0.0,"08-2026":0.0,"10-2026":0.0,"12-2026":0.0,"02-2027":0.0,"04-2027":0.0,"06-2027":0.0,"08-2027":0.0,"10-2027":0.0,"12-2027":0.0,"02-2028":0.0,"04-2028":0.0,"06-2028":0.0,"08-2028":0.0,"10-2028":0.0,"12-2028":0.0,"02-2029":0.0,"04-2029":0.0,"06-2029":0.0,"08-2029":0.0,"10-2029":0.0,"12-2029":0.0,"02-2030":0.0,"04-2030":0.0,"06-2030":0.0,"08-2030":0.0,"10-2030":0.0,"12-2030":0.0},"percentile_75":{"02-2020":0.0884222333,"04-2020":0.0875578168,"06-2020":0.0863523098,"08-2020":0.092201347,"10-2020":0.096482705,"12-2020":0.1130410531,"02-2021":0.1143184459,"04-2021":0.1063405677,"06-2021":0.1060655969,"08-2021":0.1121147839,"10-2021":0.1091193958,"12-2021":0.1345253299,"02-2022":0.1283426874,"04-2022":0.1256670311,"06-2022":0.1289958096,"08-2022":0.1352280869,"10-2022":0.1440746753,"12-2022":0.1553635785,"02-2023":0.1537682863,"04-2023":0.1524163569,"06-2023":0.1466875786,"08-2023":0.1559953829,"10-2023":0.163916122,"12-2023":0.1919225491,"02-2024":0.1893964159,"04-2024":0.193634917,"06-2024":0.2011409483,"08-2024":0.2060040864,"10-2024":0.2204550113,"12-2024":0.2367169946,"02-2025":0.2805289558,"04-2025":0.3387229548,"06-2025":0.3924125874,"08-2025":0.4778692564,"10-2025":0.5689344829,"12-2025":0.6747388133,"02-2026":0.65917603,"04-2026":0.6898876404,"06-2026":0.7087475474,"08-2026":0.6956463436,"10-2026":0.6905287393,"12-2026":0.6840861345,"02-2027":0.6771998834,"04-2027":0.6609984715,"06-2027":0.6500615264,"08-2027":0.6507587967,"10-2027":0.6442132611,"12-2027":0.6505876861,"02-2028":0.6429677445,"04-2028":0.6322651395,"06-2028":0.6282624884,"08-2028":0.6216530244,"10-2028":0.6115947522,"12-2028":0.5998316712,"02-2029":0.5979745199,"04-2029":0.5786022303,"06-2029":0.588243349,"08-2029":0.5754638395,"10-2029":0.5648175021,"12-2029":0.5546783626,"02-2030":0.5419799499,"04-2030":0.5240234126,"06-2030":0.5244203988,"08-2030":0.5136846923,"10-2030":0.5186036789,"12-2030":0.4945650049}}