{"median":{"02-2020":0.0554530545,"04-2020":0.0537825811,"06-2020":0.0501814955,"08-2020":0.0527353726,"10-2020":0.0578763518,"12-2020":0.0595238095,"02-2021":0.0616859523,"04-2021":0.0626670627,"06-2021":0.070984804,"08-2021":0.0872986287,"10-2021":0.0980718546,"12-2021":0.1209834191,"02-2022":0.1534647887,"04-2022":0.1735546839,"06-2022":0.2039597356,"08-2022":0.2490662932,"10-2022":0.2896369485,"12-2022":0.3508237116,"02-2023":0.3905898876,"04-2023":0.4368254901,"06-2023":0.487769233,"08-2023":0.552415136,"10-2023":0.5852778895,"12-2023":0.5967581825,"02-2024":0.620361991,"04-2024":0.6110030264,"06-2024":0.6129136877,"08-2024":0.6125983945,"10-2024":0.5984245864,"12-2024":0.5909126989,"02-2025":0.5808823529,"04-2025":0.5827282258,"06-2025":0.5727036865,"08-2025":0.5625,"10-2025":0.5618116257,"12-2025":0.5461538462,"02-2026":0.5461551001,"04-2026":0.527958153,"06-2026":0.5251311371,"08-2026":0.5248095217,"10-2026":0.5107448314,"12-2026":0.496458959,"02-2027":0.4953240754,"04-2027":0.4889186867,"06-2027":0.4857113697,"08-2027":0.4722663151,"10-2027":0.4648691869,"12-2027":0.451862069,"02-2028":0.4542026224,"04-2028":0.4450413116,"06-2028":0.4400704225,"08-2028":0.4334033732,"10-2028":0.4360338243,"12-2028":0.4290983941,"02-2029":0.4162335637,"04-2029":0.4216398411,"06-2029":0.4101202419,"08-2029":0.4084806713,"10-2029":0.404508612,"12-2029":0.4050340834,"02-2030":0.407737771,"04-2030":0.4029313862,"06-2030":0.3970292391,"08-2030":0.3963274933,"10-2030":0.3944972661,"12-2030":0.3891718243},"percentile_25":{"02-2020":0.029629729,"04-2020":0.0292581939,"06-2020":0.0260844262,"08-2020":0.0250832392,"10-2020":0.025,"12-2020":0.0248962656,"02-2021":0.0253934301,"04-2021":0.0248228745,"06-2021":0.0240045363,"08-2021":0.0259129213,"10-2021":0.0316835396,"12-2021":0.0386168416,"02-2022":0.0414704213,"04-2022":0.0504746835,"06-2022":0.063936255,"08-2022":0.0683917969,"10-2022":0.0711495536,"12-2022":0.0834106985,"02-2023":0.0933907423,"04-2023":0.1027404981,"06-2023":0.1125219988,"08-2023":0.1288983673,"10-2023":0.142826337,"12-2023":0.1792506657,"02-2024":0.1945912707,"04-2024":0.2157348904,"06-2024":0.2437169811,"08-2024":0.2935434783,"10-2024":0.3329556599,"12-2024":0.3879300524,"02-2025":0.4353444458,"04-2025":0.4542932558,"06-2025":0.4833842628,"08-2025":0.4881798962,"10-2025":0.4863954818,"12-2025":0.4858352468,"02-2026":0.4748046104,"04-2026":0.4647137491,"06-2026":0.4623959091,"08-2026":0.4544911593,"10-2026":0.4454901354,"12-2026":0.4487026804,"02-2027":0.4343946705,"04-2027":0.4246082586,"06-2027":0.4243348663,"08-2027":0.423897146,"10-2027":0.4137381716,"12-2027":0.4030052923,"02-2028":0.4026905449,"04-2028":0.395245614,"06-2028":0.3969410779,"08-2028":0.3967857143,"10-2028":0.3828633046,"12-2028":0.3767882487,"02-2029":0.3653505183,"04-2029":0.3581321839,"06-2029":0.3572780233,"08-2029":0.3575634058,"10-2029":0.3522630445,"12-2029":0.3563804597,"02-2030":0.3579588336,"04-2030":0.355396806,"06-2030":0.3568188317,"08-2030":0.3451869373,"10-2030":0.3427043059,"12-2030":0.3486779089},"percentile_75":{"02-2020":0.0884222333,"04-2020":0.0875578168,"06-2020":0.0863523098,"08-2020":0.092201347,"10-2020":0.096482705,"12-2020":0.1130410531,"02-2021":0.1262188144,"04-2021":0.1464221457,"06-2021":0.1894762142,"08-2021":0.2263735755,"10-2021":0.2673590075,"12-2021":0.3167218798,"02-2022":0.3613129257,"04-2022":0.4102991118,"06-2022":0.4937554841,"08-2022":0.5743207789,"10-2022":0.6276285956,"12-2022":0.6907647585,"02-2023":0.7041298261,"04-2023":0.7194060115,"06-2023":0.699816234,"08-2023":0.6967143344,"10-2023":0.6906628342,"12-2023":0.6888003076,"02-2024":0.6856719279,"04-2024":0.6754575646,"06-2024":0.6673151751,"08-2024":0.6663199369,"10-2024":0.6577590068,"12-2024":0.6513688177,"02-2025":0.6458535992,"04-2025":0.632574145,"06-2025":0.6242167556,"08-2025":0.6217189501,"10-2025":0.6201170632,"12-2025":0.6095876716,"02-2026":0.6025974026,"04-2026":0.5823200599,"06-2026":0.5755192261,"08-2026":0.571025953,"10-2026":0.5668439716,"12-2026":0.5437090818,"02-2027":0.5316949238,"04-2027":0.5337144816,"06-2027":0.5308041958,"08-2027":0.526044211,"10-2027":0.520692649,"12-2027":0.5049614494,"02-2028":0.5018726592,"04-2028":0.5018977198,"06-2028":0.4873646209,"08-2028":0.4845248474,"10-2028":0.4963886478,"12-2028":0.4849153602,"02-2029":0.4747725871,"04-2029":0.471066625,"06-2029":0.4654221147,"08-2029":0.4507954545,"10-2029":0.4480693301,"12-2029":0.4499814292,"02-2030":0.4460349051,"04-2030":0.447394844,"06-2030":0.4406774276,"08-2030":0.4373967067,"10-2030":0.4332985199,"12-2030":0.437075258}}