{"median":{"02-2020":0.0595744681,"04-2020":0.0654997766,"06-2020":0.0718414222,"08-2020":0.0755228137,"10-2020":0.0784943414,"12-2020":0.0870467256,"02-2021":0.094845764,"04-2021":0.1028339949,"06-2021":0.1077487245,"08-2021":0.1255252101,"10-2021":0.1472227097,"12-2021":0.1625274243,"02-2022":0.1942307692,"04-2022":0.234534564,"06-2022":0.2714729794,"08-2022":0.3173920674,"10-2022":0.3704174229,"12-2022":0.4525131137,"02-2023":0.4908027321,"04-2023":0.5487647618,"06-2023":0.6026037859,"08-2023":0.6114218473,"10-2023":0.6152319902,"12-2023":0.6096537102,"02-2024":0.6155281286,"04-2024":0.6191391941,"06-2024":0.6124301489,"08-2024":0.6014898871,"10-2024":0.5970203286,"12-2024":0.5875871074,"02-2025":0.573037806,"04-2025":0.561175693,"06-2025":0.5541119181,"08-2025":0.5426071937,"10-2025":0.5339393939,"12-2025":0.5275365977,"02-2026":0.5166877042,"04-2026":0.5104955114,"06-2026":0.5035730693,"08-2026":0.4946192319,"10-2026":0.4805236007,"12-2026":0.4853479853,"02-2027":0.4707888156,"04-2027":0.4675534714,"06-2027":0.4615292459,"08-2027":0.4526175214,"10-2027":0.4355059699,"12-2027":0.4250925822,"02-2028":0.4212525502,"04-2028":0.4212201805,"06-2028":0.4202644474,"08-2028":0.4230729375,"10-2028":0.4083450539,"12-2028":0.4124128926,"02-2029":0.406195254,"04-2029":0.396726485,"06-2029":0.3952341533,"08-2029":0.3901315789,"10-2029":0.3907038749,"12-2029":0.3825607903,"02-2030":0.3829752379,"04-2030":0.3815177389,"06-2030":0.3777000777,"08-2030":0.3897300313,"10-2030":0.3925441919,"12-2030":0.3924721489},"percentile_25":{"02-2020":0.0392156863,"04-2020":0.0382776169,"06-2020":0.0401835483,"08-2020":0.041511194,"10-2020":0.0415055195,"12-2020":0.0410840616,"02-2021":0.0379149749,"04-2021":0.0407437415,"06-2021":0.0380001912,"08-2021":0.0402457954,"10-2021":0.0399180561,"12-2021":0.0387264198,"02-2022":0.0441851234,"04-2022":0.0450339147,"06-2022":0.047515845,"08-2022":0.0489647375,"10-2022":0.0596355319,"12-2022":0.0634973404,"02-2023":0.073724899,"04-2023":0.0874157017,"06-2023":0.0967500461,"08-2023":0.0958836969,"10-2023":0.1173756019,"12-2023":0.1243230981,"02-2024":0.1424125667,"04-2024":0.162755102,"06-2024":0.1607135439,"08-2024":0.1756339609,"10-2024":0.1743589744,"12-2024":0.1750671197,"02-2025":0.1985660388,"04-2025":0.2441460745,"06-2025":0.270899118,"08-2025":0.2942862696,"10-2025":0.3063488142,"12-2025":0.3781025509,"02-2026":0.4006605166,"04-2026":0.4086331687,"06-2026":0.4244379277,"08-2026":0.4132772324,"10-2026":0.4123600045,"12-2026":0.3981541742,"02-2027":0.399609375,"04-2027":0.4096540027,"06-2027":0.3951971361,"08-2027":0.3747764469,"10-2027":0.3775497512,"12-2027":0.3556985294,"02-2028":0.3586508986,"04-2028":0.3599280576,"06-2028":0.3588786076,"08-2028":0.3457863409,"10-2028":0.33813593,"12-2028":0.341007801,"02-2029":0.3567384523,"04-2029":0.3455631722,"06-2029":0.3410500315,"08-2029":0.3314949986,"10-2029":0.3395271776,"12-2029":0.3315336311,"02-2030":0.3241532324,"04-2030":0.3219851938,"06-2030":0.3214474205,"08-2030":0.3293521861,"10-2030":0.3292564007,"12-2030":0.3346273746},"percentile_75":{"02-2020":0.1027151477,"04-2020":0.1143579152,"06-2020":0.1377204885,"08-2020":0.1561429147,"10-2020":0.1695432099,"12-2020":0.1808599419,"02-2021":0.1981765193,"04-2021":0.2141428166,"06-2021":0.2412062154,"08-2021":0.287854251,"10-2021":0.3284695201,"12-2021":0.3724432614,"02-2022":0.437749898,"04-2022":0.5128470469,"06-2022":0.5792804392,"08-2022":0.6640347358,"10-2022":0.7143197207,"12-2022":0.7324567695,"02-2023":0.7326229862,"04-2023":0.7370578085,"06-2023":0.7284391534,"08-2023":0.7175659786,"10-2023":0.7105044832,"12-2023":0.6944640792,"02-2024":0.6890221847,"04-2024":0.6756946827,"06-2024":0.6633958333,"08-2024":0.6487002269,"10-2024":0.6443779515,"12-2024":0.6396066345,"02-2025":0.6261269811,"04-2025":0.6167773561,"06-2025":0.6036363636,"08-2025":0.5983985765,"10-2025":0.5925679949,"12-2025":0.5779228856,"02-2026":0.5770585049,"04-2026":0.5610395903,"06-2026":0.56194807,"08-2026":0.5522360704,"10-2026":0.5366615159,"12-2026":0.5217532468,"02-2027":0.5199007658,"04-2027":0.5114655195,"06-2027":0.5128925382,"08-2027":0.5047367539,"10-2027":0.5059243412,"12-2027":0.4912102772,"02-2028":0.4737816764,"04-2028":0.4661853292,"06-2028":0.4623230053,"08-2028":0.459540567,"10-2028":0.4664530948,"12-2028":0.4514314734,"02-2029":0.4517364973,"04-2029":0.438641246,"06-2029":0.4407706093,"08-2029":0.4407701152,"10-2029":0.4394040527,"12-2029":0.4344697644,"02-2030":0.4301169591,"04-2030":0.4244089244,"06-2030":0.4239609937,"08-2030":0.4338286713,"10-2030":0.4350999,"12-2030":0.4441334992}}