{"median":{"02-2020":0.0588316722,"04-2020":0.0528464017,"06-2020":0.0527385537,"08-2020":0.0519212372,"10-2020":0.0473205652,"12-2020":0.045349743,"02-2021":0.041409465,"04-2021":0.0349718758,"06-2021":0.030651791,"08-2021":0.0272913817,"10-2021":0.0229007634,"12-2021":0.0158421432,"02-2022":0.0122959081,"04-2022":0.0084039548,"06-2022":0.0075614637,"08-2022":0.0039447885,"10-2022":0.00363035,"12-2022":0.0,"02-2023":0.0,"04-2023":0.0,"06-2023":0.0,"08-2023":0.0,"10-2023":0.0,"12-2023":0.0,"02-2024":0.0,"04-2024":0.0,"06-2024":0.0,"08-2024":0.0,"10-2024":0.0,"12-2024":0.0,"02-2025":0.0,"04-2025":0.0,"06-2025":0.0,"08-2025":0.0,"10-2025":0.0,"12-2025":0.0,"02-2026":0.0,"04-2026":0.0,"06-2026":0.0,"08-2026":0.0,"10-2026":0.0,"12-2026":0.0,"02-2027":0.0,"04-2027":0.0,"06-2027":0.0,"08-2027":0.0,"10-2027":0.0,"12-2027":0.0,"02-2028":0.0,"04-2028":0.0,"06-2028":0.0,"08-2028":0.0,"10-2028":0.0,"12-2028":0.0,"02-2029":0.0,"04-2029":0.0,"06-2029":0.0,"08-2029":0.0,"10-2029":0.0,"12-2029":0.0,"02-2030":0.0,"04-2030":0.0,"06-2030":0.0,"08-2030":0.0,"10-2030":0.0,"12-2030":0.0},"percentile_25":{"02-2020":0.0354007721,"04-2020":0.0324874099,"06-2020":0.0302486325,"08-2020":0.0271847723,"10-2020":0.0244667193,"12-2020":0.0235064338,"02-2021":0.01736126,"04-2021":0.0128481417,"06-2021":0.0080645161,"08-2021":0.0063733147,"10-2021":0.0038986797,"12-2021":0.0,"02-2022":0.0,"04-2022":0.0,"06-2022":0.0,"08-2022":0.0,"10-2022":0.0,"12-2022":0.0,"02-2023":0.0,"04-2023":0.0,"06-2023":0.0,"08-2023":0.0,"10-2023":0.0,"12-2023":0.0,"02-2024":0.0,"04-2024":0.0,"06-2024":0.0,"08-2024":0.0,"10-2024":0.0,"12-2024":0.0,"02-2025":0.0,"04-2025":0.0,"06-2025":0.0,"08-2025":0.0,"10-2025":0.0,"12-2025":0.0,"02-2026":0.0,"04-2026":0.0,"06-2026":0.0,"08-2026":0.0,"10-2026":0.0,"12-2026":0.0,"02-2027":0.0,"04-2027":0.0,"06-2027":0.0,"08-2027":0.0,"10-2027":0.0,"12-2027":0.0,"02-2028":0.0,"04-2028":0.0,"06-2028":0.0,"08-2028":0.0,"10-2028":0.0,"12-2028":0.0,"02-2029":0.0,"04-2029":0.0,"06-2029":0.0,"08-2029":0.0,"10-2029":0.0,"12-2029":0.0,"02-2030":0.0,"04-2030":0.0,"06-2030":0.0,"08-2030":0.0,"10-2030":0.0,"12-2030":0.0},"percentile_75":{"02-2020":0.0913690476,"04-2020":0.0899318321,"06-2020":0.0959335774,"08-2020":0.0947027439,"10-2020":0.0951359536,"12-2020":0.0926724138,"02-2021":0.0863565613,"04-2021":0.0815822259,"06-2021":0.0738791056,"08-2021":0.0656555632,"10-2021":0.0564896531,"12-2021":0.0535171961,"02-2022":0.052001095,"04-2022":0.05,"06-2022":0.0484138258,"08-2022":0.0418846028,"10-2022":0.035550861,"12-2022":0.0286315072,"02-2023":0.0222428748,"04-2023":0.0189615576,"06-2023":0.0152396054,"08-2023":0.0196887601,"10-2023":0.0213246131,"12-2023":0.0192786355,"02-2024":0.0210506706,"04-2024":0.0219773493,"06-2024":0.0211571809,"08-2024":0.0207636566,"10-2024":0.0230072464,"12-2024":0.035244667,"02-2025":0.0485670054,"04-2025":0.0662908798,"06-2025":0.0990150118,"08-2025":0.1085604073,"10-2025":0.135842641,"12-2025":0.1947717068,"02-2026":0.271889,"04-2026":0.3409196617,"06-2026":0.4093070371,"08-2026":0.4992640746,"10-2026":0.5496541502,"12-2026":0.5748566575,"02-2027":0.5191267802,"04-2027":0.5399465399,"06-2027":0.5342039437,"08-2027":0.5243610707,"10-2027":0.5125417453,"12-2027":0.4861492674,"02-2028":0.4886824061,"04-2028":0.5111125824,"06-2028":0.4823575793,"08-2028":0.4831986523,"10-2028":0.463768797,"12-2028":0.4530312125,"02-2029":0.4429676387,"04-2029":0.4205258534,"06-2029":0.4439812352,"08-2029":0.4285714286,"10-2029":0.4162115176,"12-2029":0.405371732,"02-2030":0.3909838936,"04-2030":0.3910159688,"06-2030":0.3840969375,"08-2030":0.3737782873,"10-2030":0.368755652,"12-2030":0.3735540241}}