{"median":{"02-2020":0.0588316722,"04-2020":0.0528464017,"06-2020":0.0527385537,"08-2020":0.0519212372,"10-2020":0.0473205652,"12-2020":0.045349743,"02-2021":0.041409465,"04-2021":0.0349718758,"06-2021":0.030651791,"08-2021":0.0272913817,"10-2021":0.0229007634,"12-2021":0.0158421432,"02-2022":0.0122959081,"04-2022":0.0084039548,"06-2022":0.0075614637,"08-2022":0.0039447885,"10-2022":0.00363035,"12-2022":0.0,"02-2023":0.0,"04-2023":0.0,"06-2023":0.0,"08-2023":0.0,"10-2023":0.0,"12-2023":0.0,"02-2024":0.0,"04-2024":0.0,"06-2024":0.0,"08-2024":0.0,"10-2024":0.0,"12-2024":0.0,"02-2025":0.0,"04-2025":0.0,"06-2025":0.0,"08-2025":0.0,"10-2025":0.0,"12-2025":0.0,"02-2026":0.0,"04-2026":0.0,"06-2026":0.0,"08-2026":0.0,"10-2026":0.0,"12-2026":0.0,"02-2027":0.0,"04-2027":0.0,"06-2027":0.0,"08-2027":0.0,"10-2027":0.0,"12-2027":0.0,"02-2028":0.0,"04-2028":0.0,"06-2028":0.0,"08-2028":0.0,"10-2028":0.0,"12-2028":0.0,"02-2029":0.0,"04-2029":0.0,"06-2029":0.0,"08-2029":0.0,"10-2029":0.0,"12-2029":0.0,"02-2030":0.0,"04-2030":0.0,"06-2030":0.0,"08-2030":0.0,"10-2030":0.0,"12-2030":0.0},"percentile_25":{"02-2020":0.0354007721,"04-2020":0.0324874099,"06-2020":0.0302486325,"08-2020":0.0271847723,"10-2020":0.0244667193,"12-2020":0.0235064338,"02-2021":0.01736126,"04-2021":0.0128481417,"06-2021":0.0080645161,"08-2021":0.0063733147,"10-2021":0.0038986797,"12-2021":0.0,"02-2022":0.0,"04-2022":0.0,"06-2022":0.0,"08-2022":0.0,"10-2022":0.0,"12-2022":0.0,"02-2023":0.0,"04-2023":0.0,"06-2023":0.0,"08-2023":0.0,"10-2023":0.0,"12-2023":0.0,"02-2024":0.0,"04-2024":0.0,"06-2024":0.0,"08-2024":0.0,"10-2024":0.0,"12-2024":0.0,"02-2025":0.0,"04-2025":0.0,"06-2025":0.0,"08-2025":0.0,"10-2025":0.0,"12-2025":0.0,"02-2026":0.0,"04-2026":0.0,"06-2026":0.0,"08-2026":0.0,"10-2026":0.0,"12-2026":0.0,"02-2027":0.0,"04-2027":0.0,"06-2027":0.0,"08-2027":0.0,"10-2027":0.0,"12-2027":0.0,"02-2028":0.0,"04-2028":0.0,"06-2028":0.0,"08-2028":0.0,"10-2028":0.0,"12-2028":0.0,"02-2029":0.0,"04-2029":0.0,"06-2029":0.0,"08-2029":0.0,"10-2029":0.0,"12-2029":0.0,"02-2030":0.0,"04-2030":0.0,"06-2030":0.0,"08-2030":0.0,"10-2030":0.0,"12-2030":0.0},"percentile_75":{"02-2020":0.0913690476,"04-2020":0.0899318321,"06-2020":0.0959335774,"08-2020":0.0947027439,"10-2020":0.0951359536,"12-2020":0.0926724138,"02-2021":0.0863565613,"04-2021":0.0815822259,"06-2021":0.0738791056,"08-2021":0.0656555632,"10-2021":0.0564896531,"12-2021":0.0535171961,"02-2022":0.052001095,"04-2022":0.05,"06-2022":0.0484138258,"08-2022":0.0418846028,"10-2022":0.035550861,"12-2022":0.0286315072,"02-2023":0.0222846442,"04-2023":0.0196654865,"06-2023":0.0210597826,"08-2023":0.0256166436,"10-2023":0.0293656367,"12-2023":0.0406586022,"02-2024":0.0518413009,"04-2024":0.0599954874,"06-2024":0.0738099138,"08-2024":0.0850810877,"10-2024":0.0976376164,"12-2024":0.1324000668,"02-2025":0.1417990843,"04-2025":0.1620434742,"06-2025":0.2052137643,"08-2025":0.2902057721,"10-2025":0.3529679741,"12-2025":0.4256404494,"02-2026":0.503797153,"04-2026":0.5464169034,"06-2026":0.540353598,"08-2026":0.5702105745,"10-2026":0.5630204544,"12-2026":0.5593557537,"02-2027":0.560131865,"04-2027":0.5427961847,"06-2027":0.5234885621,"08-2027":0.5003579553,"10-2027":0.5,"12-2027":0.496978253,"02-2028":0.4876247215,"04-2028":0.4699551849,"06-2028":0.4712254017,"08-2028":0.4739516645,"10-2028":0.4578810248,"12-2028":0.4571599917,"02-2029":0.437334447,"04-2029":0.4144669227,"06-2029":0.4101315757,"08-2029":0.4166008883,"10-2029":0.393966304,"12-2029":0.3974517844,"02-2030":0.3946357968,"04-2030":0.4027135955,"06-2030":0.3835602634,"08-2030":0.376282794,"10-2030":0.3788090956,"12-2030":0.3622891407}}