{"median":{"02-2020":0.0588316722,"04-2020":0.0528464017,"06-2020":0.0527385537,"08-2020":0.0519212372,"10-2020":0.0473205652,"12-2020":0.045349743,"02-2021":0.041409465,"04-2021":0.0349718758,"06-2021":0.030651791,"08-2021":0.0272913817,"10-2021":0.0229007634,"12-2021":0.0158421432,"02-2022":0.0117417279,"04-2022":0.008196859,"06-2022":0.0079525692,"08-2022":0.0040983607,"10-2022":0.0036766694,"12-2022":0.0,"02-2023":0.0,"04-2023":0.0,"06-2023":0.0,"08-2023":0.0,"10-2023":0.0,"12-2023":0.0,"02-2024":0.0,"04-2024":0.0,"06-2024":0.0,"08-2024":0.0,"10-2024":0.0,"12-2024":0.0,"02-2025":0.0,"04-2025":0.0,"06-2025":0.0,"08-2025":0.0,"10-2025":0.0,"12-2025":0.0,"02-2026":0.0,"04-2026":0.0,"06-2026":0.0,"08-2026":0.0,"10-2026":0.0,"12-2026":0.0,"02-2027":0.0,"04-2027":0.0,"06-2027":0.0,"08-2027":0.0,"10-2027":0.0,"12-2027":0.0,"02-2028":0.0,"04-2028":0.0,"06-2028":0.0,"08-2028":0.0,"10-2028":0.0,"12-2028":0.0,"02-2029":0.0,"04-2029":0.0,"06-2029":0.0,"08-2029":0.0,"10-2029":0.0,"12-2029":0.0,"02-2030":0.0,"04-2030":0.0,"06-2030":0.0,"08-2030":0.0,"10-2030":0.0,"12-2030":0.0},"percentile_25":{"02-2020":0.0354007721,"04-2020":0.0324874099,"06-2020":0.0302486325,"08-2020":0.0271847723,"10-2020":0.0244667193,"12-2020":0.0235064338,"02-2021":0.01736126,"04-2021":0.0128481417,"06-2021":0.0080645161,"08-2021":0.0063733147,"10-2021":0.0038986797,"12-2021":0.0,"02-2022":0.0,"04-2022":0.0,"06-2022":0.0,"08-2022":0.0,"10-2022":0.0,"12-2022":0.0,"02-2023":0.0,"04-2023":0.0,"06-2023":0.0,"08-2023":0.0,"10-2023":0.0,"12-2023":0.0,"02-2024":0.0,"04-2024":0.0,"06-2024":0.0,"08-2024":0.0,"10-2024":0.0,"12-2024":0.0,"02-2025":0.0,"04-2025":0.0,"06-2025":0.0,"08-2025":0.0,"10-2025":0.0,"12-2025":0.0,"02-2026":0.0,"04-2026":0.0,"06-2026":0.0,"08-2026":0.0,"10-2026":0.0,"12-2026":0.0,"02-2027":0.0,"04-2027":0.0,"06-2027":0.0,"08-2027":0.0,"10-2027":0.0,"12-2027":0.0,"02-2028":0.0,"04-2028":0.0,"06-2028":0.0,"08-2028":0.0,"10-2028":0.0,"12-2028":0.0,"02-2029":0.0,"04-2029":0.0,"06-2029":0.0,"08-2029":0.0,"10-2029":0.0,"12-2029":0.0,"02-2030":0.0,"04-2030":0.0,"06-2030":0.0,"08-2030":0.0,"10-2030":0.0,"12-2030":0.0},"percentile_75":{"02-2020":0.0913690476,"04-2020":0.0899318321,"06-2020":0.0959335774,"08-2020":0.0947027439,"10-2020":0.0951359536,"12-2020":0.0926724138,"02-2021":0.0863565613,"04-2021":0.0815822259,"06-2021":0.0738791056,"08-2021":0.0656555632,"10-2021":0.0564896531,"12-2021":0.0535171961,"02-2022":0.0532436265,"04-2022":0.0601515152,"06-2022":0.0658555843,"08-2022":0.0670454545,"10-2022":0.0785556017,"12-2022":0.0945937801,"02-2023":0.1056588187,"04-2023":0.1312816397,"06-2023":0.1549958523,"08-2023":0.1969248446,"10-2023":0.2453654894,"12-2023":0.3126780954,"02-2024":0.3631045923,"04-2024":0.4640430132,"06-2024":0.5458645496,"08-2024":0.6227255024,"10-2024":0.6349653699,"12-2024":0.6443182286,"02-2025":0.6504692833,"04-2025":0.6402852483,"06-2025":0.6447353745,"08-2025":0.6539533886,"10-2025":0.6477521163,"12-2025":0.6309296551,"02-2026":0.6174321427,"04-2026":0.6144511357,"06-2026":0.6026734998,"08-2026":0.5947932562,"10-2026":0.5792366328,"12-2026":0.5643292683,"02-2027":0.5652318399,"04-2027":0.5462750246,"06-2027":0.5441816302,"08-2027":0.5324852087,"10-2027":0.5247552711,"12-2027":0.5123948086,"02-2028":0.5051646788,"04-2028":0.5166673577,"06-2028":0.4912469199,"08-2028":0.4870586921,"10-2028":0.4819810404,"12-2028":0.471962324,"02-2029":0.4708380388,"04-2029":0.4640979106,"06-2029":0.4556694299,"08-2029":0.4424467275,"10-2029":0.4332903938,"12-2029":0.4167471042,"02-2030":0.4148814282,"04-2030":0.4095710807,"06-2030":0.4053549191,"08-2030":0.4054965557,"10-2030":0.3966050623,"12-2030":0.3949924414}}