{"median":{"02-2020":0.0595744681,"04-2020":0.0654997766,"06-2020":0.0718414222,"08-2020":0.0755228137,"10-2020":0.0784943414,"12-2020":0.0870467256,"02-2021":0.090208564,"04-2021":0.0869553265,"06-2021":0.0854844832,"08-2021":0.079978839,"10-2021":0.0692064292,"12-2021":0.0588561141,"02-2022":0.049691358,"04-2022":0.0408999665,"06-2022":0.0376115931,"08-2022":0.0351583959,"10-2022":0.0347511069,"12-2022":0.0368018777,"02-2023":0.0411522634,"04-2023":0.0498315074,"06-2023":0.0588981097,"08-2023":0.0722318841,"10-2023":0.0888086212,"12-2023":0.1085786833,"02-2024":0.1420807453,"04-2024":0.1732600965,"06-2024":0.2122271062,"08-2024":0.2606696704,"10-2024":0.3146175018,"12-2024":0.3868421053,"02-2025":0.4441011464,"04-2025":0.5,"06-2025":0.5391691642,"08-2025":0.5616123642,"10-2025":0.5638970183,"12-2025":0.5727647059,"02-2026":0.5727222215,"04-2026":0.5669853318,"06-2026":0.5614988558,"08-2026":0.5425487702,"10-2026":0.5286847015,"12-2026":0.5201206392,"02-2027":0.5146820018,"04-2027":0.5157949501,"06-2027":0.5009433962,"08-2027":0.4860489986,"10-2027":0.4883015485,"12-2027":0.4810340803,"02-2028":0.4673334633,"04-2028":0.4589529379,"06-2028":0.4627819549,"08-2028":0.4488341802,"10-2028":0.4405102762,"12-2028":0.4400356423,"02-2029":0.4322553532,"04-2029":0.4177523264,"06-2029":0.4022227772,"08-2029":0.3887590496,"10-2029":0.3884742952,"12-2029":0.3840293194,"02-2030":0.3736260154,"04-2030":0.3635078904,"06-2030":0.3580419842,"08-2030":0.3596995597,"10-2030":0.3561906074,"12-2030":0.3602281936},"percentile_25":{"02-2020":0.0392156863,"04-2020":0.0382776169,"06-2020":0.0401835483,"08-2020":0.041511194,"10-2020":0.0415055195,"12-2020":0.0410840616,"02-2021":0.0353084416,"04-2021":0.0335319149,"06-2021":0.0292604696,"08-2021":0.0229231975,"10-2021":0.0210492656,"12-2021":0.0149396588,"02-2022":0.012232454,"04-2022":0.0076628352,"06-2022":0.0039370079,"08-2022":0.0037665183,"10-2022":0.0,"12-2022":0.0,"02-2023":0.0,"04-2023":0.0,"06-2023":0.0,"08-2023":0.0,"10-2023":0.0,"12-2023":0.0,"02-2024":0.0,"04-2024":0.0,"06-2024":0.0,"08-2024":0.0,"10-2024":0.0,"12-2024":0.0,"02-2025":0.0,"04-2025":0.0,"06-2025":0.0,"08-2025":0.0,"10-2025":0.0,"12-2025":0.0,"02-2026":0.0,"04-2026":0.0,"06-2026":0.0,"08-2026":0.0,"10-2026":0.0,"12-2026":0.0,"02-2027":0.0,"04-2027":0.0,"06-2027":0.0,"08-2027":0.0,"10-2027":0.0,"12-2027":0.0,"02-2028":0.0,"04-2028":0.0,"06-2028":0.0,"08-2028":0.0,"10-2028":0.0,"12-2028":0.0,"02-2029":0.0,"04-2029":0.0,"06-2029":0.0,"08-2029":0.0,"10-2029":0.0,"12-2029":0.0,"02-2030":0.0,"04-2030":0.0,"06-2030":0.0,"08-2030":0.0,"10-2030":0.0,"12-2030":0.0},"percentile_75":{"02-2020":0.1027151477,"04-2020":0.1143579152,"06-2020":0.1377204885,"08-2020":0.1561429147,"10-2020":0.1695432099,"12-2020":0.1808599419,"02-2021":0.1818181818,"04-2021":0.1772268262,"06-2021":0.1837606838,"08-2021":0.1710760318,"10-2021":0.1603225806,"12-2021":0.1518522683,"02-2022":0.1407051282,"04-2022":0.1347436774,"06-2022":0.1258459726,"08-2022":0.1287029942,"10-2022":0.13388624,"12-2022":0.1434023991,"02-2023":0.1726448474,"04-2023":0.1910379316,"06-2023":0.2313206507,"08-2023":0.2926723333,"10-2023":0.3613255467,"12-2023":0.4270472895,"02-2024":0.5311728222,"04-2024":0.5995637205,"06-2024":0.6572638359,"08-2024":0.7086081047,"10-2024":0.7278619529,"12-2024":0.739403529,"02-2025":0.7454096645,"04-2025":0.7314118745,"06-2025":0.7231516078,"08-2025":0.69983428,"10-2025":0.6767369991,"12-2025":0.6721278959,"02-2026":0.6550387597,"04-2026":0.6465861345,"06-2026":0.6280730897,"08-2026":0.625,"10-2026":0.6107002332,"12-2026":0.6001937984,"02-2027":0.5887096774,"04-2027":0.5787577149,"06-2027":0.5743517701,"08-2027":0.5627200704,"10-2027":0.5575784251,"12-2027":0.5435765816,"02-2028":0.5353911298,"04-2028":0.5251059322,"06-2028":0.5093374462,"08-2028":0.5089127412,"10-2028":0.5,"12-2028":0.4952249022,"02-2029":0.4915607345,"04-2029":0.4771624066,"06-2029":0.4717124701,"08-2029":0.4501373626,"10-2029":0.4448441247,"12-2029":0.4387636136,"02-2030":0.4304534314,"04-2030":0.4330360206,"06-2030":0.4258207326,"08-2030":0.4215678688,"10-2030":0.4240818075,"12-2030":0.4267627021}}