{"median":{"02-2020":0.0595744681,"04-2020":0.0654997766,"06-2020":0.0718414222,"08-2020":0.0755228137,"10-2020":0.0784943414,"12-2020":0.0870467256,"02-2021":0.090208564,"04-2021":0.0869553265,"06-2021":0.0854844832,"08-2021":0.079978839,"10-2021":0.0692064292,"12-2021":0.0588561141,"02-2022":0.049691358,"04-2022":0.0408999665,"06-2022":0.0383946469,"08-2022":0.0347495528,"10-2022":0.0300273232,"12-2022":0.0270802155,"02-2023":0.0271779254,"04-2023":0.0230782887,"06-2023":0.0174650097,"08-2023":0.0159046354,"10-2023":0.0113209159,"12-2023":0.0077672539,"02-2024":0.0073943469,"04-2024":0.0037878788,"06-2024":0.0017667845,"08-2024":0.0,"10-2024":0.0,"12-2024":0.0,"02-2025":0.0,"04-2025":0.0,"06-2025":0.0,"08-2025":0.0,"10-2025":0.0,"12-2025":0.0,"02-2026":0.0,"04-2026":0.0,"06-2026":0.0,"08-2026":0.0,"10-2026":0.0,"12-2026":0.0,"02-2027":0.0,"04-2027":0.0,"06-2027":0.0,"08-2027":0.0,"10-2027":0.0,"12-2027":0.0,"02-2028":0.0,"04-2028":0.0,"06-2028":0.0,"08-2028":0.0,"10-2028":0.0,"12-2028":0.0,"02-2029":0.0,"04-2029":0.0,"06-2029":0.0,"08-2029":0.0,"10-2029":0.0,"12-2029":0.0,"02-2030":0.0,"04-2030":0.0,"06-2030":0.0,"08-2030":0.0,"10-2030":0.0,"12-2030":0.0},"percentile_25":{"02-2020":0.0392156863,"04-2020":0.0382776169,"06-2020":0.0401835483,"08-2020":0.041511194,"10-2020":0.0415055195,"12-2020":0.0410840616,"02-2021":0.0353084416,"04-2021":0.0335319149,"06-2021":0.0292604696,"08-2021":0.0229231975,"10-2021":0.0210492656,"12-2021":0.0149396588,"02-2022":0.012232454,"04-2022":0.0076628352,"06-2022":0.0040816327,"08-2022":0.0039255186,"10-2022":0.0,"12-2022":0.0,"02-2023":0.0,"04-2023":0.0,"06-2023":0.0,"08-2023":0.0,"10-2023":0.0,"12-2023":0.0,"02-2024":0.0,"04-2024":0.0,"06-2024":0.0,"08-2024":0.0,"10-2024":0.0,"12-2024":0.0,"02-2025":0.0,"04-2025":0.0,"06-2025":0.0,"08-2025":0.0,"10-2025":0.0,"12-2025":0.0,"02-2026":0.0,"04-2026":0.0,"06-2026":0.0,"08-2026":0.0,"10-2026":0.0,"12-2026":0.0,"02-2027":0.0,"04-2027":0.0,"06-2027":0.0,"08-2027":0.0,"10-2027":0.0,"12-2027":0.0,"02-2028":0.0,"04-2028":0.0,"06-2028":0.0,"08-2028":0.0,"10-2028":0.0,"12-2028":0.0,"02-2029":0.0,"04-2029":0.0,"06-2029":0.0,"08-2029":0.0,"10-2029":0.0,"12-2029":0.0,"02-2030":0.0,"04-2030":0.0,"06-2030":0.0,"08-2030":0.0,"10-2030":0.0,"12-2030":0.0},"percentile_75":{"02-2020":0.1027151477,"04-2020":0.1143579152,"06-2020":0.1377204885,"08-2020":0.1561429147,"10-2020":0.1695432099,"12-2020":0.1808599419,"02-2021":0.1818181818,"04-2021":0.1772268262,"06-2021":0.1837606838,"08-2021":0.1710760318,"10-2021":0.1603225806,"12-2021":0.1518522683,"02-2022":0.1407051282,"04-2022":0.1347436774,"06-2022":0.1241987179,"08-2022":0.1163931703,"10-2022":0.1081829538,"12-2022":0.0975951114,"02-2023":0.0884813033,"04-2023":0.0842177122,"06-2023":0.0803238732,"08-2023":0.0775839793,"10-2023":0.0713708755,"12-2023":0.0678194355,"02-2024":0.0649704175,"04-2024":0.0547017564,"06-2024":0.0515036347,"08-2024":0.0484633983,"10-2024":0.0459019327,"12-2024":0.0357342884,"02-2025":0.0347490347,"04-2025":0.0290890957,"06-2025":0.0367317867,"08-2025":0.0424374547,"10-2025":0.0499613153,"12-2025":0.0544294294,"02-2026":0.0859977324,"04-2026":0.0975911079,"06-2026":0.1184253247,"08-2026":0.1676892552,"10-2026":0.2209316856,"12-2026":0.2964366995,"02-2027":0.3595286293,"04-2027":0.461293889,"06-2027":0.5641193812,"08-2027":0.6156635917,"10-2027":0.6442140874,"12-2027":0.6183796333,"02-2028":0.6048724551,"04-2028":0.6123909874,"06-2028":0.6056469413,"08-2028":0.595987346,"10-2028":0.5826231061,"12-2028":0.5862539872,"02-2029":0.5554641774,"04-2029":0.5562532233,"06-2029":0.5453160431,"08-2029":0.5348246359,"10-2029":0.5304487179,"12-2029":0.5223684904,"02-2030":0.5164240188,"04-2030":0.4868190507,"06-2030":0.4809276536,"08-2030":0.4918454441,"10-2030":0.4628520904,"12-2030":0.4805401969}}