{"median":{"02-2020":0.0588316722,"04-2020":0.0528464017,"06-2020":0.0527385537,"08-2020":0.0519212372,"10-2020":0.0473205652,"12-2020":0.045349743,"02-2021":0.041409465,"04-2021":0.0349718758,"06-2021":0.030651791,"08-2021":0.0272913817,"10-2021":0.0229007634,"12-2021":0.0158421432,"02-2022":0.0122959081,"04-2022":0.0084039548,"06-2022":0.007276191,"08-2022":0.0039525692,"10-2022":0.0036634461,"12-2022":0.0,"02-2023":0.0,"04-2023":0.0,"06-2023":0.0,"08-2023":0.0,"10-2023":0.0,"12-2023":0.0,"02-2024":0.0,"04-2024":0.0,"06-2024":0.0,"08-2024":0.0,"10-2024":0.0,"12-2024":0.0,"02-2025":0.0,"04-2025":0.0,"06-2025":0.0,"08-2025":0.0,"10-2025":0.0,"12-2025":0.0,"02-2026":0.0,"04-2026":0.0,"06-2026":0.0,"08-2026":0.0,"10-2026":0.0,"12-2026":0.0,"02-2027":0.0,"04-2027":0.0,"06-2027":0.0,"08-2027":0.0,"10-2027":0.0,"12-2027":0.0,"02-2028":0.0,"04-2028":0.0,"06-2028":0.0,"08-2028":0.0,"10-2028":0.0,"12-2028":0.0,"02-2029":0.0,"04-2029":0.0,"06-2029":0.0,"08-2029":0.0,"10-2029":0.0,"12-2029":0.0,"02-2030":0.0,"04-2030":0.0,"06-2030":0.0,"08-2030":0.0,"10-2030":0.0,"12-2030":0.0},"percentile_25":{"02-2020":0.0354007721,"04-2020":0.0324874099,"06-2020":0.0302486325,"08-2020":0.0271847723,"10-2020":0.0244667193,"12-2020":0.0235064338,"02-2021":0.01736126,"04-2021":0.0128481417,"06-2021":0.0080645161,"08-2021":0.0063733147,"10-2021":0.0038986797,"12-2021":0.0,"02-2022":0.0,"04-2022":0.0,"06-2022":0.0,"08-2022":0.0,"10-2022":0.0,"12-2022":0.0,"02-2023":0.0,"04-2023":0.0,"06-2023":0.0,"08-2023":0.0,"10-2023":0.0,"12-2023":0.0,"02-2024":0.0,"04-2024":0.0,"06-2024":0.0,"08-2024":0.0,"10-2024":0.0,"12-2024":0.0,"02-2025":0.0,"04-2025":0.0,"06-2025":0.0,"08-2025":0.0,"10-2025":0.0,"12-2025":0.0,"02-2026":0.0,"04-2026":0.0,"06-2026":0.0,"08-2026":0.0,"10-2026":0.0,"12-2026":0.0,"02-2027":0.0,"04-2027":0.0,"06-2027":0.0,"08-2027":0.0,"10-2027":0.0,"12-2027":0.0,"02-2028":0.0,"04-2028":0.0,"06-2028":0.0,"08-2028":0.0,"10-2028":0.0,"12-2028":0.0,"02-2029":0.0,"04-2029":0.0,"06-2029":0.0,"08-2029":0.0,"10-2029":0.0,"12-2029":0.0,"02-2030":0.0,"04-2030":0.0,"06-2030":0.0,"08-2030":0.0,"10-2030":0.0,"12-2030":0.0},"percentile_75":{"02-2020":0.0913690476,"04-2020":0.0899318321,"06-2020":0.0959335774,"08-2020":0.0947027439,"10-2020":0.0951359536,"12-2020":0.0926724138,"02-2021":0.0863565613,"04-2021":0.0815822259,"06-2021":0.0738791056,"08-2021":0.0656555632,"10-2021":0.0564896531,"12-2021":0.0535171961,"02-2022":0.052001095,"04-2022":0.05,"06-2022":0.048277031,"08-2022":0.0425281955,"10-2022":0.0449119987,"12-2022":0.0401626016,"02-2023":0.0393326134,"04-2023":0.0492892326,"06-2023":0.0523957409,"08-2023":0.0615536328,"10-2023":0.0790118577,"12-2023":0.1069341897,"02-2024":0.1283552083,"04-2024":0.15295733,"06-2024":0.2096600332,"08-2024":0.2459961429,"10-2024":0.3096429752,"12-2024":0.3682595835,"02-2025":0.4437536148,"04-2025":0.5300111893,"06-2025":0.6159618574,"08-2025":0.6310825938,"10-2025":0.6341726619,"12-2025":0.6154610014,"02-2026":0.6003690037,"04-2026":0.6085406302,"06-2026":0.6054607927,"08-2026":0.5879721284,"10-2026":0.579304371,"12-2026":0.5784054508,"02-2027":0.5692355814,"04-2027":0.5541771015,"06-2027":0.5382698768,"08-2027":0.5237452487,"10-2027":0.5206104545,"12-2027":0.517927502,"02-2028":0.5178242729,"04-2028":0.4917877661,"06-2028":0.4863286713,"08-2028":0.4840965903,"10-2028":0.4769713262,"12-2028":0.4645507691,"02-2029":0.4564854382,"04-2029":0.4525989809,"06-2029":0.4471008816,"08-2029":0.4532897023,"10-2029":0.4427970261,"12-2029":0.4274587437,"02-2030":0.4139409897,"04-2030":0.4085089568,"06-2030":0.4016287744,"08-2030":0.4010738537,"10-2030":0.4,"12-2030":0.4055167796}}