{"median":{"02-2020":0.0595744681,"04-2020":0.0654997766,"06-2020":0.0718414222,"08-2020":0.0755228137,"10-2020":0.0784943414,"12-2020":0.0870467256,"02-2021":0.090208564,"04-2021":0.0869553265,"06-2021":0.084039548,"08-2021":0.0834728179,"10-2021":0.0838181818,"12-2021":0.0812478475,"02-2022":0.08833225,"04-2022":0.0980769231,"06-2022":0.1222621902,"08-2022":0.147447805,"10-2022":0.1761923499,"12-2022":0.213260778,"02-2023":0.2497926498,"04-2023":0.3053613054,"06-2023":0.3494472084,"08-2023":0.4282106782,"10-2023":0.4801295003,"12-2023":0.5278637771,"02-2024":0.5791614316,"04-2024":0.6005196897,"06-2024":0.597735593,"08-2024":0.5906763885,"10-2024":0.5733459159,"12-2024":0.5847925217,"02-2025":0.5859879897,"04-2025":0.5873892943,"06-2025":0.5759582581,"08-2025":0.5524181668,"10-2025":0.5511259191,"12-2025":0.5387525387,"02-2026":0.532920077,"04-2026":0.5287784679,"06-2026":0.5250980217,"08-2026":0.5168776075,"10-2026":0.5119608751,"12-2026":0.5027727091,"02-2027":0.4899860239,"04-2027":0.4893808226,"06-2027":0.4730820069,"08-2027":0.4606821895,"10-2027":0.4553601062,"12-2027":0.4432806902,"02-2028":0.4328584817,"04-2028":0.4277755457,"06-2028":0.4235171261,"08-2028":0.4145647137,"10-2028":0.4143433602,"12-2028":0.4175492611,"02-2029":0.4125643334,"04-2029":0.4022588315,"06-2029":0.393428997,"08-2029":0.398146751,"10-2029":0.3860555238,"12-2029":0.3748489286,"02-2030":0.3829057939,"04-2030":0.3844745114,"06-2030":0.3745386449,"08-2030":0.3832070707,"10-2030":0.3839481774,"12-2030":0.3866749689},"percentile_25":{"02-2020":0.0392156863,"04-2020":0.0382776169,"06-2020":0.0401835483,"08-2020":0.041511194,"10-2020":0.0415055195,"12-2020":0.0410840616,"02-2021":0.0353084416,"04-2021":0.0335319149,"06-2021":0.0282859079,"08-2021":0.0208631074,"10-2021":0.0191759286,"12-2021":0.0142904917,"02-2022":0.011247919,"04-2022":0.0082908163,"06-2022":0.0082220198,"08-2022":0.0083268125,"10-2022":0.0105313824,"12-2022":0.0107970946,"02-2023":0.0132684754,"04-2023":0.0104390011,"06-2023":0.0079762846,"08-2023":0.0080728745,"10-2023":0.0081144809,"12-2023":0.0075900669,"02-2024":0.00642449,"04-2024":0.0107206861,"06-2024":0.0116618406,"08-2024":0.0174418605,"10-2024":0.0224585829,"12-2024":0.0249619772,"02-2025":0.0276247146,"04-2025":0.0274738149,"06-2025":0.0311993414,"08-2025":0.0343741624,"10-2025":0.0303414469,"12-2025":0.0299736495,"02-2026":0.0320782159,"04-2026":0.0321326821,"06-2026":0.043561001,"08-2026":0.0528143855,"10-2026":0.0538609297,"12-2026":0.0594069645,"02-2027":0.0607752555,"04-2027":0.0649247151,"06-2027":0.0643962379,"08-2027":0.0670150987,"10-2027":0.0616374735,"12-2027":0.0633419889,"02-2028":0.0678388458,"04-2028":0.0924908425,"06-2028":0.1042062351,"08-2028":0.1055681818,"10-2028":0.1241350782,"12-2028":0.116397936,"02-2029":0.1281414885,"04-2029":0.1203615855,"06-2029":0.1321306497,"08-2029":0.1438667134,"10-2029":0.1408180529,"12-2029":0.1442307692,"02-2030":0.1525549473,"04-2030":0.1529583642,"06-2030":0.1536121585,"08-2030":0.1738091941,"10-2030":0.1883415147,"12-2030":0.2010071215},"percentile_75":{"02-2020":0.1027151477,"04-2020":0.1143579152,"06-2020":0.1377204885,"08-2020":0.1561429147,"10-2020":0.1695432099,"12-2020":0.1808599419,"02-2021":0.1818181818,"04-2021":0.1772268262,"06-2021":0.1842632006,"08-2021":0.1887765655,"10-2021":0.1972067608,"12-2021":0.2054813533,"02-2022":0.2454370674,"04-2022":0.2713147119,"06-2022":0.3306376602,"08-2022":0.3867673993,"10-2022":0.4729164871,"12-2022":0.5585222231,"02-2023":0.6267727597,"04-2023":0.6809160796,"06-2023":0.7157452455,"08-2023":0.7226419638,"10-2023":0.7136639443,"12-2023":0.7234157986,"02-2024":0.7012411088,"04-2024":0.7088362069,"06-2024":0.7027058963,"08-2024":0.6901691847,"10-2024":0.6755945989,"12-2024":0.66198618,"02-2025":0.6411601186,"04-2025":0.6380269181,"06-2025":0.6269134412,"08-2025":0.623985838,"10-2025":0.6127516515,"12-2025":0.6106429463,"02-2026":0.5938176484,"04-2026":0.5952194613,"06-2026":0.5794749496,"08-2026":0.5721264368,"10-2026":0.5604376653,"12-2026":0.5529411065,"02-2027":0.5444528995,"04-2027":0.537188914,"06-2027":0.5301447574,"08-2027":0.5251451485,"10-2027":0.5171334042,"12-2027":0.507328722,"02-2028":0.5,"04-2028":0.4915515023,"06-2028":0.4840272568,"08-2028":0.4761713609,"10-2028":0.4661758072,"12-2028":0.4681586716,"02-2029":0.4595871975,"04-2029":0.4522286167,"06-2029":0.4462811047,"08-2029":0.4444444444,"10-2029":0.4483287247,"12-2029":0.4380579844,"02-2030":0.4378932642,"04-2030":0.4321991755,"06-2030":0.437268802,"08-2030":0.4397786329,"10-2030":0.4392648714,"12-2030":0.4350323746}}