{"median":{"02-2020":0.0588316722,"04-2020":0.0528464017,"06-2020":0.0527385537,"08-2020":0.0519212372,"10-2020":0.0473205652,"12-2020":0.045349743,"02-2021":0.041409465,"04-2021":0.0349718758,"06-2021":0.030651791,"08-2021":0.0272913817,"10-2021":0.0229007634,"12-2021":0.0158421432,"02-2022":0.0122959081,"04-2022":0.0084039548,"06-2022":0.0075614637,"08-2022":0.0039447885,"10-2022":0.00363035,"12-2022":0.0,"02-2023":0.0,"04-2023":0.0,"06-2023":0.0,"08-2023":0.0,"10-2023":0.0,"12-2023":0.0,"02-2024":0.0,"04-2024":0.0,"06-2024":0.0,"08-2024":0.0,"10-2024":0.0,"12-2024":0.0,"02-2025":0.0,"04-2025":0.0,"06-2025":0.0,"08-2025":0.0,"10-2025":0.0,"12-2025":0.0,"02-2026":0.0,"04-2026":0.0,"06-2026":0.0,"08-2026":0.0,"10-2026":0.0,"12-2026":0.0,"02-2027":0.0,"04-2027":0.0,"06-2027":0.0,"08-2027":0.0,"10-2027":0.0,"12-2027":0.0,"02-2028":0.0,"04-2028":0.0,"06-2028":0.0,"08-2028":0.0,"10-2028":0.0,"12-2028":0.0,"02-2029":0.0,"04-2029":0.0,"06-2029":0.0,"08-2029":0.0,"10-2029":0.0,"12-2029":0.0,"02-2030":0.0,"04-2030":0.0,"06-2030":0.0,"08-2030":0.0,"10-2030":0.0,"12-2030":0.0},"percentile_25":{"02-2020":0.0354007721,"04-2020":0.0324874099,"06-2020":0.0302486325,"08-2020":0.0271847723,"10-2020":0.0244667193,"12-2020":0.0235064338,"02-2021":0.01736126,"04-2021":0.0128481417,"06-2021":0.0080645161,"08-2021":0.0063733147,"10-2021":0.0038986797,"12-2021":0.0,"02-2022":0.0,"04-2022":0.0,"06-2022":0.0,"08-2022":0.0,"10-2022":0.0,"12-2022":0.0,"02-2023":0.0,"04-2023":0.0,"06-2023":0.0,"08-2023":0.0,"10-2023":0.0,"12-2023":0.0,"02-2024":0.0,"04-2024":0.0,"06-2024":0.0,"08-2024":0.0,"10-2024":0.0,"12-2024":0.0,"02-2025":0.0,"04-2025":0.0,"06-2025":0.0,"08-2025":0.0,"10-2025":0.0,"12-2025":0.0,"02-2026":0.0,"04-2026":0.0,"06-2026":0.0,"08-2026":0.0,"10-2026":0.0,"12-2026":0.0,"02-2027":0.0,"04-2027":0.0,"06-2027":0.0,"08-2027":0.0,"10-2027":0.0,"12-2027":0.0,"02-2028":0.0,"04-2028":0.0,"06-2028":0.0,"08-2028":0.0,"10-2028":0.0,"12-2028":0.0,"02-2029":0.0,"04-2029":0.0,"06-2029":0.0,"08-2029":0.0,"10-2029":0.0,"12-2029":0.0,"02-2030":0.0,"04-2030":0.0,"06-2030":0.0,"08-2030":0.0,"10-2030":0.0,"12-2030":0.0},"percentile_75":{"02-2020":0.0913690476,"04-2020":0.0899318321,"06-2020":0.0959335774,"08-2020":0.0947027439,"10-2020":0.0951359536,"12-2020":0.0926724138,"02-2021":0.0863565613,"04-2021":0.0815822259,"06-2021":0.0738791056,"08-2021":0.0656555632,"10-2021":0.0564896531,"12-2021":0.0535171961,"02-2022":0.052001095,"04-2022":0.05,"06-2022":0.0484138258,"08-2022":0.0418846028,"10-2022":0.035550861,"12-2022":0.0286315072,"02-2023":0.0222428748,"04-2023":0.0189615576,"06-2023":0.01567649,"08-2023":0.0159698026,"10-2023":0.018527668,"12-2023":0.0146182037,"02-2024":0.0120220502,"04-2024":0.0088735632,"06-2024":0.0073683919,"08-2024":0.0037954396,"10-2024":0.0047322993,"12-2024":0.0073327408,"02-2025":0.0081603504,"04-2025":0.0083957553,"06-2025":0.0083643123,"08-2025":0.0070897737,"10-2025":0.0037152073,"12-2025":0.0055875416,"02-2026":0.0082172532,"04-2026":0.0107851306,"06-2026":0.0142348288,"08-2026":0.0192222106,"10-2026":0.0251888502,"12-2026":0.0258933229,"02-2027":0.0236304206,"04-2027":0.0254164166,"06-2027":0.0367753623,"08-2027":0.0589283557,"10-2027":0.0619748724,"12-2027":0.0765356682,"02-2028":0.0815789474,"04-2028":0.08874287,"06-2028":0.1035678498,"08-2028":0.1056207169,"10-2028":0.1117701331,"12-2028":0.1143504829,"02-2029":0.1158275036,"04-2029":0.1101247254,"06-2029":0.1021841131,"08-2029":0.1090264839,"10-2029":0.1188529447,"12-2029":0.1330837846,"02-2030":0.1404793218,"04-2030":0.1635796636,"06-2030":0.1727361755,"08-2030":0.1782464394,"10-2030":0.1876084006,"12-2030":0.1963297607}}