{"median":{"02-2020":0.0595744681,"04-2020":0.0654997766,"06-2020":0.0718414222,"08-2020":0.0755228137,"10-2020":0.0784943414,"12-2020":0.0870467256,"02-2021":0.090208564,"04-2021":0.0869553265,"06-2021":0.0854844832,"08-2021":0.079978839,"10-2021":0.0692064292,"12-2021":0.0588561141,"02-2022":0.0501880944,"04-2022":0.0526393443,"06-2022":0.0481635688,"08-2022":0.0495005183,"10-2022":0.0557873247,"12-2022":0.0614548495,"02-2023":0.0747008296,"04-2023":0.0919155844,"06-2023":0.1074641614,"08-2023":0.14169279,"10-2023":0.1743670479,"12-2023":0.2091904762,"02-2024":0.2462059621,"04-2024":0.285260771,"06-2024":0.3413126362,"08-2024":0.4198705774,"10-2024":0.4901403828,"12-2024":0.5425885912,"02-2025":0.5866553794,"04-2025":0.5863969286,"06-2025":0.5724772372,"08-2025":0.5760456274,"10-2025":0.5658597709,"12-2025":0.5742647059,"02-2026":0.5561713154,"04-2026":0.5388762398,"06-2026":0.5340653077,"08-2026":0.5295322461,"10-2026":0.5276252574,"12-2026":0.5053422153,"02-2027":0.5044248346,"04-2027":0.4952964371,"06-2027":0.4861104413,"08-2027":0.4764464926,"10-2027":0.4663120567,"12-2027":0.459870658,"02-2028":0.4571468721,"04-2028":0.4448286782,"06-2028":0.4356321839,"08-2028":0.4247349142,"10-2028":0.4098081076,"12-2028":0.4112215382,"02-2029":0.4110000539,"04-2029":0.4075498575,"06-2029":0.3955651223,"08-2029":0.393517922,"10-2029":0.3888921518,"12-2029":0.3799792358,"02-2030":0.3820826645,"04-2030":0.3733561432,"06-2030":0.3637975334,"08-2030":0.3592039412,"10-2030":0.3569949347,"12-2030":0.3523865517},"percentile_25":{"02-2020":0.0392156863,"04-2020":0.0382776169,"06-2020":0.0401835483,"08-2020":0.041511194,"10-2020":0.0415055195,"12-2020":0.0410840616,"02-2021":0.0353084416,"04-2021":0.0335319149,"06-2021":0.0292604696,"08-2021":0.0229231975,"10-2021":0.0210492656,"12-2021":0.0149396588,"02-2022":0.012232454,"04-2022":0.0076482671,"06-2022":0.004053288,"08-2022":0.0040650407,"10-2022":0.0,"12-2022":0.0,"02-2023":0.0,"04-2023":0.0,"06-2023":0.0,"08-2023":0.0,"10-2023":0.0,"12-2023":0.0,"02-2024":0.0,"04-2024":0.0,"06-2024":0.0,"08-2024":0.0,"10-2024":0.0,"12-2024":0.0,"02-2025":0.0,"04-2025":0.0,"06-2025":0.0,"08-2025":0.0,"10-2025":0.0,"12-2025":0.0,"02-2026":0.0,"04-2026":0.0,"06-2026":0.0,"08-2026":0.0,"10-2026":0.0,"12-2026":0.0,"02-2027":0.0,"04-2027":0.0,"06-2027":0.0,"08-2027":0.0,"10-2027":0.0,"12-2027":0.0,"02-2028":0.0,"04-2028":0.0,"06-2028":0.0,"08-2028":0.0,"10-2028":0.0,"12-2028":0.0,"02-2029":0.0,"04-2029":0.0,"06-2029":0.0,"08-2029":0.0,"10-2029":0.0,"12-2029":0.0,"02-2030":0.0,"04-2030":0.0,"06-2030":0.0,"08-2030":0.0,"10-2030":0.0,"12-2030":0.0},"percentile_75":{"02-2020":0.1027151477,"04-2020":0.1143579152,"06-2020":0.1377204885,"08-2020":0.1561429147,"10-2020":0.1695432099,"12-2020":0.1808599419,"02-2021":0.1818181818,"04-2021":0.1772268262,"06-2021":0.1837606838,"08-2021":0.1710760318,"10-2021":0.1603225806,"12-2021":0.1518522683,"02-2022":0.1494110055,"04-2022":0.1518716578,"06-2022":0.1550092203,"08-2022":0.1712618121,"10-2022":0.199114201,"12-2022":0.2416961077,"02-2023":0.3184432674,"04-2023":0.3952755906,"06-2023":0.4748409485,"08-2023":0.5716941052,"10-2023":0.6607493547,"12-2023":0.7155051808,"02-2024":0.7273590859,"04-2024":0.731702926,"06-2024":0.7248271392,"08-2024":0.7126204607,"10-2024":0.7172230285,"12-2024":0.6966826539,"02-2025":0.6816880706,"04-2025":0.666988417,"06-2025":0.6641118569,"08-2025":0.6529279413,"10-2025":0.6491555381,"12-2025":0.6403720773,"02-2026":0.6214119636,"04-2026":0.6123512817,"06-2026":0.5950284775,"08-2026":0.5862322792,"10-2026":0.5758624312,"12-2026":0.5715538847,"02-2027":0.5668359942,"04-2027":0.5593063215,"06-2027":0.5560556922,"08-2027":0.5333982408,"10-2027":0.5371012759,"12-2027":0.5323350511,"02-2028":0.5217071215,"04-2028":0.5176862971,"06-2028":0.5004681648,"08-2028":0.4789662503,"10-2028":0.4812030075,"12-2028":0.4702786378,"02-2029":0.4704138572,"04-2029":0.4613255748,"06-2029":0.4567397105,"08-2029":0.4559187996,"10-2029":0.4466899083,"12-2029":0.4468639626,"02-2030":0.4389312977,"04-2030":0.4281228591,"06-2030":0.4213258059,"08-2030":0.4229133355,"10-2030":0.4212980506,"12-2030":0.4154044463}}