{"median":{"02-2020":0.0595744681,"04-2020":0.0654997766,"06-2020":0.0718414222,"08-2020":0.0755228137,"10-2020":0.0784943414,"12-2020":0.0870467256,"02-2021":0.090208564,"04-2021":0.0869553265,"06-2021":0.0854844832,"08-2021":0.079978839,"10-2021":0.0692064292,"12-2021":0.0588561141,"02-2022":0.049691358,"04-2022":0.0408999665,"06-2022":0.0383946469,"08-2022":0.0347495528,"10-2022":0.0300273232,"12-2022":0.0270802155,"02-2023":0.0271779254,"04-2023":0.0230782887,"06-2023":0.0171061803,"08-2023":0.0138029098,"10-2023":0.0118606723,"12-2023":0.0078898226,"02-2024":0.007751938,"04-2024":0.0073268921,"06-2024":0.0054965035,"08-2024":0.0036583735,"10-2024":0.0017793594,"12-2024":0.0017857143,"02-2025":0.0,"04-2025":0.0,"06-2025":0.0,"08-2025":0.0,"10-2025":0.0,"12-2025":0.0,"02-2026":0.0,"04-2026":0.0,"06-2026":0.0,"08-2026":0.0,"10-2026":0.0,"12-2026":0.0,"02-2027":0.0,"04-2027":0.0,"06-2027":0.0,"08-2027":0.0,"10-2027":0.0,"12-2027":0.0,"02-2028":0.0,"04-2028":0.0,"06-2028":0.0,"08-2028":0.0,"10-2028":0.0,"12-2028":0.0,"02-2029":0.0,"04-2029":0.0,"06-2029":0.0,"08-2029":0.0,"10-2029":0.0,"12-2029":0.0,"02-2030":0.0,"04-2030":0.0,"06-2030":0.0,"08-2030":0.0,"10-2030":0.0,"12-2030":0.0},"percentile_25":{"02-2020":0.0392156863,"04-2020":0.0382776169,"06-2020":0.0401835483,"08-2020":0.041511194,"10-2020":0.0415055195,"12-2020":0.0410840616,"02-2021":0.0353084416,"04-2021":0.0335319149,"06-2021":0.0292604696,"08-2021":0.0229231975,"10-2021":0.0210492656,"12-2021":0.0149396588,"02-2022":0.012232454,"04-2022":0.0076628352,"06-2022":0.0040816327,"08-2022":0.0039255186,"10-2022":0.0,"12-2022":0.0,"02-2023":0.0,"04-2023":0.0,"06-2023":0.0,"08-2023":0.0,"10-2023":0.0,"12-2023":0.0,"02-2024":0.0,"04-2024":0.0,"06-2024":0.0,"08-2024":0.0,"10-2024":0.0,"12-2024":0.0,"02-2025":0.0,"04-2025":0.0,"06-2025":0.0,"08-2025":0.0,"10-2025":0.0,"12-2025":0.0,"02-2026":0.0,"04-2026":0.0,"06-2026":0.0,"08-2026":0.0,"10-2026":0.0,"12-2026":0.0,"02-2027":0.0,"04-2027":0.0,"06-2027":0.0,"08-2027":0.0,"10-2027":0.0,"12-2027":0.0,"02-2028":0.0,"04-2028":0.0,"06-2028":0.0,"08-2028":0.0,"10-2028":0.0,"12-2028":0.0,"02-2029":0.0,"04-2029":0.0,"06-2029":0.0,"08-2029":0.0,"10-2029":0.0,"12-2029":0.0,"02-2030":0.0,"04-2030":0.0,"06-2030":0.0,"08-2030":0.0,"10-2030":0.0,"12-2030":0.0},"percentile_75":{"02-2020":0.1027151477,"04-2020":0.1143579152,"06-2020":0.1377204885,"08-2020":0.1561429147,"10-2020":0.1695432099,"12-2020":0.1808599419,"02-2021":0.1818181818,"04-2021":0.1772268262,"06-2021":0.1837606838,"08-2021":0.1710760318,"10-2021":0.1603225806,"12-2021":0.1518522683,"02-2022":0.1407051282,"04-2022":0.1347436774,"06-2022":0.1241987179,"08-2022":0.1163931703,"10-2022":0.1081829538,"12-2022":0.0975951114,"02-2023":0.0884813033,"04-2023":0.0842177122,"06-2023":0.0816189236,"08-2023":0.0784928774,"10-2023":0.0822997874,"12-2023":0.0930690661,"02-2024":0.1044321895,"04-2024":0.1264889393,"06-2024":0.1406905594,"08-2024":0.1822820037,"10-2024":0.2363298932,"12-2024":0.3187640449,"02-2025":0.3778010033,"04-2025":0.4577440033,"06-2025":0.5668809138,"08-2025":0.6709152252,"10-2025":0.7000618976,"12-2025":0.7171695479,"02-2026":0.7323401704,"04-2026":0.7061013298,"06-2026":0.6844633211,"08-2026":0.6664662983,"10-2026":0.6500161123,"12-2026":0.6540630698,"02-2027":0.6490925832,"04-2027":0.6356534091,"06-2027":0.6291190762,"08-2027":0.6242951128,"10-2027":0.6065454545,"12-2027":0.6007220217,"02-2028":0.5820878416,"04-2028":0.579877246,"06-2028":0.5672179043,"08-2028":0.5515854566,"10-2028":0.5429443054,"12-2028":0.5360206186,"02-2029":0.5305397727,"04-2029":0.5203182234,"06-2029":0.5095554081,"08-2029":0.496108774,"10-2029":0.4846180956,"12-2029":0.4811428261,"02-2030":0.4698343742,"04-2030":0.4539861421,"06-2030":0.4503612668,"08-2030":0.442730096,"10-2030":0.442548146,"12-2030":0.447212344}}