{"median":{"02-2020":0.0595744681,"04-2020":0.0654997766,"06-2020":0.0718414222,"08-2020":0.0755228137,"10-2020":0.0784943414,"12-2020":0.0870467256,"02-2021":0.090208564,"04-2021":0.0869553265,"06-2021":0.0854844832,"08-2021":0.079978839,"10-2021":0.0692064292,"12-2021":0.0588561141,"02-2022":0.049691358,"04-2022":0.0408999665,"06-2022":0.0383946469,"08-2022":0.0347495528,"10-2022":0.0300273232,"12-2022":0.0270802155,"02-2023":0.0271779254,"04-2023":0.0230782887,"06-2023":0.0174650097,"08-2023":0.0159046354,"10-2023":0.0113209159,"12-2023":0.0077672539,"02-2024":0.0075908161,"04-2024":0.0036108613,"06-2024":0.0017421603,"08-2024":0.0,"10-2024":0.0,"12-2024":0.0,"02-2025":0.0,"04-2025":0.0,"06-2025":0.0,"08-2025":0.0,"10-2025":0.0,"12-2025":0.0,"02-2026":0.0,"04-2026":0.0,"06-2026":0.0,"08-2026":0.0,"10-2026":0.0,"12-2026":0.0,"02-2027":0.0,"04-2027":0.0,"06-2027":0.0,"08-2027":0.0,"10-2027":0.0,"12-2027":0.0,"02-2028":0.0,"04-2028":0.0,"06-2028":0.0,"08-2028":0.0,"10-2028":0.0,"12-2028":0.0,"02-2029":0.0,"04-2029":0.0,"06-2029":0.0,"08-2029":0.0,"10-2029":0.0,"12-2029":0.0,"02-2030":0.0,"04-2030":0.0,"06-2030":0.0,"08-2030":0.0,"10-2030":0.0,"12-2030":0.0},"percentile_25":{"02-2020":0.0392156863,"04-2020":0.0382776169,"06-2020":0.0401835483,"08-2020":0.041511194,"10-2020":0.0415055195,"12-2020":0.0410840616,"02-2021":0.0353084416,"04-2021":0.0335319149,"06-2021":0.0292604696,"08-2021":0.0229231975,"10-2021":0.0210492656,"12-2021":0.0149396588,"02-2022":0.012232454,"04-2022":0.0076628352,"06-2022":0.0040816327,"08-2022":0.0039255186,"10-2022":0.0,"12-2022":0.0,"02-2023":0.0,"04-2023":0.0,"06-2023":0.0,"08-2023":0.0,"10-2023":0.0,"12-2023":0.0,"02-2024":0.0,"04-2024":0.0,"06-2024":0.0,"08-2024":0.0,"10-2024":0.0,"12-2024":0.0,"02-2025":0.0,"04-2025":0.0,"06-2025":0.0,"08-2025":0.0,"10-2025":0.0,"12-2025":0.0,"02-2026":0.0,"04-2026":0.0,"06-2026":0.0,"08-2026":0.0,"10-2026":0.0,"12-2026":0.0,"02-2027":0.0,"04-2027":0.0,"06-2027":0.0,"08-2027":0.0,"10-2027":0.0,"12-2027":0.0,"02-2028":0.0,"04-2028":0.0,"06-2028":0.0,"08-2028":0.0,"10-2028":0.0,"12-2028":0.0,"02-2029":0.0,"04-2029":0.0,"06-2029":0.0,"08-2029":0.0,"10-2029":0.0,"12-2029":0.0,"02-2030":0.0,"04-2030":0.0,"06-2030":0.0,"08-2030":0.0,"10-2030":0.0,"12-2030":0.0},"percentile_75":{"02-2020":0.1027151477,"04-2020":0.1143579152,"06-2020":0.1377204885,"08-2020":0.1561429147,"10-2020":0.1695432099,"12-2020":0.1808599419,"02-2021":0.1818181818,"04-2021":0.1772268262,"06-2021":0.1837606838,"08-2021":0.1710760318,"10-2021":0.1603225806,"12-2021":0.1518522683,"02-2022":0.1407051282,"04-2022":0.1347436774,"06-2022":0.1241987179,"08-2022":0.1163931703,"10-2022":0.1081829538,"12-2022":0.0975951114,"02-2023":0.0884813033,"04-2023":0.0842177122,"06-2023":0.0803238732,"08-2023":0.0775839793,"10-2023":0.0713708755,"12-2023":0.0678194355,"02-2024":0.0655001755,"04-2024":0.0674695777,"06-2024":0.0695228195,"08-2024":0.091991342,"10-2024":0.1128956171,"12-2024":0.1384053339,"02-2025":0.1778086521,"04-2025":0.2144291755,"06-2025":0.2666487574,"08-2025":0.3324016763,"10-2025":0.4017959965,"12-2025":0.4529172044,"02-2026":0.5334293735,"04-2026":0.6210508242,"06-2026":0.669384058,"08-2026":0.6609992682,"10-2026":0.6507215914,"12-2026":0.6486823289,"02-2027":0.6532071784,"04-2027":0.6546061495,"06-2027":0.6446053341,"08-2027":0.6355663314,"10-2027":0.6385027067,"12-2027":0.6189952341,"02-2028":0.6056812711,"04-2028":0.5968085106,"06-2028":0.5932565902,"08-2028":0.5771428571,"10-2028":0.5708888802,"12-2028":0.5605667401,"02-2029":0.5458662714,"04-2029":0.5420688008,"06-2029":0.5350891294,"08-2029":0.5322097378,"10-2029":0.5223057644,"12-2029":0.5004512635,"02-2030":0.4934893873,"04-2030":0.4804802053,"06-2030":0.4710876087,"08-2030":0.4504310345,"10-2030":0.4551903224,"12-2030":0.4584011563}}