{
  "median": {
    "02-2020": 0.0318453459,
    "04-2020": 0.0270715918,
    "06-2020": 0.0237624694,
    "08-2020": 0.0200806452,
    "10-2020": 0.0175892995,
    "12-2020": 0.0170582673,
    "02-2021": 0.0127127774,
    "04-2021": 0.0114957717,
    "06-2021": 0.0086768304,
    "08-2021": 0.008,
    "10-2021": 0.0046536236,
    "12-2021": 0.0079366329,
    "02-2022": 0.0042644117,
    "04-2022": 0.0041067935,
    "06-2022": 0.0040241612,
    "08-2022": 0.004,
    "10-2022": 0,
    "12-2022": 0,
    "02-2023": 0,
    "04-2023": 0,
    "06-2023": 0,
    "08-2023": 0,
    "10-2023": 0,
    "12-2023": 0,
    "02-2024": 0,
    "04-2024": 0,
    "06-2024": 0,
    "08-2024": 0,
    "10-2024": 0,
    "12-2024": 0,
    "02-2025": 0,
    "04-2025": 0,
    "06-2025": 0,
    "08-2025": 0,
    "10-2025": 0,
    "12-2025": 0,
    "02-2026": 0,
    "04-2026": 0,
    "06-2026": 0,
    "08-2026": 0,
    "10-2026": 0,
    "12-2026": 0,
    "02-2027": 0,
    "04-2027": 0,
    "06-2027": 0,
    "08-2027": 0,
    "10-2027": 0,
    "12-2027": 0,
    "02-2028": 0,
    "04-2028": 0,
    "06-2028": 0,
    "08-2028": 0,
    "10-2028": 0,
    "12-2028": 0,
    "02-2029": 0,
    "04-2029": 0,
    "06-2029": 0,
    "08-2029": 0,
    "10-2029": 0,
    "12-2029": 0,
    "02-2030": 0,
    "04-2030": 0,
    "06-2030": 0,
    "08-2030": 0,
    "10-2030": 0,
    "12-2030": 0
  },
  "percentile_25": {
    "02-2020": 0.0159370079,
    "04-2020": 0.0126994681,
    "06-2020": 0.0118929983,
    "08-2020": 0.007462996,
    "10-2020": 0.0046626793,
    "12-2020": 0.0041623444,
    "02-2021": 0.0039255186,
    "04-2021": 0,
    "06-2021": 0,
    "08-2021": 0,
    "10-2021": 0,
    "12-2021": 0,
    "02-2022": 0,
    "04-2022": 0,
    "06-2022": 0,
    "08-2022": 0,
    "10-2022": 0,
    "12-2022": 0,
    "02-2023": 0,
    "04-2023": 0,
    "06-2023": 0,
    "08-2023": 0,
    "10-2023": 0,
    "12-2023": 0,
    "02-2024": 0,
    "04-2024": 0,
    "06-2024": 0,
    "08-2024": 0,
    "10-2024": 0,
    "12-2024": 0,
    "02-2025": 0,
    "04-2025": 0,
    "06-2025": 0,
    "08-2025": 0,
    "10-2025": 0,
    "12-2025": 0,
    "02-2026": 0,
    "04-2026": 0,
    "06-2026": 0,
    "08-2026": 0,
    "10-2026": 0,
    "12-2026": 0,
    "02-2027": 0,
    "04-2027": 0,
    "06-2027": 0,
    "08-2027": 0,
    "10-2027": 0,
    "12-2027": 0,
    "02-2028": 0,
    "04-2028": 0,
    "06-2028": 0,
    "08-2028": 0,
    "10-2028": 0,
    "12-2028": 0,
    "02-2029": 0,
    "04-2029": 0,
    "06-2029": 0,
    "08-2029": 0,
    "10-2029": 0,
    "12-2029": 0,
    "02-2030": 0,
    "04-2030": 0,
    "06-2030": 0,
    "08-2030": 0,
    "10-2030": 0,
    "12-2030": 0
  },
  "percentile_75": {
    "02-2020": 0.0552893738,
    "04-2020": 0.0525027056,
    "06-2020": 0.0511687686,
    "08-2020": 0.0486593737,
    "10-2020": 0.0517339545,
    "12-2020": 0.0517453875,
    "02-2021": 0.0471988796,
    "04-2021": 0.0403225806,
    "06-2021": 0.0377909075,
    "08-2021": 0.0323608484,
    "10-2021": 0.0334586466,
    "12-2021": 0.0302050679,
    "02-2022": 0.0266666667,
    "04-2022": 0.0217484721,
    "06-2022": 0.0201676479,
    "08-2022": 0.0175252154,
    "10-2022": 0.0174844827,
    "12-2022": 0.0189037951,
    "02-2023": 0.0159521912,
    "04-2023": 0.0154440154,
    "06-2023": 0.0129193494,
    "08-2023": 0.0123463115,
    "10-2023": 0.0123333447,
    "12-2023": 0.0162107896,
    "02-2024": 0.0135289634,
    "04-2024": 0.0130168599,
    "06-2024": 0.0112995557,
    "08-2024": 0.0116845513,
    "10-2024": 0.0092395085,
    "12-2024": 0.00507297,
    "02-2025": 0.0051272811,
    "04-2025": 0.0042375183,
    "06-2025": 0.0040775871,
    "08-2025": 0.0040548523,
    "10-2025": 0.0037087912,
    "12-2025": 0.0036630927,
    "02-2026": 0.0036280217,
    "04-2026": 0.0008865248,
    "06-2026": 0.0050782818,
    "08-2026": 0.0078886423,
    "10-2026": 0.0078857562,
    "12-2026": 0.0077973602,
    "02-2027": 0.0077079108,
    "04-2027": 0.0116055466,
    "06-2027": 0.0126991482,
    "08-2027": 0.012695562,
    "10-2027": 0.0116960403,
    "12-2027": 0.0163722836,
    "02-2028": 0.0133865405,
    "04-2028": 0.0164227553,
    "06-2028": 0.0225964386,
    "08-2028": 0.0197763617,
    "10-2028": 0.0224336794,
    "12-2028": 0.0271847747,
    "02-2029": 0.0325507826,
    "04-2029": 0.0411954608,
    "06-2029": 0.0387163892,
    "08-2029": 0.0500783441,
    "10-2029": 0.0509532575,
    "12-2029": 0.0648583978,
    "02-2030": 0.0675675676,
    "04-2030": 0.0769207502,
    "06-2030": 0.0709343066,
    "08-2030": 0.0794688343,
    "10-2030": 0.091367996,
    "12-2030": 0.1038540596
  }
}
