{
  "median": {
    "02-2020": 0.0318453459,
    "04-2020": 0.0270715918,
    "06-2020": 0.0237624694,
    "08-2020": 0.0200806452,
    "10-2020": 0.0175892995,
    "12-2020": 0.0170582673,
    "02-2021": 0.0127127774,
    "04-2021": 0.0114957717,
    "06-2021": 0.0086768304,
    "08-2021": 0.008,
    "10-2021": 0.0046536236,
    "12-2021": 0.0079366329,
    "02-2022": 0.0042644117,
    "04-2022": 0.0041067935,
    "06-2022": 0.0040241612,
    "08-2022": 0.004,
    "10-2022": 0,
    "12-2022": 0,
    "02-2023": 0,
    "04-2023": 0,
    "06-2023": 0,
    "08-2023": 0,
    "10-2023": 0,
    "12-2023": 0,
    "02-2024": 0,
    "04-2024": 0,
    "06-2024": 0,
    "08-2024": 0,
    "10-2024": 0,
    "12-2024": 0,
    "02-2025": 0,
    "04-2025": 0,
    "06-2025": 0,
    "08-2025": 0,
    "10-2025": 0,
    "12-2025": 0,
    "02-2026": 0,
    "04-2026": 0,
    "06-2026": 0,
    "08-2026": 0,
    "10-2026": 0,
    "12-2026": 0,
    "02-2027": 0,
    "04-2027": 0,
    "06-2027": 0,
    "08-2027": 0,
    "10-2027": 0,
    "12-2027": 0,
    "02-2028": 0,
    "04-2028": 0,
    "06-2028": 0,
    "08-2028": 0,
    "10-2028": 0,
    "12-2028": 0,
    "02-2029": 0,
    "04-2029": 0,
    "06-2029": 0,
    "08-2029": 0,
    "10-2029": 0,
    "12-2029": 0,
    "02-2030": 0,
    "04-2030": 0,
    "06-2030": 0,
    "08-2030": 0,
    "10-2030": 0,
    "12-2030": 0
  },
  "percentile_25": {
    "02-2020": 0.0159370079,
    "04-2020": 0.0126994681,
    "06-2020": 0.0118929983,
    "08-2020": 0.007462996,
    "10-2020": 0.0046626793,
    "12-2020": 0.0041623444,
    "02-2021": 0.0039255186,
    "04-2021": 0,
    "06-2021": 0,
    "08-2021": 0,
    "10-2021": 0,
    "12-2021": 0,
    "02-2022": 0,
    "04-2022": 0,
    "06-2022": 0,
    "08-2022": 0,
    "10-2022": 0,
    "12-2022": 0,
    "02-2023": 0,
    "04-2023": 0,
    "06-2023": 0,
    "08-2023": 0,
    "10-2023": 0,
    "12-2023": 0,
    "02-2024": 0,
    "04-2024": 0,
    "06-2024": 0,
    "08-2024": 0,
    "10-2024": 0,
    "12-2024": 0,
    "02-2025": 0,
    "04-2025": 0,
    "06-2025": 0,
    "08-2025": 0,
    "10-2025": 0,
    "12-2025": 0,
    "02-2026": 0,
    "04-2026": 0,
    "06-2026": 0,
    "08-2026": 0,
    "10-2026": 0,
    "12-2026": 0,
    "02-2027": 0,
    "04-2027": 0,
    "06-2027": 0,
    "08-2027": 0,
    "10-2027": 0,
    "12-2027": 0,
    "02-2028": 0,
    "04-2028": 0,
    "06-2028": 0,
    "08-2028": 0,
    "10-2028": 0,
    "12-2028": 0,
    "02-2029": 0,
    "04-2029": 0,
    "06-2029": 0,
    "08-2029": 0,
    "10-2029": 0,
    "12-2029": 0,
    "02-2030": 0,
    "04-2030": 0,
    "06-2030": 0,
    "08-2030": 0,
    "10-2030": 0,
    "12-2030": 0
  },
  "percentile_75": {
    "02-2020": 0.0552893738,
    "04-2020": 0.0525027056,
    "06-2020": 0.0511687686,
    "08-2020": 0.0486593737,
    "10-2020": 0.0517339545,
    "12-2020": 0.0517453875,
    "02-2021": 0.0471988796,
    "04-2021": 0.0403225806,
    "06-2021": 0.0377909075,
    "08-2021": 0.0323608484,
    "10-2021": 0.0334586466,
    "12-2021": 0.0302050679,
    "02-2022": 0.0266666667,
    "04-2022": 0.0217484721,
    "06-2022": 0.0201676479,
    "08-2022": 0.0175252154,
    "10-2022": 0.0174844827,
    "12-2022": 0.0189037951,
    "02-2023": 0.0164031621,
    "04-2023": 0.0160418079,
    "06-2023": 0.0163444995,
    "08-2023": 0.0166498135,
    "10-2023": 0.0219656081,
    "12-2023": 0.0274923896,
    "02-2024": 0.0323434424,
    "04-2024": 0.0382905138,
    "06-2024": 0.0439299535,
    "08-2024": 0.0472025251,
    "10-2024": 0.0600765306,
    "12-2024": 0.0746343303,
    "02-2025": 0.0896748456,
    "04-2025": 0.0881433824,
    "06-2025": 0.110314952,
    "08-2025": 0.1302040403,
    "10-2025": 0.1523663134,
    "12-2025": 0.1742710918,
    "02-2026": 0.193280827,
    "04-2026": 0.216375,
    "06-2026": 0.2396284271,
    "08-2026": 0.2633112527,
    "10-2026": 0.281781333,
    "12-2026": 0.2936188419,
    "02-2027": 0.3078726919,
    "04-2027": 0.3323377889,
    "06-2027": 0.3803203564,
    "08-2027": 0.3999746557,
    "10-2027": 0.4264058435,
    "12-2027": 0.4572243346,
    "02-2028": 0.4887898361,
    "04-2028": 0.4892530734,
    "06-2028": 0.5047157623,
    "08-2028": 0.4773298083,
    "10-2028": 0.4696326184,
    "12-2028": 0.4858028471,
    "02-2029": 0.4842800374,
    "04-2029": 0.4918455066,
    "06-2029": 0.4704949854,
    "08-2029": 0.4691583188,
    "10-2029": 0.4583240493,
    "12-2029": 0.453389596,
    "02-2030": 0.4521952139,
    "04-2030": 0.4396019531,
    "06-2030": 0.4357954545,
    "08-2030": 0.4225961322,
    "10-2030": 0.4265945142,
    "12-2030": 0.4308362299
  }
}
