{"median":{"02-2009":0.3938664775,"04-2009":0.3917792793,"06-2009":0.4060632775,"08-2009":0.4074257049,"10-2009":0.4042109929,"12-2009":0.4020623517,"02-2010":0.3596171781,"04-2010":0.3100917286,"06-2010":0.2583356488,"08-2010":0.2231184177,"10-2010":0.2040115176,"12-2010":0.1867900609,"02-2011":0.1653680572,"04-2011":0.1443415584,"06-2011":0.1239669421,"08-2011":0.1154371818,"10-2011":0.1123462099,"12-2011":0.1106384462,"02-2012":0.0989745438,"04-2012":0.0896740786,"06-2012":0.0803264674,"08-2012":0.074534481,"10-2012":0.0747459731,"12-2012":0.0762882037,"02-2013":0.0715887252,"04-2013":0.0647975369,"06-2013":0.0609152752,"08-2013":0.0619834711,"10-2013":0.0605600949,"12-2013":0.0605629928,"02-2014":0.0554308191,"04-2014":0.0534754737,"06-2014":0.0505836576,"08-2014":0.0498139727,"10-2014":0.0494328083,"12-2014":0.0502940114,"02-2015":0.0499207158,"04-2015":0.046875,"06-2015":0.0465608987,"08-2015":0.0467838035,"10-2015":0.0522237762,"12-2015":0.0571862348,"02-2016":0.0544219347,"04-2016":0.0452626678,"06-2016":0.0469312275,"08-2016":0.0508942337,"10-2016":0.0526350299,"12-2016":0.0545985981,"02-2017":0.0568936877,"04-2017":0.0574970484,"06-2017":0.058363747,"08-2017":0.0574128135,"10-2017":0.0565144004,"12-2017":0.0600563739,"02-2018":0.0585774059,"04-2018":0.0580555556,"06-2018":0.0582364341,"08-2018":0.0608521773,"10-2018":0.0658888437,"12-2018":0.0756263834,"02-2019":0.0733500717,"04-2019":0.0704503676,"06-2019":0.0740740741,"08-2019":0.0767679901,"10-2019":0.0793051812,"12-2019":0.0804001448},"percentile_25":{"02-2009":0.3268094935,"04-2009":0.3357831267,"06-2009":0.3347604259,"08-2009":0.3422837243,"10-2009":0.3398868993,"12-2009":0.3398336946,"02-2010":0.3082358674,"04-2010":0.2572356113,"06-2010":0.2177168576,"08-2010":0.1883788688,"10-2010":0.164365881,"12-2010":0.1499531835,"02-2011":0.1308730517,"04-2011":0.1078838174,"06-2011":0.097053584,"08-2011":0.0868690905,"10-2011":0.078038527,"12-2011":0.072755418,"02-2012":0.0664429713,"04-2012":0.0609138936,"06-2012":0.0546809072,"08-2012":0.0525741209,"10-2012":0.049301188,"12-2012":0.0447154472,"02-2013":0.0379746835,"04-2013":0.0356921247,"06-2013":0.0332987552,"08-2013":0.0320366856,"10-2013":0.0327202452,"12-2013":0.0318125,"02-2014":0.0299789974,"04-2014":0.0253508531,"06-2014":0.0273190045,"08-2014":0.026768675,"10-2014":0.024291498,"12-2014":0.0271074049,"02-2015":0.0244402214,"04-2015":0.0208987099,"06-2015":0.0200803213,"08-2015":0.0195347719,"10-2015":0.0196657403,"12-2015":0.0197049469,"02-2016":0.0187619235,"04-2016":0.0198809505,"06-2016":0.0163601226,"08-2016":0.0161780071,"10-2016":0.0164107197,"12-2016":0.0232789584,"02-2017":0.0199240542,"04-2017":0.0198230515,"06-2017":0.0214380547,"08-2017":0.0223331327,"10-2017":0.0254250868,"12-2017":0.0250784519,"02-2018":0.0248705463,"04-2018":0.0249509009,"06-2018":0.0275641026,"08-2018":0.0292581939,"10-2018":0.0301024094,"12-2018":0.0311808628,"02-2019":0.0322292627,"04-2019":0.0310765816,"06-2019":0.0301886792,"08-2019":0.0321935484,"10-2019":0.0315798211,"12-2019":0.0355249344},"percentile_75":{"02-2009":0.4643382039,"04-2009":0.459241198,"06-2009":0.4636001769,"08-2009":0.4597295864,"10-2009":0.4631766477,"12-2009":0.4607793522,"02-2010":0.4118480156,"04-2010":0.3591222836,"06-2010":0.3006932681,"08-2010":0.2630547768,"10-2010":0.2397957342,"12-2010":0.2256809339,"02-2011":0.2025060559,"04-2011":0.1803722554,"06-2011":0.1629348261,"08-2011":0.1529004597,"10-2011":0.1503593569,"12-2011":0.1525593901,"02-2012":0.1425436173,"04-2012":0.128937752,"06-2012":0.1138468663,"08-2012":0.1057758953,"10-2012":0.106938386,"12-2012":0.1111111111,"02-2013":0.1069180328,"04-2013":0.1025884762,"06-2013":0.0966853204,"08-2013":0.0979996287,"10-2013":0.0950012069,"12-2013":0.1018920396,"02-2014":0.0944667407,"04-2014":0.0910901847,"06-2014":0.08950308,"08-2014":0.0886878707,"10-2014":0.0888480793,"12-2014":0.0956000579,"02-2015":0.0924440058,"04-2015":0.0881402214,"06-2015":0.0853658537,"08-2015":0.089086637,"10-2015":0.0936023152,"12-2015":0.1022727273,"02-2016":0.0999248601,"04-2016":0.0938872705,"06-2016":0.1020682893,"08-2016":0.1023962451,"10-2016":0.1032755237,"12-2016":0.1165501964,"02-2017":0.1152670528,"04-2017":0.1115384615,"06-2017":0.1058948156,"08-2017":0.1065573105,"10-2017":0.1129768271,"12-2017":0.1184436275,"02-2018":0.1143655534,"04-2018":0.110130719,"06-2018":0.11339231,"08-2018":0.1181936553,"10-2018":0.1238250339,"12-2018":0.1401420823,"02-2019":0.134148975,"04-2019":0.1273880526,"06-2019":0.1365603677,"08-2019":0.1365748222,"10-2019":0.1494485294,"12-2019":0.1717273954}}