{"median":{"02-2015":0.3601039196,"04-2015":0.3662037037,"06-2015":0.3710258931,"08-2015":0.3697067111,"10-2015":0.3739495798,"12-2015":0.3726678785,"02-2016":0.3381978589,"04-2016":0.2944683157,"06-2016":0.2464201283,"08-2016":0.2151394422,"10-2016":0.1908674383,"12-2016":0.1729176434,"02-2017":0.1538461538,"04-2017":0.1334682861,"06-2017":0.1157024793,"08-2017":0.1007928626,"10-2017":0.0994116037,"12-2017":0.0931536865,"02-2018":0.0886586362,"04-2018":0.0813021565,"06-2018":0.0740564421,"08-2018":0.0693376068,"10-2018":0.072437247,"12-2018":0.0727232538,"02-2019":0.0708497375,"04-2019":0.0662609762,"06-2019":0.0587086397,"08-2019":0.0590560335,"10-2019":0.0562023374,"12-2019":0.0578522275},"percentile_25":{"02-2015":0.2755440927,"04-2015":0.2780789121,"06-2015":0.2836784458,"08-2015":0.2824693423,"10-2015":0.2877073906,"12-2015":0.2845257453,"02-2016":0.267519526,"04-2016":0.2339383875,"06-2016":0.1974342725,"08-2016":0.162732526,"10-2016":0.1421360343,"12-2016":0.1245349601,"02-2017":0.1059761384,"04-2017":0.0902701716,"06-2017":0.0777893944,"08-2017":0.0718825666,"10-2017":0.0647379346,"12-2017":0.0602800799,"02-2018":0.0541246778,"04-2018":0.0458333333,"06-2018":0.0449721897,"08-2018":0.0427820615,"10-2018":0.0416266548,"12-2018":0.0428271391,"02-2019":0.0412513686,"04-2019":0.0358210017,"06-2019":0.036,"08-2019":0.0334379358,"10-2019":0.0325717042,"12-2019":0.0333333333},"percentile_75":{"02-2015":0.4439532335,"04-2015":0.4371447628,"06-2015":0.4397285711,"08-2015":0.4397058824,"10-2015":0.4360708448,"12-2015":0.4396013382,"02-2016":0.3939723731,"04-2016":0.3403065651,"06-2016":0.287305258,"08-2016":0.2515496132,"10-2016":0.2275084874,"12-2016":0.2111955833,"02-2017":0.1890099335,"04-2017":0.167323116,"06-2017":0.1492557757,"08-2017":0.1347948217,"10-2017":0.1294868783,"12-2017":0.1304753407,"02-2018":0.1240487587,"04-2018":0.1168961017,"06-2018":0.1072089947,"08-2018":0.0996203928,"10-2018":0.1053243866,"12-2018":0.1112258953,"02-2019":0.1074237759,"04-2019":0.1018788925,"06-2019":0.0965897947,"08-2019":0.0906406586,"10-2019":0.0914611704,"12-2019":0.0919050459}}