{"median":{"02-2020":0.0595306384,"04-2020":0.063266123,"06-2020":0.0743852459,"08-2020":0.0786914766,"10-2020":0.0786161477,"12-2020":0.0895788102,"02-2021":0.0892017567,"04-2021":0.0919705792,"06-2021":0.0923439486,"08-2021":0.1029424751,"10-2021":0.1187270923,"12-2021":0.1436289177,"02-2022":0.1712549603,"04-2022":0.200125176,"06-2022":0.2449346841,"08-2022":0.3009939499,"10-2022":0.3352923776,"12-2022":0.3787937492,"02-2023":0.4363006397,"04-2023":0.4873071879,"06-2023":0.5290736984,"08-2023":0.5686701675,"10-2023":0.5881105565,"12-2023":0.5970455919,"02-2024":0.6085192698,"04-2024":0.6099034955,"06-2024":0.5953718566,"08-2024":0.6027236652,"10-2024":0.602712664,"12-2024":0.5907332199,"02-2025":0.5803658707,"04-2025":0.5775461396,"06-2025":0.5700908456,"08-2025":0.5589925474,"10-2025":0.5457900034,"12-2025":0.543280847,"02-2026":0.5282957783,"04-2026":0.5267332642,"06-2026":0.5236593737,"08-2026":0.5251381906,"10-2026":0.513631886,"12-2026":0.5112807464,"02-2027":0.5018402501,"04-2027":0.4925042111,"06-2027":0.4821810758,"08-2027":0.4661853189,"10-2027":0.4639768206,"12-2027":0.4519820101,"02-2028":0.4509908871,"04-2028":0.4422222222,"06-2028":0.4275355656,"08-2028":0.4230075457,"10-2028":0.4242943795,"12-2028":0.4191113816,"02-2029":0.4151581243,"04-2029":0.4103962944,"06-2029":0.4047606269,"08-2029":0.4103006189,"10-2029":0.4003546099,"12-2029":0.4083506812,"02-2030":0.4077382424,"04-2030":0.398927565,"06-2030":0.3904377598,"08-2030":0.3877482167,"10-2030":0.3895315809,"12-2030":0.3907428006},"percentile_25":{"02-2020":0.0351578469,"04-2020":0.0369724422,"06-2020":0.0404161665,"08-2020":0.0374816716,"10-2020":0.0351391173,"12-2020":0.0356789949,"02-2021":0.0403902318,"04-2021":0.0446727774,"06-2021":0.0449450786,"08-2021":0.0422758442,"10-2021":0.0449001851,"12-2021":0.0472440945,"02-2022":0.0501826411,"04-2022":0.0662579114,"06-2022":0.0777686567,"08-2022":0.0887679395,"10-2022":0.1049512285,"12-2022":0.119758385,"02-2023":0.1324070827,"04-2023":0.1539079554,"06-2023":0.1666789868,"08-2023":0.1762820513,"10-2023":0.2021732914,"12-2023":0.2248066205,"02-2024":0.2532255214,"04-2024":0.2729075824,"06-2024":0.3106610029,"08-2024":0.3462702418,"10-2024":0.3791182874,"12-2024":0.4123125167,"02-2025":0.4296953047,"04-2025":0.4620284124,"06-2025":0.4724033816,"08-2025":0.4694773031,"10-2025":0.4637546468,"12-2025":0.4656829281,"02-2026":0.4600123914,"04-2026":0.4601937715,"06-2026":0.4560988629,"08-2026":0.4638974951,"10-2026":0.4618325448,"12-2026":0.4590415395,"02-2027":0.4447798295,"04-2027":0.436659566,"06-2027":0.430715812,"08-2027":0.4181659804,"10-2027":0.4054349735,"12-2027":0.4048747659,"02-2028":0.394854656,"04-2028":0.3847576767,"06-2028":0.3772640708,"08-2028":0.3664464651,"10-2028":0.3661048689,"12-2028":0.3575338895,"02-2029":0.3603505291,"04-2029":0.3583562114,"06-2029":0.3579424307,"08-2029":0.3489914936,"10-2029":0.3587787035,"12-2029":0.3510586399,"02-2030":0.3529896363,"04-2030":0.3556220485,"06-2030":0.3500630165,"08-2030":0.3434110537,"10-2030":0.3404068682,"12-2030":0.3451036937},"percentile_75":{"02-2020":0.1034826212,"04-2020":0.1119475019,"06-2020":0.131372458,"08-2020":0.1420525657,"10-2020":0.1458481403,"12-2020":0.1543294624,"02-2021":0.1559777671,"04-2021":0.1586832249,"06-2021":0.183774667,"08-2021":0.2027192109,"10-2021":0.2273833671,"12-2021":0.2887599599,"02-2022":0.3324609992,"04-2022":0.3770698177,"06-2022":0.4828719994,"08-2022":0.5727044476,"10-2022":0.6475717294,"12-2022":0.7056556777,"02-2023":0.7371470393,"04-2023":0.728997278,"06-2023":0.7163915012,"08-2023":0.7191380882,"10-2023":0.7211913269,"12-2023":0.6903453119,"02-2024":0.6772486772,"04-2024":0.6795083117,"06-2024":0.6619329344,"08-2024":0.6579193436,"10-2024":0.6552050679,"12-2024":0.644244868,"02-2025":0.6338686343,"04-2025":0.6316264488,"06-2025":0.6223869961,"08-2025":0.6112637363,"10-2025":0.6057609293,"12-2025":0.5967575188,"02-2026":0.5902560084,"04-2026":0.5788894586,"06-2026":0.5660438909,"08-2026":0.5727383268,"10-2026":0.5741224364,"12-2026":0.5590391459,"02-2027":0.5517352369,"04-2027":0.536823378,"06-2027":0.5288203494,"08-2027":0.5225162356,"10-2027":0.5179521479,"12-2027":0.509295245,"02-2028":0.5022564935,"04-2028":0.4895584488,"06-2028":0.4744082681,"08-2028":0.4706416801,"10-2028":0.4625288929,"12-2028":0.4716677229,"02-2029":0.4598730893,"04-2029":0.4656139446,"06-2029":0.4580495356,"08-2029":0.4509625319,"10-2029":0.4527378577,"12-2029":0.454717296,"02-2030":0.4445402299,"04-2030":0.4400352113,"06-2030":0.4352623783,"08-2030":0.4318096665,"10-2030":0.4318993506,"12-2030":0.4398224453}}