{"median":{"02-2020":0.0554530545,"04-2020":0.0537825811,"06-2020":0.0504850088,"08-2020":0.0479043825,"10-2020":0.0450973746,"12-2020":0.0436477748,"02-2021":0.0371996925,"04-2021":0.030999571,"06-2021":0.0258256589,"08-2021":0.0229888432,"10-2021":0.0207047325,"12-2021":0.0150945546,"02-2022":0.0122724535,"04-2022":0.0123458881,"06-2022":0.0113368984,"08-2022":0.0109502178,"10-2022":0.0115830116,"12-2022":0.0150749489,"02-2023":0.0197677871,"04-2023":0.0218402075,"06-2023":0.0233919018,"08-2023":0.0295992901,"10-2023":0.0331116252,"12-2023":0.0426670676,"02-2024":0.0507564956,"04-2024":0.0618732361,"06-2024":0.0705080545,"08-2024":0.0881860383,"10-2024":0.1015822059,"12-2024":0.1251310861,"02-2025":0.1469002695,"04-2025":0.1570648344,"06-2025":0.184790334,"08-2025":0.228784219,"10-2025":0.2695099941,"12-2025":0.3309106335,"02-2026":0.3789819921,"04-2026":0.3976181936,"06-2026":0.4508214363,"08-2026":0.4870629371,"10-2026":0.4765713496,"12-2026":0.4856171781,"02-2027":0.4875925926,"04-2027":0.480952381,"06-2027":0.4777667984,"08-2027":0.4834414707,"10-2027":0.4728806216,"12-2027":0.464763591,"02-2028":0.456164173,"04-2028":0.4434165834,"06-2028":0.439330855,"08-2028":0.4272441077,"10-2028":0.420988301,"12-2028":0.4081466853,"02-2029":0.4003816794,"04-2029":0.3874749786,"06-2029":0.3774762551,"08-2029":0.3877712602,"10-2029":0.3849483849,"12-2029":0.3690427174,"02-2030":0.3690523321,"04-2030":0.3674483038,"06-2030":0.3583923569,"08-2030":0.3528680305,"10-2030":0.3617788462,"12-2030":0.3582423172},"percentile_25":{"02-2020":0.029629729,"04-2020":0.0292581939,"06-2020":0.02611043,"08-2020":0.0239760956,"10-2020":0.020986428,"12-2020":0.022300281,"02-2021":0.0165633591,"04-2021":0.012502562,"06-2021":0.0111227951,"08-2021":0.0074144435,"10-2021":0.0039920635,"12-2021":0.0037313433,"02-2022":0.0,"04-2022":0.0,"06-2022":0.0,"08-2022":0.0,"10-2022":0.0,"12-2022":0.0,"02-2023":0.0,"04-2023":0.0,"06-2023":0.0,"08-2023":0.0,"10-2023":0.0,"12-2023":0.0,"02-2024":0.0,"04-2024":0.0,"06-2024":0.0,"08-2024":0.0,"10-2024":0.0,"12-2024":0.0,"02-2025":0.0,"04-2025":0.0,"06-2025":0.0,"08-2025":0.0,"10-2025":0.0,"12-2025":0.0,"02-2026":0.0,"04-2026":0.0,"06-2026":0.0,"08-2026":0.0,"10-2026":0.0,"12-2026":0.0,"02-2027":0.0,"04-2027":0.0,"06-2027":0.0,"08-2027":0.0,"10-2027":0.0,"12-2027":0.0,"02-2028":0.0,"04-2028":0.0,"06-2028":0.0,"08-2028":0.0,"10-2028":0.0,"12-2028":0.0,"02-2029":0.0,"04-2029":0.0,"06-2029":0.0,"08-2029":0.0,"10-2029":0.0,"12-2029":0.0,"02-2030":0.0,"04-2030":0.0,"06-2030":0.0,"08-2030":0.0,"10-2030":0.0,"12-2030":0.0},"percentile_75":{"02-2020":0.0884222333,"04-2020":0.0875578168,"06-2020":0.0859463377,"08-2020":0.0859004478,"10-2020":0.0823783359,"12-2020":0.0806249377,"02-2021":0.0740021583,"04-2021":0.0685793367,"06-2021":0.059718445,"08-2021":0.0517909129,"10-2021":0.0469316123,"12-2021":0.0430961277,"02-2022":0.0420950389,"04-2022":0.0477454072,"06-2022":0.0574902248,"08-2022":0.0689131526,"10-2022":0.0804280156,"12-2022":0.0993801653,"02-2023":0.1316893424,"04-2023":0.1680015517,"06-2023":0.1946234814,"08-2023":0.2427782964,"10-2023":0.2839356292,"12-2023":0.3299995348,"02-2024":0.4172959505,"04-2024":0.4896037913,"06-2024":0.562283028,"08-2024":0.6305609756,"10-2024":0.6660851064,"12-2024":0.6656837711,"02-2025":0.6733201694,"04-2025":0.6700200535,"06-2025":0.6644222482,"08-2025":0.6512531328,"10-2025":0.639600443,"12-2025":0.6332162119,"02-2026":0.6335573211,"04-2026":0.6380422742,"06-2026":0.6247964627,"08-2026":0.6314867972,"10-2026":0.6175083363,"12-2026":0.6021870186,"02-2027":0.5980477855,"04-2027":0.5773987129,"06-2027":0.5745033307,"08-2027":0.5731642383,"10-2027":0.5597375094,"12-2027":0.5568869928,"02-2028":0.5479345234,"04-2028":0.5317978533,"06-2028":0.5228453739,"08-2028":0.5132577754,"10-2028":0.507328722,"12-2028":0.5019047827,"02-2029":0.5,"04-2029":0.4861643331,"06-2029":0.4797428695,"08-2029":0.4840801394,"10-2029":0.4682564626,"12-2029":0.4609522226,"02-2030":0.4555270311,"04-2030":0.4456235698,"06-2030":0.436742961,"08-2030":0.4281982598,"10-2030":0.4293403178,"12-2030":0.4190992731}}