{"median":{"02-2020":0.0554530545,"04-2020":0.0537825811,"06-2020":0.0504850088,"08-2020":0.0479043825,"10-2020":0.0450973746,"12-2020":0.0436477748,"02-2021":0.0371996925,"04-2021":0.030999571,"06-2021":0.0258256589,"08-2021":0.0229888432,"10-2021":0.0207047325,"12-2021":0.0150945546,"02-2022":0.012527461,"04-2022":0.0108697079,"06-2022":0.0079210716,"08-2022":0.0070100916,"10-2022":0.004149449,"12-2022":0.0040651078,"02-2023":0.0039840637,"04-2023":0.0037737999,"06-2023":0.0035978672,"08-2023":0.0,"10-2023":0.0,"12-2023":0.0,"02-2024":0.0,"04-2024":0.0,"06-2024":0.0,"08-2024":0.0,"10-2024":0.0,"12-2024":0.0,"02-2025":0.0,"04-2025":0.0,"06-2025":0.0,"08-2025":0.0,"10-2025":0.0,"12-2025":0.0,"02-2026":0.0,"04-2026":0.0,"06-2026":0.0,"08-2026":0.0,"10-2026":0.0,"12-2026":0.0,"02-2027":0.0,"04-2027":0.0,"06-2027":0.0,"08-2027":0.0,"10-2027":0.0,"12-2027":0.0,"02-2028":0.0,"04-2028":0.0,"06-2028":0.0,"08-2028":0.0,"10-2028":0.0,"12-2028":0.0,"02-2029":0.0,"04-2029":0.0,"06-2029":0.0,"08-2029":0.0,"10-2029":0.0,"12-2029":0.0,"02-2030":0.0,"04-2030":0.0,"06-2030":0.0,"08-2030":0.0,"10-2030":0.0,"12-2030":0.0},"percentile_25":{"02-2020":0.029629729,"04-2020":0.0292581939,"06-2020":0.02611043,"08-2020":0.0239760956,"10-2020":0.020986428,"12-2020":0.022300281,"02-2021":0.0165633591,"04-2021":0.012502562,"06-2021":0.0111227951,"08-2021":0.0074144435,"10-2021":0.0039920635,"12-2021":0.0037313433,"02-2022":0.0,"04-2022":0.0,"06-2022":0.0,"08-2022":0.0,"10-2022":0.0,"12-2022":0.0,"02-2023":0.0,"04-2023":0.0,"06-2023":0.0,"08-2023":0.0,"10-2023":0.0,"12-2023":0.0,"02-2024":0.0,"04-2024":0.0,"06-2024":0.0,"08-2024":0.0,"10-2024":0.0,"12-2024":0.0,"02-2025":0.0,"04-2025":0.0,"06-2025":0.0,"08-2025":0.0,"10-2025":0.0,"12-2025":0.0,"02-2026":0.0,"04-2026":0.0,"06-2026":0.0,"08-2026":0.0,"10-2026":0.0,"12-2026":0.0,"02-2027":0.0,"04-2027":0.0,"06-2027":0.0,"08-2027":0.0,"10-2027":0.0,"12-2027":0.0,"02-2028":0.0,"04-2028":0.0,"06-2028":0.0,"08-2028":0.0,"10-2028":0.0,"12-2028":0.0,"02-2029":0.0,"04-2029":0.0,"06-2029":0.0,"08-2029":0.0,"10-2029":0.0,"12-2029":0.0,"02-2030":0.0,"04-2030":0.0,"06-2030":0.0,"08-2030":0.0,"10-2030":0.0,"12-2030":0.0},"percentile_75":{"02-2020":0.0884222333,"04-2020":0.0875578168,"06-2020":0.0859463377,"08-2020":0.0859004478,"10-2020":0.0823783359,"12-2020":0.0806249377,"02-2021":0.0740021583,"04-2021":0.0685793367,"06-2021":0.059718445,"08-2021":0.0517909129,"10-2021":0.0469316123,"12-2021":0.0430961277,"02-2022":0.0399245064,"04-2022":0.0369260204,"06-2022":0.0318187686,"08-2022":0.0316291647,"10-2022":0.0287507472,"12-2022":0.0246666893,"02-2023":0.0208605193,"04-2023":0.0186505779,"06-2023":0.0167895894,"08-2023":0.0146039098,"10-2023":0.011505305,"12-2023":0.0081136908,"02-2024":0.0077446308,"04-2024":0.0071428571,"06-2024":0.0072072777,"08-2024":0.005057161,"10-2024":0.0049520527,"12-2024":0.0041733763,"02-2025":0.0075603352,"04-2025":0.0117913011,"06-2025":0.0178858733,"08-2025":0.021072344,"10-2025":0.022133116,"12-2025":0.0273094449,"02-2026":0.0306118265,"04-2026":0.0389850746,"06-2026":0.0478936107,"08-2026":0.0522791353,"10-2026":0.0546883773,"12-2026":0.0714664103,"02-2027":0.0896678322,"04-2027":0.0942556806,"06-2027":0.1161408431,"08-2027":0.1216806861,"10-2027":0.1415793017,"12-2027":0.160778573,"02-2028":0.170079331,"04-2028":0.1726311624,"06-2028":0.2037037037,"08-2028":0.2633693951,"10-2028":0.2944444444,"12-2028":0.3550567331,"02-2029":0.3813091104,"04-2029":0.3576438065,"06-2029":0.376596424,"08-2029":0.382661068,"10-2029":0.405602537,"12-2029":0.4349003918,"02-2030":0.4450432147,"04-2030":0.4047848383,"06-2030":0.397314134,"08-2030":0.4159914712,"10-2030":0.402509695,"12-2030":0.3849621459}}