{"median":{"02-2020":0.0554530545,"04-2020":0.0537825811,"06-2020":0.0504850088,"08-2020":0.0479043825,"10-2020":0.0450973746,"12-2020":0.0436477748,"02-2021":0.0371996925,"04-2021":0.030999571,"06-2021":0.0258256589,"08-2021":0.0229888432,"10-2021":0.0207047325,"12-2021":0.0150945546,"02-2022":0.012527461,"04-2022":0.0108697079,"06-2022":0.0079210716,"08-2022":0.0070100916,"10-2022":0.004149449,"12-2022":0.0040651078,"02-2023":0.0039840637,"04-2023":0.0037737999,"06-2023":0.0017730496,"08-2023":0.0,"10-2023":0.0,"12-2023":0.0,"02-2024":0.0,"04-2024":0.0,"06-2024":0.0,"08-2024":0.0,"10-2024":0.0,"12-2024":0.0,"02-2025":0.0,"04-2025":0.0,"06-2025":0.0,"08-2025":0.0,"10-2025":0.0,"12-2025":0.0,"02-2026":0.0,"04-2026":0.0,"06-2026":0.0,"08-2026":0.0,"10-2026":0.0,"12-2026":0.0,"02-2027":0.0,"04-2027":0.0,"06-2027":0.0,"08-2027":0.0,"10-2027":0.0,"12-2027":0.0,"02-2028":0.0,"04-2028":0.0,"06-2028":0.0,"08-2028":0.0,"10-2028":0.0,"12-2028":0.0,"02-2029":0.0,"04-2029":0.0,"06-2029":0.0,"08-2029":0.0,"10-2029":0.0,"12-2029":0.0,"02-2030":0.0,"04-2030":0.0,"06-2030":0.0,"08-2030":0.0,"10-2030":0.0,"12-2030":0.0},"percentile_25":{"02-2020":0.029629729,"04-2020":0.0292581939,"06-2020":0.02611043,"08-2020":0.0239760956,"10-2020":0.020986428,"12-2020":0.022300281,"02-2021":0.0165633591,"04-2021":0.012502562,"06-2021":0.0111227951,"08-2021":0.0074144435,"10-2021":0.0039920635,"12-2021":0.0037313433,"02-2022":0.0,"04-2022":0.0,"06-2022":0.0,"08-2022":0.0,"10-2022":0.0,"12-2022":0.0,"02-2023":0.0,"04-2023":0.0,"06-2023":0.0,"08-2023":0.0,"10-2023":0.0,"12-2023":0.0,"02-2024":0.0,"04-2024":0.0,"06-2024":0.0,"08-2024":0.0,"10-2024":0.0,"12-2024":0.0,"02-2025":0.0,"04-2025":0.0,"06-2025":0.0,"08-2025":0.0,"10-2025":0.0,"12-2025":0.0,"02-2026":0.0,"04-2026":0.0,"06-2026":0.0,"08-2026":0.0,"10-2026":0.0,"12-2026":0.0,"02-2027":0.0,"04-2027":0.0,"06-2027":0.0,"08-2027":0.0,"10-2027":0.0,"12-2027":0.0,"02-2028":0.0,"04-2028":0.0,"06-2028":0.0,"08-2028":0.0,"10-2028":0.0,"12-2028":0.0,"02-2029":0.0,"04-2029":0.0,"06-2029":0.0,"08-2029":0.0,"10-2029":0.0,"12-2029":0.0,"02-2030":0.0,"04-2030":0.0,"06-2030":0.0,"08-2030":0.0,"10-2030":0.0,"12-2030":0.0},"percentile_75":{"02-2020":0.0884222333,"04-2020":0.0875578168,"06-2020":0.0859463377,"08-2020":0.0859004478,"10-2020":0.0823783359,"12-2020":0.0806249377,"02-2021":0.0740021583,"04-2021":0.0685793367,"06-2021":0.059718445,"08-2021":0.0517909129,"10-2021":0.0469316123,"12-2021":0.0430961277,"02-2022":0.0399245064,"04-2022":0.0369260204,"06-2022":0.0318187686,"08-2022":0.0316291647,"10-2022":0.0287507472,"12-2022":0.0246666893,"02-2023":0.0208605193,"04-2023":0.0186505779,"06-2023":0.0156439712,"08-2023":0.0150660743,"10-2023":0.011952765,"12-2023":0.0109963069,"02-2024":0.011450886,"04-2024":0.0152671756,"06-2024":0.0196870978,"08-2024":0.0224358974,"10-2024":0.030390108,"12-2024":0.0390625,"02-2025":0.0478865704,"04-2025":0.0563512655,"06-2025":0.0683347176,"08-2025":0.0897736116,"10-2025":0.1178269982,"12-2025":0.1423268398,"02-2026":0.1783062731,"04-2026":0.2260638298,"06-2026":0.2695820871,"08-2026":0.3084575997,"10-2026":0.3617526916,"12-2026":0.4007102036,"02-2027":0.4501191001,"04-2027":0.4966422466,"06-2027":0.5373311107,"08-2027":0.5562757688,"10-2027":0.5455859439,"12-2027":0.5363782051,"02-2028":0.5416266946,"04-2028":0.5199738178,"06-2028":0.5164622291,"08-2028":0.5117964473,"10-2028":0.5,"12-2028":0.51698286,"02-2029":0.5140897293,"04-2029":0.5131755777,"06-2029":0.4839762258,"08-2029":0.4946332737,"10-2029":0.5017258787,"12-2029":0.5022629169,"02-2030":0.4949227858,"04-2030":0.4784938007,"06-2030":0.4660701394,"08-2030":0.4451565558,"10-2030":0.435768537,"12-2030":0.4300985278}}