{"median":{"02-2020":0.0595306384,"04-2020":0.063266123,"06-2020":0.0743852459,"08-2020":0.0786914766,"10-2020":0.0786161477,"12-2020":0.0895788102,"02-2021":0.0882606487,"04-2021":0.0796825397,"06-2021":0.0727620333,"08-2021":0.0736996744,"10-2021":0.0661385939,"12-2021":0.0652126329,"02-2022":0.0711431743,"04-2022":0.0736702128,"06-2022":0.0896979944,"08-2022":0.1096620361,"10-2022":0.1307078701,"12-2022":0.1550365986,"02-2023":0.1927017338,"04-2023":0.2177276296,"06-2023":0.2617092279,"08-2023":0.3070909593,"10-2023":0.3536779081,"12-2023":0.3902737386,"02-2024":0.4647184653,"04-2024":0.5246801158,"06-2024":0.5656134454,"08-2024":0.5899404388,"10-2024":0.5864514489,"12-2024":0.5936173264,"02-2025":0.5895577907,"04-2025":0.5865162575,"06-2025":0.5904609085,"08-2025":0.5961444571,"10-2025":0.5774868135,"12-2025":0.5656275636,"02-2026":0.5585975097,"04-2026":0.5504415381,"06-2026":0.5509462981,"08-2026":0.5399239544,"10-2026":0.5347495528,"12-2026":0.5350327154,"02-2027":0.5308391608,"04-2027":0.5181197479,"06-2027":0.5108417702,"08-2027":0.4928057554,"10-2027":0.4906934584,"12-2027":0.4873173422,"02-2028":0.4833948339,"04-2028":0.4729725701,"06-2028":0.4566736184,"08-2028":0.4576946061,"10-2028":0.4475109253,"12-2028":0.4389386982,"02-2029":0.428170018,"04-2029":0.4277688604,"06-2029":0.4269846701,"08-2029":0.4163373457,"10-2029":0.4135644353,"12-2029":0.4106191201,"02-2030":0.4121968889,"04-2030":0.4137942393,"06-2030":0.4026487321,"08-2030":0.393673497,"10-2030":0.392969697,"12-2030":0.3941678767},"percentile_25":{"02-2020":0.0351578469,"04-2020":0.0369724422,"06-2020":0.0404161665,"08-2020":0.0374816716,"10-2020":0.0351391173,"12-2020":0.0356789949,"02-2021":0.0352620618,"04-2021":0.0345166715,"06-2021":0.0333288672,"08-2021":0.0270061728,"10-2021":0.0233033158,"12-2021":0.0196657403,"02-2022":0.0148467911,"04-2022":0.0085386086,"06-2022":0.0119644269,"08-2022":0.015625,"10-2022":0.0210031009,"12-2022":0.0200205584,"02-2023":0.0275163934,"04-2023":0.0310850202,"06-2023":0.0385275591,"08-2023":0.0551086142,"10-2023":0.0597888974,"12-2023":0.0618712633,"02-2024":0.0704490657,"04-2024":0.0842535127,"06-2024":0.0918754066,"08-2024":0.1054526333,"10-2024":0.1167582418,"12-2024":0.1365671132,"02-2025":0.1560651487,"04-2025":0.1713418161,"06-2025":0.1930918928,"08-2025":0.2346564085,"10-2025":0.2544034912,"12-2025":0.2843240093,"02-2026":0.3169056153,"04-2026":0.3565825803,"06-2026":0.3992960165,"08-2026":0.4294394841,"10-2026":0.451364501,"12-2026":0.4511695906,"02-2027":0.4517921147,"04-2027":0.4345215557,"06-2027":0.4313501144,"08-2027":0.4273445664,"10-2027":0.415786352,"12-2027":0.4128529042,"02-2028":0.4073412698,"04-2028":0.3994809689,"06-2028":0.4000427666,"08-2028":0.3936466859,"10-2028":0.3806681927,"12-2028":0.3732014388,"02-2029":0.3651305781,"04-2029":0.3594006568,"06-2029":0.3576017873,"08-2029":0.3512253329,"10-2029":0.3453477444,"12-2029":0.3470199578,"02-2030":0.3403931007,"04-2030":0.3424329915,"06-2030":0.3354813821,"08-2030":0.334252451,"10-2030":0.330881438,"12-2030":0.328358209},"percentile_75":{"02-2020":0.1034826212,"04-2020":0.1119475019,"06-2020":0.131372458,"08-2020":0.1420525657,"10-2020":0.1458481403,"12-2020":0.1543294624,"02-2021":0.1459384105,"04-2021":0.1361942165,"06-2021":0.129094941,"08-2021":0.120959728,"10-2021":0.113159406,"12-2021":0.1220756595,"02-2022":0.1413411317,"04-2022":0.1764936193,"06-2022":0.2063050408,"08-2022":0.2426004228,"10-2022":0.305019305,"12-2022":0.372127865,"02-2023":0.4428294574,"04-2023":0.5398737981,"06-2023":0.6068356157,"08-2023":0.654682592,"10-2023":0.6931503198,"12-2023":0.7179193629,"02-2024":0.7290482955,"04-2024":0.7160694582,"06-2024":0.6894128911,"08-2024":0.6896363636,"10-2024":0.6777667895,"12-2024":0.6741118999,"02-2025":0.6749120696,"04-2025":0.6612890811,"06-2025":0.6515151515,"08-2025":0.6389711734,"10-2025":0.6431277056,"12-2025":0.6348712376,"02-2026":0.6318192799,"04-2026":0.6155877573,"06-2026":0.6079766537,"08-2026":0.596573457,"10-2026":0.5913710886,"12-2026":0.5881653736,"02-2027":0.5915177846,"04-2027":0.5695409583,"06-2027":0.5604506381,"08-2027":0.5487901088,"10-2027":0.5442383196,"12-2027":0.540489893,"02-2028":0.5392837752,"04-2028":0.527743314,"06-2028":0.519443457,"08-2028":0.5122257468,"10-2028":0.5026695801,"12-2028":0.4910448291,"02-2029":0.4882729211,"04-2029":0.4773989899,"06-2029":0.4730270725,"08-2029":0.4708811711,"10-2029":0.4707310469,"12-2029":0.4672051001,"02-2030":0.4651202677,"04-2030":0.4546243687,"06-2030":0.4542613636,"08-2030":0.4503656491,"10-2030":0.4521760031,"12-2030":0.4446407538}}