{"median":{"02-2020":0.0595306384,"04-2020":0.063266123,"06-2020":0.0743852459,"08-2020":0.0786914766,"10-2020":0.0786161477,"12-2020":0.0895788102,"02-2021":0.0882606487,"04-2021":0.0796825397,"06-2021":0.0728744939,"08-2021":0.0700890019,"10-2021":0.0580922865,"12-2021":0.0493216903,"02-2022":0.0408713346,"04-2022":0.0337949304,"06-2022":0.028340081,"08-2022":0.0242544017,"10-2022":0.0193430111,"12-2022":0.0185876175,"02-2023":0.015270735,"04-2023":0.012400082,"06-2023":0.0111750832,"08-2023":0.0078280585,"10-2023":0.0040005761,"12-2023":0.0037736386,"02-2024":0.0,"04-2024":0.0,"06-2024":0.0,"08-2024":0.0,"10-2024":0.0,"12-2024":0.0,"02-2025":0.0,"04-2025":0.0,"06-2025":0.0,"08-2025":0.0,"10-2025":0.0,"12-2025":0.0,"02-2026":0.0,"04-2026":0.0,"06-2026":0.0,"08-2026":0.0,"10-2026":0.0,"12-2026":0.0,"02-2027":0.0,"04-2027":0.0,"06-2027":0.0,"08-2027":0.0,"10-2027":0.0,"12-2027":0.0,"02-2028":0.0,"04-2028":0.0,"06-2028":0.0,"08-2028":0.0,"10-2028":0.0,"12-2028":0.0,"02-2029":0.0,"04-2029":0.0,"06-2029":0.0,"08-2029":0.0,"10-2029":0.0,"12-2029":0.0,"02-2030":0.0,"04-2030":0.0,"06-2030":0.0,"08-2030":0.0,"10-2030":0.0,"12-2030":0.0},"percentile_25":{"02-2020":0.0351578469,"04-2020":0.0369724422,"06-2020":0.0404161665,"08-2020":0.0374816716,"10-2020":0.0351391173,"12-2020":0.0356789949,"02-2021":0.0352620618,"04-2021":0.0345166715,"06-2021":0.0315315315,"08-2021":0.0278060984,"10-2021":0.0227969349,"12-2021":0.018810849,"02-2022":0.0120123351,"04-2022":0.0108998509,"06-2022":0.0043025362,"08-2022":0.0040527966,"10-2022":0.0037176251,"12-2022":0.0,"02-2023":0.0,"04-2023":0.0,"06-2023":0.0,"08-2023":0.0,"10-2023":0.0,"12-2023":0.0,"02-2024":0.0,"04-2024":0.0,"06-2024":0.0,"08-2024":0.0,"10-2024":0.0,"12-2024":0.0,"02-2025":0.0,"04-2025":0.0,"06-2025":0.0,"08-2025":0.0,"10-2025":0.0,"12-2025":0.0,"02-2026":0.0,"04-2026":0.0,"06-2026":0.0,"08-2026":0.0,"10-2026":0.0,"12-2026":0.0,"02-2027":0.0,"04-2027":0.0,"06-2027":0.0,"08-2027":0.0,"10-2027":0.0,"12-2027":0.0,"02-2028":0.0,"04-2028":0.0,"06-2028":0.0,"08-2028":0.0,"10-2028":0.0,"12-2028":0.0,"02-2029":0.0,"04-2029":0.0,"06-2029":0.0,"08-2029":0.0,"10-2029":0.0,"12-2029":0.0,"02-2030":0.0,"04-2030":0.0,"06-2030":0.0,"08-2030":0.0,"10-2030":0.0,"12-2030":0.0},"percentile_75":{"02-2020":0.1034826212,"04-2020":0.1119475019,"06-2020":0.131372458,"08-2020":0.1420525657,"10-2020":0.1458481403,"12-2020":0.1543294624,"02-2021":0.1459384105,"04-2021":0.1361942165,"06-2021":0.1281498519,"08-2021":0.1136234932,"10-2021":0.0945321852,"12-2021":0.0854699727,"02-2022":0.0740149834,"04-2022":0.0666250824,"06-2022":0.0686260756,"08-2022":0.0616707597,"10-2022":0.0514343748,"12-2022":0.0436850046,"02-2023":0.0388353924,"04-2023":0.031651923,"06-2023":0.0301609537,"08-2023":0.0264418229,"10-2023":0.0224417419,"12-2023":0.0234604779,"02-2024":0.0203123418,"04-2024":0.0188043337,"06-2024":0.0224514221,"08-2024":0.0239406018,"10-2024":0.0216476367,"12-2024":0.0286173973,"02-2025":0.0370553614,"04-2025":0.0424699961,"06-2025":0.0520220588,"08-2025":0.0793906859,"10-2025":0.0964781194,"12-2025":0.1202808689,"02-2026":0.1503253465,"04-2026":0.191299494,"06-2026":0.2581111111,"08-2026":0.3477124183,"10-2026":0.4089294905,"12-2026":0.5181185371,"02-2027":0.5830200501,"04-2027":0.6085766423,"06-2027":0.6283823703,"08-2027":0.6166030953,"10-2027":0.6073265848,"12-2027":0.6140775788,"02-2028":0.6072300928,"04-2028":0.6066176471,"06-2028":0.5981853396,"08-2028":0.594768247,"10-2028":0.5866013483,"12-2028":0.5744053575,"02-2029":0.5617788462,"04-2029":0.5517219009,"06-2029":0.5447057605,"08-2029":0.5274248057,"10-2029":0.5354912751,"12-2029":0.5263099823,"02-2030":0.5109159134,"04-2030":0.5034025614,"06-2030":0.5013345196,"08-2030":0.4867448218,"10-2030":0.4749851102,"12-2030":0.4660975698}}