{"median":{"02-2020":0.0595306384,"04-2020":0.063266123,"06-2020":0.0743852459,"08-2020":0.0786914766,"10-2020":0.0786161477,"12-2020":0.0895788102,"02-2021":0.0882606487,"04-2021":0.0796825397,"06-2021":0.0728744939,"08-2021":0.0700890019,"10-2021":0.0580922865,"12-2021":0.0493216903,"02-2022":0.0408713346,"04-2022":0.0337949304,"06-2022":0.028340081,"08-2022":0.0242544017,"10-2022":0.0193430111,"12-2022":0.0185876175,"02-2023":0.015270735,"04-2023":0.012400082,"06-2023":0.0097297717,"08-2023":0.0079365079,"10-2023":0.0041067935,"12-2023":0.0037807318,"02-2024":0.0035664336,"04-2024":0.0,"06-2024":0.0,"08-2024":0.0,"10-2024":0.0,"12-2024":0.0,"02-2025":0.0,"04-2025":0.0,"06-2025":0.0,"08-2025":0.0017182131,"10-2025":0.0,"12-2025":0.0,"02-2026":0.0,"04-2026":0.0017182131,"06-2026":0.0035034974,"08-2026":0.0035526781,"10-2026":0.0035721576,"12-2026":0.0017730496,"02-2027":0.0017793594,"04-2027":0.0017241379,"06-2027":0.0017241379,"08-2027":0.0069689795,"10-2027":0.0055068836,"12-2027":0.0055020728,"02-2028":0.0054768216,"04-2028":0.0054568886,"06-2028":0.0054440877,"08-2028":0.0017793594,"10-2028":0.0036520186,"12-2028":0.0055225263,"02-2029":0.0054945055,"04-2029":0.0054232804,"06-2029":0.0070897737,"08-2029":0.007133542,"10-2029":0.006972821,"12-2029":0.0088943903,"02-2030":0.0089555126,"04-2030":0.0123126873,"06-2030":0.0265984396,"08-2030":0.0394974343,"10-2030":0.0436769663,"12-2030":0.0548262032},"percentile_25":{"02-2020":0.0351578469,"04-2020":0.0369724422,"06-2020":0.0404161665,"08-2020":0.0374816716,"10-2020":0.0351391173,"12-2020":0.0356789949,"02-2021":0.0352620618,"04-2021":0.0345166715,"06-2021":0.0315315315,"08-2021":0.0278060984,"10-2021":0.0227969349,"12-2021":0.018810849,"02-2022":0.0120123351,"04-2022":0.0108998509,"06-2022":0.0043025362,"08-2022":0.0040527966,"10-2022":0.0037176251,"12-2022":0.0,"02-2023":0.0,"04-2023":0.0,"06-2023":0.0,"08-2023":0.0,"10-2023":0.0,"12-2023":0.0,"02-2024":0.0,"04-2024":0.0,"06-2024":0.0,"08-2024":0.0,"10-2024":0.0,"12-2024":0.0,"02-2025":0.0,"04-2025":0.0,"06-2025":0.0,"08-2025":0.0,"10-2025":0.0,"12-2025":0.0,"02-2026":0.0,"04-2026":0.0,"06-2026":0.0,"08-2026":0.0,"10-2026":0.0,"12-2026":0.0,"02-2027":0.0,"04-2027":0.0,"06-2027":0.0,"08-2027":0.0,"10-2027":0.0,"12-2027":0.0,"02-2028":0.0,"04-2028":0.0,"06-2028":0.0,"08-2028":0.0,"10-2028":0.0,"12-2028":0.0,"02-2029":0.0,"04-2029":0.0,"06-2029":0.0,"08-2029":0.0,"10-2029":0.0,"12-2029":0.0,"02-2030":0.0,"04-2030":0.0,"06-2030":0.0,"08-2030":0.0,"10-2030":0.0,"12-2030":0.0},"percentile_75":{"02-2020":0.1034826212,"04-2020":0.1119475019,"06-2020":0.131372458,"08-2020":0.1420525657,"10-2020":0.1458481403,"12-2020":0.1543294624,"02-2021":0.1459384105,"04-2021":0.1361942165,"06-2021":0.1281498519,"08-2021":0.1136234932,"10-2021":0.0945321852,"12-2021":0.0854699727,"02-2022":0.0740149834,"04-2022":0.0666250824,"06-2022":0.0686260756,"08-2022":0.0616707597,"10-2022":0.0514343748,"12-2022":0.0436850046,"02-2023":0.0388353924,"04-2023":0.031651923,"06-2023":0.0303384921,"08-2023":0.0277791006,"10-2023":0.0273705576,"12-2023":0.0307706069,"02-2024":0.0369876474,"04-2024":0.0448491406,"06-2024":0.0593406838,"08-2024":0.0712755672,"10-2024":0.0984401098,"12-2024":0.1219292571,"02-2025":0.1594325503,"04-2025":0.1912435391,"06-2025":0.2351796903,"08-2025":0.2790300546,"10-2025":0.3377945003,"12-2025":0.4106987172,"02-2026":0.4925898328,"04-2026":0.5912649603,"06-2026":0.6437635459,"08-2026":0.661967509,"10-2026":0.6609419101,"12-2026":0.658723896,"02-2027":0.6769291154,"04-2027":0.6584990435,"06-2027":0.6414477114,"08-2027":0.6348063038,"10-2027":0.6130831719,"12-2027":0.6189376915,"02-2028":0.6116580046,"04-2028":0.6032262905,"06-2028":0.5936949893,"08-2028":0.5760839695,"10-2028":0.5715538847,"12-2028":0.5714285714,"02-2029":0.5545522282,"04-2029":0.5423153213,"06-2029":0.534932548,"08-2029":0.5370919279,"10-2029":0.5261782505,"12-2029":0.521400626,"02-2030":0.5045821705,"04-2030":0.4963561222,"06-2030":0.4814487633,"08-2030":0.4820035238,"10-2030":0.4815753521,"12-2030":0.4670537422}}