{"median":{"02-2016":0.2734949833,"04-2016":0.2807636323,"06-2016":0.2848324515,"08-2016":0.2795066218,"10-2016":0.2832105423,"12-2016":0.2887137729,"02-2017":0.2610654132,"04-2017":0.2310870947,"06-2017":0.1960392157,"08-2017":0.1715017825,"10-2017":0.1479130435,"12-2017":0.1286305161,"02-2018":0.1004100082,"04-2018":0.0855400697,"06-2018":0.0730226128,"08-2018":0.0694429123,"10-2018":0.0623223077,"12-2018":0.0580031721,"02-2019":0.0520133154,"04-2019":0.0449440472,"06-2019":0.0406784335,"08-2019":0.0360903072,"10-2019":0.0335274464,"12-2019":0.0297251974},"percentile_25":{"02-2016":0.1846915559,"04-2016":0.1816222571,"06-2016":0.1786483623,"08-2016":0.1851160137,"10-2016":0.1852046319,"12-2016":0.1858378871,"02-2017":0.1725983796,"04-2017":0.1561365699,"06-2017":0.1303616369,"08-2017":0.1186329326,"10-2017":0.1034094076,"12-2017":0.0872564935,"02-2018":0.0719098096,"04-2018":0.0568920623,"06-2018":0.0460275019,"08-2018":0.0400882013,"10-2018":0.0358829457,"12-2018":0.0351693622,"02-2019":0.03171117,"04-2019":0.0264050109,"06-2019":0.0218103285,"08-2019":0.0202639828,"10-2019":0.0181504171,"12-2019":0.0162437049},"percentile_75":{"02-2016":0.3675295705,"04-2016":0.3673076923,"06-2016":0.3666827,"08-2016":0.3713329974,"10-2016":0.3703998783,"12-2016":0.3648518808,"02-2017":0.3361760713,"04-2017":0.2944399351,"06-2017":0.250245098,"08-2017":0.2168141593,"10-2017":0.1931244113,"12-2017":0.1748120301,"02-2018":0.1479048295,"04-2018":0.1351486067,"06-2018":0.1104048964,"08-2018":0.0978940512,"10-2018":0.0936440607,"12-2018":0.0906787196,"02-2019":0.0834205021,"04-2019":0.0750293427,"06-2019":0.0661237418,"08-2019":0.0629609602,"10-2019":0.06076395,"12-2019":0.0523109082}}