{"median":{"02-2020":0.0609857807,"04-2020":0.056712599,"06-2020":0.0548844538,"08-2020":0.0534063301,"10-2020":0.0592081863,"12-2020":0.0617609663,"02-2021":0.0640834013,"04-2021":0.0631185808,"06-2021":0.0669154229,"08-2021":0.0726212796,"10-2021":0.0741401479,"12-2021":0.0786873294,"02-2022":0.0753980127,"04-2022":0.0778400377,"06-2022":0.0833270713,"08-2022":0.0855461067,"10-2022":0.0952027972,"12-2022":0.1065709794,"02-2023":0.1098626717,"04-2023":0.1100625118,"06-2023":0.1175368394,"08-2023":0.1250016896,"10-2023":0.1288537549,"12-2023":0.1386861314,"02-2024":0.144726248,"04-2024":0.1394074053,"06-2024":0.1426767677,"08-2024":0.1513171081,"10-2024":0.162869888,"12-2024":0.1754879679,"02-2025":0.1688992042,"04-2025":0.1714499837,"06-2025":0.1691620364,"08-2025":0.180140348,"10-2025":0.2018210226,"12-2025":0.2244140172,"02-2026":0.214556803,"04-2026":0.2078659465,"06-2026":0.2207719298,"08-2026":0.232549328,"10-2026":0.2549231058,"12-2026":0.2691761364,"02-2027":0.3023888429,"04-2027":0.3344240665,"06-2027":0.3856656452,"08-2027":0.4305555556,"10-2027":0.4747986839,"12-2027":0.5053822121,"02-2028":0.5494360902,"04-2028":0.5532674623,"06-2028":0.5367892977,"08-2028":0.5446542501,"10-2028":0.5361404828,"12-2028":0.5406511818,"02-2029":0.535802553,"04-2029":0.525,"06-2029":0.5178762316,"08-2029":0.5235808731,"10-2029":0.5206004068,"12-2029":0.519168357,"02-2030":0.5095900178,"04-2030":0.5029350474,"06-2030":0.5145687646,"08-2030":0.4983084748,"10-2030":0.4965518059,"12-2030":0.4815184421},"percentile_25":{"02-2020":0.0318784867,"04-2020":0.0297753698,"06-2020":0.0308752743,"08-2020":0.026065956,"10-2020":0.0268199234,"12-2020":0.0238106398,"02-2021":0.0232349185,"04-2021":0.0194587341,"06-2021":0.0162281118,"08-2021":0.0163545826,"10-2021":0.0173419952,"12-2021":0.0165492784,"02-2022":0.0140356025,"04-2022":0.0100818062,"06-2022":0.0066507177,"08-2022":0.0065245478,"10-2022":0.0037665183,"12-2022":0.0037665183,"02-2023":0.0,"04-2023":0.0,"06-2023":0.0,"08-2023":0.0,"10-2023":0.0,"12-2023":0.0,"02-2024":0.0,"04-2024":0.0,"06-2024":0.0,"08-2024":0.0,"10-2024":0.0,"12-2024":0.0,"02-2025":0.0,"04-2025":0.0,"06-2025":0.0,"08-2025":0.0,"10-2025":0.0,"12-2025":0.0,"02-2026":0.0,"04-2026":0.0,"06-2026":0.0,"08-2026":0.0,"10-2026":0.0,"12-2026":0.0,"02-2027":0.0,"04-2027":0.0,"06-2027":0.0,"08-2027":0.0,"10-2027":0.0,"12-2027":0.0,"02-2028":0.0,"04-2028":0.0,"06-2028":0.0,"08-2028":0.0,"10-2028":0.0,"12-2028":0.0,"02-2029":0.0,"04-2029":0.0,"06-2029":0.0,"08-2029":0.0,"10-2029":0.0,"12-2029":0.0,"02-2030":0.0,"04-2030":0.0,"06-2030":0.0,"08-2030":0.0,"10-2030":0.0,"12-2030":0.0},"percentile_75":{"02-2020":0.0978484867,"04-2020":0.0996203928,"06-2020":0.1057513435,"08-2020":0.1174089069,"10-2020":0.1392471042,"12-2020":0.1676356589,"02-2021":0.1646666667,"04-2021":0.169137175,"06-2021":0.1793631706,"08-2021":0.1941526162,"10-2021":0.2098572405,"12-2021":0.2224287485,"02-2022":0.2190662904,"04-2022":0.2145859688,"06-2022":0.2248530507,"08-2022":0.2441083722,"10-2022":0.2618004477,"12-2022":0.3132707273,"02-2023":0.327665093,"04-2023":0.3124003814,"06-2023":0.3114098031,"08-2023":0.3461469534,"10-2023":0.3628030303,"12-2023":0.4197544897,"02-2024":0.4158361269,"04-2024":0.4071658133,"06-2024":0.4084734982,"08-2024":0.4162423178,"10-2024":0.4256813187,"12-2024":0.4488757035,"02-2025":0.4434288538,"04-2025":0.4313059463,"06-2025":0.4176971372,"08-2025":0.4122065728,"10-2025":0.4325109834,"12-2025":0.4589552239,"02-2026":0.4531531025,"04-2026":0.4179955735,"06-2026":0.4024067853,"08-2026":0.4093048794,"10-2026":0.4243341734,"12-2026":0.447548483,"02-2027":0.4707359335,"04-2027":0.5174810606,"06-2027":0.5751441881,"08-2027":0.6173707334,"10-2027":0.634215065,"12-2027":0.6434265734,"02-2028":0.6423147108,"04-2028":0.6429202423,"06-2028":0.6362839222,"08-2028":0.6312397975,"10-2028":0.6148593354,"12-2028":0.6201956074,"02-2029":0.6066143526,"04-2029":0.5971472822,"06-2029":0.5923307544,"08-2029":0.576886084,"10-2029":0.5818029692,"12-2029":0.5809506298,"02-2030":0.5789564883,"04-2030":0.5618206522,"06-2030":0.5627101341,"08-2030":0.5552589957,"10-2030":0.5448924731,"12-2030":0.5415538508}}