{"median":{"02-2020":0.0609857807,"04-2020":0.056712599,"06-2020":0.0548844538,"08-2020":0.0534063301,"10-2020":0.0592081863,"12-2020":0.0617609663,"02-2021":0.0640834013,"04-2021":0.0631185808,"06-2021":0.0669154229,"08-2021":0.0726212796,"10-2021":0.0741401479,"12-2021":0.0786873294,"02-2022":0.0753980127,"04-2022":0.0778400377,"06-2022":0.0833270713,"08-2022":0.0855461067,"10-2022":0.0952027972,"12-2022":0.1065709794,"02-2023":0.1246965886,"04-2023":0.1412202056,"06-2023":0.1737684729,"08-2023":0.207579016,"10-2023":0.250063857,"12-2023":0.3139505699,"02-2024":0.3632456504,"04-2024":0.418897232,"06-2024":0.4755925545,"08-2024":0.5392265037,"10-2024":0.5774993798,"12-2024":0.5828544061,"02-2025":0.58687556,"04-2025":0.5791436349,"06-2025":0.5793010039,"08-2025":0.5768490995,"10-2025":0.5628591954,"12-2025":0.5695718023,"02-2026":0.5555555556,"04-2026":0.5463982994,"06-2026":0.5434458517,"08-2026":0.5298507463,"10-2026":0.5098697782,"12-2026":0.5172413793,"02-2027":0.5106468663,"04-2027":0.507518797,"06-2027":0.4858855474,"08-2027":0.4718009244,"10-2027":0.4698395722,"12-2027":0.4582343426,"02-2028":0.4561427303,"04-2028":0.4450686642,"06-2028":0.4459991468,"08-2028":0.4337991819,"10-2028":0.4310212618,"12-2028":0.4229047254,"02-2029":0.4133349798,"04-2029":0.4137881748,"06-2029":0.3992805755,"08-2029":0.3915476963,"10-2029":0.3949156656,"12-2029":0.3953691926,"02-2030":0.4019368269,"04-2030":0.4067753761,"06-2030":0.4028277378,"08-2030":0.3947881828,"10-2030":0.3876009716,"12-2030":0.3788976129},"percentile_25":{"02-2020":0.0318784867,"04-2020":0.0297753698,"06-2020":0.0308752743,"08-2020":0.026065956,"10-2020":0.0268199234,"12-2020":0.0238106398,"02-2021":0.0232349185,"04-2021":0.0194587341,"06-2021":0.0162281118,"08-2021":0.0163545826,"10-2021":0.0173419952,"12-2021":0.0165492784,"02-2022":0.0140356025,"04-2022":0.0100818062,"06-2022":0.0066507177,"08-2022":0.0065245478,"10-2022":0.0037665183,"12-2022":0.0037665183,"02-2023":0.0,"04-2023":0.0,"06-2023":0.0,"08-2023":0.0,"10-2023":0.0,"12-2023":0.0,"02-2024":0.0,"04-2024":0.0,"06-2024":0.0,"08-2024":0.0,"10-2024":0.0,"12-2024":0.0,"02-2025":0.0,"04-2025":0.0,"06-2025":0.0,"08-2025":0.0,"10-2025":0.0,"12-2025":0.0,"02-2026":0.0,"04-2026":0.0,"06-2026":0.0,"08-2026":0.0,"10-2026":0.0,"12-2026":0.0,"02-2027":0.0,"04-2027":0.0,"06-2027":0.0,"08-2027":0.0,"10-2027":0.0,"12-2027":0.0,"02-2028":0.0,"04-2028":0.0,"06-2028":0.0,"08-2028":0.0,"10-2028":0.0,"12-2028":0.0,"02-2029":0.0,"04-2029":0.0,"06-2029":0.0,"08-2029":0.0,"10-2029":0.0,"12-2029":0.0,"02-2030":0.0,"04-2030":0.0,"06-2030":0.0,"08-2030":0.0,"10-2030":0.0,"12-2030":0.0},"percentile_75":{"02-2020":0.0978484867,"04-2020":0.0996203928,"06-2020":0.1057513435,"08-2020":0.1174089069,"10-2020":0.1392471042,"12-2020":0.1676356589,"02-2021":0.1646666667,"04-2021":0.169137175,"06-2021":0.1793631706,"08-2021":0.1941526162,"10-2021":0.2098572405,"12-2021":0.2224287485,"02-2022":0.2190662904,"04-2022":0.2145859688,"06-2022":0.2248530507,"08-2022":0.2441083722,"10-2022":0.2618004477,"12-2022":0.3132707273,"02-2023":0.3427483496,"04-2023":0.4154641823,"06-2023":0.4663709784,"08-2023":0.5662250138,"10-2023":0.6401429185,"12-2023":0.6854735152,"02-2024":0.7090901114,"04-2024":0.7326735764,"06-2024":0.7266355478,"08-2024":0.7236363636,"10-2024":0.7094068212,"12-2024":0.6873001469,"02-2025":0.6783401067,"04-2025":0.6616906764,"06-2025":0.6606004111,"08-2025":0.6489097374,"10-2025":0.6407401348,"12-2025":0.6290161201,"02-2026":0.6267078725,"04-2026":0.6142558755,"06-2026":0.6118161198,"08-2026":0.5947749809,"10-2026":0.5952419573,"12-2026":0.5844323231,"02-2027":0.5780796481,"04-2027":0.5598943662,"06-2027":0.5524088153,"08-2027":0.5470897693,"10-2027":0.5370586096,"12-2027":0.525727803,"02-2028":0.5156016732,"04-2028":0.5127982426,"06-2028":0.5063906367,"08-2028":0.4964850291,"10-2028":0.4871678652,"12-2028":0.4752509033,"02-2029":0.468510101,"04-2029":0.4704826627,"06-2029":0.4621168452,"08-2029":0.4484782528,"10-2029":0.4468085106,"12-2029":0.4492291739,"02-2030":0.4559802058,"04-2030":0.4644099537,"06-2030":0.4578203487,"08-2030":0.4513760113,"10-2030":0.4440363741,"12-2030":0.4234504516}}