{"median":{"02-2020":0.0609857807,"04-2020":0.056712599,"06-2020":0.0548844538,"08-2020":0.0534063301,"10-2020":0.0592081863,"12-2020":0.0617609663,"02-2021":0.0640834013,"04-2021":0.0631185808,"06-2021":0.0669154229,"08-2021":0.0726212796,"10-2021":0.0741401479,"12-2021":0.0786873294,"02-2022":0.0753980127,"04-2022":0.0778400377,"06-2022":0.0833270713,"08-2022":0.0855461067,"10-2022":0.0952027972,"12-2022":0.1065709794,"02-2023":0.1098626717,"04-2023":0.1100625118,"06-2023":0.1175368394,"08-2023":0.1250016896,"10-2023":0.1288537549,"12-2023":0.1386861314,"02-2024":0.1548951049,"04-2024":0.1739130435,"06-2024":0.2048710189,"08-2024":0.2392130788,"10-2024":0.3009981562,"12-2024":0.3531926735,"02-2025":0.413192681,"04-2025":0.4677835429,"06-2025":0.5105410585,"08-2025":0.5527697028,"10-2025":0.5777432285,"12-2025":0.5692318778,"02-2026":0.5684279785,"04-2026":0.574008868,"06-2026":0.5680378428,"08-2026":0.5572058093,"10-2026":0.5546390474,"12-2026":0.543365428,"02-2027":0.5381309971,"04-2027":0.5241087344,"06-2027":0.5136169596,"08-2027":0.506561532,"10-2027":0.5035587639,"12-2027":0.4908757909,"02-2028":0.4938078148,"04-2028":0.4755180635,"06-2028":0.4687762361,"08-2028":0.4693898641,"10-2028":0.4619716371,"12-2028":0.4523752013,"02-2029":0.4483985765,"04-2029":0.4306309583,"06-2029":0.4148964185,"08-2029":0.4082512748,"10-2029":0.4057632745,"12-2029":0.4178171368,"02-2030":0.4194676291,"04-2030":0.4298318797,"06-2030":0.4182426828,"08-2030":0.4197750024,"10-2030":0.4174008253,"12-2030":0.4006795579},"percentile_25":{"02-2020":0.0318784867,"04-2020":0.0297753698,"06-2020":0.0308752743,"08-2020":0.026065956,"10-2020":0.0268199234,"12-2020":0.0238106398,"02-2021":0.0232349185,"04-2021":0.0194587341,"06-2021":0.0162281118,"08-2021":0.0163545826,"10-2021":0.0173419952,"12-2021":0.0165492784,"02-2022":0.0140356025,"04-2022":0.0100818062,"06-2022":0.0066507177,"08-2022":0.0065245478,"10-2022":0.0037665183,"12-2022":0.0037665183,"02-2023":0.0,"04-2023":0.0,"06-2023":0.0,"08-2023":0.0,"10-2023":0.0,"12-2023":0.0,"02-2024":0.0,"04-2024":0.0,"06-2024":0.0,"08-2024":0.0,"10-2024":0.0,"12-2024":0.0,"02-2025":0.0,"04-2025":0.0,"06-2025":0.0,"08-2025":0.0,"10-2025":0.0,"12-2025":0.0,"02-2026":0.0,"04-2026":0.0,"06-2026":0.0,"08-2026":0.0,"10-2026":0.0,"12-2026":0.0,"02-2027":0.0,"04-2027":0.0,"06-2027":0.0,"08-2027":0.0,"10-2027":0.0,"12-2027":0.0,"02-2028":0.0,"04-2028":0.0,"06-2028":0.0,"08-2028":0.0,"10-2028":0.0,"12-2028":0.0,"02-2029":0.0,"04-2029":0.0,"06-2029":0.0,"08-2029":0.0,"10-2029":0.0,"12-2029":0.0,"02-2030":0.0,"04-2030":0.0,"06-2030":0.0,"08-2030":0.0,"10-2030":0.0,"12-2030":0.0},"percentile_75":{"02-2020":0.0978484867,"04-2020":0.0996203928,"06-2020":0.1057513435,"08-2020":0.1174089069,"10-2020":0.1392471042,"12-2020":0.1676356589,"02-2021":0.1646666667,"04-2021":0.169137175,"06-2021":0.1793631706,"08-2021":0.1941526162,"10-2021":0.2098572405,"12-2021":0.2224287485,"02-2022":0.2190662904,"04-2022":0.2145859688,"06-2022":0.2248530507,"08-2022":0.2441083722,"10-2022":0.2618004477,"12-2022":0.3132707273,"02-2023":0.327665093,"04-2023":0.3124003814,"06-2023":0.3114098031,"08-2023":0.3461469534,"10-2023":0.3628030303,"12-2023":0.4197544897,"02-2024":0.4927485558,"04-2024":0.5433212996,"06-2024":0.6053113553,"08-2024":0.6483100278,"10-2024":0.6964696282,"12-2024":0.7096678068,"02-2025":0.7061742424,"04-2025":0.7092136076,"06-2025":0.6922323806,"08-2025":0.6781094527,"10-2025":0.6641993103,"12-2025":0.659107946,"02-2026":0.6531619324,"04-2026":0.6375780708,"06-2026":0.6397194643,"08-2026":0.6385747054,"10-2026":0.6235253145,"12-2026":0.6141389653,"02-2027":0.6174907719,"04-2027":0.6039290898,"06-2027":0.5868725869,"08-2027":0.576506167,"10-2027":0.5668300544,"12-2027":0.5669244913,"02-2028":0.5639232271,"04-2028":0.5483111849,"06-2028":0.5360780341,"08-2028":0.5301164875,"10-2028":0.5197599617,"12-2028":0.5106244858,"02-2029":0.5054250082,"04-2029":0.4917793609,"06-2029":0.4846280992,"08-2029":0.4974489796,"10-2029":0.4933172147,"12-2029":0.4908755504,"02-2030":0.4875962618,"04-2030":0.4874315929,"06-2030":0.4797277805,"08-2030":0.4605733083,"10-2030":0.4605908153,"12-2030":0.4496541394}}