{"median":{"02-2020":0.0609857807,"04-2020":0.056712599,"06-2020":0.0548844538,"08-2020":0.0534063301,"10-2020":0.0592081863,"12-2020":0.0617609663,"02-2021":0.0640834013,"04-2021":0.0631185808,"06-2021":0.0669154229,"08-2021":0.0726212796,"10-2021":0.0741401479,"12-2021":0.0786873294,"02-2022":0.0753980127,"04-2022":0.0778400377,"06-2022":0.0833270713,"08-2022":0.0855461067,"10-2022":0.0952027972,"12-2022":0.1065709794,"02-2023":0.1098626717,"04-2023":0.1100625118,"06-2023":0.1175368394,"08-2023":0.1250016896,"10-2023":0.1288537549,"12-2023":0.1386861314,"02-2024":0.144726248,"04-2024":0.1394074053,"06-2024":0.1426767677,"08-2024":0.1513171081,"10-2024":0.162869888,"12-2024":0.1754879679,"02-2025":0.1815669371,"04-2025":0.2050359174,"06-2025":0.2333553792,"08-2025":0.2833530106,"10-2025":0.3160928786,"12-2025":0.3903690733,"02-2026":0.4522993158,"04-2026":0.5139398386,"06-2026":0.5452898551,"08-2026":0.5372298366,"10-2026":0.5596729819,"12-2026":0.555357849,"02-2027":0.5488942946,"04-2027":0.5497001999,"06-2027":0.5451095462,"08-2027":0.5399623794,"10-2027":0.5333570381,"12-2027":0.5171155494,"02-2028":0.5160783981,"04-2028":0.5179793745,"06-2028":0.514084507,"08-2028":0.4947177204,"10-2028":0.4824075593,"12-2028":0.4798431768,"02-2029":0.4814543954,"04-2029":0.4678196836,"06-2029":0.4604518371,"08-2029":0.4487275901,"10-2029":0.4473762029,"12-2029":0.4450517438,"02-2030":0.4417087274,"04-2030":0.4377155172,"06-2030":0.4392844383,"08-2030":0.4379989065,"10-2030":0.4210540184,"12-2030":0.401341168},"percentile_25":{"02-2020":0.0318784867,"04-2020":0.0297753698,"06-2020":0.0308752743,"08-2020":0.026065956,"10-2020":0.0268199234,"12-2020":0.0238106398,"02-2021":0.0232349185,"04-2021":0.0194587341,"06-2021":0.0162281118,"08-2021":0.0163545826,"10-2021":0.0173419952,"12-2021":0.0165492784,"02-2022":0.0140356025,"04-2022":0.0100818062,"06-2022":0.0066507177,"08-2022":0.0065245478,"10-2022":0.0037665183,"12-2022":0.0037665183,"02-2023":0.0,"04-2023":0.0,"06-2023":0.0,"08-2023":0.0,"10-2023":0.0,"12-2023":0.0,"02-2024":0.0,"04-2024":0.0,"06-2024":0.0,"08-2024":0.0,"10-2024":0.0,"12-2024":0.0,"02-2025":0.0,"04-2025":0.0,"06-2025":0.0,"08-2025":0.0,"10-2025":0.0,"12-2025":0.0,"02-2026":0.0,"04-2026":0.0,"06-2026":0.0,"08-2026":0.0,"10-2026":0.0,"12-2026":0.0,"02-2027":0.0,"04-2027":0.0,"06-2027":0.0,"08-2027":0.0,"10-2027":0.0,"12-2027":0.0,"02-2028":0.0,"04-2028":0.0,"06-2028":0.0,"08-2028":0.0,"10-2028":0.0,"12-2028":0.0,"02-2029":0.0,"04-2029":0.0,"06-2029":0.0,"08-2029":0.0,"10-2029":0.0,"12-2029":0.0,"02-2030":0.0,"04-2030":0.0,"06-2030":0.0,"08-2030":0.0,"10-2030":0.0,"12-2030":0.0},"percentile_75":{"02-2020":0.0978484867,"04-2020":0.0996203928,"06-2020":0.1057513435,"08-2020":0.1174089069,"10-2020":0.1392471042,"12-2020":0.1676356589,"02-2021":0.1646666667,"04-2021":0.169137175,"06-2021":0.1793631706,"08-2021":0.1941526162,"10-2021":0.2098572405,"12-2021":0.2224287485,"02-2022":0.2190662904,"04-2022":0.2145859688,"06-2022":0.2248530507,"08-2022":0.2441083722,"10-2022":0.2618004477,"12-2022":0.3132707273,"02-2023":0.327665093,"04-2023":0.3124003814,"06-2023":0.3114098031,"08-2023":0.3461469534,"10-2023":0.3628030303,"12-2023":0.4197544897,"02-2024":0.4158361269,"04-2024":0.4071658133,"06-2024":0.4084734982,"08-2024":0.4162423178,"10-2024":0.4256813187,"12-2024":0.4488757035,"02-2025":0.4934689617,"04-2025":0.550247423,"06-2025":0.6037169511,"08-2025":0.6482827437,"10-2025":0.665693904,"12-2025":0.6967419831,"02-2026":0.6825777503,"04-2026":0.675570647,"06-2026":0.6605818002,"08-2026":0.6534963267,"10-2026":0.6597802977,"12-2026":0.6407242183,"02-2027":0.6385747054,"04-2027":0.627465035,"06-2027":0.6137957262,"08-2027":0.610498366,"10-2027":0.6014068677,"12-2027":0.595133618,"02-2028":0.5908221066,"04-2028":0.5811559158,"06-2028":0.5834854015,"08-2028":0.5672904276,"10-2028":0.5526011125,"12-2028":0.5466433028,"02-2029":0.5395819194,"04-2029":0.532150129,"06-2029":0.5298427063,"08-2029":0.5156016732,"10-2029":0.5035089024,"12-2029":0.50521977,"02-2030":0.4987201365,"04-2030":0.4980985344,"06-2030":0.4929821987,"08-2030":0.4889066359,"10-2030":0.4760240685,"12-2030":0.4564687304}}