{"median":{"02-2020":0.0526236376,"04-2020":0.0541704285,"06-2020":0.0503242393,"08-2020":0.0506338128,"10-2020":0.0535869239,"12-2020":0.0560386473,"02-2021":0.056681091,"04-2021":0.057871404,"06-2021":0.0629928419,"08-2021":0.0655748719,"10-2021":0.0734706118,"12-2021":0.0819026384,"02-2022":0.0838410042,"04-2022":0.0945567324,"06-2022":0.1010220393,"08-2022":0.1135096961,"10-2022":0.1260023093,"12-2022":0.1383928571,"02-2023":0.1589141751,"04-2023":0.1786245982,"06-2023":0.1870327426,"08-2023":0.2188345989,"10-2023":0.2398627935,"12-2023":0.2594431688,"02-2024":0.2912143437,"04-2024":0.3339081349,"06-2024":0.3615682241,"08-2024":0.3841279022,"10-2024":0.4084534413,"12-2024":0.4369918699,"02-2025":0.4616779713,"04-2025":0.4676320667,"06-2025":0.4805208586,"08-2025":0.4962323391,"10-2025":0.49271015,"12-2025":0.5067376951,"02-2026":0.5149812734,"04-2026":0.5129551039,"06-2026":0.4935938889,"08-2026":0.4981411612,"10-2026":0.4982202799,"12-2026":0.4926331413,"02-2027":0.4787553297,"04-2027":0.4724392361,"06-2027":0.4831974922,"08-2027":0.4794410672,"10-2027":0.4752987132,"12-2027":0.4688598086,"02-2028":0.4595037453,"04-2028":0.4547317437,"06-2028":0.4503996721,"08-2028":0.444642151,"10-2028":0.4427179193,"12-2028":0.4497991968,"02-2029":0.445504665,"04-2029":0.4408048418,"06-2029":0.4324481528,"08-2029":0.429880706,"10-2029":0.4304629068,"12-2029":0.4263223013,"02-2030":0.427807559,"04-2030":0.4268790692,"06-2030":0.4255207691,"08-2030":0.4259145344,"10-2030":0.4246867168,"12-2030":0.4199651004},"percentile_25":{"02-2020":0.0269567667,"04-2020":0.0263411715,"06-2020":0.0244649079,"08-2020":0.0233012334,"10-2020":0.0209457356,"12-2020":0.0207511053,"02-2021":0.0204724213,"04-2021":0.0177386197,"06-2021":0.0154144292,"08-2021":0.0165160643,"10-2021":0.0186963979,"12-2021":0.0162111862,"02-2022":0.0189934036,"04-2022":0.020349438,"06-2022":0.0224935014,"08-2022":0.0241066364,"10-2022":0.0297410009,"12-2022":0.0301531833,"02-2023":0.0344799415,"04-2023":0.0376908873,"06-2023":0.0387573475,"08-2023":0.0403245318,"10-2023":0.0402538314,"12-2023":0.0385037297,"02-2024":0.0444046004,"04-2024":0.0460699797,"06-2024":0.0522696225,"08-2024":0.054855226,"10-2024":0.0573841787,"12-2024":0.062378876,"02-2025":0.0620571862,"04-2025":0.0606995885,"06-2025":0.0660576655,"08-2025":0.0664715313,"10-2025":0.0790659755,"12-2025":0.0844325535,"02-2026":0.1108901515,"04-2026":0.117985741,"06-2026":0.1392493639,"08-2026":0.1647058824,"10-2026":0.1724313813,"12-2026":0.1925375922,"02-2027":0.2013677087,"04-2027":0.2167326064,"06-2027":0.2267045455,"08-2027":0.2403904113,"10-2027":0.2552640828,"12-2027":0.2665663833,"02-2028":0.27835946,"04-2028":0.2988687259,"06-2028":0.3219759036,"08-2028":0.3281767445,"10-2028":0.3447630118,"12-2028":0.3466142923,"02-2029":0.3413571468,"04-2029":0.3695277111,"06-2029":0.3543392968,"08-2029":0.3564945543,"10-2029":0.3447764862,"12-2029":0.3431354465,"02-2030":0.3455916521,"04-2030":0.3467600827,"06-2030":0.3317877524,"08-2030":0.3417436176,"10-2030":0.3535814326,"12-2030":0.3471136375},"percentile_75":{"02-2020":0.1019832762,"04-2020":0.0984740491,"06-2020":0.0939121308,"08-2020":0.0927538835,"10-2020":0.0973474423,"12-2020":0.1049349337,"02-2021":0.1112143742,"04-2021":0.1212321589,"06-2021":0.1329820088,"08-2021":0.1520483193,"10-2021":0.1690351087,"12-2021":0.1947876448,"02-2022":0.2324906367,"04-2022":0.2561168417,"06-2022":0.292304675,"08-2022":0.3245442394,"10-2022":0.3538137587,"12-2022":0.393662465,"02-2023":0.4155238095,"04-2023":0.435183362,"06-2023":0.4665094723,"08-2023":0.490625,"10-2023":0.5130343432,"12-2023":0.5450727212,"02-2024":0.5626795977,"04-2024":0.5898475768,"06-2024":0.5983082707,"08-2024":0.610754764,"10-2024":0.606870229,"12-2024":0.598943662,"02-2025":0.5935363248,"04-2025":0.5967948718,"06-2025":0.5891605422,"08-2025":0.598576175,"10-2025":0.5990205105,"12-2025":0.5898980538,"02-2026":0.5881582414,"04-2026":0.5932071691,"06-2026":0.5789728682,"08-2026":0.5807267906,"10-2026":0.5830779055,"12-2026":0.5688013779,"02-2027":0.556,"04-2027":0.5533495063,"06-2027":0.5470353574,"08-2027":0.5462504422,"10-2027":0.5393402399,"12-2027":0.5355033746,"02-2028":0.5228612291,"04-2028":0.5221073355,"06-2028":0.5182542377,"08-2028":0.5103190429,"10-2028":0.5110962942,"12-2028":0.5077670785,"02-2029":0.5063037866,"04-2029":0.4832926414,"06-2029":0.4867662233,"08-2029":0.4872648726,"10-2029":0.4873608972,"12-2029":0.4912286932,"02-2030":0.4777658662,"04-2030":0.4798790323,"06-2030":0.482296798,"08-2030":0.4729362743,"10-2030":0.4659786046,"12-2030":0.4654020979}}