{"median":{"02-2020":0.0555555556,"04-2020":0.0566373456,"06-2020":0.0574241568,"08-2020":0.0639009797,"10-2020":0.0666666667,"12-2020":0.0801084715,"02-2021":0.0833333333,"04-2021":0.0874610648,"06-2021":0.0940892067,"08-2021":0.0994267497,"10-2021":0.1083923184,"12-2021":0.1174233727,"02-2022":0.1147959534,"04-2022":0.1244547257,"06-2022":0.1234025234,"08-2022":0.1245442634,"10-2022":0.1464490451,"12-2022":0.1608690419,"02-2023":0.1563971743,"04-2023":0.1614277254,"06-2023":0.178127955,"08-2023":0.203098149,"10-2023":0.2215987904,"12-2023":0.2322482044,"02-2024":0.2482216817,"04-2024":0.2476190476,"06-2024":0.2610317975,"08-2024":0.2727739726,"10-2024":0.2863675145,"12-2024":0.3090558309,"02-2025":0.3141600437,"04-2025":0.3231731289,"06-2025":0.3204225352,"08-2025":0.3321841188,"10-2025":0.3447389591,"12-2025":0.3637038523,"02-2026":0.3369410479,"04-2026":0.3303181034,"06-2026":0.3284618975,"08-2026":0.3172922764,"10-2026":0.3212939903,"12-2026":0.3305004064,"02-2027":0.3716525722,"04-2027":0.387435735,"06-2027":0.4493936183,"08-2027":0.4856190321,"10-2027":0.5103906999,"12-2027":0.5321546733,"02-2028":0.5362781955,"04-2028":0.5309834336,"06-2028":0.5332145096,"08-2028":0.5263995354,"10-2028":0.5253636507,"12-2028":0.5193221413,"02-2029":0.5189657428,"04-2029":0.5268817204,"06-2029":0.5208033401,"08-2029":0.5068496364,"10-2029":0.5017730496,"12-2029":0.4864015632,"02-2030":0.4839849538,"04-2030":0.4750415282,"06-2030":0.4671138528,"08-2030":0.4535315985,"10-2030":0.4501662965,"12-2030":0.4505255527},"percentile_25":{"02-2020":0.0297681335,"04-2020":0.0289828305,"06-2020":0.0283014237,"08-2020":0.0278745645,"10-2020":0.0274923763,"12-2020":0.0270621557,"02-2021":0.0232515908,"04-2021":0.0207838726,"06-2021":0.0191870279,"08-2021":0.0189227342,"10-2021":0.0203533586,"12-2021":0.0189563033,"02-2022":0.0144942529,"04-2022":0.0112568254,"06-2022":0.0112108993,"08-2022":0.0098478618,"10-2022":0.0108508573,"12-2022":0.0131584006,"02-2023":0.0135229133,"04-2023":0.0133155571,"06-2023":0.011174219,"08-2023":0.0121492317,"10-2023":0.0114832851,"12-2023":0.0100533146,"02-2024":0.0096123764,"04-2024":0.0122694335,"06-2024":0.0111964818,"08-2024":0.0087890625,"10-2024":0.0087548638,"12-2024":0.0088582677,"02-2025":0.0059055118,"04-2025":0.0,"06-2025":0.0,"08-2025":0.0,"10-2025":0.0,"12-2025":0.0,"02-2026":0.0,"04-2026":0.0,"06-2026":0.0,"08-2026":0.0,"10-2026":0.0,"12-2026":0.0,"02-2027":0.0,"04-2027":0.0,"06-2027":0.0,"08-2027":0.0,"10-2027":0.0,"12-2027":0.0,"02-2028":0.0,"04-2028":0.0,"06-2028":0.0,"08-2028":0.0,"10-2028":0.0,"12-2028":0.0,"02-2029":0.0,"04-2029":0.0,"06-2029":0.0,"08-2029":0.0,"10-2029":0.0,"12-2029":0.0,"02-2030":0.0,"04-2030":0.0,"06-2030":0.0,"08-2030":0.0,"10-2030":0.0,"12-2030":0.0},"percentile_75":{"02-2020":0.0955767635,"04-2020":0.0984959377,"06-2020":0.1063408079,"08-2020":0.1229342558,"10-2020":0.1374830206,"12-2020":0.1661032901,"02-2021":0.1868564506,"04-2021":0.2047553031,"06-2021":0.2138232971,"08-2021":0.2209423846,"10-2021":0.24572697,"12-2021":0.2678158098,"02-2022":0.287410265,"04-2022":0.3104653022,"06-2022":0.3294674407,"08-2022":0.3660776273,"10-2022":0.3980703392,"12-2022":0.4653658054,"02-2023":0.4400905047,"04-2023":0.4358581081,"06-2023":0.4422769108,"08-2023":0.4767657993,"10-2023":0.4908826234,"12-2023":0.516658818,"02-2024":0.5045033889,"04-2024":0.4872727273,"06-2024":0.4845393413,"08-2024":0.4812951931,"10-2024":0.5004208754,"12-2024":0.5196436142,"02-2025":0.4917667238,"04-2025":0.4769942288,"06-2025":0.465503876,"08-2025":0.4741686942,"10-2025":0.4945840026,"12-2025":0.5078697422,"02-2026":0.4946135398,"04-2026":0.4549450549,"06-2026":0.4323446907,"08-2026":0.4219661103,"10-2026":0.4331364829,"12-2026":0.4573158879,"02-2027":0.4824494195,"04-2027":0.5197637795,"06-2027":0.5642133205,"08-2027":0.5936946095,"10-2027":0.6125524678,"12-2027":0.6224042744,"02-2028":0.6125680592,"04-2028":0.6143679035,"06-2028":0.6090488149,"08-2028":0.5973460508,"10-2028":0.5991368245,"12-2028":0.5919269561,"02-2029":0.575449902,"04-2029":0.575197614,"06-2029":0.5784759161,"08-2029":0.567273419,"10-2029":0.5529541562,"12-2029":0.5519033983,"02-2030":0.5517608359,"04-2030":0.5407596372,"06-2030":0.5292913407,"08-2030":0.5116404648,"10-2030":0.5057599188,"12-2030":0.5034305621}}