{"median":{"02-2020":0.0555555556,"04-2020":0.0566373456,"06-2020":0.0574241568,"08-2020":0.0639009797,"10-2020":0.0666666667,"12-2020":0.0801084715,"02-2021":0.0833333333,"04-2021":0.0874610648,"06-2021":0.0940892067,"08-2021":0.0994267497,"10-2021":0.1083923184,"12-2021":0.1174233727,"02-2022":0.1147959534,"04-2022":0.1244547257,"06-2022":0.1234025234,"08-2022":0.1245442634,"10-2022":0.1464490451,"12-2022":0.1608690419,"02-2023":0.1833362062,"04-2023":0.1960593669,"06-2023":0.2325174825,"08-2023":0.2782310389,"10-2023":0.345613656,"12-2023":0.4117715907,"02-2024":0.4551572225,"04-2024":0.5396825397,"06-2024":0.5746973893,"08-2024":0.5759626552,"10-2024":0.585026738,"12-2024":0.5970149254,"02-2025":0.5956664581,"04-2025":0.5931819058,"06-2025":0.5823200769,"08-2025":0.5775929659,"10-2025":0.5600646239,"12-2025":0.5614666589,"02-2026":0.5570733765,"04-2026":0.5492707293,"06-2026":0.536497613,"08-2026":0.5273519164,"10-2026":0.5195739453,"12-2026":0.5207913669,"02-2027":0.5221495187,"04-2027":0.515270735,"06-2027":0.5147700022,"08-2027":0.5008250825,"10-2027":0.4823361888,"12-2027":0.46572047,"02-2028":0.4634075261,"04-2028":0.4508687259,"06-2028":0.4358389577,"08-2028":0.4286299224,"10-2028":0.4218598566,"12-2028":0.418361559,"02-2029":0.415597023,"04-2029":0.4100761702,"06-2029":0.3928348075,"08-2029":0.3855390904,"10-2029":0.3756785244,"12-2029":0.3682253962,"02-2030":0.3596342383,"04-2030":0.3619307576,"06-2030":0.3514682846,"08-2030":0.3506362985,"10-2030":0.3415950167,"12-2030":0.340858795},"percentile_25":{"02-2020":0.0297681335,"04-2020":0.0289828305,"06-2020":0.0283014237,"08-2020":0.0278745645,"10-2020":0.0274923763,"12-2020":0.0270621557,"02-2021":0.0232515908,"04-2021":0.0207838726,"06-2021":0.0191870279,"08-2021":0.0189227342,"10-2021":0.0203533586,"12-2021":0.0189563033,"02-2022":0.0144942529,"04-2022":0.0112568254,"06-2022":0.0112108993,"08-2022":0.0098478618,"10-2022":0.0108508573,"12-2022":0.0131584006,"02-2023":0.0147495387,"04-2023":0.0174090669,"06-2023":0.016942402,"08-2023":0.0216051661,"10-2023":0.0220238095,"12-2023":0.0268174681,"02-2024":0.0337510443,"04-2024":0.0315968236,"06-2024":0.0323068132,"08-2024":0.0470781945,"10-2024":0.058984954,"12-2024":0.0711022694,"02-2025":0.0760544602,"04-2025":0.0832004796,"06-2025":0.093392585,"08-2025":0.0950964087,"10-2025":0.0908236441,"12-2025":0.0935722609,"02-2026":0.1157622739,"04-2026":0.123748123,"06-2026":0.1254724514,"08-2026":0.1539731682,"10-2026":0.1607833059,"12-2026":0.1797181492,"02-2027":0.1988447539,"04-2027":0.2116342221,"06-2027":0.2452459632,"08-2027":0.2482904351,"10-2027":0.2606224653,"12-2027":0.290898727,"02-2028":0.300767148,"04-2028":0.3152817621,"06-2028":0.3451201412,"08-2028":0.3471325338,"10-2028":0.326532524,"12-2028":0.3052236198,"02-2029":0.3129785377,"04-2029":0.2966372462,"06-2029":0.2979166667,"08-2029":0.3062661992,"10-2029":0.2868135377,"12-2029":0.2855694354,"02-2030":0.2785907151,"04-2030":0.2754227053,"06-2030":0.2692953976,"08-2030":0.2640810277,"10-2030":0.2416764673,"12-2030":0.2557129174},"percentile_75":{"02-2020":0.0955767635,"04-2020":0.0984959377,"06-2020":0.1063408079,"08-2020":0.1229342558,"10-2020":0.1374830206,"12-2020":0.1661032901,"02-2021":0.1868564506,"04-2021":0.2047553031,"06-2021":0.2138232971,"08-2021":0.2209423846,"10-2021":0.24572697,"12-2021":0.2678158098,"02-2022":0.287410265,"04-2022":0.3104653022,"06-2022":0.3294674407,"08-2022":0.3660776273,"10-2022":0.3980703392,"12-2022":0.4653658054,"02-2023":0.4760114572,"04-2023":0.5322331212,"06-2023":0.5960469371,"08-2023":0.6562275234,"10-2023":0.6887533274,"12-2023":0.7095230241,"02-2024":0.7108134921,"04-2024":0.7040948905,"06-2024":0.6918573309,"08-2024":0.6860788421,"10-2024":0.6800467453,"12-2024":0.6689792119,"02-2025":0.6672240803,"04-2025":0.6578196918,"06-2025":0.660353993,"08-2025":0.6554924476,"10-2025":0.6301863009,"12-2025":0.6303088329,"02-2026":0.624412154,"04-2026":0.6070592062,"06-2026":0.5876440633,"08-2026":0.5796972588,"10-2026":0.5917495675,"12-2026":0.5843922868,"02-2027":0.5793781701,"04-2027":0.5571583893,"06-2027":0.5714285714,"08-2027":0.5569717445,"10-2027":0.5581184669,"12-2027":0.5277028565,"02-2028":0.524808114,"04-2028":0.5163757811,"06-2028":0.5017611657,"08-2028":0.488540856,"10-2028":0.4789785457,"12-2028":0.4644760885,"02-2029":0.4692738068,"04-2029":0.4592592593,"06-2029":0.4427994198,"08-2029":0.435822608,"10-2029":0.4330756014,"12-2029":0.42068238,"02-2030":0.4225999379,"04-2030":0.4087950076,"06-2030":0.4069955738,"08-2030":0.4082816194,"10-2030":0.4015300644,"12-2030":0.3952720666}}