{"median":{"02-2020":0.0555555556,"04-2020":0.0566373456,"06-2020":0.0574241568,"08-2020":0.0639009797,"10-2020":0.0666666667,"12-2020":0.0801084715,"02-2021":0.0833333333,"04-2021":0.0874610648,"06-2021":0.0940892067,"08-2021":0.0994267497,"10-2021":0.1083923184,"12-2021":0.1174233727,"02-2022":0.1147959534,"04-2022":0.1244547257,"06-2022":0.1234025234,"08-2022":0.1245442634,"10-2022":0.1464490451,"12-2022":0.1608690419,"02-2023":0.1563971743,"04-2023":0.1614277254,"06-2023":0.178127955,"08-2023":0.203098149,"10-2023":0.2215987904,"12-2023":0.2322482044,"02-2024":0.2644460802,"04-2024":0.3119209222,"06-2024":0.3512238998,"08-2024":0.4019177379,"10-2024":0.4580785634,"12-2024":0.5069454589,"02-2025":0.5585306886,"04-2025":0.5660791117,"06-2025":0.553488175,"08-2025":0.5623697591,"10-2025":0.565294208,"12-2025":0.5604757261,"02-2026":0.5734379311,"04-2026":0.5694124067,"06-2026":0.5610633444,"08-2026":0.5610333935,"10-2026":0.5522794876,"12-2026":0.5596362472,"02-2027":0.5521643481,"04-2027":0.5399623794,"06-2027":0.5391233766,"08-2027":0.5259603073,"10-2027":0.5141847571,"12-2027":0.496440154,"02-2028":0.4825037929,"04-2028":0.4719928497,"06-2028":0.4644232399,"08-2028":0.4535063621,"10-2028":0.4472727273,"12-2028":0.4368510513,"02-2029":0.4236455349,"04-2029":0.4204253014,"06-2029":0.4160281906,"08-2029":0.4067345784,"10-2029":0.4070850503,"12-2029":0.389005826,"02-2030":0.3859330132,"04-2030":0.3742964683,"06-2030":0.3680235694,"08-2030":0.3628368331,"10-2030":0.3566017316,"12-2030":0.3531423034},"percentile_25":{"02-2020":0.0297681335,"04-2020":0.0289828305,"06-2020":0.0283014237,"08-2020":0.0278745645,"10-2020":0.0274923763,"12-2020":0.0270621557,"02-2021":0.0232515908,"04-2021":0.0207838726,"06-2021":0.0191870279,"08-2021":0.0189227342,"10-2021":0.0203533586,"12-2021":0.0189563033,"02-2022":0.0144942529,"04-2022":0.0112568254,"06-2022":0.0112108993,"08-2022":0.0098478618,"10-2022":0.0108508573,"12-2022":0.0131584006,"02-2023":0.0135229133,"04-2023":0.0133155571,"06-2023":0.011174219,"08-2023":0.0121492317,"10-2023":0.0114832851,"12-2023":0.0100533146,"02-2024":0.0068022886,"04-2024":0.0065909091,"06-2024":0.0037305888,"08-2024":0.006610041,"10-2024":0.0131940299,"12-2024":0.0107575664,"02-2025":0.0108740967,"04-2025":0.0118938309,"06-2025":0.0158263305,"08-2025":0.0249753879,"10-2025":0.03146458,"12-2025":0.0350502005,"02-2026":0.0379269889,"04-2026":0.0455529985,"06-2026":0.0438747471,"08-2026":0.0635269648,"10-2026":0.0746268657,"12-2026":0.090446705,"02-2027":0.1017326075,"04-2027":0.1220105955,"06-2027":0.1530773574,"08-2027":0.1758710801,"10-2027":0.1823871217,"12-2027":0.1995541158,"02-2028":0.2254150741,"04-2028":0.2546582734,"06-2028":0.2726177782,"08-2028":0.2902950311,"10-2028":0.3113520755,"12-2028":0.3164594538,"02-2029":0.280298537,"04-2029":0.2865623776,"06-2029":0.3108872456,"08-2029":0.3109960678,"10-2029":0.3018166467,"12-2029":0.2876556963,"02-2030":0.2571397849,"04-2030":0.2831659888,"06-2030":0.2736877641,"08-2030":0.2687728938,"10-2030":0.2731172014,"12-2030":0.2707892736},"percentile_75":{"02-2020":0.0955767635,"04-2020":0.0984959377,"06-2020":0.1063408079,"08-2020":0.1229342558,"10-2020":0.1374830206,"12-2020":0.1661032901,"02-2021":0.1868564506,"04-2021":0.2047553031,"06-2021":0.2138232971,"08-2021":0.2209423846,"10-2021":0.24572697,"12-2021":0.2678158098,"02-2022":0.287410265,"04-2022":0.3104653022,"06-2022":0.3294674407,"08-2022":0.3660776273,"10-2022":0.3980703392,"12-2022":0.4653658054,"02-2023":0.4400905047,"04-2023":0.4358581081,"06-2023":0.4422769108,"08-2023":0.4767657993,"10-2023":0.4908826234,"12-2023":0.516658818,"02-2024":0.5522971934,"04-2024":0.5944521651,"06-2024":0.6393083561,"08-2024":0.6785493694,"10-2024":0.6842105263,"12-2024":0.6946853147,"02-2025":0.6925916708,"04-2025":0.6900383142,"06-2025":0.665747549,"08-2025":0.6646249877,"10-2025":0.6423982127,"12-2025":0.639956163,"02-2026":0.6307038327,"04-2026":0.6265873016,"06-2026":0.6184871099,"08-2026":0.6117349146,"10-2026":0.6152603301,"12-2026":0.6124649369,"02-2027":0.6166811847,"04-2027":0.5961987545,"06-2027":0.6000144704,"08-2027":0.5877033974,"10-2027":0.567321224,"12-2027":0.5617255977,"02-2028":0.5518666116,"04-2028":0.5283687943,"06-2028":0.5259194268,"08-2028":0.5193123939,"10-2028":0.5069912609,"12-2028":0.5016395586,"02-2029":0.4810984767,"04-2029":0.4819804194,"06-2029":0.4723202663,"08-2029":0.463378268,"10-2029":0.4579227224,"12-2029":0.4510089382,"02-2030":0.4321923464,"04-2030":0.4201624466,"06-2030":0.4220005741,"08-2030":0.4139446676,"10-2030":0.4043893436,"12-2030":0.397305766}}