{"median":{"02-2020":0.0555555556,"04-2020":0.0566373456,"06-2020":0.0574241568,"08-2020":0.0639009797,"10-2020":0.0666666667,"12-2020":0.0801084715,"02-2021":0.0897595763,"04-2021":0.1043973875,"06-2021":0.1259345629,"08-2021":0.1506457565,"10-2021":0.1796063197,"12-2021":0.2190993898,"02-2022":0.255299227,"04-2022":0.3096837332,"06-2022":0.3527277965,"08-2022":0.3776595745,"10-2022":0.4407376761,"12-2022":0.4946043165,"02-2023":0.5920488601,"04-2023":0.6162291542,"06-2023":0.6104056331,"08-2023":0.6108825358,"10-2023":0.6090149882,"12-2023":0.6068201315,"02-2024":0.5922521786,"04-2024":0.5912238446,"06-2024":0.5823170732,"08-2024":0.5798702471,"10-2024":0.5771075791,"12-2024":0.5734935845,"02-2025":0.5610970858,"04-2025":0.5565547863,"06-2025":0.5490161184,"08-2025":0.5302235401,"10-2025":0.5213475277,"12-2025":0.5133206591,"02-2026":0.5072751323,"04-2026":0.5,"06-2026":0.4906319734,"08-2026":0.4845118649,"10-2026":0.4781164829,"12-2026":0.4695374337,"02-2027":0.4685763048,"04-2027":0.475151445,"06-2027":0.4677951299,"08-2027":0.4587585034,"10-2027":0.4504010899,"12-2027":0.4271231648,"02-2028":0.4222222222,"04-2028":0.4091984733,"06-2028":0.4003311258,"08-2028":0.3934097141,"10-2028":0.3895461267,"12-2028":0.3925227114,"02-2029":0.3894211389,"04-2029":0.391605826,"06-2029":0.3815099715,"08-2029":0.3694127163,"10-2029":0.362985348,"12-2029":0.353238265,"02-2030":0.345216975,"04-2030":0.3449477352,"06-2030":0.3526069519,"08-2030":0.3510638298,"10-2030":0.3477411685,"12-2030":0.3424307235},"percentile_25":{"02-2020":0.0297681335,"04-2020":0.0289828305,"06-2020":0.0283014237,"08-2020":0.0278745645,"10-2020":0.0274923763,"12-2020":0.0270621557,"02-2021":0.0271031149,"04-2021":0.0254036087,"06-2021":0.027379776,"08-2021":0.0314273477,"10-2021":0.031467353,"12-2021":0.0336214394,"02-2022":0.038766572,"04-2022":0.0440882353,"06-2022":0.0536133714,"08-2022":0.058442282,"10-2022":0.0655709343,"12-2022":0.0742932057,"02-2023":0.0932826318,"04-2023":0.1134495067,"06-2023":0.138012767,"08-2023":0.168458938,"10-2023":0.1902181199,"12-2023":0.2437945161,"02-2024":0.3031760436,"04-2024":0.3288461538,"06-2024":0.3429905932,"08-2024":0.3983486524,"10-2024":0.4293773234,"12-2024":0.474951593,"02-2025":0.4671288014,"04-2025":0.4871074618,"06-2025":0.4682212673,"08-2025":0.4536391402,"10-2025":0.4433041958,"12-2025":0.4431191267,"02-2026":0.4274285714,"04-2026":0.4178267278,"06-2026":0.4085469233,"08-2026":0.3969413325,"10-2026":0.4024265694,"12-2026":0.4051338124,"02-2027":0.4026338685,"04-2027":0.4163062284,"06-2027":0.414866961,"08-2027":0.3854816548,"10-2027":0.3800504749,"12-2027":0.3711433254,"02-2028":0.3516770625,"04-2028":0.3439671916,"06-2028":0.3434983821,"08-2028":0.3381166953,"10-2028":0.336306191,"12-2028":0.3393554524,"02-2029":0.3305142006,"04-2029":0.3315534104,"06-2029":0.3294417919,"08-2029":0.3189789846,"10-2029":0.316347385,"12-2029":0.3157847307,"02-2030":0.3141926671,"04-2030":0.3083060556,"06-2030":0.3010566958,"08-2030":0.3032712908,"10-2030":0.2999097473,"12-2030":0.2922921266},"percentile_75":{"02-2020":0.0955767635,"04-2020":0.0984959377,"06-2020":0.1063408079,"08-2020":0.1229342558,"10-2020":0.1374830206,"12-2020":0.1661032901,"02-2021":0.2077900444,"04-2021":0.2431174089,"06-2021":0.29666448,"08-2021":0.3585708783,"10-2021":0.4253246753,"12-2021":0.5110147693,"02-2022":0.6016121153,"04-2022":0.6691729323,"06-2022":0.7265235902,"08-2022":0.7353610883,"10-2022":0.7374371556,"12-2022":0.7272685151,"02-2023":0.7229470221,"04-2023":0.7194455908,"06-2023":0.7042896588,"08-2023":0.6886209029,"10-2023":0.6846671284,"12-2023":0.6867081851,"02-2024":0.663053218,"04-2024":0.6501297578,"06-2024":0.6411465893,"08-2024":0.6319776952,"10-2024":0.6342918306,"12-2024":0.6279268196,"02-2025":0.6215010726,"04-2025":0.613922709,"06-2025":0.5984539341,"08-2025":0.5884278016,"10-2025":0.5835872022,"12-2025":0.5689915459,"02-2026":0.5580131446,"04-2026":0.5485695339,"06-2026":0.540489893,"08-2026":0.5305800999,"10-2026":0.5302319812,"12-2026":0.5287010035,"02-2027":0.5162081671,"04-2027":0.5172075451,"06-2027":0.5177723317,"08-2027":0.5021013907,"10-2027":0.4947135613,"12-2027":0.4795895202,"02-2028":0.4677124599,"04-2028":0.4575738746,"06-2028":0.4458613584,"08-2028":0.4417103364,"10-2028":0.4409885327,"12-2028":0.4401408451,"02-2029":0.4409965035,"04-2029":0.4335409253,"06-2029":0.4252509746,"08-2029":0.4196961476,"10-2029":0.4105883395,"12-2029":0.3956794059,"02-2030":0.3906682748,"04-2030":0.3843433407,"06-2030":0.386109943,"08-2030":0.3906275726,"10-2030":0.3849056604,"12-2030":0.3973977602}}