{"median":{"02-2020":0.0607215153,"04-2020":0.065087375,"06-2020":0.0762178994,"08-2020":0.0823045772,"10-2020":0.0895866774,"12-2020":0.0880760632,"02-2021":0.0864069791,"04-2021":0.0881498595,"06-2021":0.0808039516,"08-2021":0.0719782467,"10-2021":0.0598305894,"12-2021":0.0509090909,"02-2022":0.0430530025,"04-2022":0.0365641711,"06-2022":0.0324333801,"08-2022":0.0250896057,"10-2022":0.0216998901,"12-2022":0.0208077894,"02-2023":0.0165645517,"04-2023":0.0141056683,"06-2023":0.0113425198,"08-2023":0.0106060606,"10-2023":0.0072735929,"12-2023":0.0074099485,"02-2024":0.0070876612,"04-2024":0.0071975973,"06-2024":0.0070298987,"08-2024":0.0051698302,"10-2024":0.0037594516,"12-2024":0.0037108945,"02-2025":0.0034295244,"04-2025":0.0,"06-2025":0.0,"08-2025":0.0,"10-2025":0.0,"12-2025":0.0,"02-2026":0.0,"04-2026":0.0,"06-2026":0.0,"08-2026":0.0,"10-2026":0.0,"12-2026":0.0,"02-2027":0.0,"04-2027":0.0,"06-2027":0.0,"08-2027":0.0,"10-2027":0.0,"12-2027":0.0,"02-2028":0.0,"04-2028":0.0,"06-2028":0.0,"08-2028":0.0,"10-2028":0.0,"12-2028":0.0,"02-2029":0.0,"04-2029":0.0,"06-2029":0.0,"08-2029":0.0,"10-2029":0.0,"12-2029":0.0,"02-2030":0.0,"04-2030":0.0,"06-2030":0.0,"08-2030":0.0,"10-2030":0.0,"12-2030":0.0},"percentile_25":{"02-2020":0.0324679898,"04-2020":0.0334689148,"06-2020":0.0328467153,"08-2020":0.0341435781,"10-2020":0.0314740357,"12-2020":0.0322592989,"02-2021":0.028978477,"04-2021":0.0282967576,"06-2021":0.0256752147,"08-2021":0.0233074362,"10-2021":0.0207924174,"12-2021":0.0142097255,"02-2022":0.0109602309,"04-2022":0.0071945219,"06-2022":0.0069808664,"08-2022":0.0036231884,"10-2022":0.0035243026,"12-2022":0.0,"02-2023":0.0,"04-2023":0.0,"06-2023":0.0,"08-2023":0.0,"10-2023":0.0,"12-2023":0.0,"02-2024":0.0,"04-2024":0.0,"06-2024":0.0,"08-2024":0.0,"10-2024":0.0,"12-2024":0.0,"02-2025":0.0,"04-2025":0.0,"06-2025":0.0,"08-2025":0.0,"10-2025":0.0,"12-2025":0.0,"02-2026":0.0,"04-2026":0.0,"06-2026":0.0,"08-2026":0.0,"10-2026":0.0,"12-2026":0.0,"02-2027":0.0,"04-2027":0.0,"06-2027":0.0,"08-2027":0.0,"10-2027":0.0,"12-2027":0.0,"02-2028":0.0,"04-2028":0.0,"06-2028":0.0,"08-2028":0.0,"10-2028":0.0,"12-2028":0.0,"02-2029":0.0,"04-2029":0.0,"06-2029":0.0,"08-2029":0.0,"10-2029":0.0,"12-2029":0.0,"02-2030":0.0,"04-2030":0.0,"06-2030":0.0,"08-2030":0.0,"10-2030":0.0,"12-2030":0.0},"percentile_75":{"02-2020":0.1069632353,"04-2020":0.1244814815,"06-2020":0.1481833545,"08-2020":0.1686398134,"10-2020":0.1731487005,"12-2020":0.1955489257,"02-2021":0.1924088359,"04-2021":0.1897198408,"06-2021":0.1747106605,"08-2021":0.1517729865,"10-2021":0.1391625616,"12-2021":0.1283508159,"02-2022":0.1118997293,"04-2022":0.1003759398,"06-2022":0.0957288659,"08-2022":0.0827810633,"10-2022":0.0705103416,"12-2022":0.0657647642,"02-2023":0.0598883573,"04-2023":0.0601503759,"06-2023":0.0567385445,"08-2023":0.0556202357,"10-2023":0.0519480519,"12-2023":0.0485559592,"02-2024":0.0465748325,"04-2024":0.0398614442,"06-2024":0.0436788064,"08-2024":0.0446400869,"10-2024":0.0443156817,"12-2024":0.0444857497,"02-2025":0.044404362,"04-2025":0.0375090238,"06-2025":0.037003635,"08-2025":0.0355389466,"10-2025":0.036631522,"12-2025":0.0479504346,"02-2026":0.0660551948,"04-2026":0.0772842567,"06-2026":0.0919889089,"08-2026":0.1271529889,"10-2026":0.1503472846,"12-2026":0.2085988596,"02-2027":0.2703286257,"04-2027":0.3439236111,"06-2027":0.4226781194,"08-2027":0.5344346467,"10-2027":0.6386719487,"12-2027":0.6947482245,"02-2028":0.7183974562,"04-2028":0.6917425358,"06-2028":0.6833243146,"08-2028":0.6776146891,"10-2028":0.6672413793,"12-2028":0.659659557,"02-2029":0.6495332074,"04-2029":0.636800014,"06-2029":0.6279797048,"08-2029":0.6267243874,"10-2029":0.5984914209,"12-2029":0.5953832753,"02-2030":0.5767012327,"04-2030":0.5663287552,"06-2030":0.5455073274,"08-2030":0.5327876984,"10-2030":0.5403383459,"12-2030":0.5313906391}}