{"median":{"02-2020":0.0542151163,"04-2020":0.0558816184,"06-2020":0.0531403215,"08-2020":0.0521460478,"10-2020":0.0511312217,"12-2020":0.0493125701,"02-2021":0.0474415096,"04-2021":0.0459415584,"06-2021":0.0436369407,"08-2021":0.0473602484,"10-2021":0.0508935509,"12-2021":0.0624944162,"02-2022":0.0799314083,"04-2022":0.0948905109,"06-2022":0.1160607053,"08-2022":0.1419813565,"10-2022":0.1650135198,"12-2022":0.2084142828,"02-2023":0.2463982172,"04-2023":0.2762908531,"06-2023":0.3462255992,"08-2023":0.4278720212,"10-2023":0.5047814383,"12-2023":0.570665684,"02-2024":0.5547282517,"04-2024":0.5953149861,"06-2024":0.6014252926,"08-2024":0.5939828364,"10-2024":0.5855030404,"12-2024":0.6014035603,"02-2025":0.5954786593,"04-2025":0.5859953704,"06-2025":0.5661907852,"08-2025":0.5709239391,"10-2025":0.5562180844,"12-2025":0.5591611672,"02-2026":0.5500876052,"04-2026":0.5370139051,"06-2026":0.5298573975,"08-2026":0.5112370435,"10-2026":0.507435047,"12-2026":0.5127820651,"02-2027":0.5057915058,"04-2027":0.4919681287,"06-2027":0.5066095777,"08-2027":0.4931720731,"10-2027":0.4763888338,"12-2027":0.4564837394,"02-2028":0.4446062875,"04-2028":0.4369147608,"06-2028":0.4256845796,"08-2028":0.4199989421,"10-2028":0.4125831377,"12-2028":0.4159056416,"02-2029":0.4092555995,"04-2029":0.4044712545,"06-2029":0.3970775601,"08-2029":0.3906082407,"10-2029":0.3856111679,"12-2029":0.3813691315,"02-2030":0.3629509995,"04-2030":0.3610891141,"06-2030":0.3518501723,"08-2030":0.3464775965,"10-2030":0.3426434124,"12-2030":0.3374419237},"percentile_25":{"02-2020":0.0308288584,"04-2020":0.0283115123,"06-2020":0.0252941406,"08-2020":0.0238469425,"10-2020":0.0233920785,"12-2020":0.0193058761,"02-2021":0.0158110119,"04-2021":0.0143890438,"06-2021":0.0116991768,"08-2021":0.0115223915,"10-2021":0.0108712533,"12-2021":0.0109993316,"02-2022":0.0132831504,"04-2022":0.0150153796,"06-2022":0.0136523471,"08-2022":0.0138089528,"10-2022":0.0138888889,"12-2022":0.0188750209,"02-2023":0.0207586619,"04-2023":0.0205620516,"06-2023":0.0171474771,"08-2023":0.0195436508,"10-2023":0.0213400145,"12-2023":0.0246047966,"02-2024":0.0373130262,"04-2024":0.0471427987,"06-2024":0.049587966,"08-2024":0.0489203604,"10-2024":0.0584843969,"12-2024":0.0579044118,"02-2025":0.0691888308,"04-2025":0.0742361437,"06-2025":0.0763490241,"08-2025":0.0995811175,"10-2025":0.1230775779,"12-2025":0.1497898739,"02-2026":0.1691343398,"04-2026":0.1879879449,"06-2026":0.2201350135,"08-2026":0.21823129,"10-2026":0.2312487457,"12-2026":0.2555555556,"02-2027":0.3061673585,"04-2027":0.3487781142,"06-2027":0.363699199,"08-2027":0.3355218855,"10-2027":0.3521407926,"12-2027":0.3598305085,"02-2028":0.3646820175,"04-2028":0.3515177549,"06-2028":0.3395687839,"08-2028":0.3484806374,"10-2028":0.3364431164,"12-2028":0.3249398513,"02-2029":0.3322226143,"04-2029":0.3343894941,"06-2029":0.3263652659,"08-2029":0.3193705674,"10-2029":0.3128756957,"12-2029":0.3133501991,"02-2030":0.3082715311,"04-2030":0.303421992,"06-2030":0.2972789355,"08-2030":0.2862345781,"10-2030":0.2775665399,"12-2030":0.27410016},"percentile_75":{"02-2020":0.0952380952,"04-2020":0.0948569529,"06-2020":0.0971942636,"08-2020":0.0988188976,"10-2020":0.0927907479,"12-2020":0.0904052268,"02-2021":0.0850480271,"04-2021":0.0873885411,"06-2021":0.0906406586,"08-2021":0.0976722261,"10-2021":0.1201886792,"12-2021":0.1561675415,"02-2022":0.204059112,"04-2022":0.2439301873,"06-2022":0.2945318973,"08-2022":0.3745331521,"10-2022":0.4376254181,"12-2022":0.5407215889,"02-2023":0.6345454545,"04-2023":0.6966885956,"06-2023":0.740372038,"08-2023":0.7394854202,"10-2023":0.7364552561,"12-2023":0.7381991873,"02-2024":0.7329392039,"04-2024":0.7092108421,"06-2024":0.7038890197,"08-2024":0.6893043478,"10-2024":0.675,"12-2024":0.6644156519,"02-2025":0.6634688492,"04-2025":0.6507659008,"06-2025":0.6382985452,"08-2025":0.6370915033,"10-2025":0.6267057769,"12-2025":0.6169233708,"02-2026":0.6001937984,"04-2026":0.5973262627,"06-2026":0.583505567,"08-2026":0.5724907063,"10-2026":0.5604936048,"12-2026":0.5577990712,"02-2027":0.5597533894,"04-2027":0.5530606407,"06-2027":0.555608999,"08-2027":0.5364845475,"10-2027":0.5301294019,"12-2027":0.523526936,"02-2028":0.512455516,"04-2028":0.5103126357,"06-2028":0.4839558574,"08-2028":0.4852158711,"10-2028":0.4759221311,"12-2028":0.4719017788,"02-2029":0.4711483391,"04-2029":0.4638332812,"06-2029":0.4561151252,"08-2029":0.4479763014,"10-2029":0.4442132353,"12-2029":0.4357292131,"02-2030":0.4204545455,"04-2030":0.40384914,"06-2030":0.4062468528,"08-2030":0.398448909,"10-2030":0.3897903727,"12-2030":0.3867595819}}