{"median":{"02-2020":0.0542151163,"04-2020":0.0558816184,"06-2020":0.0531403215,"08-2020":0.0521460478,"10-2020":0.0511312217,"12-2020":0.0493125701,"02-2021":0.0468050782,"04-2021":0.0373780736,"06-2021":0.0334459459,"08-2021":0.0262352611,"10-2021":0.0238569531,"12-2021":0.0193076097,"02-2022":0.0194552529,"04-2022":0.020820089,"06-2022":0.0230772645,"08-2022":0.0302335596,"10-2022":0.0401490854,"12-2022":0.0530798399,"02-2023":0.0601510759,"04-2023":0.0720203311,"06-2023":0.0963819574,"08-2023":0.1199604069,"10-2023":0.1351670911,"12-2023":0.158041958,"02-2024":0.1824940207,"04-2024":0.2173926195,"06-2024":0.2433546735,"08-2024":0.2973894068,"10-2024":0.3612578377,"12-2024":0.43886121,"02-2025":0.5359483132,"04-2025":0.5528638304,"06-2025":0.5577894524,"08-2025":0.5666964253,"10-2025":0.5736930299,"12-2025":0.5607492997,"02-2026":0.5565085646,"04-2026":0.5587218359,"06-2026":0.5372054912,"08-2026":0.541501409,"10-2026":0.5319727891,"12-2026":0.5379910814,"02-2027":0.5299736495,"04-2027":0.5172356886,"06-2027":0.5157359972,"08-2027":0.5,"10-2027":0.482998921,"12-2027":0.4756169213,"02-2028":0.4621687062,"04-2028":0.4554899452,"06-2028":0.441044962,"08-2028":0.4230854606,"10-2028":0.4171052632,"12-2028":0.4079823419,"02-2029":0.4130821187,"04-2029":0.4064608015,"06-2029":0.4033047736,"08-2029":0.378842455,"10-2029":0.368993135,"12-2029":0.3615306955,"02-2030":0.3560635413,"04-2030":0.347046146,"06-2030":0.3345771144,"08-2030":0.3422839943,"10-2030":0.3428582363,"12-2030":0.3428739374},"percentile_25":{"02-2020":0.0308288584,"04-2020":0.0283115123,"06-2020":0.0252941406,"08-2020":0.0238469425,"10-2020":0.0233920785,"12-2020":0.0193058761,"02-2021":0.0158584412,"04-2021":0.0127587992,"06-2021":0.0098953728,"08-2021":0.0075686106,"10-2021":0.0073937908,"12-2021":0.0063096549,"02-2022":0.0038169594,"04-2022":0.0035526973,"06-2022":0.0,"08-2022":0.0,"10-2022":0.0,"12-2022":0.0,"02-2023":0.0,"04-2023":0.0,"06-2023":0.0,"08-2023":0.0,"10-2023":0.0,"12-2023":0.0,"02-2024":0.0,"04-2024":0.0,"06-2024":0.0,"08-2024":0.0,"10-2024":0.0,"12-2024":0.0,"02-2025":0.0,"04-2025":0.0,"06-2025":0.0,"08-2025":0.0,"10-2025":0.0,"12-2025":0.0,"02-2026":0.0,"04-2026":0.0,"06-2026":0.0,"08-2026":0.0,"10-2026":0.0,"12-2026":0.0,"02-2027":0.0,"04-2027":0.0,"06-2027":0.0,"08-2027":0.0,"10-2027":0.0,"12-2027":0.0,"02-2028":0.0,"04-2028":0.0,"06-2028":0.0,"08-2028":0.0,"10-2028":0.0,"12-2028":0.0,"02-2029":0.0,"04-2029":0.0,"06-2029":0.0,"08-2029":0.0,"10-2029":0.0,"12-2029":0.0,"02-2030":0.0,"04-2030":0.0,"06-2030":0.0,"08-2030":0.0,"10-2030":0.0,"12-2030":0.0},"percentile_75":{"02-2020":0.0952380952,"04-2020":0.0948569529,"06-2020":0.0971942636,"08-2020":0.0988188976,"10-2020":0.0927907479,"12-2020":0.0904052268,"02-2021":0.0806628488,"04-2021":0.0696129331,"06-2021":0.061022311,"08-2021":0.0537841191,"10-2021":0.0536229879,"12-2021":0.0545985079,"02-2022":0.0644086177,"04-2022":0.0726374882,"06-2022":0.0941389599,"08-2022":0.126284896,"10-2022":0.156712436,"12-2022":0.1966055821,"02-2023":0.2479545455,"04-2023":0.3107399577,"06-2023":0.3746590909,"08-2023":0.4641702586,"10-2023":0.5716879654,"12-2023":0.6612464156,"02-2024":0.694736242,"04-2024":0.6883050245,"06-2024":0.7030663329,"08-2024":0.7078131135,"10-2024":0.6997746225,"12-2024":0.6941203616,"02-2025":0.6791092621,"04-2025":0.6777681661,"06-2025":0.6681673132,"08-2025":0.6637594697,"10-2025":0.6498457683,"12-2025":0.6365601504,"02-2026":0.6322445218,"04-2026":0.6216801845,"06-2026":0.6205083089,"08-2026":0.6061522491,"10-2026":0.604991004,"12-2026":0.599650963,"02-2027":0.5915142806,"04-2027":0.5825413265,"06-2027":0.5806385335,"08-2027":0.571560665,"10-2027":0.5551150462,"12-2027":0.5407526684,"02-2028":0.5315546095,"04-2028":0.5229164434,"06-2028":0.5077409069,"08-2028":0.4965992154,"10-2028":0.4917709867,"12-2028":0.4835526316,"02-2029":0.4711955859,"04-2029":0.4734943171,"06-2029":0.4676274797,"08-2029":0.4511389926,"10-2029":0.4432255954,"12-2029":0.428698075,"02-2030":0.4148494988,"04-2030":0.414578285,"06-2030":0.412081063,"08-2030":0.3994699647,"10-2030":0.3910978514,"12-2030":0.392155026}}