{"median":{"02-2020":0.0542151163,"04-2020":0.0558816184,"06-2020":0.0531403215,"08-2020":0.0521460478,"10-2020":0.0511312217,"12-2020":0.0493125701,"02-2021":0.0468050782,"04-2021":0.0373780736,"06-2021":0.0342755354,"08-2021":0.0266675374,"10-2021":0.0230264403,"12-2021":0.0172897754,"02-2022":0.0142624701,"04-2022":0.0121252205,"06-2022":0.0111940299,"08-2022":0.0081827309,"10-2022":0.0076923077,"12-2022":0.0069224873,"02-2023":0.0039305019,"04-2023":0.0037106901,"06-2023":0.0036832537,"08-2023":0.003623236,"10-2023":0.0,"12-2023":0.0,"02-2024":0.0,"04-2024":0.0,"06-2024":0.0,"08-2024":0.0,"10-2024":0.0,"12-2024":0.0,"02-2025":0.0,"04-2025":0.0,"06-2025":0.0,"08-2025":0.0,"10-2025":0.0,"12-2025":0.0,"02-2026":0.0,"04-2026":0.0,"06-2026":0.0,"08-2026":0.0,"10-2026":0.0,"12-2026":0.0,"02-2027":0.0,"04-2027":0.0,"06-2027":0.0,"08-2027":0.0,"10-2027":0.0,"12-2027":0.0,"02-2028":0.0,"04-2028":0.0,"06-2028":0.0,"08-2028":0.0,"10-2028":0.0,"12-2028":0.0,"02-2029":0.0,"04-2029":0.0,"06-2029":0.0,"08-2029":0.0,"10-2029":0.0,"12-2029":0.0,"02-2030":0.0,"04-2030":0.0,"06-2030":0.0,"08-2030":0.0,"10-2030":0.0,"12-2030":0.0},"percentile_25":{"02-2020":0.0308288584,"04-2020":0.0283115123,"06-2020":0.0252941406,"08-2020":0.0238469425,"10-2020":0.0233920785,"12-2020":0.0193058761,"02-2021":0.0158584412,"04-2021":0.0127587992,"06-2021":0.0108992095,"08-2021":0.007455751,"10-2021":0.0072926344,"12-2021":0.0038388139,"02-2022":0.0036465333,"04-2022":0.0,"06-2022":0.0,"08-2022":0.0,"10-2022":0.0,"12-2022":0.0,"02-2023":0.0,"04-2023":0.0,"06-2023":0.0,"08-2023":0.0,"10-2023":0.0,"12-2023":0.0,"02-2024":0.0,"04-2024":0.0,"06-2024":0.0,"08-2024":0.0,"10-2024":0.0,"12-2024":0.0,"02-2025":0.0,"04-2025":0.0,"06-2025":0.0,"08-2025":0.0,"10-2025":0.0,"12-2025":0.0,"02-2026":0.0,"04-2026":0.0,"06-2026":0.0,"08-2026":0.0,"10-2026":0.0,"12-2026":0.0,"02-2027":0.0,"04-2027":0.0,"06-2027":0.0,"08-2027":0.0,"10-2027":0.0,"12-2027":0.0,"02-2028":0.0,"04-2028":0.0,"06-2028":0.0,"08-2028":0.0,"10-2028":0.0,"12-2028":0.0,"02-2029":0.0,"04-2029":0.0,"06-2029":0.0,"08-2029":0.0,"10-2029":0.0,"12-2029":0.0,"02-2030":0.0,"04-2030":0.0,"06-2030":0.0,"08-2030":0.0,"10-2030":0.0,"12-2030":0.0},"percentile_75":{"02-2020":0.0952380952,"04-2020":0.0948569529,"06-2020":0.0971942636,"08-2020":0.0988188976,"10-2020":0.0927907479,"12-2020":0.0904052268,"02-2021":0.0806628488,"04-2021":0.0696129331,"06-2021":0.0626742565,"08-2021":0.0535714286,"10-2021":0.0449404762,"12-2021":0.0398913043,"02-2022":0.0404244878,"04-2022":0.036003688,"06-2022":0.0316371129,"08-2022":0.0297410192,"10-2022":0.0293854294,"12-2022":0.0300567707,"02-2023":0.0286407335,"04-2023":0.0259987516,"06-2023":0.0241782869,"08-2023":0.0238768374,"10-2023":0.0220147181,"12-2023":0.0234914379,"02-2024":0.0219789132,"04-2024":0.0193512048,"06-2024":0.015252998,"08-2024":0.0147875828,"10-2024":0.012226614,"12-2024":0.0115592004,"02-2025":0.0110916077,"04-2025":0.0110395865,"06-2025":0.0103370584,"08-2025":0.0106477626,"10-2025":0.0105226934,"12-2025":0.010205518,"02-2026":0.0076135024,"04-2026":0.0105454066,"06-2026":0.0110579521,"08-2026":0.0111642221,"10-2026":0.0126837736,"12-2026":0.0144543706,"02-2027":0.0169068703,"04-2027":0.0223091989,"06-2027":0.0357704124,"08-2027":0.043124369,"10-2027":0.0447228774,"12-2027":0.0524639423,"02-2028":0.0766267954,"04-2028":0.0859557912,"06-2028":0.1179227941,"08-2028":0.1366002795,"10-2028":0.1559346909,"12-2028":0.1915385388,"02-2029":0.2278338509,"04-2029":0.2497311828,"06-2029":0.2945637745,"08-2029":0.364051859,"10-2029":0.4094191373,"12-2029":0.475350134,"02-2030":0.4672727273,"04-2030":0.4460002855,"06-2030":0.4490788302,"08-2030":0.4187613568,"10-2030":0.4178097804,"12-2030":0.4138972404}}