{"median":{"02-2020":0.0607215153,"04-2020":0.065087375,"06-2020":0.0762178994,"08-2020":0.0823045772,"10-2020":0.0895866774,"12-2020":0.0880760632,"02-2021":0.0864069791,"04-2021":0.0881498595,"06-2021":0.0808039516,"08-2021":0.0719782467,"10-2021":0.0598305894,"12-2021":0.0509090909,"02-2022":0.0430530025,"04-2022":0.0365641711,"06-2022":0.0324333801,"08-2022":0.0250896057,"10-2022":0.0216998901,"12-2022":0.0208077894,"02-2023":0.0165645517,"04-2023":0.0141056683,"06-2023":0.0113425198,"08-2023":0.0106060606,"10-2023":0.0072735929,"12-2023":0.0074099485,"02-2024":0.0076050025,"04-2024":0.0075078882,"06-2024":0.0092707744,"08-2024":0.0110909141,"10-2024":0.0146080744,"12-2024":0.0157058389,"02-2025":0.018520805,"04-2025":0.0184504357,"06-2025":0.0249138717,"08-2025":0.031404936,"10-2025":0.0355042017,"12-2025":0.0399335548,"02-2026":0.0478127734,"04-2026":0.0566123188,"06-2026":0.0619838679,"08-2026":0.0738773602,"10-2026":0.087765685,"12-2026":0.1179511977,"02-2027":0.1481506245,"04-2027":0.1752814077,"06-2027":0.2245296415,"08-2027":0.2851315351,"10-2027":0.3226183792,"12-2027":0.3593592076,"02-2028":0.4061912323,"04-2028":0.4451440076,"06-2028":0.4746724193,"08-2028":0.4273768449,"10-2028":0.4791483308,"12-2028":0.4658233581,"02-2029":0.4485314685,"04-2029":0.4562547432,"06-2029":0.4375373878,"08-2029":0.4292750197,"10-2029":0.4422063975,"12-2029":0.4070961191,"02-2030":0.4033448289,"04-2030":0.3908707517,"06-2030":0.3705143657,"08-2030":0.3625199362,"10-2030":0.3650544359,"12-2030":0.3537660552},"percentile_25":{"02-2020":0.0324679898,"04-2020":0.0334689148,"06-2020":0.0328467153,"08-2020":0.0341435781,"10-2020":0.0314740357,"12-2020":0.0322592989,"02-2021":0.028978477,"04-2021":0.0282967576,"06-2021":0.0256752147,"08-2021":0.0233074362,"10-2021":0.0207924174,"12-2021":0.0142097255,"02-2022":0.0109602309,"04-2022":0.0071945219,"06-2022":0.0069808664,"08-2022":0.0036231884,"10-2022":0.0035243026,"12-2022":0.0,"02-2023":0.0,"04-2023":0.0,"06-2023":0.0,"08-2023":0.0,"10-2023":0.0,"12-2023":0.0,"02-2024":0.0,"04-2024":0.0,"06-2024":0.0,"08-2024":0.0,"10-2024":0.0,"12-2024":0.0,"02-2025":0.0,"04-2025":0.0,"06-2025":0.0,"08-2025":0.0,"10-2025":0.0,"12-2025":0.0,"02-2026":0.0,"04-2026":0.0,"06-2026":0.0,"08-2026":0.0,"10-2026":0.0,"12-2026":0.0,"02-2027":0.0,"04-2027":0.0,"06-2027":0.0,"08-2027":0.0,"10-2027":0.0,"12-2027":0.0,"02-2028":0.0,"04-2028":0.0,"06-2028":0.0,"08-2028":0.0,"10-2028":0.0,"12-2028":0.0,"02-2029":0.0,"04-2029":0.0,"06-2029":0.0,"08-2029":0.0,"10-2029":0.0,"12-2029":0.0,"02-2030":0.0,"04-2030":0.0,"06-2030":0.0,"08-2030":0.0,"10-2030":0.0,"12-2030":0.0},"percentile_75":{"02-2020":0.1069632353,"04-2020":0.1244814815,"06-2020":0.1481833545,"08-2020":0.1686398134,"10-2020":0.1731487005,"12-2020":0.1955489257,"02-2021":0.1924088359,"04-2021":0.1897198408,"06-2021":0.1747106605,"08-2021":0.1517729865,"10-2021":0.1391625616,"12-2021":0.1283508159,"02-2022":0.1118997293,"04-2022":0.1003759398,"06-2022":0.0957288659,"08-2022":0.0827810633,"10-2022":0.0705103416,"12-2022":0.0657647642,"02-2023":0.0598883573,"04-2023":0.0601503759,"06-2023":0.0567385445,"08-2023":0.0556202357,"10-2023":0.0519480519,"12-2023":0.0485559592,"02-2024":0.0502313078,"04-2024":0.0600654044,"06-2024":0.0772877516,"08-2024":0.0919889089,"10-2024":0.1116281973,"12-2024":0.1630083311,"02-2025":0.2032954545,"04-2025":0.2621807395,"06-2025":0.3421343537,"08-2025":0.4359432657,"10-2025":0.5197391457,"12-2025":0.5959042985,"02-2026":0.6507397076,"04-2026":0.6990865859,"06-2026":0.7270581707,"08-2026":0.7194444444,"10-2026":0.7056243889,"12-2026":0.6892969364,"02-2027":0.6806403593,"04-2027":0.6657575758,"06-2027":0.6864885115,"08-2027":0.6798219875,"10-2027":0.6591325453,"12-2027":0.6348834715,"02-2028":0.6144775613,"04-2028":0.6088104715,"06-2028":0.5931008003,"08-2028":0.5822881828,"10-2028":0.5819356851,"12-2028":0.5710666023,"02-2029":0.5581714329,"04-2029":0.5453010531,"06-2029":0.5347273172,"08-2029":0.5195869729,"10-2029":0.5107922282,"12-2029":0.4911263736,"02-2030":0.4954851165,"04-2030":0.4929078014,"06-2030":0.4754253016,"08-2030":0.4623235362,"10-2030":0.4518343499,"12-2030":0.4347846811}}