{"median":{"02-2020":0.0607215153,"04-2020":0.065087375,"06-2020":0.0762178994,"08-2020":0.0823045772,"10-2020":0.0895866774,"12-2020":0.0880760632,"02-2021":0.0864069791,"04-2021":0.0881498595,"06-2021":0.0808039516,"08-2021":0.0719782467,"10-2021":0.0598305894,"12-2021":0.0509090909,"02-2022":0.0430530025,"04-2022":0.0365641711,"06-2022":0.0324333801,"08-2022":0.0250896057,"10-2022":0.0216998901,"12-2022":0.0208077894,"02-2023":0.0165645517,"04-2023":0.0141056683,"06-2023":0.0113425198,"08-2023":0.0106060606,"10-2023":0.0072735929,"12-2023":0.0074099485,"02-2024":0.0070876612,"04-2024":0.0071975973,"06-2024":0.0071182491,"08-2024":0.0037355561,"10-2024":0.0054516287,"12-2024":0.0040328482,"02-2025":0.0038323177,"04-2025":0.0034723897,"06-2025":0.0035529471,"08-2025":0.0036832537,"10-2025":0.0038836269,"12-2025":0.0057841383,"02-2026":0.0072823568,"04-2026":0.0056431619,"06-2026":0.0093915533,"08-2026":0.0198435973,"10-2026":0.0198336657,"12-2026":0.0271098632,"02-2027":0.0288416076,"04-2027":0.0344428422,"06-2027":0.0390342052,"08-2027":0.0480671801,"10-2027":0.0496553806,"12-2027":0.0630122197,"02-2028":0.0754385965,"04-2028":0.0950960042,"06-2028":0.1156461238,"08-2028":0.1309573725,"10-2028":0.1441894967,"12-2028":0.1688414564,"02-2029":0.1850296712,"04-2029":0.2007111295,"06-2029":0.2313338012,"08-2029":0.2727842211,"10-2029":0.3013791764,"12-2029":0.3618627749,"02-2030":0.3752694101,"04-2030":0.3802125312,"06-2030":0.3863799283,"08-2030":0.381620039,"10-2030":0.3736263736,"12-2030":0.3637130595},"percentile_25":{"02-2020":0.0324679898,"04-2020":0.0334689148,"06-2020":0.0328467153,"08-2020":0.0341435781,"10-2020":0.0314740357,"12-2020":0.0322592989,"02-2021":0.028978477,"04-2021":0.0282967576,"06-2021":0.0256752147,"08-2021":0.0233074362,"10-2021":0.0207924174,"12-2021":0.0142097255,"02-2022":0.0109602309,"04-2022":0.0071945219,"06-2022":0.0069808664,"08-2022":0.0036231884,"10-2022":0.0035243026,"12-2022":0.0,"02-2023":0.0,"04-2023":0.0,"06-2023":0.0,"08-2023":0.0,"10-2023":0.0,"12-2023":0.0,"02-2024":0.0,"04-2024":0.0,"06-2024":0.0,"08-2024":0.0,"10-2024":0.0,"12-2024":0.0,"02-2025":0.0,"04-2025":0.0,"06-2025":0.0,"08-2025":0.0,"10-2025":0.0,"12-2025":0.0,"02-2026":0.0,"04-2026":0.0,"06-2026":0.0,"08-2026":0.0,"10-2026":0.0,"12-2026":0.0,"02-2027":0.0,"04-2027":0.0,"06-2027":0.0,"08-2027":0.0,"10-2027":0.0,"12-2027":0.0,"02-2028":0.0,"04-2028":0.0,"06-2028":0.0,"08-2028":0.0,"10-2028":0.0,"12-2028":0.0,"02-2029":0.0,"04-2029":0.0,"06-2029":0.0,"08-2029":0.0,"10-2029":0.0,"12-2029":0.0,"02-2030":0.0,"04-2030":0.0,"06-2030":0.0,"08-2030":0.0,"10-2030":0.0,"12-2030":0.0},"percentile_75":{"02-2020":0.1069632353,"04-2020":0.1244814815,"06-2020":0.1481833545,"08-2020":0.1686398134,"10-2020":0.1731487005,"12-2020":0.1955489257,"02-2021":0.1924088359,"04-2021":0.1897198408,"06-2021":0.1747106605,"08-2021":0.1517729865,"10-2021":0.1391625616,"12-2021":0.1283508159,"02-2022":0.1118997293,"04-2022":0.1003759398,"06-2022":0.0957288659,"08-2022":0.0827810633,"10-2022":0.0705103416,"12-2022":0.0657647642,"02-2023":0.0598883573,"04-2023":0.0601503759,"06-2023":0.0567385445,"08-2023":0.0556202357,"10-2023":0.0519480519,"12-2023":0.0485559592,"02-2024":0.0465748325,"04-2024":0.0398614442,"06-2024":0.0446969697,"08-2024":0.0467261905,"10-2024":0.0489182863,"12-2024":0.0588259324,"02-2025":0.0738736506,"04-2025":0.0873897109,"06-2025":0.1285682916,"08-2025":0.1617201895,"10-2025":0.208480916,"12-2025":0.2917677947,"02-2026":0.3723972603,"04-2026":0.4695207481,"06-2026":0.6018823099,"08-2026":0.6869771279,"10-2026":0.7021708425,"12-2026":0.7172175276,"02-2027":0.717368962,"04-2027":0.6885306049,"06-2027":0.7013391902,"08-2027":0.6868673332,"10-2027":0.6592522172,"12-2027":0.6396819788,"02-2028":0.6385448328,"04-2028":0.6294081052,"06-2028":0.6174751755,"08-2028":0.6209020902,"10-2028":0.6112615283,"12-2028":0.6013654247,"02-2029":0.5823901708,"04-2029":0.5785868686,"06-2029":0.558076801,"08-2029":0.554508906,"10-2029":0.5309943182,"12-2029":0.5276024079,"02-2030":0.5214721527,"04-2030":0.5188511946,"06-2030":0.4989690501,"08-2030":0.491229329,"10-2030":0.4833626225,"12-2030":0.458362391}}