{"median":{"02-2020":0.0542151163,"04-2020":0.0558816184,"06-2020":0.0531403215,"08-2020":0.0521460478,"10-2020":0.0511312217,"12-2020":0.0493125701,"02-2021":0.0468050782,"04-2021":0.0373780736,"06-2021":0.0342755354,"08-2021":0.0266675374,"10-2021":0.0230264403,"12-2021":0.0172897754,"02-2022":0.0142624701,"04-2022":0.0121252205,"06-2022":0.0111940299,"08-2022":0.0081827309,"10-2022":0.0076923077,"12-2022":0.0069224873,"02-2023":0.0039305019,"04-2023":0.0037106901,"06-2023":0.0036900871,"08-2023":0.0034975725,"10-2023":0.0,"12-2023":0.0,"02-2024":0.0,"04-2024":0.0,"06-2024":0.0,"08-2024":0.0,"10-2024":0.0,"12-2024":0.0,"02-2025":0.0,"04-2025":0.0,"06-2025":0.0,"08-2025":0.0,"10-2025":0.0,"12-2025":0.0,"02-2026":0.0,"04-2026":0.0,"06-2026":0.0,"08-2026":0.0,"10-2026":0.0,"12-2026":0.0,"02-2027":0.0,"04-2027":0.0,"06-2027":0.0,"08-2027":0.0,"10-2027":0.0,"12-2027":0.0,"02-2028":0.0,"04-2028":0.0,"06-2028":0.0,"08-2028":0.0,"10-2028":0.0,"12-2028":0.0,"02-2029":0.0,"04-2029":0.0,"06-2029":0.0,"08-2029":0.0,"10-2029":0.0,"12-2029":0.0,"02-2030":0.0,"04-2030":0.0,"06-2030":0.0,"08-2030":0.0,"10-2030":0.0,"12-2030":0.0},"percentile_25":{"02-2020":0.0308288584,"04-2020":0.0283115123,"06-2020":0.0252941406,"08-2020":0.0238469425,"10-2020":0.0233920785,"12-2020":0.0193058761,"02-2021":0.0158584412,"04-2021":0.0127587992,"06-2021":0.0108992095,"08-2021":0.007455751,"10-2021":0.0072926344,"12-2021":0.0038388139,"02-2022":0.0036465333,"04-2022":0.0,"06-2022":0.0,"08-2022":0.0,"10-2022":0.0,"12-2022":0.0,"02-2023":0.0,"04-2023":0.0,"06-2023":0.0,"08-2023":0.0,"10-2023":0.0,"12-2023":0.0,"02-2024":0.0,"04-2024":0.0,"06-2024":0.0,"08-2024":0.0,"10-2024":0.0,"12-2024":0.0,"02-2025":0.0,"04-2025":0.0,"06-2025":0.0,"08-2025":0.0,"10-2025":0.0,"12-2025":0.0,"02-2026":0.0,"04-2026":0.0,"06-2026":0.0,"08-2026":0.0,"10-2026":0.0,"12-2026":0.0,"02-2027":0.0,"04-2027":0.0,"06-2027":0.0,"08-2027":0.0,"10-2027":0.0,"12-2027":0.0,"02-2028":0.0,"04-2028":0.0,"06-2028":0.0,"08-2028":0.0,"10-2028":0.0,"12-2028":0.0,"02-2029":0.0,"04-2029":0.0,"06-2029":0.0,"08-2029":0.0,"10-2029":0.0,"12-2029":0.0,"02-2030":0.0,"04-2030":0.0,"06-2030":0.0,"08-2030":0.0,"10-2030":0.0,"12-2030":0.0},"percentile_75":{"02-2020":0.0952380952,"04-2020":0.0948569529,"06-2020":0.0971942636,"08-2020":0.0988188976,"10-2020":0.0927907479,"12-2020":0.0904052268,"02-2021":0.0806628488,"04-2021":0.0696129331,"06-2021":0.0626742565,"08-2021":0.0535714286,"10-2021":0.0449404762,"12-2021":0.0398913043,"02-2022":0.0404244878,"04-2022":0.036003688,"06-2022":0.0316371129,"08-2022":0.0297410192,"10-2022":0.0293854294,"12-2022":0.0300567707,"02-2023":0.0286407335,"04-2023":0.0259987516,"06-2023":0.0238332385,"08-2023":0.0256580494,"10-2023":0.0293181818,"12-2023":0.0362720976,"02-2024":0.0409988989,"04-2024":0.0417909902,"06-2024":0.0493530133,"08-2024":0.0623720495,"10-2024":0.0710257188,"12-2024":0.0828197336,"02-2025":0.101755269,"04-2025":0.1362693833,"06-2025":0.1650437202,"08-2025":0.202294686,"10-2025":0.2609249599,"12-2025":0.3299553662,"02-2026":0.4226660912,"04-2026":0.4625786795,"06-2026":0.5712142628,"08-2026":0.6045258315,"10-2026":0.607309965,"12-2026":0.6060971193,"02-2027":0.6107428664,"04-2027":0.5910493025,"06-2027":0.6098086293,"08-2027":0.5930419269,"10-2027":0.5828570336,"12-2027":0.5729281108,"02-2028":0.5683990442,"04-2028":0.5629121571,"06-2028":0.5470655488,"08-2028":0.542327246,"10-2028":0.5303030303,"12-2028":0.5324358449,"02-2029":0.5196780125,"04-2029":0.5057512309,"06-2029":0.5008561644,"08-2029":0.4809618039,"10-2029":0.4843061035,"12-2029":0.465882231,"02-2030":0.4556572809,"04-2030":0.4437175972,"06-2030":0.4384012245,"08-2030":0.4296844157,"10-2030":0.4120262633,"12-2030":0.4008968784}}