{"median":{"02-2020":0.0542151163,"04-2020":0.0558816184,"06-2020":0.0531403215,"08-2020":0.0521460478,"10-2020":0.0511312217,"12-2020":0.0493125701,"02-2021":0.0468050782,"04-2021":0.0373780736,"06-2021":0.0342755354,"08-2021":0.0266675374,"10-2021":0.0230264403,"12-2021":0.0172897754,"02-2022":0.0142624701,"04-2022":0.0121252205,"06-2022":0.0111940299,"08-2022":0.0081827309,"10-2022":0.0076923077,"12-2022":0.0069224873,"02-2023":0.0039305019,"04-2023":0.0037106901,"06-2023":0.0036832537,"08-2023":0.003623236,"10-2023":0.0,"12-2023":0.0,"02-2024":0.0,"04-2024":0.0,"06-2024":0.0,"08-2024":0.0,"10-2024":0.0,"12-2024":0.0,"02-2025":0.0,"04-2025":0.0,"06-2025":0.0,"08-2025":0.0,"10-2025":0.0,"12-2025":0.0,"02-2026":0.0,"04-2026":0.0,"06-2026":0.0,"08-2026":0.0,"10-2026":0.0,"12-2026":0.0,"02-2027":0.0,"04-2027":0.0,"06-2027":0.0,"08-2027":0.0,"10-2027":0.0,"12-2027":0.0,"02-2028":0.0,"04-2028":0.0,"06-2028":0.0,"08-2028":0.0,"10-2028":0.0,"12-2028":0.0,"02-2029":0.0,"04-2029":0.0,"06-2029":0.0,"08-2029":0.0,"10-2029":0.0,"12-2029":0.0,"02-2030":0.0,"04-2030":0.0,"06-2030":0.0,"08-2030":0.0,"10-2030":0.0,"12-2030":0.0},"percentile_25":{"02-2020":0.0308288584,"04-2020":0.0283115123,"06-2020":0.0252941406,"08-2020":0.0238469425,"10-2020":0.0233920785,"12-2020":0.0193058761,"02-2021":0.0158584412,"04-2021":0.0127587992,"06-2021":0.0108992095,"08-2021":0.007455751,"10-2021":0.0072926344,"12-2021":0.0038388139,"02-2022":0.0036465333,"04-2022":0.0,"06-2022":0.0,"08-2022":0.0,"10-2022":0.0,"12-2022":0.0,"02-2023":0.0,"04-2023":0.0,"06-2023":0.0,"08-2023":0.0,"10-2023":0.0,"12-2023":0.0,"02-2024":0.0,"04-2024":0.0,"06-2024":0.0,"08-2024":0.0,"10-2024":0.0,"12-2024":0.0,"02-2025":0.0,"04-2025":0.0,"06-2025":0.0,"08-2025":0.0,"10-2025":0.0,"12-2025":0.0,"02-2026":0.0,"04-2026":0.0,"06-2026":0.0,"08-2026":0.0,"10-2026":0.0,"12-2026":0.0,"02-2027":0.0,"04-2027":0.0,"06-2027":0.0,"08-2027":0.0,"10-2027":0.0,"12-2027":0.0,"02-2028":0.0,"04-2028":0.0,"06-2028":0.0,"08-2028":0.0,"10-2028":0.0,"12-2028":0.0,"02-2029":0.0,"04-2029":0.0,"06-2029":0.0,"08-2029":0.0,"10-2029":0.0,"12-2029":0.0,"02-2030":0.0,"04-2030":0.0,"06-2030":0.0,"08-2030":0.0,"10-2030":0.0,"12-2030":0.0},"percentile_75":{"02-2020":0.0952380952,"04-2020":0.0948569529,"06-2020":0.0971942636,"08-2020":0.0988188976,"10-2020":0.0927907479,"12-2020":0.0904052268,"02-2021":0.0806628488,"04-2021":0.0696129331,"06-2021":0.0626742565,"08-2021":0.0535714286,"10-2021":0.0449404762,"12-2021":0.0398913043,"02-2022":0.0404244878,"04-2022":0.036003688,"06-2022":0.0316371129,"08-2022":0.0297410192,"10-2022":0.0293854294,"12-2022":0.0300567707,"02-2023":0.0286407335,"04-2023":0.0259987516,"06-2023":0.0241782869,"08-2023":0.0238768374,"10-2023":0.0220147181,"12-2023":0.0234914379,"02-2024":0.0223966718,"04-2024":0.0235069788,"06-2024":0.0182301322,"08-2024":0.0238916256,"10-2024":0.0265135251,"12-2024":0.0357858022,"02-2025":0.0455865697,"04-2025":0.0520631068,"06-2025":0.0769265173,"08-2025":0.0923130923,"10-2025":0.1136831717,"12-2025":0.1514957265,"02-2026":0.1771586886,"04-2026":0.2182526847,"06-2026":0.2655819084,"08-2026":0.3053977273,"10-2026":0.3892606516,"12-2026":0.4380436755,"02-2027":0.5039054216,"04-2027":0.5262412587,"06-2027":0.5811955782,"08-2027":0.6105704978,"10-2027":0.5927605666,"12-2027":0.6010168676,"02-2028":0.5708644803,"04-2028":0.5843175108,"06-2028":0.5523589949,"08-2028":0.5469628092,"10-2028":0.532773232,"12-2028":0.536105346,"02-2029":0.5227346278,"04-2029":0.518023875,"06-2029":0.4953042452,"08-2029":0.4838494838,"10-2029":0.4792348609,"12-2029":0.4631587891,"02-2030":0.4574234757,"04-2030":0.4508828996,"06-2030":0.4381634701,"08-2030":0.4330848907,"10-2030":0.4125392201,"12-2030":0.4018982767}}