{"median":{"02-2020":0.0542151163,"04-2020":0.0558816184,"06-2020":0.0531403215,"08-2020":0.0521460478,"10-2020":0.0511312217,"12-2020":0.0493125701,"02-2021":0.0468050782,"04-2021":0.0373780736,"06-2021":0.0342755354,"08-2021":0.0266675374,"10-2021":0.0230264403,"12-2021":0.0172897754,"02-2022":0.0142624701,"04-2022":0.0121252205,"06-2022":0.0111940299,"08-2022":0.0081827309,"10-2022":0.0076923077,"12-2022":0.0069224873,"02-2023":0.0039305019,"04-2023":0.0037106901,"06-2023":0.0036832537,"08-2023":0.003623236,"10-2023":0.0,"12-2023":0.0,"02-2024":0.0,"04-2024":0.0,"06-2024":0.0,"08-2024":0.0,"10-2024":0.0,"12-2024":0.0,"02-2025":0.0,"04-2025":0.0,"06-2025":0.0,"08-2025":0.0,"10-2025":0.0,"12-2025":0.0,"02-2026":0.0,"04-2026":0.0,"06-2026":0.0,"08-2026":0.0,"10-2026":0.0,"12-2026":0.0,"02-2027":0.0,"04-2027":0.0,"06-2027":0.0,"08-2027":0.0,"10-2027":0.0,"12-2027":0.0,"02-2028":0.0,"04-2028":0.0,"06-2028":0.0,"08-2028":0.0,"10-2028":0.0,"12-2028":0.0,"02-2029":0.0,"04-2029":0.0,"06-2029":0.0,"08-2029":0.0,"10-2029":0.0,"12-2029":0.0,"02-2030":0.0,"04-2030":0.0,"06-2030":0.0,"08-2030":0.0,"10-2030":0.0,"12-2030":0.0},"percentile_25":{"02-2020":0.0308288584,"04-2020":0.0283115123,"06-2020":0.0252941406,"08-2020":0.0238469425,"10-2020":0.0233920785,"12-2020":0.0193058761,"02-2021":0.0158584412,"04-2021":0.0127587992,"06-2021":0.0108992095,"08-2021":0.007455751,"10-2021":0.0072926344,"12-2021":0.0038388139,"02-2022":0.0036465333,"04-2022":0.0,"06-2022":0.0,"08-2022":0.0,"10-2022":0.0,"12-2022":0.0,"02-2023":0.0,"04-2023":0.0,"06-2023":0.0,"08-2023":0.0,"10-2023":0.0,"12-2023":0.0,"02-2024":0.0,"04-2024":0.0,"06-2024":0.0,"08-2024":0.0,"10-2024":0.0,"12-2024":0.0,"02-2025":0.0,"04-2025":0.0,"06-2025":0.0,"08-2025":0.0,"10-2025":0.0,"12-2025":0.0,"02-2026":0.0,"04-2026":0.0,"06-2026":0.0,"08-2026":0.0,"10-2026":0.0,"12-2026":0.0,"02-2027":0.0,"04-2027":0.0,"06-2027":0.0,"08-2027":0.0,"10-2027":0.0,"12-2027":0.0,"02-2028":0.0,"04-2028":0.0,"06-2028":0.0,"08-2028":0.0,"10-2028":0.0,"12-2028":0.0,"02-2029":0.0,"04-2029":0.0,"06-2029":0.0,"08-2029":0.0,"10-2029":0.0,"12-2029":0.0,"02-2030":0.0,"04-2030":0.0,"06-2030":0.0,"08-2030":0.0,"10-2030":0.0,"12-2030":0.0},"percentile_75":{"02-2020":0.0952380952,"04-2020":0.0948569529,"06-2020":0.0971942636,"08-2020":0.0988188976,"10-2020":0.0927907479,"12-2020":0.0904052268,"02-2021":0.0806628488,"04-2021":0.0696129331,"06-2021":0.0626742565,"08-2021":0.0535714286,"10-2021":0.0449404762,"12-2021":0.0398913043,"02-2022":0.0404244878,"04-2022":0.036003688,"06-2022":0.0316371129,"08-2022":0.0297410192,"10-2022":0.0293854294,"12-2022":0.0300567707,"02-2023":0.0286407335,"04-2023":0.0259987516,"06-2023":0.0241782869,"08-2023":0.0238768374,"10-2023":0.0220147181,"12-2023":0.0234914379,"02-2024":0.0219789132,"04-2024":0.0193512048,"06-2024":0.015252998,"08-2024":0.0147875828,"10-2024":0.012226614,"12-2024":0.0115592004,"02-2025":0.0137935989,"04-2025":0.0139504432,"06-2025":0.0124723359,"08-2025":0.0156948537,"10-2025":0.0154000411,"12-2025":0.0149870801,"02-2026":0.0170707915,"04-2026":0.0227264158,"06-2026":0.025719697,"08-2026":0.0419463087,"10-2026":0.051410503,"12-2026":0.0574624184,"02-2027":0.0678187919,"04-2027":0.0721702346,"06-2027":0.0929530201,"08-2027":0.1161105904,"10-2027":0.1381740196,"12-2027":0.1559794372,"02-2028":0.1873892674,"04-2028":0.2078254156,"06-2028":0.2556533101,"08-2028":0.3363224941,"10-2028":0.3699718746,"12-2028":0.4334125034,"02-2029":0.4705492621,"04-2029":0.5114492299,"06-2029":0.5183399933,"08-2029":0.5043153397,"10-2029":0.5155109489,"12-2029":0.5172251904,"02-2030":0.5116060647,"04-2030":0.4869424883,"06-2030":0.4616578014,"08-2030":0.4658564219,"10-2030":0.453097522,"12-2030":0.4486912916}}