{"median":{"02-2020":0.0607215153,"04-2020":0.065087375,"06-2020":0.0762178994,"08-2020":0.0823045772,"10-2020":0.0895866774,"12-2020":0.0880760632,"02-2021":0.0935790693,"04-2021":0.0996575342,"06-2021":0.1086656774,"08-2021":0.1247745076,"10-2021":0.1400084629,"12-2021":0.1664802065,"02-2022":0.1951992252,"04-2022":0.2312839506,"06-2022":0.2876692854,"08-2022":0.3405203983,"10-2022":0.3983268307,"12-2022":0.4641315519,"02-2023":0.5434027778,"04-2023":0.5967741935,"06-2023":0.6103419298,"08-2023":0.6036293256,"10-2023":0.6029882155,"12-2023":0.6003986365,"02-2024":0.6058976865,"04-2024":0.6022647249,"06-2024":0.593687749,"08-2024":0.592097823,"10-2024":0.5804411765,"12-2024":0.5823232831,"02-2025":0.5802249976,"04-2025":0.5646727132,"06-2025":0.5476247987,"08-2025":0.5372079532,"10-2025":0.5367935409,"12-2025":0.5307692308,"02-2026":0.5213917756,"04-2026":0.5116625406,"06-2026":0.5027979078,"08-2026":0.4946422421,"10-2026":0.4900013287,"12-2026":0.4991803279,"02-2027":0.486742234,"04-2027":0.494062987,"06-2027":0.4869630974,"08-2027":0.4745554508,"10-2027":0.4586748634,"12-2027":0.4512763868,"02-2028":0.4419430425,"04-2028":0.4295538331,"06-2028":0.4172151537,"08-2028":0.407568126,"10-2028":0.4170898369,"12-2028":0.4051515152,"02-2029":0.4006920415,"04-2029":0.3910034602,"06-2029":0.3820855615,"08-2029":0.3762887784,"10-2029":0.3769303873,"12-2029":0.3665394402,"02-2030":0.3616186785,"04-2030":0.3555080266,"06-2030":0.3540448896,"08-2030":0.3518518519,"10-2030":0.3509050492,"12-2030":0.3428520707},"percentile_25":{"02-2020":0.0324679898,"04-2020":0.0334689148,"06-2020":0.0328467153,"08-2020":0.0341435781,"10-2020":0.0314740357,"12-2020":0.0322592989,"02-2021":0.0325381842,"04-2021":0.0338986644,"06-2021":0.030782144,"08-2021":0.0378115398,"10-2021":0.0385199393,"12-2021":0.0380208333,"02-2022":0.0383510885,"04-2022":0.0420755968,"06-2022":0.049719888,"08-2022":0.064407314,"10-2022":0.0799765702,"12-2022":0.0941262735,"02-2023":0.1172961195,"04-2023":0.1354185459,"06-2023":0.1365052519,"08-2023":0.1675528772,"10-2023":0.1834365637,"12-2023":0.2132867133,"02-2024":0.2288195675,"04-2024":0.242945874,"06-2024":0.272540694,"08-2024":0.3012182439,"10-2024":0.3390093822,"12-2024":0.3640049758,"02-2025":0.3870161529,"04-2025":0.4462401587,"06-2025":0.4427460749,"08-2025":0.4571029626,"10-2025":0.4546994101,"12-2025":0.4508026121,"02-2026":0.4582146031,"04-2026":0.4522008344,"06-2026":0.4396515864,"08-2026":0.4366183974,"10-2026":0.4385150167,"12-2026":0.4324230502,"02-2027":0.4334037378,"04-2027":0.436497098,"06-2027":0.4400020755,"08-2027":0.4240356517,"10-2027":0.4128807036,"12-2027":0.386983021,"02-2028":0.3843602859,"04-2028":0.3713235294,"06-2028":0.3717068681,"08-2028":0.3654141304,"10-2028":0.3533141646,"12-2028":0.3516081871,"02-2029":0.3506352087,"04-2029":0.3369671109,"06-2029":0.3319114445,"08-2029":0.3222825863,"10-2029":0.3220365053,"12-2029":0.3171826625,"02-2030":0.3143153101,"04-2030":0.3104193342,"06-2030":0.3038944579,"08-2030":0.2964878672,"10-2030":0.292705815,"12-2030":0.293896506},"percentile_75":{"02-2020":0.1069632353,"04-2020":0.1244814815,"06-2020":0.1481833545,"08-2020":0.1686398134,"10-2020":0.1731487005,"12-2020":0.1955489257,"02-2021":0.2089640177,"04-2021":0.2218079289,"06-2021":0.2473612167,"08-2021":0.2779411765,"10-2021":0.3263978327,"12-2021":0.3859609878,"02-2022":0.4718874154,"04-2022":0.5427941234,"06-2022":0.6194240542,"08-2022":0.6883318295,"10-2022":0.7317261073,"12-2022":0.7354332318,"02-2023":0.7398812559,"04-2023":0.7200314419,"06-2023":0.7214751286,"08-2023":0.7080508999,"10-2023":0.7055344057,"12-2023":0.6884211799,"02-2024":0.6689275859,"04-2024":0.6561677632,"06-2024":0.6573899326,"08-2024":0.6454156049,"10-2024":0.6492969789,"12-2024":0.6328680322,"02-2025":0.6200333583,"04-2025":0.6141626794,"06-2025":0.6059475063,"08-2025":0.5994773519,"10-2025":0.5938087406,"12-2025":0.5768699799,"02-2026":0.5647590891,"04-2026":0.5537256425,"06-2026":0.5503587035,"08-2026":0.5420860892,"10-2026":0.5410081673,"12-2026":0.5388461538,"02-2027":0.528891258,"04-2027":0.542806298,"06-2027":0.5338671227,"08-2027":0.5206374853,"10-2027":0.5111984802,"12-2027":0.4986842105,"02-2028":0.4876720149,"04-2028":0.4806274519,"06-2028":0.4674096619,"08-2028":0.4670806908,"10-2028":0.4551258229,"12-2028":0.4543549763,"02-2029":0.4427960751,"04-2029":0.4363289588,"06-2029":0.4276809279,"08-2029":0.4278325123,"10-2029":0.4214157935,"12-2029":0.4126256376,"02-2030":0.4094921534,"04-2030":0.4015775284,"06-2030":0.4115640734,"08-2030":0.4044814918,"10-2030":0.3960064326,"12-2030":0.393207984}}