{"median":{"02-2020":0.0542151163,"04-2020":0.0558816184,"06-2020":0.0531403215,"08-2020":0.0521460478,"10-2020":0.0511312217,"12-2020":0.0493125701,"02-2021":0.0468050782,"04-2021":0.0373780736,"06-2021":0.0342755354,"08-2021":0.0266675374,"10-2021":0.0230264403,"12-2021":0.0172897754,"02-2022":0.0142624701,"04-2022":0.0121252205,"06-2022":0.0111940299,"08-2022":0.0081827309,"10-2022":0.0076923077,"12-2022":0.0069224873,"02-2023":0.0039305019,"04-2023":0.0037106901,"06-2023":0.0036832537,"08-2023":0.003623236,"10-2023":0.0,"12-2023":0.0,"02-2024":0.0,"04-2024":0.0,"06-2024":0.0,"08-2024":0.0,"10-2024":0.0,"12-2024":0.0,"02-2025":0.0,"04-2025":0.0,"06-2025":0.0,"08-2025":0.0,"10-2025":0.0,"12-2025":0.0,"02-2026":0.0,"04-2026":0.0,"06-2026":0.0,"08-2026":0.0,"10-2026":0.0,"12-2026":0.0,"02-2027":0.0,"04-2027":0.0,"06-2027":0.0,"08-2027":0.0,"10-2027":0.0,"12-2027":0.0,"02-2028":0.0,"04-2028":0.0,"06-2028":0.0,"08-2028":0.0,"10-2028":0.0,"12-2028":0.0,"02-2029":0.0,"04-2029":0.0,"06-2029":0.0,"08-2029":0.0,"10-2029":0.0,"12-2029":0.0,"02-2030":0.0,"04-2030":0.0,"06-2030":0.0,"08-2030":0.0,"10-2030":0.0,"12-2030":0.0},"percentile_25":{"02-2020":0.0308288584,"04-2020":0.0283115123,"06-2020":0.0252941406,"08-2020":0.0238469425,"10-2020":0.0233920785,"12-2020":0.0193058761,"02-2021":0.0158584412,"04-2021":0.0127587992,"06-2021":0.0108992095,"08-2021":0.007455751,"10-2021":0.0072926344,"12-2021":0.0038388139,"02-2022":0.0036465333,"04-2022":0.0,"06-2022":0.0,"08-2022":0.0,"10-2022":0.0,"12-2022":0.0,"02-2023":0.0,"04-2023":0.0,"06-2023":0.0,"08-2023":0.0,"10-2023":0.0,"12-2023":0.0,"02-2024":0.0,"04-2024":0.0,"06-2024":0.0,"08-2024":0.0,"10-2024":0.0,"12-2024":0.0,"02-2025":0.0,"04-2025":0.0,"06-2025":0.0,"08-2025":0.0,"10-2025":0.0,"12-2025":0.0,"02-2026":0.0,"04-2026":0.0,"06-2026":0.0,"08-2026":0.0,"10-2026":0.0,"12-2026":0.0,"02-2027":0.0,"04-2027":0.0,"06-2027":0.0,"08-2027":0.0,"10-2027":0.0,"12-2027":0.0,"02-2028":0.0,"04-2028":0.0,"06-2028":0.0,"08-2028":0.0,"10-2028":0.0,"12-2028":0.0,"02-2029":0.0,"04-2029":0.0,"06-2029":0.0,"08-2029":0.0,"10-2029":0.0,"12-2029":0.0,"02-2030":0.0,"04-2030":0.0,"06-2030":0.0,"08-2030":0.0,"10-2030":0.0,"12-2030":0.0},"percentile_75":{"02-2020":0.0952380952,"04-2020":0.0948569529,"06-2020":0.0971942636,"08-2020":0.0988188976,"10-2020":0.0927907479,"12-2020":0.0904052268,"02-2021":0.0806628488,"04-2021":0.0696129331,"06-2021":0.0626742565,"08-2021":0.0535714286,"10-2021":0.0449404762,"12-2021":0.0398913043,"02-2022":0.0404244878,"04-2022":0.036003688,"06-2022":0.0316371129,"08-2022":0.0297410192,"10-2022":0.0293854294,"12-2022":0.0300567707,"02-2023":0.0286407335,"04-2023":0.0259987516,"06-2023":0.0241782869,"08-2023":0.0238768374,"10-2023":0.0220147181,"12-2023":0.0234914379,"02-2024":0.0219789132,"04-2024":0.0193512048,"06-2024":0.015252998,"08-2024":0.0147875828,"10-2024":0.012226614,"12-2024":0.0115592004,"02-2025":0.0110916077,"04-2025":0.0110395865,"06-2025":0.0105915744,"08-2025":0.0103181657,"10-2025":0.0103809983,"12-2025":0.0081129808,"02-2026":0.0073828495,"04-2026":0.0074630006,"06-2026":0.0045906681,"08-2026":0.0038797394,"10-2026":0.0035915484,"12-2026":0.0034277796,"02-2027":0.0066987468,"04-2027":0.0080723341,"06-2027":0.0078362713,"08-2027":0.0083964705,"10-2027":0.011386282,"12-2027":0.0113089593,"02-2028":0.011848836,"04-2028":0.0099462366,"06-2028":0.0129796387,"08-2028":0.0145027386,"10-2028":0.0224874425,"12-2028":0.0281260885,"02-2029":0.034375,"04-2029":0.037577443,"06-2029":0.0408923941,"08-2029":0.0443635222,"10-2029":0.0612350268,"12-2029":0.0689386024,"02-2030":0.1021807885,"04-2030":0.1412098438,"06-2030":0.1415202445,"08-2030":0.1425927219,"10-2030":0.1604571508,"12-2030":0.1844340624}}