{"median":{"02-2020":0.0607215153,"04-2020":0.065087375,"06-2020":0.0762178994,"08-2020":0.0823045772,"10-2020":0.0895866774,"12-2020":0.0880760632,"02-2021":0.0864069791,"04-2021":0.0881498595,"06-2021":0.0808039516,"08-2021":0.0719782467,"10-2021":0.0598305894,"12-2021":0.0509090909,"02-2022":0.0430530025,"04-2022":0.0365641711,"06-2022":0.0324333801,"08-2022":0.0250896057,"10-2022":0.0216998901,"12-2022":0.0208077894,"02-2023":0.0165645517,"04-2023":0.0141056683,"06-2023":0.0113425198,"08-2023":0.0106060606,"10-2023":0.0072735929,"12-2023":0.0074099485,"02-2024":0.0070876612,"04-2024":0.0071975973,"06-2024":0.0070298987,"08-2024":0.0051698302,"10-2024":0.0037594516,"12-2024":0.0037108945,"02-2025":0.003533613,"04-2025":0.0034722641,"06-2025":0.0016447368,"08-2025":0.0034847013,"10-2025":0.001754386,"12-2025":0.0,"02-2026":0.0018050542,"04-2026":0.0036632003,"06-2026":0.0035363949,"08-2026":0.003469967,"10-2026":0.0035920652,"12-2026":0.0,"02-2027":0.0,"04-2027":0.0037607273,"06-2027":0.0036055818,"08-2027":0.0017241379,"10-2027":0.0051724138,"12-2027":0.006779661,"02-2028":0.013763498,"04-2028":0.0176052321,"06-2028":0.019436734,"08-2028":0.0197208894,"10-2028":0.0197174923,"12-2028":0.0198975571,"02-2029":0.0201002674,"04-2029":0.0146789485,"06-2029":0.0145524765,"08-2029":0.014815018,"10-2029":0.0242190534,"12-2029":0.0260574434,"02-2030":0.0312771326,"04-2030":0.0331427015,"06-2030":0.0312172338,"08-2030":0.0389698764,"10-2030":0.037455309,"12-2030":0.0389187914},"percentile_25":{"02-2020":0.0324679898,"04-2020":0.0334689148,"06-2020":0.0328467153,"08-2020":0.0341435781,"10-2020":0.0314740357,"12-2020":0.0322592989,"02-2021":0.028978477,"04-2021":0.0282967576,"06-2021":0.0256752147,"08-2021":0.0233074362,"10-2021":0.0207924174,"12-2021":0.0142097255,"02-2022":0.0109602309,"04-2022":0.0071945219,"06-2022":0.0069808664,"08-2022":0.0036231884,"10-2022":0.0035243026,"12-2022":0.0,"02-2023":0.0,"04-2023":0.0,"06-2023":0.0,"08-2023":0.0,"10-2023":0.0,"12-2023":0.0,"02-2024":0.0,"04-2024":0.0,"06-2024":0.0,"08-2024":0.0,"10-2024":0.0,"12-2024":0.0,"02-2025":0.0,"04-2025":0.0,"06-2025":0.0,"08-2025":0.0,"10-2025":0.0,"12-2025":0.0,"02-2026":0.0,"04-2026":0.0,"06-2026":0.0,"08-2026":0.0,"10-2026":0.0,"12-2026":0.0,"02-2027":0.0,"04-2027":0.0,"06-2027":0.0,"08-2027":0.0,"10-2027":0.0,"12-2027":0.0,"02-2028":0.0,"04-2028":0.0,"06-2028":0.0,"08-2028":0.0,"10-2028":0.0,"12-2028":0.0,"02-2029":0.0,"04-2029":0.0,"06-2029":0.0,"08-2029":0.0,"10-2029":0.0,"12-2029":0.0,"02-2030":0.0,"04-2030":0.0,"06-2030":0.0,"08-2030":0.0,"10-2030":0.0,"12-2030":0.0},"percentile_75":{"02-2020":0.1069632353,"04-2020":0.1244814815,"06-2020":0.1481833545,"08-2020":0.1686398134,"10-2020":0.1731487005,"12-2020":0.1955489257,"02-2021":0.1924088359,"04-2021":0.1897198408,"06-2021":0.1747106605,"08-2021":0.1517729865,"10-2021":0.1391625616,"12-2021":0.1283508159,"02-2022":0.1118997293,"04-2022":0.1003759398,"06-2022":0.0957288659,"08-2022":0.0827810633,"10-2022":0.0705103416,"12-2022":0.0657647642,"02-2023":0.0598883573,"04-2023":0.0601503759,"06-2023":0.0567385445,"08-2023":0.0556202357,"10-2023":0.0519480519,"12-2023":0.0485559592,"02-2024":0.0465748325,"04-2024":0.0398614442,"06-2024":0.0436788064,"08-2024":0.0446400869,"10-2024":0.0443156817,"12-2024":0.0444857497,"02-2025":0.0478670635,"04-2025":0.053415745,"06-2025":0.0587708588,"08-2025":0.0783645601,"10-2025":0.0945189755,"12-2025":0.1219354575,"02-2026":0.1509637731,"04-2026":0.2032691226,"06-2026":0.2617165037,"08-2026":0.3225043473,"10-2026":0.4223932677,"12-2026":0.5452867416,"02-2027":0.6651624549,"04-2027":0.6784610408,"06-2027":0.7282970734,"08-2027":0.6951394586,"10-2027":0.6927028257,"12-2027":0.6847804241,"02-2028":0.644818431,"04-2028":0.6513651982,"06-2028":0.6424661105,"08-2028":0.6471863799,"10-2028":0.639956163,"12-2028":0.6310157659,"02-2029":0.6109444161,"04-2029":0.5996599125,"06-2029":0.6013693854,"08-2029":0.5826465201,"10-2029":0.5611795149,"12-2029":0.5483920566,"02-2030":0.536686769,"04-2030":0.5302867384,"06-2030":0.5186661165,"08-2030":0.5051163324,"10-2030":0.4964783566,"12-2030":0.486861097}}