{"median":{"02-2020":0.0607215153,"04-2020":0.065087375,"06-2020":0.0762178994,"08-2020":0.0823045772,"10-2020":0.0895866774,"12-2020":0.0880760632,"02-2021":0.0864069791,"04-2021":0.0881498595,"06-2021":0.079250885,"08-2021":0.0720723061,"10-2021":0.063624577,"12-2021":0.0615739515,"02-2022":0.0664271153,"04-2022":0.0695804196,"06-2022":0.0792369773,"08-2022":0.0935963107,"10-2022":0.1151737554,"12-2022":0.1451910408,"02-2023":0.1728494958,"04-2023":0.2058796389,"06-2023":0.2558349239,"08-2023":0.3066872152,"10-2023":0.3591274148,"12-2023":0.4179395989,"02-2024":0.4723768556,"04-2024":0.5317391304,"06-2024":0.5842200361,"08-2024":0.6044641898,"10-2024":0.5992830024,"12-2024":0.5878919661,"02-2025":0.5967917168,"04-2025":0.5781956559,"06-2025":0.567863026,"08-2025":0.5714285714,"10-2025":0.5626188213,"12-2025":0.5507583364,"02-2026":0.5386119092,"04-2026":0.5338942059,"06-2026":0.5217876693,"08-2026":0.5132075472,"10-2026":0.5141188168,"12-2026":0.5162353601,"02-2027":0.5204254727,"04-2027":0.4982140807,"06-2027":0.5035157675,"08-2027":0.4852750342,"10-2027":0.4790805511,"12-2027":0.4697932153,"02-2028":0.4558066933,"04-2028":0.4483759911,"06-2028":0.4425010665,"08-2028":0.4249961733,"10-2028":0.4208584191,"12-2028":0.4183560848,"02-2029":0.4034806295,"04-2029":0.4003546099,"06-2029":0.3874269006,"08-2029":0.3782107957,"10-2029":0.3760513993,"12-2029":0.3768051252,"02-2030":0.3703372702,"04-2030":0.3690896586,"06-2030":0.3651462902,"08-2030":0.3573793756,"10-2030":0.3453588655,"12-2030":0.333908046},"percentile_25":{"02-2020":0.0324679898,"04-2020":0.0334689148,"06-2020":0.0328467153,"08-2020":0.0341435781,"10-2020":0.0314740357,"12-2020":0.0322592989,"02-2021":0.028978477,"04-2021":0.0282967576,"06-2021":0.0250341256,"08-2021":0.0225573403,"10-2021":0.0207325798,"12-2021":0.0175098486,"02-2022":0.0131292906,"04-2022":0.0109591495,"06-2022":0.0111635723,"08-2022":0.0109506303,"10-2022":0.0138735178,"12-2022":0.0194807607,"02-2023":0.0228766431,"04-2023":0.0237546646,"06-2023":0.0227424749,"08-2023":0.0297666578,"10-2023":0.0312110922,"12-2023":0.0347839166,"02-2024":0.0430506478,"04-2024":0.0501012591,"06-2024":0.0579256153,"08-2024":0.0646577381,"10-2024":0.0710731782,"12-2024":0.0787810042,"02-2025":0.0859862304,"04-2025":0.0958220328,"06-2025":0.1115131579,"08-2025":0.1225091023,"10-2025":0.1330508475,"12-2025":0.1522901868,"02-2026":0.2007836705,"04-2026":0.222766495,"06-2026":0.2480263158,"08-2026":0.3107821282,"10-2026":0.3450699301,"12-2026":0.3501880019,"02-2027":0.3911298692,"04-2027":0.4098419174,"06-2027":0.4123009759,"08-2027":0.398128904,"10-2027":0.3977627103,"12-2027":0.3809984447,"02-2028":0.3810710224,"04-2028":0.375725985,"06-2028":0.3628080306,"08-2028":0.3531471642,"10-2028":0.3628972535,"12-2028":0.3526237464,"02-2029":0.3531826568,"04-2029":0.345789627,"06-2029":0.3342044135,"08-2029":0.3246503497,"10-2029":0.3181818182,"12-2029":0.3129425551,"02-2030":0.3081281312,"04-2030":0.3085314108,"06-2030":0.2947717792,"08-2030":0.2823106537,"10-2030":0.2804960162,"12-2030":0.2785668615},"percentile_75":{"02-2020":0.1069632353,"04-2020":0.1244814815,"06-2020":0.1481833545,"08-2020":0.1686398134,"10-2020":0.1731487005,"12-2020":0.1955489257,"02-2021":0.1924088359,"04-2021":0.1897198408,"06-2021":0.172919927,"08-2021":0.1608331144,"10-2021":0.1660020508,"12-2021":0.1738650694,"02-2022":0.1977423304,"04-2022":0.2328484047,"06-2022":0.2721233469,"08-2022":0.3388770053,"10-2022":0.4334886128,"12-2022":0.5219925504,"02-2023":0.6233878263,"04-2023":0.6964714675,"06-2023":0.7237318841,"08-2023":0.7326566563,"10-2023":0.7236854244,"12-2023":0.7063807036,"02-2024":0.7051362683,"04-2024":0.7000269285,"06-2024":0.6930596285,"08-2024":0.687401657,"10-2024":0.6773178441,"12-2024":0.6705296106,"02-2025":0.658317712,"04-2025":0.6492570712,"06-2025":0.6467530658,"08-2025":0.6343550537,"10-2025":0.625,"12-2025":0.6203991949,"02-2026":0.6106890236,"04-2026":0.5980681505,"06-2026":0.5897161847,"08-2026":0.5893876263,"10-2026":0.5764656849,"12-2026":0.5842035143,"02-2027":0.5734534418,"04-2027":0.5670664207,"06-2027":0.5769836448,"08-2027":0.5590735102,"10-2027":0.5410269698,"12-2027":0.5235495072,"02-2028":0.5143486183,"04-2028":0.5,"06-2028":0.4968425014,"08-2028":0.4840280057,"10-2028":0.4737765326,"12-2028":0.479020979,"02-2029":0.462892044,"04-2029":0.4479909388,"06-2029":0.4399122307,"08-2029":0.4403899633,"10-2029":0.4237453544,"12-2029":0.42190062,"02-2030":0.4120293046,"04-2030":0.4064010989,"06-2030":0.4030749952,"08-2030":0.3955223881,"10-2030":0.3928910428,"12-2030":0.3941446111}}