{"median":{"02-2020":0.055118395,"04-2020":0.0541103604,"06-2020":0.054250427,"08-2020":0.052000832,"10-2020":0.0525254669,"12-2020":0.0498004801,"02-2021":0.046692607,"04-2021":0.0439278563,"06-2021":0.0418939611,"08-2021":0.0385426568,"10-2021":0.0317465317,"12-2021":0.0264286427,"02-2022":0.0226418319,"04-2022":0.0177115987,"06-2022":0.0146522112,"08-2022":0.0107532407,"10-2022":0.0080011522,"12-2022":0.0058539945,"02-2023":0.0039294096,"04-2023":0.0036766694,"06-2023":0.0,"08-2023":0.0,"10-2023":0.0,"12-2023":0.0,"02-2024":0.0,"04-2024":0.0,"06-2024":0.0,"08-2024":0.0,"10-2024":0.0,"12-2024":0.0,"02-2025":0.0,"04-2025":0.0,"06-2025":0.0,"08-2025":0.0,"10-2025":0.0,"12-2025":0.0,"02-2026":0.0,"04-2026":0.0,"06-2026":0.0,"08-2026":0.0,"10-2026":0.0,"12-2026":0.0,"02-2027":0.0,"04-2027":0.0,"06-2027":0.0,"08-2027":0.0,"10-2027":0.0,"12-2027":0.0,"02-2028":0.0,"04-2028":0.0,"06-2028":0.0,"08-2028":0.0,"10-2028":0.0,"12-2028":0.0,"02-2029":0.0,"04-2029":0.0,"06-2029":0.0,"08-2029":0.0,"10-2029":0.0,"12-2029":0.0,"02-2030":0.0,"04-2030":0.0,"06-2030":0.0,"08-2030":0.0,"10-2030":0.0,"12-2030":0.0},"percentile_25":{"02-2020":0.0308288584,"04-2020":0.0293721153,"06-2020":0.0282913165,"08-2020":0.0276137332,"10-2020":0.0251856889,"12-2020":0.0242962007,"02-2021":0.020284225,"04-2021":0.0134856611,"06-2021":0.0111182211,"08-2021":0.0081967213,"10-2021":0.0075831213,"12-2021":0.0038949385,"02-2022":0.0,"04-2022":0.0,"06-2022":0.0,"08-2022":0.0,"10-2022":0.0,"12-2022":0.0,"02-2023":0.0,"04-2023":0.0,"06-2023":0.0,"08-2023":0.0,"10-2023":0.0,"12-2023":0.0,"02-2024":0.0,"04-2024":0.0,"06-2024":0.0,"08-2024":0.0,"10-2024":0.0,"12-2024":0.0,"02-2025":0.0,"04-2025":0.0,"06-2025":0.0,"08-2025":0.0,"10-2025":0.0,"12-2025":0.0,"02-2026":0.0,"04-2026":0.0,"06-2026":0.0,"08-2026":0.0,"10-2026":0.0,"12-2026":0.0,"02-2027":0.0,"04-2027":0.0,"06-2027":0.0,"08-2027":0.0,"10-2027":0.0,"12-2027":0.0,"02-2028":0.0,"04-2028":0.0,"06-2028":0.0,"08-2028":0.0,"10-2028":0.0,"12-2028":0.0,"02-2029":0.0,"04-2029":0.0,"06-2029":0.0,"08-2029":0.0,"10-2029":0.0,"12-2029":0.0,"02-2030":0.0,"04-2030":0.0,"06-2030":0.0,"08-2030":0.0,"10-2030":0.0,"12-2030":0.0},"percentile_75":{"02-2020":0.0918606207,"04-2020":0.0935277724,"06-2020":0.0926390739,"08-2020":0.0941538091,"10-2020":0.0941312741,"12-2020":0.0982490272,"02-2021":0.098694076,"04-2021":0.0927146084,"06-2021":0.091208134,"08-2021":0.0880306513,"10-2021":0.0884014337,"12-2021":0.086740933,"02-2022":0.0796433534,"04-2022":0.0813990461,"06-2022":0.0772921669,"08-2022":0.0779130839,"10-2022":0.0837895438,"12-2022":0.0912605646,"02-2023":0.1121869507,"04-2023":0.1415513834,"06-2023":0.1719794173,"08-2023":0.1929864253,"10-2023":0.2546940526,"12-2023":0.3272200772,"02-2024":0.3900997614,"04-2024":0.5245283019,"06-2024":0.5692618807,"08-2024":0.6275725773,"10-2024":0.6101379126,"12-2024":0.6576643457,"02-2025":0.6432768092,"04-2025":0.646311175,"06-2025":0.639626823,"08-2025":0.6247180539,"10-2025":0.6151669086,"12-2025":0.6134376639,"02-2026":0.6221961939,"04-2026":0.6153286874,"06-2026":0.6108359133,"08-2026":0.5961719884,"10-2026":0.5911560764,"12-2026":0.5882237795,"02-2027":0.56865624,"04-2027":0.5701867816,"06-2027":0.5448832294,"08-2027":0.5380024962,"10-2027":0.5396980541,"12-2027":0.5254293893,"02-2028":0.5167461593,"04-2028":0.5099685999,"06-2028":0.5053488914,"08-2028":0.4930591933,"10-2028":0.4781649163,"12-2028":0.4694948076,"02-2029":0.4715917358,"04-2029":0.4756074636,"06-2029":0.4570529585,"08-2029":0.4570429906,"10-2029":0.463522308,"12-2029":0.4473940201,"02-2030":0.4443945578,"04-2030":0.4308874376,"06-2030":0.4307121331,"08-2030":0.4202173026,"10-2030":0.4266851107,"12-2030":0.4212613044}}