{"median":{"02-2020":0.055118395,"04-2020":0.0541103604,"06-2020":0.054250427,"08-2020":0.052000832,"10-2020":0.0525254669,"12-2020":0.0498004801,"02-2021":0.046692607,"04-2021":0.0439278563,"06-2021":0.0418939611,"08-2021":0.0385426568,"10-2021":0.0317465317,"12-2021":0.0264286427,"02-2022":0.0226418319,"04-2022":0.0177115987,"06-2022":0.0148148148,"08-2022":0.0108893281,"10-2022":0.0077220077,"12-2022":0.0041581659,"02-2023":0.0038172944,"04-2023":0.0,"06-2023":0.0,"08-2023":0.0,"10-2023":0.0,"12-2023":0.0,"02-2024":0.0,"04-2024":0.0,"06-2024":0.0,"08-2024":0.0,"10-2024":0.0,"12-2024":0.0,"02-2025":0.0,"04-2025":0.0,"06-2025":0.0,"08-2025":0.0,"10-2025":0.0,"12-2025":0.0,"02-2026":0.0,"04-2026":0.0,"06-2026":0.0,"08-2026":0.0,"10-2026":0.0,"12-2026":0.0,"02-2027":0.0,"04-2027":0.0,"06-2027":0.0,"08-2027":0.0,"10-2027":0.0,"12-2027":0.0,"02-2028":0.0,"04-2028":0.0,"06-2028":0.0,"08-2028":0.0,"10-2028":0.0,"12-2028":0.0,"02-2029":0.0,"04-2029":0.0,"06-2029":0.0,"08-2029":0.0,"10-2029":0.0,"12-2029":0.0,"02-2030":0.0,"04-2030":0.0,"06-2030":0.0,"08-2030":0.0,"10-2030":0.0,"12-2030":0.0},"percentile_25":{"02-2020":0.0308288584,"04-2020":0.0293721153,"06-2020":0.0282913165,"08-2020":0.0276137332,"10-2020":0.0251856889,"12-2020":0.0242962007,"02-2021":0.020284225,"04-2021":0.0134856611,"06-2021":0.0111182211,"08-2021":0.0081967213,"10-2021":0.0075831213,"12-2021":0.0038949385,"02-2022":0.0,"04-2022":0.0,"06-2022":0.0,"08-2022":0.0,"10-2022":0.0,"12-2022":0.0,"02-2023":0.0,"04-2023":0.0,"06-2023":0.0,"08-2023":0.0,"10-2023":0.0,"12-2023":0.0,"02-2024":0.0,"04-2024":0.0,"06-2024":0.0,"08-2024":0.0,"10-2024":0.0,"12-2024":0.0,"02-2025":0.0,"04-2025":0.0,"06-2025":0.0,"08-2025":0.0,"10-2025":0.0,"12-2025":0.0,"02-2026":0.0,"04-2026":0.0,"06-2026":0.0,"08-2026":0.0,"10-2026":0.0,"12-2026":0.0,"02-2027":0.0,"04-2027":0.0,"06-2027":0.0,"08-2027":0.0,"10-2027":0.0,"12-2027":0.0,"02-2028":0.0,"04-2028":0.0,"06-2028":0.0,"08-2028":0.0,"10-2028":0.0,"12-2028":0.0,"02-2029":0.0,"04-2029":0.0,"06-2029":0.0,"08-2029":0.0,"10-2029":0.0,"12-2029":0.0,"02-2030":0.0,"04-2030":0.0,"06-2030":0.0,"08-2030":0.0,"10-2030":0.0,"12-2030":0.0},"percentile_75":{"02-2020":0.0918606207,"04-2020":0.0935277724,"06-2020":0.0926390739,"08-2020":0.0941538091,"10-2020":0.0941312741,"12-2020":0.0982490272,"02-2021":0.098694076,"04-2021":0.0927146084,"06-2021":0.091208134,"08-2021":0.0880306513,"10-2021":0.0884014337,"12-2021":0.086740933,"02-2022":0.0796433534,"04-2022":0.0813990461,"06-2022":0.0783596225,"08-2022":0.0715389887,"10-2022":0.066016115,"12-2022":0.0640761548,"02-2023":0.0599707902,"04-2023":0.0571048448,"06-2023":0.0570602046,"08-2023":0.0520931587,"10-2023":0.048037037,"12-2023":0.0444268775,"02-2024":0.0418936093,"04-2024":0.0411546339,"06-2024":0.0417542017,"08-2024":0.04635506,"10-2024":0.0502012351,"12-2024":0.059975856,"02-2025":0.0701217755,"04-2025":0.094275159,"06-2025":0.1163858778,"08-2025":0.1436197255,"10-2025":0.1618712274,"12-2025":0.2156900814,"02-2026":0.2689327117,"04-2026":0.32617866,"06-2026":0.4191591027,"08-2026":0.5488726362,"10-2026":0.5984580581,"12-2026":0.5942011826,"02-2027":0.6084332534,"04-2027":0.5834755497,"06-2027":0.5847207587,"08-2027":0.5828000332,"10-2027":0.5737903405,"12-2027":0.5732937994,"02-2028":0.563096374,"04-2028":0.5572362779,"06-2028":0.5530405059,"08-2028":0.5373532514,"10-2028":0.5243869936,"12-2028":0.5182860956,"02-2029":0.5136073574,"04-2029":0.5131585691,"06-2029":0.508609931,"08-2029":0.5041261691,"10-2029":0.4938301282,"12-2029":0.4936323816,"02-2030":0.4681640625,"04-2030":0.4630465495,"06-2030":0.4473216854,"08-2030":0.4323076825,"10-2030":0.4251161571,"12-2030":0.4229210712}}