{"median":{"02-2020":0.0595306384,"04-2020":0.063266123,"06-2020":0.0743852459,"08-2020":0.0810810811,"10-2020":0.0841686747,"12-2020":0.0910894661,"02-2021":0.0935407791,"04-2021":0.0901947492,"06-2021":0.0956816198,"08-2021":0.0886085769,"10-2021":0.0845601378,"12-2021":0.0788518461,"02-2022":0.0677694998,"04-2022":0.0585552495,"06-2022":0.0563156941,"08-2022":0.0486118877,"10-2022":0.0458614757,"12-2022":0.0414383295,"02-2023":0.036500726,"04-2023":0.0354108043,"06-2023":0.0334947427,"08-2023":0.0239593549,"10-2023":0.0224299849,"12-2023":0.0174613324,"02-2024":0.0142350557,"04-2024":0.0134719711,"06-2024":0.0041982045,"08-2024":0.0039370079,"10-2024":0.0039063096,"12-2024":0.0,"02-2025":0.0,"04-2025":0.0,"06-2025":0.0,"08-2025":0.0,"10-2025":0.0,"12-2025":0.0,"02-2026":0.0,"04-2026":0.0,"06-2026":0.0,"08-2026":0.0,"10-2026":0.0,"12-2026":0.0,"02-2027":0.0,"04-2027":0.0,"06-2027":0.0,"08-2027":0.0,"10-2027":0.0,"12-2027":0.0,"02-2028":0.0,"04-2028":0.0,"06-2028":0.0,"08-2028":0.0,"10-2028":0.0,"12-2028":0.0,"02-2029":0.0,"04-2029":0.0,"06-2029":0.0,"08-2029":0.0,"10-2029":0.0,"12-2029":0.0,"02-2030":0.0,"04-2030":0.0,"06-2030":0.0,"08-2030":0.0,"10-2030":0.0,"12-2030":0.0},"percentile_25":{"02-2020":0.0351578469,"04-2020":0.0369724422,"06-2020":0.0404161665,"08-2020":0.036587165,"10-2020":0.0391100406,"12-2020":0.040111578,"02-2021":0.0368589502,"04-2021":0.0384237386,"06-2021":0.0317009483,"08-2021":0.0303676693,"10-2021":0.0266025641,"12-2021":0.0187833,"02-2022":0.0157172736,"04-2022":0.0082475274,"06-2022":0.0084051125,"08-2022":0.0042884199,"10-2022":0.0037392796,"12-2022":0.0,"02-2023":0.0,"04-2023":0.0,"06-2023":0.0,"08-2023":0.0,"10-2023":0.0,"12-2023":0.0,"02-2024":0.0,"04-2024":0.0,"06-2024":0.0,"08-2024":0.0,"10-2024":0.0,"12-2024":0.0,"02-2025":0.0,"04-2025":0.0,"06-2025":0.0,"08-2025":0.0,"10-2025":0.0,"12-2025":0.0,"02-2026":0.0,"04-2026":0.0,"06-2026":0.0,"08-2026":0.0,"10-2026":0.0,"12-2026":0.0,"02-2027":0.0,"04-2027":0.0,"06-2027":0.0,"08-2027":0.0,"10-2027":0.0,"12-2027":0.0,"02-2028":0.0,"04-2028":0.0,"06-2028":0.0,"08-2028":0.0,"10-2028":0.0,"12-2028":0.0,"02-2029":0.0,"04-2029":0.0,"06-2029":0.0,"08-2029":0.0,"10-2029":0.0,"12-2029":0.0,"02-2030":0.0,"04-2030":0.0,"06-2030":0.0,"08-2030":0.0,"10-2030":0.0,"12-2030":0.0},"percentile_75":{"02-2020":0.1034826212,"04-2020":0.1119475019,"06-2020":0.131372458,"08-2020":0.1490944049,"10-2020":0.1553265306,"12-2020":0.1641337645,"02-2021":0.1613400617,"04-2021":0.1615596528,"06-2021":0.1618043953,"08-2021":0.1637235199,"10-2021":0.1605318993,"12-2021":0.1603375527,"02-2022":0.1476300123,"04-2022":0.1419081371,"06-2022":0.1406513811,"08-2022":0.1323205742,"10-2022":0.1158315178,"12-2022":0.1182659933,"02-2023":0.1128685504,"04-2023":0.1095378412,"06-2023":0.1098090278,"08-2023":0.1055867127,"10-2023":0.0975949737,"12-2023":0.1009929044,"02-2024":0.0936181918,"04-2024":0.0894803549,"06-2024":0.0872532597,"08-2024":0.0886409736,"10-2024":0.0910825815,"12-2024":0.0979758644,"02-2025":0.1018441168,"04-2025":0.1182065217,"06-2025":0.1410614156,"08-2025":0.1856472332,"10-2025":0.2170541516,"12-2025":0.2570116054,"02-2026":0.3129734848,"04-2026":0.3898460991,"06-2026":0.4464489769,"08-2026":0.5406949197,"10-2026":0.6240142466,"12-2026":0.6584659251,"02-2027":0.6832889162,"04-2027":0.6959815547,"06-2027":0.6796796377,"08-2027":0.6564575427,"10-2027":0.658982322,"12-2027":0.6507449179,"02-2028":0.6418458781,"04-2028":0.6403696895,"06-2028":0.6325658642,"08-2028":0.6175871836,"10-2028":0.6067502612,"12-2028":0.5962248062,"02-2029":0.5745185762,"04-2029":0.5662045188,"06-2029":0.5669084345,"08-2029":0.5582190411,"10-2029":0.5378411911,"12-2029":0.5339405161,"02-2030":0.5249202886,"04-2030":0.5180985985,"06-2030":0.5148424544,"08-2030":0.5069454634,"10-2030":0.5,"12-2030":0.4858692767}}