{"median":{"02-2020":0.055118395,"04-2020":0.0541103604,"06-2020":0.054250427,"08-2020":0.052000832,"10-2020":0.0525254669,"12-2020":0.0498004801,"02-2021":0.046692607,"04-2021":0.0439278563,"06-2021":0.0418939611,"08-2021":0.0385426568,"10-2021":0.0317465317,"12-2021":0.0264286427,"02-2022":0.0226418319,"04-2022":0.0177115987,"06-2022":0.0148148148,"08-2022":0.0108893281,"10-2022":0.0077220077,"12-2022":0.0041581659,"02-2023":0.0038172944,"04-2023":0.0,"06-2023":0.0,"08-2023":0.0,"10-2023":0.0,"12-2023":0.0,"02-2024":0.0,"04-2024":0.0,"06-2024":0.0,"08-2024":0.0,"10-2024":0.0,"12-2024":0.0,"02-2025":0.0,"04-2025":0.0,"06-2025":0.0,"08-2025":0.0,"10-2025":0.0,"12-2025":0.0,"02-2026":0.0,"04-2026":0.0,"06-2026":0.0,"08-2026":0.0,"10-2026":0.0,"12-2026":0.0,"02-2027":0.0,"04-2027":0.0,"06-2027":0.0,"08-2027":0.0,"10-2027":0.0,"12-2027":0.0,"02-2028":0.0,"04-2028":0.0,"06-2028":0.0,"08-2028":0.0,"10-2028":0.0,"12-2028":0.0,"02-2029":0.0,"04-2029":0.0,"06-2029":0.0,"08-2029":0.0,"10-2029":0.0,"12-2029":0.0,"02-2030":0.0,"04-2030":0.0,"06-2030":0.0,"08-2030":0.0,"10-2030":0.0,"12-2030":0.0},"percentile_25":{"02-2020":0.0308288584,"04-2020":0.0293721153,"06-2020":0.0282913165,"08-2020":0.0276137332,"10-2020":0.0251856889,"12-2020":0.0242962007,"02-2021":0.020284225,"04-2021":0.0134856611,"06-2021":0.0111182211,"08-2021":0.0081967213,"10-2021":0.0075831213,"12-2021":0.0038949385,"02-2022":0.0,"04-2022":0.0,"06-2022":0.0,"08-2022":0.0,"10-2022":0.0,"12-2022":0.0,"02-2023":0.0,"04-2023":0.0,"06-2023":0.0,"08-2023":0.0,"10-2023":0.0,"12-2023":0.0,"02-2024":0.0,"04-2024":0.0,"06-2024":0.0,"08-2024":0.0,"10-2024":0.0,"12-2024":0.0,"02-2025":0.0,"04-2025":0.0,"06-2025":0.0,"08-2025":0.0,"10-2025":0.0,"12-2025":0.0,"02-2026":0.0,"04-2026":0.0,"06-2026":0.0,"08-2026":0.0,"10-2026":0.0,"12-2026":0.0,"02-2027":0.0,"04-2027":0.0,"06-2027":0.0,"08-2027":0.0,"10-2027":0.0,"12-2027":0.0,"02-2028":0.0,"04-2028":0.0,"06-2028":0.0,"08-2028":0.0,"10-2028":0.0,"12-2028":0.0,"02-2029":0.0,"04-2029":0.0,"06-2029":0.0,"08-2029":0.0,"10-2029":0.0,"12-2029":0.0,"02-2030":0.0,"04-2030":0.0,"06-2030":0.0,"08-2030":0.0,"10-2030":0.0,"12-2030":0.0},"percentile_75":{"02-2020":0.0918606207,"04-2020":0.0935277724,"06-2020":0.0926390739,"08-2020":0.0941538091,"10-2020":0.0941312741,"12-2020":0.0982490272,"02-2021":0.098694076,"04-2021":0.0927146084,"06-2021":0.091208134,"08-2021":0.0880306513,"10-2021":0.0884014337,"12-2021":0.086740933,"02-2022":0.0796433534,"04-2022":0.0813990461,"06-2022":0.0783596225,"08-2022":0.0715389887,"10-2022":0.066016115,"12-2022":0.0640761548,"02-2023":0.0599707902,"04-2023":0.0571048448,"06-2023":0.0570602046,"08-2023":0.0520931587,"10-2023":0.048037037,"12-2023":0.0444268775,"02-2024":0.0441390177,"04-2024":0.0531867644,"06-2024":0.0536067194,"08-2024":0.064516129,"10-2024":0.0730639731,"12-2024":0.0878336521,"02-2025":0.129136253,"04-2025":0.1754752852,"06-2025":0.2268588137,"08-2025":0.2972833026,"10-2025":0.3609491653,"12-2025":0.4708015103,"02-2026":0.5617356434,"04-2026":0.5982025876,"06-2026":0.627612196,"08-2026":0.6361316301,"10-2026":0.6340963209,"12-2026":0.6150040849,"02-2027":0.6192564883,"04-2027":0.6091041876,"06-2027":0.5847822125,"08-2027":0.590967433,"10-2027":0.5842806786,"12-2027":0.5679951502,"02-2028":0.5609584214,"04-2028":0.5533922036,"06-2028":0.5417027699,"08-2028":0.5431367041,"10-2028":0.5331628068,"12-2028":0.5225761132,"02-2029":0.5116589027,"04-2029":0.4942799596,"06-2029":0.4844525393,"08-2029":0.4807186509,"10-2029":0.4854244889,"12-2029":0.475075692,"02-2030":0.467668577,"04-2030":0.4477544494,"06-2030":0.4599996383,"08-2030":0.4452472603,"10-2030":0.4352432546,"12-2030":0.4222914095}}