{"median":{"02-2020":0.055118395,"04-2020":0.0541103604,"06-2020":0.054250427,"08-2020":0.052000832,"10-2020":0.0525254669,"12-2020":0.0498004801,"02-2021":0.046692607,"04-2021":0.0439278563,"06-2021":0.0418939611,"08-2021":0.0385426568,"10-2021":0.0317465317,"12-2021":0.0264286427,"02-2022":0.0226418319,"04-2022":0.0177115987,"06-2022":0.0148148148,"08-2022":0.0108893281,"10-2022":0.0077220077,"12-2022":0.0041581659,"02-2023":0.0038172944,"04-2023":0.0,"06-2023":0.0,"08-2023":0.0,"10-2023":0.0,"12-2023":0.0,"02-2024":0.0,"04-2024":0.0,"06-2024":0.0,"08-2024":0.0,"10-2024":0.0,"12-2024":0.0,"02-2025":0.0,"04-2025":0.0,"06-2025":0.0,"08-2025":0.0,"10-2025":0.0,"12-2025":0.0,"02-2026":0.0,"04-2026":0.0,"06-2026":0.0,"08-2026":0.0,"10-2026":0.0,"12-2026":0.0,"02-2027":0.0,"04-2027":0.0,"06-2027":0.0,"08-2027":0.0,"10-2027":0.0,"12-2027":0.0,"02-2028":0.0,"04-2028":0.0,"06-2028":0.0,"08-2028":0.0,"10-2028":0.0,"12-2028":0.0,"02-2029":0.0,"04-2029":0.0,"06-2029":0.0,"08-2029":0.0,"10-2029":0.0,"12-2029":0.0,"02-2030":0.0,"04-2030":0.0,"06-2030":0.0,"08-2030":0.0,"10-2030":0.0,"12-2030":0.0},"percentile_25":{"02-2020":0.0308288584,"04-2020":0.0293721153,"06-2020":0.0282913165,"08-2020":0.0276137332,"10-2020":0.0251856889,"12-2020":0.0242962007,"02-2021":0.020284225,"04-2021":0.0134856611,"06-2021":0.0111182211,"08-2021":0.0081967213,"10-2021":0.0075831213,"12-2021":0.0038949385,"02-2022":0.0,"04-2022":0.0,"06-2022":0.0,"08-2022":0.0,"10-2022":0.0,"12-2022":0.0,"02-2023":0.0,"04-2023":0.0,"06-2023":0.0,"08-2023":0.0,"10-2023":0.0,"12-2023":0.0,"02-2024":0.0,"04-2024":0.0,"06-2024":0.0,"08-2024":0.0,"10-2024":0.0,"12-2024":0.0,"02-2025":0.0,"04-2025":0.0,"06-2025":0.0,"08-2025":0.0,"10-2025":0.0,"12-2025":0.0,"02-2026":0.0,"04-2026":0.0,"06-2026":0.0,"08-2026":0.0,"10-2026":0.0,"12-2026":0.0,"02-2027":0.0,"04-2027":0.0,"06-2027":0.0,"08-2027":0.0,"10-2027":0.0,"12-2027":0.0,"02-2028":0.0,"04-2028":0.0,"06-2028":0.0,"08-2028":0.0,"10-2028":0.0,"12-2028":0.0,"02-2029":0.0,"04-2029":0.0,"06-2029":0.0,"08-2029":0.0,"10-2029":0.0,"12-2029":0.0,"02-2030":0.0,"04-2030":0.0,"06-2030":0.0,"08-2030":0.0,"10-2030":0.0,"12-2030":0.0},"percentile_75":{"02-2020":0.0918606207,"04-2020":0.0935277724,"06-2020":0.0926390739,"08-2020":0.0941538091,"10-2020":0.0941312741,"12-2020":0.0982490272,"02-2021":0.098694076,"04-2021":0.0927146084,"06-2021":0.091208134,"08-2021":0.0880306513,"10-2021":0.0884014337,"12-2021":0.086740933,"02-2022":0.0796433534,"04-2022":0.0813990461,"06-2022":0.0783596225,"08-2022":0.0715389887,"10-2022":0.066016115,"12-2022":0.0640761548,"02-2023":0.0599707902,"04-2023":0.0571048448,"06-2023":0.0560449438,"08-2023":0.0521086142,"10-2023":0.0524918301,"12-2023":0.0624513282,"02-2024":0.0776126264,"04-2024":0.0983351243,"06-2024":0.1198918862,"08-2024":0.1622962248,"10-2024":0.2005003627,"12-2024":0.2534010123,"02-2025":0.3170694843,"04-2025":0.3764110332,"06-2025":0.4376536207,"08-2025":0.5341459541,"10-2025":0.6019276354,"12-2025":0.6019784173,"02-2026":0.5969353282,"04-2026":0.6160839161,"06-2026":0.6308727374,"08-2026":0.6344639228,"10-2026":0.6281815731,"12-2026":0.6190752788,"02-2027":0.6236007463,"04-2027":0.6027533532,"06-2027":0.5848991443,"08-2027":0.5682061947,"10-2027":0.5625958379,"12-2027":0.557609208,"02-2028":0.5511811024,"04-2028":0.5369155587,"06-2028":0.532014157,"08-2028":0.5349186704,"10-2028":0.5298297517,"12-2028":0.5252562174,"02-2029":0.5147158371,"04-2029":0.5073727671,"06-2029":0.4893084273,"08-2029":0.475118798,"10-2029":0.4650298234,"12-2029":0.465648855,"02-2030":0.4529677113,"04-2030":0.4521039398,"06-2030":0.4376224168,"08-2030":0.4254947269,"10-2030":0.4274347451,"12-2030":0.4284969258}}