{"median":{"02-2020":0.0595306384,"04-2020":0.063266123,"06-2020":0.0743852459,"08-2020":0.0810810811,"10-2020":0.0841686747,"12-2020":0.0910894661,"02-2021":0.0984905011,"04-2021":0.105354165,"06-2021":0.1126928383,"08-2021":0.1296794337,"10-2021":0.1492724361,"12-2021":0.1649852479,"02-2022":0.184207072,"04-2022":0.2109495901,"06-2022":0.2380623692,"08-2022":0.2856499399,"10-2022":0.3179190283,"12-2022":0.3610266046,"02-2023":0.4172867063,"04-2023":0.4523975682,"06-2023":0.5019185252,"08-2023":0.5418270312,"10-2023":0.5841467356,"12-2023":0.60667961,"02-2024":0.601125014,"04-2024":0.604934762,"06-2024":0.5977833596,"08-2024":0.586794227,"10-2024":0.5817537772,"12-2024":0.5828863752,"02-2025":0.572488077,"04-2025":0.5574575898,"06-2025":0.5557524896,"08-2025":0.5384561502,"10-2025":0.5374537089,"12-2025":0.5394742421,"02-2026":0.5285972481,"04-2026":0.5164914824,"06-2026":0.5125259875,"08-2026":0.5109201037,"10-2026":0.499070632,"12-2026":0.4915589536,"02-2027":0.4857505071,"04-2027":0.4717863437,"06-2027":0.4647418283,"08-2027":0.4498062016,"10-2027":0.4488714214,"12-2027":0.4403016418,"02-2028":0.4352687837,"04-2028":0.4315596441,"06-2028":0.4265081915,"08-2028":0.4275744735,"10-2028":0.4190779993,"12-2028":0.4166666667,"02-2029":0.4109485136,"04-2029":0.4007301114,"06-2029":0.3946488081,"08-2029":0.3797450944,"10-2029":0.3909584197,"12-2029":0.3826764675,"02-2030":0.3895461267,"04-2030":0.390507788,"06-2030":0.3901574122,"08-2030":0.3907441963,"10-2030":0.3907349199,"12-2030":0.3895887055},"percentile_25":{"02-2020":0.0351578469,"04-2020":0.0369724422,"06-2020":0.0404161665,"08-2020":0.036587165,"10-2020":0.0391100406,"12-2020":0.040111578,"02-2021":0.03700287,"04-2021":0.039778904,"06-2021":0.0380798394,"08-2021":0.0368102759,"10-2021":0.036093193,"12-2021":0.0370430456,"02-2022":0.0419397739,"04-2022":0.0448414684,"06-2022":0.0526226415,"08-2022":0.0625823452,"10-2022":0.07615232,"12-2022":0.0751575548,"02-2023":0.0936875155,"04-2023":0.1173607095,"06-2023":0.140040107,"08-2023":0.1603907867,"10-2023":0.1660890036,"12-2023":0.1887085335,"02-2024":0.200941467,"04-2024":0.2129764065,"06-2024":0.249829579,"08-2024":0.2856522627,"10-2024":0.3203142032,"12-2024":0.3382917726,"02-2025":0.3650488562,"04-2025":0.3718875963,"06-2025":0.4095263158,"08-2025":0.409605143,"10-2025":0.4139056225,"12-2025":0.4376588766,"02-2026":0.4489821883,"04-2026":0.4555071365,"06-2026":0.4483627008,"08-2026":0.4441807158,"10-2026":0.4373957175,"12-2026":0.4160412429,"02-2027":0.413364639,"04-2027":0.4181804004,"06-2027":0.4031945486,"08-2027":0.3961935906,"10-2027":0.3872618798,"12-2027":0.3805759458,"02-2028":0.3673790069,"04-2028":0.3713012514,"06-2028":0.3703430243,"08-2028":0.3654242381,"10-2028":0.3551849315,"12-2028":0.3542164357,"02-2029":0.3465673022,"04-2029":0.3428011288,"06-2029":0.3417042167,"08-2029":0.3400607287,"10-2029":0.3286092882,"12-2029":0.333032491,"02-2030":0.3365773196,"04-2030":0.3320610687,"06-2030":0.3366504362,"08-2030":0.3404555227,"10-2030":0.3405164931,"12-2030":0.3402169101},"percentile_75":{"02-2020":0.1034826212,"04-2020":0.1119475019,"06-2020":0.131372458,"08-2020":0.1490944049,"10-2020":0.1553265306,"12-2020":0.1641337645,"02-2021":0.175008426,"04-2021":0.1966484959,"06-2021":0.2208835341,"08-2021":0.248244898,"10-2021":0.2801008257,"12-2021":0.333081098,"02-2022":0.4078998783,"04-2022":0.5086212085,"06-2022":0.6069193964,"08-2022":0.6685573569,"10-2022":0.6789772727,"12-2022":0.6944475446,"02-2023":0.7002873563,"04-2023":0.700342069,"06-2023":0.6935504858,"08-2023":0.6808364302,"10-2023":0.6698789517,"12-2023":0.6790724205,"02-2024":0.6721856519,"04-2024":0.6644228815,"06-2024":0.6612952779,"08-2024":0.6532804726,"10-2024":0.6553367795,"12-2024":0.6395776334,"02-2025":0.6403819333,"04-2025":0.6307137043,"06-2025":0.6085957408,"08-2025":0.6043542801,"10-2025":0.5925717666,"12-2025":0.5915228359,"02-2026":0.5840959103,"04-2026":0.5710904933,"06-2026":0.5693303005,"08-2026":0.56352657,"10-2026":0.5526253196,"12-2026":0.538839962,"02-2027":0.5315891473,"04-2027":0.5320322181,"06-2027":0.5194176962,"08-2027":0.5043163923,"10-2027":0.4944296286,"12-2027":0.4927398332,"02-2028":0.4897721921,"04-2028":0.482791399,"06-2028":0.4830763913,"08-2028":0.4834847536,"10-2028":0.4691467017,"12-2028":0.4620125297,"02-2029":0.45370087,"04-2029":0.4503816794,"06-2029":0.4398955373,"08-2029":0.4339535056,"10-2029":0.4288582903,"12-2029":0.4296577947,"02-2030":0.4326275734,"04-2030":0.4278142352,"06-2030":0.4358806645,"08-2030":0.4305119157,"10-2030":0.432410392,"12-2030":0.4384697753}}