{"median":{"02-2006":0.3619287917,"04-2006":0.359668042,"06-2006":0.3619287917,"08-2006":0.3541728464,"10-2006":0.354597328,"12-2006":0.3522155794,"02-2007":0.3214285714,"04-2007":0.2874501496,"06-2007":0.2436730038,"08-2007":0.2098202705,"10-2007":0.182937814,"12-2007":0.1582966664,"02-2008":0.1383221064,"04-2008":0.1175191816,"06-2008":0.1022099004,"08-2008":0.0944478908,"10-2008":0.0914289031,"12-2008":0.0884161414,"02-2009":0.0817561387,"04-2009":0.0739222829,"06-2009":0.0685495017,"08-2009":0.0659525881,"10-2009":0.063029661,"12-2009":0.0654041529,"02-2010":0.0598804781,"04-2010":0.0578831488,"06-2010":0.0517676768,"08-2010":0.051974026,"10-2010":0.0492325487,"12-2010":0.0479043825,"02-2011":0.0475249388,"04-2011":0.0427862417,"06-2011":0.0406510782,"08-2011":0.0418330496,"10-2011":0.0407712999,"12-2011":0.0394515687,"02-2012":0.0392680921,"04-2012":0.0380964821,"06-2012":0.0382985658,"08-2012":0.0367353059,"10-2012":0.0378177966,"12-2012":0.0371135598,"02-2013":0.0345573966,"04-2013":0.0340450191,"06-2013":0.0329887871,"08-2013":0.0316210474,"10-2013":0.0293981481,"12-2013":0.0307354926,"02-2014":0.0296704678,"04-2014":0.0301607926,"06-2014":0.0295697246,"08-2014":0.0333056363,"10-2014":0.0308921756,"12-2014":0.0366612464,"02-2015":0.0354336201,"04-2015":0.0351664379,"06-2015":0.0360734481,"08-2015":0.0361718367,"10-2015":0.0391402923,"12-2015":0.0414790494,"02-2016":0.0397543633,"04-2016":0.0373469704,"06-2016":0.0362481752,"08-2016":0.0410539216,"10-2016":0.0458100825,"12-2016":0.0489450894,"02-2017":0.0450973746,"04-2017":0.0493993242,"06-2017":0.0481704596,"08-2017":0.0486296386,"10-2017":0.0495082173,"12-2017":0.0537174185,"02-2018":0.0525254669,"04-2018":0.048,"06-2018":0.0492431308,"08-2018":0.0498712999,"10-2018":0.0546493417,"12-2018":0.0537711272,"02-2019":0.0570639203,"04-2019":0.0569262012,"06-2019":0.0553513072,"08-2019":0.0553072012,"10-2019":0.0560796646,"12-2019":0.0595238095},"percentile_25":{"02-2006":0.2860606622,"04-2006":0.2837609545,"06-2006":0.2902891435,"08-2006":0.2852733686,"10-2006":0.2910923688,"12-2006":0.287946174,"02-2007":0.2566373833,"04-2007":0.230130865,"06-2007":0.1974156808,"08-2007":0.1685514066,"10-2007":0.1495978868,"12-2007":0.1273058773,"02-2008":0.1044935495,"04-2008":0.0916318664,"06-2008":0.0742633848,"08-2008":0.0657761587,"10-2008":0.0635091115,"12-2008":0.0611005536,"02-2009":0.0514857518,"04-2009":0.0452211091,"06-2009":0.0429045093,"08-2009":0.0412376372,"10-2009":0.0395126898,"12-2009":0.0383101003,"02-2010":0.0325869619,"04-2010":0.0309508662,"06-2010":0.0279721116,"08-2010":0.0276426719,"10-2010":0.0246660595,"12-2010":0.0228062031,"02-2011":0.0185494483,"04-2011":0.0144540693,"06-2011":0.0131746363,"08-2011":0.0157336765,"10-2011":0.0160650282,"12-2011":0.0163099386,"02-2012":0.017429441,"04-2012":0.0168076054,"06-2012":0.0171128246,"08-2012":0.0166152263,"10-2012":0.016343665,"12-2012":0.0165464934,"02-2013":0.0161290323,"04-2013":0.0126317462,"06-2013":0.0126984553,"08-2013":0.0118697479,"10-2013":0.0123204837,"12-2013":0.012806874,"02-2014":0.0123966942,"04-2014":0.0116731518,"06-2014":0.0114615987,"08-2014":0.0088110812,"10-2014":0.0114724007,"12-2014":0.0126449314,"02-2015":0.0150660731,"04-2015":0.0125658147,"06-2015":0.0123587452,"08-2015":0.0131471833,"10-2015":0.0155642023,"12-2015":0.0193300854,"02-2016":0.0173937787,"04-2016":0.0184332266,"06-2016":0.0158102767,"08-2016":0.0163601226,"10-2016":0.016394262,"12-2016":0.0201425037,"02-2017":0.0195900344,"04-2017":0.0182481752,"06-2017":0.0190658288,"08-2017":0.0227493639,"10-2017":0.0238862426,"12-2017":0.0263439282,"02-2018":0.0232110912,"04-2018":0.0203924162,"06-2018":0.0203874233,"08-2018":0.0227058319,"10-2018":0.0256870177,"12-2018":0.0272170232,"02-2019":0.0267466148,"04-2019":0.0256642696,"06-2019":0.023715415,"08-2019":0.0258547009,"10-2019":0.0259982101,"12-2019":0.0295751634},"percentile_75":{"02-2006":0.425949012,"04-2006":0.4233580595,"06-2006":0.4381142911,"08-2006":0.4284335482,"10-2006":0.4238999717,"12-2006":0.4299529385,"02-2007":0.3863282536,"04-2007":0.333677686,"06-2007":0.2820512821,"08-2007":0.2448344483,"10-2007":0.2201586429,"12-2007":0.2042048193,"02-2008":0.1820067899,"04-2008":0.1589868272,"06-2008":0.1404958678,"08-2008":0.1320353941,"10-2008":0.1272319872,"12-2008":0.1348549946,"02-2009":0.1235576923,"04-2009":0.1099410719,"06-2009":0.0975944891,"08-2009":0.0928122656,"10-2009":0.098376791,"12-2009":0.1006853145,"02-2010":0.0953753199,"04-2010":0.0869080415,"06-2010":0.0851165361,"08-2010":0.0860660173,"10-2010":0.0901100852,"12-2010":0.0906285073,"02-2011":0.086007371,"04-2011":0.0820995692,"06-2011":0.0777369803,"08-2011":0.0769230769,"10-2011":0.082521645,"12-2011":0.0815868138,"02-2012":0.081324447,"04-2012":0.0776304784,"06-2012":0.0727564103,"08-2012":0.0703974227,"10-2012":0.079130845,"12-2012":0.0844048315,"02-2013":0.0807666777,"04-2013":0.07413557,"06-2013":0.0700246964,"08-2013":0.0714285714,"10-2013":0.0766961288,"12-2013":0.0846205334,"02-2014":0.0785975592,"04-2014":0.0732307692,"06-2014":0.0732751634,"08-2014":0.0819011815,"10-2014":0.0765957447,"12-2014":0.0804848742,"02-2015":0.0737853484,"04-2015":0.07285333,"06-2015":0.0779911916,"08-2015":0.0840578026,"10-2015":0.0874526101,"12-2015":0.0951189285,"02-2016":0.0904127221,"04-2016":0.0935277724,"06-2016":0.0883124024,"08-2016":0.0947351828,"10-2016":0.100862069,"12-2016":0.1058430958,"02-2017":0.0989338871,"04-2017":0.0894394147,"06-2017":0.0898078763,"08-2017":0.0936044843,"10-2017":0.1003886465,"12-2017":0.1072247324,"02-2018":0.1049034664,"04-2018":0.1004950033,"06-2018":0.1007534999,"08-2018":0.0953749316,"10-2018":0.1031203346,"12-2018":0.1110938402,"02-2019":0.1131471495,"04-2019":0.1018605378,"06-2019":0.1042644649,"08-2019":0.1014817242,"10-2019":0.1041449653,"12-2019":0.1106540002}}