{"median":{"02-2009":0.4038000715,"04-2009":0.4,"06-2009":0.3942174034,"08-2009":0.3926519006,"10-2009":0.3869763963,"12-2009":0.3829771312,"02-2010":0.3412400583,"04-2010":0.2998127341,"06-2010":0.2464778373,"08-2010":0.2130038911,"10-2010":0.1858766234,"12-2010":0.1732747498,"02-2011":0.1495875821,"04-2011":0.132,"06-2011":0.1182387916,"08-2011":0.1062888345,"10-2011":0.1040064103,"12-2011":0.1018140138,"02-2012":0.092243592,"04-2012":0.0836834734,"06-2012":0.0741401479,"08-2012":0.0734070713,"10-2012":0.0704259595,"12-2012":0.0669301713,"02-2013":0.0638297872,"04-2013":0.055920444,"06-2013":0.0530296008,"08-2013":0.0502903235,"10-2013":0.0501937984,"12-2013":0.0503964313,"02-2014":0.0467855503,"04-2014":0.0455488495,"06-2014":0.0418410042,"08-2014":0.039192095,"10-2014":0.0404635032,"12-2014":0.0415816591,"02-2015":0.0422880235,"04-2015":0.0422834871,"06-2015":0.0375401237,"08-2015":0.0396571608,"10-2015":0.0400923728,"12-2015":0.0428015564,"02-2016":0.0388702367,"04-2016":0.0378949048,"06-2016":0.0370939387,"08-2016":0.0360734481,"10-2016":0.0380071905,"12-2016":0.0432908546,"02-2017":0.0404042053,"04-2017":0.041509434,"06-2017":0.0434558748,"08-2017":0.0457184325,"10-2017":0.0482946264,"12-2017":0.0515289449,"02-2018":0.0500078137,"04-2018":0.0458100825,"06-2018":0.0443880597,"08-2018":0.0449899632,"10-2018":0.0481488086,"12-2018":0.0555555556,"02-2019":0.0537419498,"04-2019":0.0535015666,"06-2019":0.0528455285,"08-2019":0.0529533765,"10-2019":0.0561124498,"12-2019":0.0621361566},"percentile_25":{"02-2009":0.3135415469,"04-2009":0.3032902436,"06-2009":0.3143624331,"08-2009":0.3098135551,"10-2009":0.3140328381,"12-2009":0.3291430003,"02-2010":0.291826087,"04-2010":0.2569124424,"06-2010":0.2126718132,"08-2010":0.1782504839,"10-2010":0.1553897421,"12-2010":0.137476145,"02-2011":0.1116679842,"04-2011":0.0948344749,"06-2011":0.078038527,"08-2011":0.0709092638,"10-2011":0.069474225,"12-2011":0.0663076867,"02-2012":0.0593155478,"04-2012":0.0524149528,"06-2012":0.0485414618,"08-2012":0.04694666,"10-2012":0.0440126124,"12-2012":0.0430607528,"02-2013":0.0397058056,"04-2013":0.0351285969,"06-2013":0.0308315715,"08-2013":0.028866346,"10-2013":0.0282271723,"12-2013":0.0265464209,"02-2014":0.0238806678,"04-2014":0.0195264863,"06-2014":0.017057801,"08-2014":0.0179318963,"10-2014":0.0174175397,"12-2014":0.0197433942,"02-2015":0.0186233219,"04-2015":0.0159697614,"06-2015":0.0157878788,"08-2015":0.0134995795,"10-2015":0.0158584412,"12-2015":0.0161290323,"02-2016":0.0151381874,"04-2016":0.012920684,"06-2016":0.0118460365,"08-2016":0.0127720464,"10-2016":0.0157792761,"12-2016":0.0190189789,"02-2017":0.0162437049,"04-2017":0.016464197,"06-2017":0.0168785311,"08-2017":0.0163767146,"10-2017":0.0184654073,"12-2017":0.0205339097,"02-2018":0.0191780126,"04-2018":0.0184178744,"06-2018":0.0202664399,"08-2018":0.0204320988,"10-2018":0.0234610123,"12-2018":0.0255944056,"02-2019":0.0255435627,"04-2019":0.0251610427,"06-2019":0.0252114082,"08-2019":0.0266921603,"10-2019":0.0304791425,"12-2019":0.034351145},"percentile_75":{"02-2009":0.4636324042,"04-2009":0.4561303986,"06-2009":0.4503945004,"08-2009":0.4476411814,"10-2009":0.4429062729,"12-2009":0.4450401525,"02-2010":0.3900979404,"04-2010":0.3327210103,"06-2010":0.2799269702,"08-2010":0.2474497463,"10-2010":0.2297445829,"12-2010":0.2236189999,"02-2011":0.1961174242,"04-2011":0.1767608897,"06-2011":0.1560625,"08-2011":0.1453584088,"10-2011":0.139752776,"12-2011":0.1391838917,"02-2012":0.1301784816,"04-2012":0.1203794446,"06-2012":0.1107695811,"08-2012":0.1106597875,"10-2012":0.1065839136,"12-2012":0.1093717975,"02-2013":0.1129977319,"04-2013":0.0995850622,"06-2013":0.087625,"08-2013":0.0863108206,"10-2013":0.0789699005,"12-2013":0.086575612,"02-2014":0.079208952,"04-2014":0.0741102431,"06-2014":0.0707777778,"08-2014":0.0773343904,"10-2014":0.0728171611,"12-2014":0.0779489644,"02-2015":0.0754032258,"04-2015":0.0719740524,"06-2015":0.0731970143,"08-2015":0.0774920467,"10-2015":0.07920153,"12-2015":0.0912671516,"02-2016":0.090651801,"04-2016":0.0890777137,"06-2016":0.0836973717,"08-2016":0.0856401822,"10-2016":0.0968692355,"12-2016":0.099669904,"02-2017":0.096659919,"04-2017":0.0973892475,"06-2017":0.0960348706,"08-2017":0.0948322511,"10-2017":0.1038424965,"12-2017":0.1058886631,"02-2018":0.0985294118,"04-2018":0.0922782037,"06-2018":0.0947351828,"08-2018":0.0912400706,"10-2018":0.1019112118,"12-2018":0.0994863014,"02-2019":0.0921654102,"04-2019":0.0863509352,"06-2019":0.0847369471,"08-2019":0.0863697706,"10-2019":0.0902034498,"12-2019":0.0994047619}}