{"median":{"02-2020":0.0542009401,"04-2020":0.0530169183,"06-2020":0.0504871501,"08-2020":0.0544623941,"10-2020":0.059541495,"12-2020":0.0622337679,"02-2021":0.0623362179,"04-2021":0.0603385511,"06-2021":0.0592130892,"08-2021":0.0685736677,"10-2021":0.0749531835,"12-2021":0.0862414188,"02-2022":0.0862291902,"04-2022":0.0875156055,"06-2022":0.0950668449,"08-2022":0.0990513919,"10-2022":0.1005130218,"12-2022":0.107881137,"02-2023":0.1100820971,"04-2023":0.1098618317,"06-2023":0.1133803304,"08-2023":0.122965823,"10-2023":0.1311641791,"12-2023":0.1380068393,"02-2024":0.1398529412,"04-2024":0.1377676629,"06-2024":0.1373120301,"08-2024":0.1494026284,"10-2024":0.1663591636,"12-2024":0.1787115613,"02-2025":0.1849293608,"04-2025":0.1696773016,"06-2025":0.1740277381,"08-2025":0.1840505999,"10-2025":0.1892669008,"12-2025":0.2010475477,"02-2026":0.2254400233,"04-2026":0.2585676913,"06-2026":0.3169211365,"08-2026":0.3560709228,"10-2026":0.3951879389,"12-2026":0.4652844269,"02-2027":0.5285446261,"04-2027":0.5480411426,"06-2027":0.5711938034,"08-2027":0.5755001802,"10-2027":0.5632924755,"12-2027":0.5483314794,"02-2028":0.5508852831,"04-2028":0.5445042762,"06-2028":0.5286178423,"08-2028":0.5196451123,"10-2028":0.52006891,"12-2028":0.5198863636,"02-2029":0.5025281291,"04-2029":0.4930245638,"06-2029":0.4872720541,"08-2029":0.4810223467,"10-2029":0.4801024429,"12-2029":0.4591628877,"02-2030":0.4498608493,"04-2030":0.4323149087,"06-2030":0.4256782946,"08-2030":0.4191808167,"10-2030":0.4160798122,"12-2030":0.4109819121},"percentile_25":{"02-2020":0.0303634499,"04-2020":0.0290471311,"06-2020":0.0250228781,"08-2020":0.0224319991,"10-2020":0.0216218315,"12-2020":0.0216026302,"02-2021":0.0193126166,"04-2021":0.0187634895,"06-2021":0.0172832245,"08-2021":0.0144977829,"10-2021":0.0112676354,"12-2021":0.007978889,"02-2022":0.0076335878,"04-2022":0.0062659421,"06-2022":0.0035070321,"08-2022":0.0,"10-2022":0.0,"12-2022":0.0,"02-2023":0.0,"04-2023":0.0,"06-2023":0.0,"08-2023":0.0,"10-2023":0.0,"12-2023":0.0,"02-2024":0.0,"04-2024":0.0,"06-2024":0.0,"08-2024":0.0,"10-2024":0.0,"12-2024":0.0,"02-2025":0.0,"04-2025":0.0,"06-2025":0.0,"08-2025":0.0,"10-2025":0.0,"12-2025":0.0,"02-2026":0.0,"04-2026":0.0,"06-2026":0.0,"08-2026":0.0,"10-2026":0.0,"12-2026":0.0,"02-2027":0.0,"04-2027":0.0,"06-2027":0.0,"08-2027":0.0,"10-2027":0.0,"12-2027":0.0,"02-2028":0.0,"04-2028":0.0,"06-2028":0.0,"08-2028":0.0,"10-2028":0.0,"12-2028":0.0,"02-2029":0.0,"04-2029":0.0,"06-2029":0.0,"08-2029":0.0,"10-2029":0.0,"12-2029":0.0,"02-2030":0.0,"04-2030":0.0,"06-2030":0.0,"08-2030":0.0,"10-2030":0.0,"12-2030":0.0},"percentile_75":{"02-2020":0.0963033113,"04-2020":0.1017279822,"06-2020":0.1024981962,"08-2020":0.1141418984,"10-2020":0.1282231837,"12-2020":0.1455886491,"02-2021":0.1543747533,"04-2021":0.1512511625,"06-2021":0.1555511004,"08-2021":0.1765877081,"10-2021":0.1810928433,"12-2021":0.2066137566,"02-2022":0.2013565891,"04-2022":0.208020327,"06-2022":0.2227717483,"08-2022":0.251811841,"10-2022":0.2787732887,"12-2022":0.3080357143,"02-2023":0.3142545064,"04-2023":0.3231387427,"06-2023":0.3494030418,"08-2023":0.3655060503,"10-2023":0.4011297157,"12-2023":0.450462963,"02-2024":0.4472344412,"04-2024":0.4363358779,"06-2024":0.4347401644,"08-2024":0.4364167757,"10-2024":0.4577156406,"12-2024":0.4795168067,"02-2025":0.4821625771,"04-2025":0.443202067,"06-2025":0.4378638148,"08-2025":0.4426466391,"10-2025":0.4608472067,"12-2025":0.4671419527,"02-2026":0.4916007194,"04-2026":0.5352131748,"06-2026":0.5791067469,"08-2026":0.6104660738,"10-2026":0.6296261856,"12-2026":0.6437121212,"02-2027":0.6554418103,"04-2027":0.6657955865,"06-2027":0.6639492754,"08-2027":0.6574124135,"10-2027":0.6504887016,"12-2027":0.6423607038,"02-2028":0.6229766187,"04-2028":0.6093531242,"06-2028":0.6086595696,"08-2028":0.6064582187,"10-2028":0.5952638408,"12-2028":0.5834957878,"02-2029":0.5776296473,"04-2029":0.5636847195,"06-2029":0.5510738042,"08-2029":0.5402296502,"10-2029":0.5302626581,"12-2029":0.5219013628,"02-2030":0.5191375385,"04-2030":0.5089662657,"06-2030":0.5014044944,"08-2030":0.4890904794,"10-2030":0.4696060981,"12-2030":0.4631170144}}