{"median":{"02-2020":0.0542009401,"04-2020":0.0530169183,"06-2020":0.0504871501,"08-2020":0.0544623941,"10-2020":0.059541495,"12-2020":0.0622337679,"02-2021":0.0623362179,"04-2021":0.0603385511,"06-2021":0.0592130892,"08-2021":0.0685736677,"10-2021":0.0749531835,"12-2021":0.0862414188,"02-2022":0.0862291902,"04-2022":0.0875156055,"06-2022":0.0950668449,"08-2022":0.0990513919,"10-2022":0.1005130218,"12-2022":0.107881137,"02-2023":0.1286796537,"04-2023":0.1374748004,"06-2023":0.1519076963,"08-2023":0.1894747725,"10-2023":0.2303671938,"12-2023":0.2893601922,"02-2024":0.324940048,"04-2024":0.3833090831,"06-2024":0.4632176708,"08-2024":0.5520708002,"10-2024":0.5777082013,"12-2024":0.569084126,"02-2025":0.5743737642,"04-2025":0.5872118399,"06-2025":0.5727513228,"08-2025":0.5811396337,"10-2025":0.5750569208,"12-2025":0.563229023,"02-2026":0.555133491,"04-2026":0.5426212406,"06-2026":0.5394223715,"08-2026":0.5197259136,"10-2026":0.5180983891,"12-2026":0.5195212361,"02-2027":0.5221215619,"04-2027":0.5057688057,"06-2027":0.5,"08-2027":0.49401649,"10-2027":0.4719104367,"12-2027":0.4608297851,"02-2028":0.4542104634,"04-2028":0.4368015705,"06-2028":0.433784747,"08-2028":0.4265318186,"10-2028":0.4213160084,"12-2028":0.4191563402,"02-2029":0.4151283972,"04-2029":0.4102574079,"06-2029":0.3953136416,"08-2029":0.3905109489,"10-2029":0.3816526611,"12-2029":0.3708286951,"02-2030":0.3668107128,"04-2030":0.364666808,"06-2030":0.3633026163,"08-2030":0.3512958739,"10-2030":0.3439764493,"12-2030":0.3384403562},"percentile_25":{"02-2020":0.0303634499,"04-2020":0.0290471311,"06-2020":0.0250228781,"08-2020":0.0224319991,"10-2020":0.0216218315,"12-2020":0.0216026302,"02-2021":0.0193126166,"04-2021":0.0187634895,"06-2021":0.0172832245,"08-2021":0.0144977829,"10-2021":0.0112676354,"12-2021":0.007978889,"02-2022":0.0076335878,"04-2022":0.0062659421,"06-2022":0.0035070321,"08-2022":0.0,"10-2022":0.0,"12-2022":0.0,"02-2023":0.0,"04-2023":0.0,"06-2023":0.0,"08-2023":0.0,"10-2023":0.0,"12-2023":0.0,"02-2024":0.0,"04-2024":0.0,"06-2024":0.0,"08-2024":0.0,"10-2024":0.0,"12-2024":0.0,"02-2025":0.0,"04-2025":0.0,"06-2025":0.0,"08-2025":0.0,"10-2025":0.0,"12-2025":0.0,"02-2026":0.0,"04-2026":0.0,"06-2026":0.0,"08-2026":0.0,"10-2026":0.0,"12-2026":0.0,"02-2027":0.0,"04-2027":0.0,"06-2027":0.0,"08-2027":0.0,"10-2027":0.0,"12-2027":0.0,"02-2028":0.0,"04-2028":0.0,"06-2028":0.0,"08-2028":0.0,"10-2028":0.0,"12-2028":0.0,"02-2029":0.0,"04-2029":0.0,"06-2029":0.0,"08-2029":0.0,"10-2029":0.0,"12-2029":0.0,"02-2030":0.0,"04-2030":0.0,"06-2030":0.0,"08-2030":0.0,"10-2030":0.0,"12-2030":0.0},"percentile_75":{"02-2020":0.0963033113,"04-2020":0.1017279822,"06-2020":0.1024981962,"08-2020":0.1141418984,"10-2020":0.1282231837,"12-2020":0.1455886491,"02-2021":0.1543747533,"04-2021":0.1512511625,"06-2021":0.1555511004,"08-2021":0.1765877081,"10-2021":0.1810928433,"12-2021":0.2066137566,"02-2022":0.2013565891,"04-2022":0.208020327,"06-2022":0.2227717483,"08-2022":0.251811841,"10-2022":0.2787732887,"12-2022":0.3080357143,"02-2023":0.3469722164,"04-2023":0.4122356885,"06-2023":0.4813777192,"08-2023":0.5896141543,"10-2023":0.6665833756,"12-2023":0.6971540783,"02-2024":0.7144179894,"04-2024":0.7155905077,"06-2024":0.713400603,"08-2024":0.7133443221,"10-2024":0.7039157713,"12-2024":0.6936125116,"02-2025":0.6834013476,"04-2025":0.6715788583,"06-2025":0.6540150799,"08-2025":0.6410818713,"10-2025":0.6397847185,"12-2025":0.6395885054,"02-2026":0.6216707617,"04-2026":0.6139925124,"06-2026":0.602954946,"08-2026":0.5961573519,"10-2026":0.5890050697,"12-2026":0.5823956443,"02-2027":0.5851605847,"04-2027":0.5752505629,"06-2027":0.5670236729,"08-2027":0.5572838312,"10-2027":0.5450071977,"12-2027":0.5235083689,"02-2028":0.5089069526,"04-2028":0.5062036861,"06-2028":0.4962613335,"08-2028":0.4990544238,"10-2028":0.4844814241,"12-2028":0.4810651339,"02-2029":0.4600152995,"04-2029":0.4537682771,"06-2029":0.4562473367,"08-2029":0.4325458008,"10-2029":0.4265528938,"12-2029":0.4157165959,"02-2030":0.418554922,"04-2030":0.4109109968,"06-2030":0.4110066345,"08-2030":0.4079389099,"10-2030":0.4017985186,"12-2030":0.3967647059}}