{"median":{"02-2020":0.0542009401,"04-2020":0.0530169183,"06-2020":0.0504871501,"08-2020":0.0544623941,"10-2020":0.059541495,"12-2020":0.0622337679,"02-2021":0.0623362179,"04-2021":0.0603385511,"06-2021":0.0592130892,"08-2021":0.0685736677,"10-2021":0.0749531835,"12-2021":0.0862414188,"02-2022":0.0862291902,"04-2022":0.0875156055,"06-2022":0.0950668449,"08-2022":0.0990513919,"10-2022":0.1005130218,"12-2022":0.107881137,"02-2023":0.1100820971,"04-2023":0.1098618317,"06-2023":0.1133803304,"08-2023":0.122965823,"10-2023":0.1311641791,"12-2023":0.1380068393,"02-2024":0.1596476002,"04-2024":0.1841118957,"06-2024":0.228968802,"08-2024":0.2800514801,"10-2024":0.3302211302,"12-2024":0.384208762,"02-2025":0.4502705127,"04-2025":0.51191145,"06-2025":0.5708876163,"08-2025":0.5799577097,"10-2025":0.5809865993,"12-2025":0.5777790266,"02-2026":0.5814814815,"04-2026":0.5722232129,"06-2026":0.5660021975,"08-2026":0.5615703351,"10-2026":0.5524349836,"12-2026":0.5538958606,"02-2027":0.5587437802,"04-2027":0.5435122788,"06-2027":0.5397864019,"08-2027":0.5141854637,"10-2027":0.4991638796,"12-2027":0.4958471761,"02-2028":0.479133131,"04-2028":0.4696424699,"06-2028":0.4659848204,"08-2028":0.4618037135,"10-2028":0.4516685206,"12-2028":0.4333333333,"02-2029":0.4305825551,"04-2029":0.4263917526,"06-2029":0.4082257159,"08-2029":0.4091242661,"10-2029":0.3918071986,"12-2029":0.3874074722,"02-2030":0.3670353084,"04-2030":0.3646656395,"06-2030":0.3669634199,"08-2030":0.3522363178,"10-2030":0.3536227272,"12-2030":0.3463019926},"percentile_25":{"02-2020":0.0303634499,"04-2020":0.0290471311,"06-2020":0.0250228781,"08-2020":0.0224319991,"10-2020":0.0216218315,"12-2020":0.0216026302,"02-2021":0.0193126166,"04-2021":0.0187634895,"06-2021":0.0172832245,"08-2021":0.0144977829,"10-2021":0.0112676354,"12-2021":0.007978889,"02-2022":0.0076335878,"04-2022":0.0062659421,"06-2022":0.0035070321,"08-2022":0.0,"10-2022":0.0,"12-2022":0.0,"02-2023":0.0,"04-2023":0.0,"06-2023":0.0,"08-2023":0.0,"10-2023":0.0,"12-2023":0.0,"02-2024":0.0,"04-2024":0.0,"06-2024":0.0,"08-2024":0.0,"10-2024":0.0,"12-2024":0.0,"02-2025":0.0,"04-2025":0.0,"06-2025":0.0,"08-2025":0.0,"10-2025":0.0,"12-2025":0.0,"02-2026":0.0,"04-2026":0.0,"06-2026":0.0,"08-2026":0.0,"10-2026":0.0,"12-2026":0.0,"02-2027":0.0,"04-2027":0.0,"06-2027":0.0,"08-2027":0.0,"10-2027":0.0,"12-2027":0.0,"02-2028":0.0,"04-2028":0.0,"06-2028":0.0,"08-2028":0.0,"10-2028":0.0,"12-2028":0.0,"02-2029":0.0,"04-2029":0.0,"06-2029":0.0,"08-2029":0.0,"10-2029":0.0,"12-2029":0.0,"02-2030":0.0,"04-2030":0.0,"06-2030":0.0,"08-2030":0.0,"10-2030":0.0,"12-2030":0.0},"percentile_75":{"02-2020":0.0963033113,"04-2020":0.1017279822,"06-2020":0.1024981962,"08-2020":0.1141418984,"10-2020":0.1282231837,"12-2020":0.1455886491,"02-2021":0.1543747533,"04-2021":0.1512511625,"06-2021":0.1555511004,"08-2021":0.1765877081,"10-2021":0.1810928433,"12-2021":0.2066137566,"02-2022":0.2013565891,"04-2022":0.208020327,"06-2022":0.2227717483,"08-2022":0.251811841,"10-2022":0.2787732887,"12-2022":0.3080357143,"02-2023":0.3142545064,"04-2023":0.3231387427,"06-2023":0.3494030418,"08-2023":0.3655060503,"10-2023":0.4011297157,"12-2023":0.450462963,"02-2024":0.4991818575,"04-2024":0.5520102905,"06-2024":0.6187638039,"08-2024":0.6701074661,"10-2024":0.7029134046,"12-2024":0.7082249629,"02-2025":0.7129906842,"04-2025":0.6991905323,"06-2025":0.6895969881,"08-2025":0.6721889609,"10-2025":0.6696023042,"12-2025":0.6561887255,"02-2026":0.643818822,"04-2026":0.6394642857,"06-2026":0.6243142346,"08-2026":0.6260435993,"10-2026":0.6286492537,"12-2026":0.6155469004,"02-2027":0.6078922444,"04-2027":0.6004065041,"06-2027":0.6117472804,"08-2027":0.5972667874,"10-2027":0.5869465649,"12-2027":0.5662339154,"02-2028":0.5465765107,"04-2028":0.5413953721,"06-2028":0.5249891422,"08-2028":0.516206617,"10-2028":0.5035909802,"12-2028":0.4982843619,"02-2029":0.4945446013,"04-2029":0.4873675252,"06-2029":0.4735280085,"08-2029":0.4581326208,"10-2029":0.4507732671,"12-2029":0.4350517159,"02-2030":0.4276495141,"04-2030":0.4287082649,"06-2030":0.4254706211,"08-2030":0.4114355231,"10-2030":0.4104540669,"12-2030":0.4066730596}}