{"median":{"02-2020":0.0542009401,"04-2020":0.0530169183,"06-2020":0.0504871501,"08-2020":0.0544623941,"10-2020":0.059541495,"12-2020":0.0622337679,"02-2021":0.0623362179,"04-2021":0.0603385511,"06-2021":0.0592130892,"08-2021":0.0685736677,"10-2021":0.0749531835,"12-2021":0.0862414188,"02-2022":0.0862291902,"04-2022":0.0875156055,"06-2022":0.0950668449,"08-2022":0.0990513919,"10-2022":0.1005130218,"12-2022":0.107881137,"02-2023":0.1100820971,"04-2023":0.1098618317,"06-2023":0.1133803304,"08-2023":0.122965823,"10-2023":0.1311641791,"12-2023":0.1380068393,"02-2024":0.1398529412,"04-2024":0.1377676629,"06-2024":0.1373120301,"08-2024":0.1494026284,"10-2024":0.1663591636,"12-2024":0.1787115613,"02-2025":0.1849293608,"04-2025":0.1696773016,"06-2025":0.1740277381,"08-2025":0.1840505999,"10-2025":0.1892669008,"12-2025":0.2010475477,"02-2026":0.215589104,"04-2026":0.2057451842,"06-2026":0.2083536214,"08-2026":0.2136484361,"10-2026":0.2245688339,"12-2026":0.2504680505,"02-2027":0.2642760943,"04-2027":0.3145630554,"06-2027":0.3517204817,"08-2027":0.4290560436,"10-2027":0.4736997636,"12-2027":0.5227005871,"02-2028":0.5398324429,"04-2028":0.542130679,"06-2028":0.5330445386,"08-2028":0.5335840006,"10-2028":0.5325067303,"12-2028":0.5274294671,"02-2029":0.5347480106,"04-2029":0.5369480519,"06-2029":0.5300120048,"08-2029":0.5132069018,"10-2029":0.5009157509,"12-2029":0.4982394148,"02-2030":0.4846005888,"04-2030":0.4723153559,"06-2030":0.4614030336,"08-2030":0.4623943662,"10-2030":0.4588002467,"12-2030":0.4503743269},"percentile_25":{"02-2020":0.0303634499,"04-2020":0.0290471311,"06-2020":0.0250228781,"08-2020":0.0224319991,"10-2020":0.0216218315,"12-2020":0.0216026302,"02-2021":0.0193126166,"04-2021":0.0187634895,"06-2021":0.0172832245,"08-2021":0.0144977829,"10-2021":0.0112676354,"12-2021":0.007978889,"02-2022":0.0076335878,"04-2022":0.0062659421,"06-2022":0.0035070321,"08-2022":0.0,"10-2022":0.0,"12-2022":0.0,"02-2023":0.0,"04-2023":0.0,"06-2023":0.0,"08-2023":0.0,"10-2023":0.0,"12-2023":0.0,"02-2024":0.0,"04-2024":0.0,"06-2024":0.0,"08-2024":0.0,"10-2024":0.0,"12-2024":0.0,"02-2025":0.0,"04-2025":0.0,"06-2025":0.0,"08-2025":0.0,"10-2025":0.0,"12-2025":0.0,"02-2026":0.0,"04-2026":0.0,"06-2026":0.0,"08-2026":0.0,"10-2026":0.0,"12-2026":0.0,"02-2027":0.0,"04-2027":0.0,"06-2027":0.0,"08-2027":0.0,"10-2027":0.0,"12-2027":0.0,"02-2028":0.0,"04-2028":0.0,"06-2028":0.0,"08-2028":0.0,"10-2028":0.0,"12-2028":0.0,"02-2029":0.0,"04-2029":0.0,"06-2029":0.0,"08-2029":0.0,"10-2029":0.0,"12-2029":0.0,"02-2030":0.0,"04-2030":0.0,"06-2030":0.0,"08-2030":0.0,"10-2030":0.0,"12-2030":0.0},"percentile_75":{"02-2020":0.0963033113,"04-2020":0.1017279822,"06-2020":0.1024981962,"08-2020":0.1141418984,"10-2020":0.1282231837,"12-2020":0.1455886491,"02-2021":0.1543747533,"04-2021":0.1512511625,"06-2021":0.1555511004,"08-2021":0.1765877081,"10-2021":0.1810928433,"12-2021":0.2066137566,"02-2022":0.2013565891,"04-2022":0.208020327,"06-2022":0.2227717483,"08-2022":0.251811841,"10-2022":0.2787732887,"12-2022":0.3080357143,"02-2023":0.3142545064,"04-2023":0.3231387427,"06-2023":0.3494030418,"08-2023":0.3655060503,"10-2023":0.4011297157,"12-2023":0.450462963,"02-2024":0.4472344412,"04-2024":0.4363358779,"06-2024":0.4347401644,"08-2024":0.4364167757,"10-2024":0.4577156406,"12-2024":0.4795168067,"02-2025":0.4821625771,"04-2025":0.443202067,"06-2025":0.4378638148,"08-2025":0.4426466391,"10-2025":0.4608472067,"12-2025":0.4671419527,"02-2026":0.4435853379,"04-2026":0.4230738491,"06-2026":0.4020039814,"08-2026":0.3981675502,"10-2026":0.4108903439,"12-2026":0.4319462076,"02-2027":0.4728329843,"04-2027":0.5088058283,"06-2027":0.5590990238,"08-2027":0.6080904157,"10-2027":0.6295738956,"12-2027":0.6456193694,"02-2028":0.6395981016,"04-2028":0.6319009873,"06-2028":0.6241912247,"08-2028":0.6169553187,"10-2028":0.6201094891,"12-2028":0.6130886067,"02-2029":0.6007227185,"04-2029":0.5991702666,"06-2029":0.5869484993,"08-2029":0.5896461935,"10-2029":0.5701760343,"12-2029":0.5693533558,"02-2030":0.5509626492,"04-2030":0.5451335159,"06-2030":0.5379715876,"08-2030":0.5268859255,"10-2030":0.520810793,"12-2030":0.518553068}}