{"median":{"02-2020":0.0542009401,"04-2020":0.0530169183,"06-2020":0.0504871501,"08-2020":0.0544623941,"10-2020":0.059541495,"12-2020":0.0622337679,"02-2021":0.0623362179,"04-2021":0.0603385511,"06-2021":0.0592130892,"08-2021":0.0685736677,"10-2021":0.0749531835,"12-2021":0.0862414188,"02-2022":0.0862291902,"04-2022":0.0875156055,"06-2022":0.0950668449,"08-2022":0.0990513919,"10-2022":0.1005130218,"12-2022":0.107881137,"02-2023":0.1100820971,"04-2023":0.1098618317,"06-2023":0.1133803304,"08-2023":0.122965823,"10-2023":0.1311641791,"12-2023":0.1380068393,"02-2024":0.1398529412,"04-2024":0.1377676629,"06-2024":0.1373120301,"08-2024":0.1494026284,"10-2024":0.1663591636,"12-2024":0.1787115613,"02-2025":0.1849293608,"04-2025":0.1696773016,"06-2025":0.1740277381,"08-2025":0.1840505999,"10-2025":0.1892669008,"12-2025":0.2010475477,"02-2026":0.215589104,"04-2026":0.2057451842,"06-2026":0.2083536214,"08-2026":0.2136484361,"10-2026":0.2245688339,"12-2026":0.2504680505,"02-2027":0.2326296372,"04-2027":0.2331213966,"06-2027":0.2304313867,"08-2027":0.2519274376,"10-2027":0.2660334208,"12-2027":0.2862394958,"02-2028":0.2780714524,"04-2028":0.265918302,"06-2028":0.2423231425,"08-2028":0.2441849817,"10-2028":0.2452640136,"12-2028":0.257867897,"02-2029":0.2381668057,"04-2029":0.2279234618,"06-2029":0.2249901147,"08-2029":0.2216156109,"10-2029":0.2276897568,"12-2029":0.2374100719,"02-2030":0.2561061228,"04-2030":0.2857051748,"06-2030":0.3165130051,"08-2030":0.3433528085,"10-2030":0.37850757,"12-2030":0.4097591492},"percentile_25":{"02-2020":0.0303634499,"04-2020":0.0290471311,"06-2020":0.0250228781,"08-2020":0.0224319991,"10-2020":0.0216218315,"12-2020":0.0216026302,"02-2021":0.0193126166,"04-2021":0.0187634895,"06-2021":0.0172832245,"08-2021":0.0144977829,"10-2021":0.0112676354,"12-2021":0.007978889,"02-2022":0.0076335878,"04-2022":0.0062659421,"06-2022":0.0035070321,"08-2022":0.0,"10-2022":0.0,"12-2022":0.0,"02-2023":0.0,"04-2023":0.0,"06-2023":0.0,"08-2023":0.0,"10-2023":0.0,"12-2023":0.0,"02-2024":0.0,"04-2024":0.0,"06-2024":0.0,"08-2024":0.0,"10-2024":0.0,"12-2024":0.0,"02-2025":0.0,"04-2025":0.0,"06-2025":0.0,"08-2025":0.0,"10-2025":0.0,"12-2025":0.0,"02-2026":0.0,"04-2026":0.0,"06-2026":0.0,"08-2026":0.0,"10-2026":0.0,"12-2026":0.0,"02-2027":0.0,"04-2027":0.0,"06-2027":0.0,"08-2027":0.0,"10-2027":0.0,"12-2027":0.0,"02-2028":0.0,"04-2028":0.0,"06-2028":0.0,"08-2028":0.0,"10-2028":0.0,"12-2028":0.0,"02-2029":0.0,"04-2029":0.0,"06-2029":0.0,"08-2029":0.0,"10-2029":0.0,"12-2029":0.0,"02-2030":0.0,"04-2030":0.0,"06-2030":0.0,"08-2030":0.0,"10-2030":0.0,"12-2030":0.0},"percentile_75":{"02-2020":0.0963033113,"04-2020":0.1017279822,"06-2020":0.1024981962,"08-2020":0.1141418984,"10-2020":0.1282231837,"12-2020":0.1455886491,"02-2021":0.1543747533,"04-2021":0.1512511625,"06-2021":0.1555511004,"08-2021":0.1765877081,"10-2021":0.1810928433,"12-2021":0.2066137566,"02-2022":0.2013565891,"04-2022":0.208020327,"06-2022":0.2227717483,"08-2022":0.251811841,"10-2022":0.2787732887,"12-2022":0.3080357143,"02-2023":0.3142545064,"04-2023":0.3231387427,"06-2023":0.3494030418,"08-2023":0.3655060503,"10-2023":0.4011297157,"12-2023":0.450462963,"02-2024":0.4472344412,"04-2024":0.4363358779,"06-2024":0.4347401644,"08-2024":0.4364167757,"10-2024":0.4577156406,"12-2024":0.4795168067,"02-2025":0.4821625771,"04-2025":0.443202067,"06-2025":0.4378638148,"08-2025":0.4426466391,"10-2025":0.4608472067,"12-2025":0.4671419527,"02-2026":0.4435853379,"04-2026":0.4230738491,"06-2026":0.4020039814,"08-2026":0.3981675502,"10-2026":0.4108903439,"12-2026":0.4319462076,"02-2027":0.4181728042,"04-2027":0.3957434828,"06-2027":0.390948897,"08-2027":0.3926795451,"10-2027":0.4238058873,"12-2027":0.4448839662,"02-2028":0.4218453639,"04-2028":0.3929252999,"06-2028":0.3675627781,"08-2028":0.367517639,"10-2028":0.3696448314,"12-2028":0.3709224401,"02-2029":0.3601126398,"04-2029":0.3367243318,"06-2029":0.3103380374,"08-2029":0.3187134503,"10-2029":0.3296432964,"12-2029":0.3389073153,"02-2030":0.3525248383,"04-2030":0.3919415698,"06-2030":0.4335964608,"08-2030":0.480961937,"10-2030":0.514657444,"12-2030":0.5371405806}}