{"median":{"02-2020":0.0542009401,"04-2020":0.0530169183,"06-2020":0.0504871501,"08-2020":0.0544623941,"10-2020":0.059541495,"12-2020":0.0622337679,"02-2021":0.0708339602,"04-2021":0.0814327338,"06-2021":0.1015267176,"08-2021":0.1176508714,"10-2021":0.1406828704,"12-2021":0.1766706683,"02-2022":0.208343012,"04-2022":0.2469931271,"06-2022":0.2820669935,"08-2022":0.3254872466,"10-2022":0.3810927878,"12-2022":0.4431975809,"02-2023":0.5372163807,"04-2023":0.5804870045,"06-2023":0.6206215074,"08-2023":0.6254294907,"10-2023":0.6217269146,"12-2023":0.6171557107,"02-2024":0.611912231,"04-2024":0.5974974398,"06-2024":0.5842784952,"08-2024":0.5776938503,"10-2024":0.578036828,"12-2024":0.5605730976,"02-2025":0.5597930587,"04-2025":0.5508452554,"06-2025":0.5412860107,"08-2025":0.5343457751,"10-2025":0.5243067278,"12-2025":0.5194385124,"02-2026":0.5101963538,"04-2026":0.5,"06-2026":0.4963963614,"08-2026":0.483501164,"10-2026":0.4869888476,"12-2026":0.4744525547,"02-2027":0.4619520265,"04-2027":0.4735351273,"06-2027":0.4721792292,"08-2027":0.4644114882,"10-2027":0.4494900437,"12-2027":0.4292857143,"02-2028":0.4181716278,"04-2028":0.4126249609,"06-2028":0.4090128085,"08-2028":0.3969582834,"10-2028":0.3945440601,"12-2028":0.3872135273,"02-2029":0.3874355465,"04-2029":0.3841860276,"06-2029":0.3794865485,"08-2029":0.3663333663,"10-2029":0.3646837682,"12-2029":0.3547793673,"02-2030":0.3533656399,"04-2030":0.3477582846,"06-2030":0.3499022828,"08-2030":0.3447922123,"10-2030":0.3368421053,"12-2030":0.3307981492},"percentile_25":{"02-2020":0.0303634499,"04-2020":0.0290471311,"06-2020":0.0250228781,"08-2020":0.0224319991,"10-2020":0.0216218315,"12-2020":0.0216026302,"02-2021":0.0183322193,"04-2021":0.020802408,"06-2021":0.0213345865,"08-2021":0.0204747001,"10-2021":0.0223758085,"12-2021":0.027148107,"02-2022":0.0316923077,"04-2022":0.0338472174,"06-2022":0.0435111038,"08-2022":0.0505952381,"10-2022":0.0642206478,"12-2022":0.0641040875,"02-2023":0.0674841632,"04-2023":0.0832426888,"06-2023":0.0888732313,"08-2023":0.1028404253,"10-2023":0.1117683686,"12-2023":0.1306450514,"02-2024":0.1542473157,"04-2024":0.1737512523,"06-2024":0.1968864469,"08-2024":0.2132403287,"10-2024":0.2325893351,"12-2024":0.2613800199,"02-2025":0.2767079034,"04-2025":0.311026936,"06-2025":0.3760236278,"08-2025":0.4095787303,"10-2025":0.3971760797,"12-2025":0.4304379831,"02-2026":0.4215116279,"04-2026":0.4125261489,"06-2026":0.4081019101,"08-2026":0.4106789717,"10-2026":0.4049557123,"12-2026":0.3988229344,"02-2027":0.3901515152,"04-2027":0.4087825449,"06-2027":0.4031769103,"08-2027":0.4039296494,"10-2027":0.3881861013,"12-2027":0.3800848186,"02-2028":0.3576392962,"04-2028":0.3410287453,"06-2028":0.3380755445,"08-2028":0.3376402268,"10-2028":0.3356828684,"12-2028":0.3333333333,"02-2029":0.3268858932,"04-2029":0.3161485524,"06-2029":0.3091294826,"08-2029":0.3065815051,"10-2029":0.3065115143,"12-2029":0.2949604743,"02-2030":0.2921438775,"04-2030":0.2973684211,"06-2030":0.2920648657,"08-2030":0.293141579,"10-2030":0.2820322793,"12-2030":0.2763799067},"percentile_75":{"02-2020":0.0963033113,"04-2020":0.1017279822,"06-2020":0.1024981962,"08-2020":0.1141418984,"10-2020":0.1282231837,"12-2020":0.1455886491,"02-2021":0.1682995644,"04-2021":0.2116538462,"06-2021":0.2649802372,"08-2021":0.3113051392,"10-2021":0.3970330237,"12-2021":0.4823286352,"02-2022":0.5773211118,"04-2022":0.6388658997,"06-2022":0.7018671468,"08-2022":0.7329165088,"10-2022":0.739654353,"12-2022":0.7404844059,"02-2023":0.734094652,"04-2023":0.7085143539,"06-2023":0.7050481649,"08-2023":0.6951283606,"10-2023":0.6940383004,"12-2023":0.6852175602,"02-2024":0.6679281291,"04-2024":0.6601780186,"06-2024":0.6555555556,"08-2024":0.6428401381,"10-2024":0.6369662656,"12-2024":0.629396954,"02-2025":0.620805499,"04-2025":0.6127604669,"06-2025":0.6031802517,"08-2025":0.5939937839,"10-2025":0.5853071256,"12-2025":0.5672727273,"02-2026":0.563943769,"04-2026":0.5537970732,"06-2026":0.5491421255,"08-2026":0.532957386,"10-2026":0.5416590696,"12-2026":0.5307165952,"02-2027":0.5246915893,"04-2027":0.5344403618,"06-2027":0.5204785362,"08-2027":0.5055864399,"10-2027":0.4907373847,"12-2027":0.4752714002,"02-2028":0.472473922,"04-2028":0.4561723091,"06-2028":0.4490259698,"08-2028":0.4459016393,"10-2028":0.4438383838,"12-2028":0.4368466356,"02-2029":0.4356759976,"04-2029":0.4256471311,"06-2029":0.4201095743,"08-2029":0.4194983354,"10-2029":0.4120658502,"12-2029":0.4096261275,"02-2030":0.4045221023,"04-2030":0.3933938945,"06-2030":0.3908368396,"08-2030":0.3833497185,"10-2030":0.3821428571,"12-2030":0.3900334434}}