{"median":{"02-2020":0.0595744681,"04-2020":0.0654997766,"06-2020":0.0718414222,"08-2020":0.0727299442,"10-2020":0.0731763926,"12-2020":0.0809251559,"02-2021":0.0794263651,"04-2021":0.0710306895,"06-2021":0.057934532,"08-2021":0.0494245674,"10-2021":0.0357148481,"12-2021":0.0219853968,"02-2022":0.0167366947,"04-2022":0.0151242245,"06-2022":0.0081004854,"08-2022":0.0075047168,"10-2022":0.0038610039,"12-2022":0.0017667845,"02-2023":0.0,"04-2023":0.0,"06-2023":0.0,"08-2023":0.0,"10-2023":0.0,"12-2023":0.0,"02-2024":0.0,"04-2024":0.0,"06-2024":0.0,"08-2024":0.0,"10-2024":0.0,"12-2024":0.0,"02-2025":0.0,"04-2025":0.0,"06-2025":0.0,"08-2025":0.0,"10-2025":0.0,"12-2025":0.0,"02-2026":0.0,"04-2026":0.0,"06-2026":0.0,"08-2026":0.0,"10-2026":0.0,"12-2026":0.0,"02-2027":0.0,"04-2027":0.0,"06-2027":0.0,"08-2027":0.0,"10-2027":0.0,"12-2027":0.0,"02-2028":0.0,"04-2028":0.0,"06-2028":0.0,"08-2028":0.0,"10-2028":0.0,"12-2028":0.0,"02-2029":0.0,"04-2029":0.0,"06-2029":0.0,"08-2029":0.0,"10-2029":0.0,"12-2029":0.0,"02-2030":0.0,"04-2030":0.0,"06-2030":0.0,"08-2030":0.0,"10-2030":0.0,"12-2030":0.0},"percentile_25":{"02-2020":0.0392156863,"04-2020":0.0382776169,"06-2020":0.0401835483,"08-2020":0.0384995137,"10-2020":0.0361084337,"12-2020":0.0352596507,"02-2021":0.0321655137,"04-2021":0.0257471283,"06-2021":0.0221402214,"08-2021":0.015968254,"10-2021":0.0118344571,"12-2021":0.0043499899,"02-2022":0.0039331481,"04-2022":0.0026595745,"06-2022":0.0,"08-2022":0.0,"10-2022":0.0,"12-2022":0.0,"02-2023":0.0,"04-2023":0.0,"06-2023":0.0,"08-2023":0.0,"10-2023":0.0,"12-2023":0.0,"02-2024":0.0,"04-2024":0.0,"06-2024":0.0,"08-2024":0.0,"10-2024":0.0,"12-2024":0.0,"02-2025":0.0,"04-2025":0.0,"06-2025":0.0,"08-2025":0.0,"10-2025":0.0,"12-2025":0.0,"02-2026":0.0,"04-2026":0.0,"06-2026":0.0,"08-2026":0.0,"10-2026":0.0,"12-2026":0.0,"02-2027":0.0,"04-2027":0.0,"06-2027":0.0,"08-2027":0.0,"10-2027":0.0,"12-2027":0.0,"02-2028":0.0,"04-2028":0.0,"06-2028":0.0,"08-2028":0.0,"10-2028":0.0,"12-2028":0.0,"02-2029":0.0,"04-2029":0.0,"06-2029":0.0,"08-2029":0.0,"10-2029":0.0,"12-2029":0.0,"02-2030":0.0,"04-2030":0.0,"06-2030":0.0,"08-2030":0.0,"10-2030":0.0,"12-2030":0.0},"percentile_75":{"02-2020":0.1027151477,"04-2020":0.1143579152,"06-2020":0.1377204885,"08-2020":0.145482531,"10-2020":0.1511097598,"12-2020":0.1529054117,"02-2021":0.1473503622,"04-2021":0.1394098036,"06-2021":0.1236601672,"08-2021":0.1021453663,"10-2021":0.0887425179,"12-2021":0.0695415849,"02-2022":0.0606175679,"04-2022":0.0480481928,"06-2022":0.0365935742,"08-2022":0.0287202381,"10-2022":0.0234149556,"12-2022":0.0251121683,"02-2023":0.0171130952,"04-2023":0.0199290688,"06-2023":0.0227726379,"08-2023":0.0300268404,"10-2023":0.0381367174,"12-2023":0.0583588936,"02-2024":0.0719888461,"04-2024":0.086673774,"06-2024":0.1223901099,"08-2024":0.1539349092,"10-2024":0.1769662921,"12-2024":0.2302631579,"02-2025":0.3080258303,"04-2025":0.3800345698,"06-2025":0.5114672403,"08-2025":0.5761264822,"10-2025":0.6153982977,"12-2025":0.6137633352,"02-2026":0.6336554066,"04-2026":0.6247186797,"06-2026":0.6205561561,"08-2026":0.6091307278,"10-2026":0.6045700086,"12-2026":0.5811777763,"02-2027":0.5804397071,"04-2027":0.5744603203,"06-2027":0.5535646568,"08-2027":0.5575750263,"10-2027":0.5554208295,"12-2027":0.5302956036,"02-2028":0.5321869908,"04-2028":0.5191579383,"06-2028":0.5044904409,"08-2028":0.4874995251,"10-2028":0.4843700159,"12-2028":0.4794089579,"02-2029":0.4707119847,"04-2029":0.4676317464,"06-2029":0.4596359821,"08-2029":0.4591222534,"10-2029":0.4517146411,"12-2029":0.4445384615,"02-2030":0.4399321185,"04-2030":0.4254922932,"06-2030":0.4101785714,"08-2030":0.3909598898,"10-2030":0.4042346127,"12-2030":0.4131394992}}