{"median":{"02-2020":0.0552415136,"04-2020":0.0486817419,"06-2020":0.0457303549,"08-2020":0.0419767907,"10-2020":0.0367353059,"12-2020":0.0319444444,"02-2021":0.0272988506,"04-2021":0.0199601594,"06-2021":0.0147390136,"08-2021":0.0081466733,"10-2021":0.0041584535,"12-2021":0.0,"02-2022":0.0,"04-2022":0.0,"06-2022":0.0,"08-2022":0.0,"10-2022":0.0,"12-2022":0.0,"02-2023":0.0,"04-2023":0.0,"06-2023":0.0,"08-2023":0.0,"10-2023":0.0,"12-2023":0.0,"02-2024":0.0,"04-2024":0.0,"06-2024":0.0,"08-2024":0.0,"10-2024":0.0,"12-2024":0.0,"02-2025":0.0,"04-2025":0.0,"06-2025":0.0,"08-2025":0.0,"10-2025":0.0,"12-2025":0.0,"02-2026":0.0,"04-2026":0.0,"06-2026":0.0,"08-2026":0.0,"10-2026":0.0,"12-2026":0.0,"02-2027":0.0,"04-2027":0.0,"06-2027":0.0,"08-2027":0.0,"10-2027":0.0,"12-2027":0.0,"02-2028":0.0,"04-2028":0.0,"06-2028":0.0,"08-2028":0.0,"10-2028":0.0,"12-2028":0.0,"02-2029":0.0,"04-2029":0.0,"06-2029":0.0,"08-2029":0.0,"10-2029":0.0,"12-2029":0.0,"02-2030":0.0,"04-2030":0.0,"06-2030":0.0,"08-2030":0.0,"10-2030":0.0,"12-2030":0.0},"percentile_25":{"02-2020":0.0336404027,"04-2020":0.0321935484,"06-2020":0.0302604967,"08-2020":0.0240722892,"10-2020":0.0207041989,"12-2020":0.0168599085,"02-2021":0.0120846288,"04-2021":0.0078740157,"06-2021":0.0038169594,"08-2021":0.0,"10-2021":0.0,"12-2021":0.0,"02-2022":0.0,"04-2022":0.0,"06-2022":0.0,"08-2022":0.0,"10-2022":0.0,"12-2022":0.0,"02-2023":0.0,"04-2023":0.0,"06-2023":0.0,"08-2023":0.0,"10-2023":0.0,"12-2023":0.0,"02-2024":0.0,"04-2024":0.0,"06-2024":0.0,"08-2024":0.0,"10-2024":0.0,"12-2024":0.0,"02-2025":0.0,"04-2025":0.0,"06-2025":0.0,"08-2025":0.0,"10-2025":0.0,"12-2025":0.0,"02-2026":0.0,"04-2026":0.0,"06-2026":0.0,"08-2026":0.0,"10-2026":0.0,"12-2026":0.0,"02-2027":0.0,"04-2027":0.0,"06-2027":0.0,"08-2027":0.0,"10-2027":0.0,"12-2027":0.0,"02-2028":0.0,"04-2028":0.0,"06-2028":0.0,"08-2028":0.0,"10-2028":0.0,"12-2028":0.0,"02-2029":0.0,"04-2029":0.0,"06-2029":0.0,"08-2029":0.0,"10-2029":0.0,"12-2029":0.0,"02-2030":0.0,"04-2030":0.0,"06-2030":0.0,"08-2030":0.0,"10-2030":0.0,"12-2030":0.0},"percentile_75":{"02-2020":0.0885725629,"04-2020":0.0811360449,"06-2020":0.0803949758,"08-2020":0.0746640625,"10-2020":0.0704401687,"12-2020":0.0604246253,"02-2021":0.0463826155,"04-2021":0.0375041136,"06-2021":0.0303691941,"08-2021":0.0251920882,"10-2021":0.0218599034,"12-2021":0.0204306244,"02-2022":0.0197838598,"04-2022":0.0242927023,"06-2022":0.0243161845,"08-2022":0.0314791451,"10-2022":0.0349314777,"12-2022":0.0422207851,"02-2023":0.0483291562,"04-2023":0.0595350386,"06-2023":0.0912741877,"08-2023":0.0978973597,"10-2023":0.1139455782,"12-2023":0.1504496657,"02-2024":0.1934001671,"04-2024":0.2225638923,"06-2024":0.2559249068,"08-2024":0.328125,"10-2024":0.4122596154,"12-2024":0.492540973,"02-2025":0.5238445862,"04-2025":0.581994714,"06-2025":0.5954655425,"08-2025":0.5988520146,"10-2025":0.5992242565,"12-2025":0.5790470082,"02-2026":0.5743418154,"04-2026":0.5504412355,"06-2026":0.5397506291,"08-2026":0.5369453044,"10-2026":0.5427754734,"12-2026":0.5332748231,"02-2027":0.5142683688,"04-2027":0.5118018089,"06-2027":0.4961313513,"08-2027":0.4947507078,"10-2027":0.4822618193,"12-2027":0.4607526882,"02-2028":0.4635974743,"04-2028":0.4574822575,"06-2028":0.439623582,"08-2028":0.4293458407,"10-2028":0.4326526934,"12-2028":0.4280337974,"02-2029":0.4178480204,"04-2029":0.4060957071,"06-2029":0.3929325849,"08-2029":0.3807501469,"10-2029":0.3791821561,"12-2029":0.3814089022,"02-2030":0.3811633418,"04-2030":0.3834874063,"06-2030":0.3819757728,"08-2030":0.3787028943,"10-2030":0.3676315295,"12-2030":0.3792208409}}