{"median":{"02-2020":0.0552415136,"04-2020":0.0486817419,"06-2020":0.0457303549,"08-2020":0.0419767907,"10-2020":0.0367353059,"12-2020":0.0319444444,"02-2021":0.0272988506,"04-2021":0.0199601594,"06-2021":0.015384843,"08-2021":0.0081466733,"10-2021":0.0042194844,"12-2021":0.0036968703,"02-2022":0.0,"04-2022":0.0,"06-2022":0.0,"08-2022":0.0,"10-2022":0.0,"12-2022":0.0,"02-2023":0.0,"04-2023":0.0,"06-2023":0.0,"08-2023":0.0,"10-2023":0.0,"12-2023":0.0,"02-2024":0.0,"04-2024":0.0,"06-2024":0.0,"08-2024":0.0,"10-2024":0.0,"12-2024":0.0,"02-2025":0.0,"04-2025":0.0,"06-2025":0.0,"08-2025":0.0,"10-2025":0.0,"12-2025":0.0,"02-2026":0.0,"04-2026":0.0,"06-2026":0.0,"08-2026":0.0,"10-2026":0.0,"12-2026":0.0,"02-2027":0.0,"04-2027":0.0,"06-2027":0.0,"08-2027":0.0,"10-2027":0.0,"12-2027":0.0,"02-2028":0.0,"04-2028":0.0,"06-2028":0.0,"08-2028":0.0,"10-2028":0.0,"12-2028":0.0,"02-2029":0.0,"04-2029":0.0,"06-2029":0.0,"08-2029":0.0,"10-2029":0.0,"12-2029":0.0,"02-2030":0.0,"04-2030":0.0,"06-2030":0.0,"08-2030":0.0,"10-2030":0.0,"12-2030":0.0},"percentile_25":{"02-2020":0.0336404027,"04-2020":0.0321935484,"06-2020":0.0302604967,"08-2020":0.0240722892,"10-2020":0.0207041989,"12-2020":0.0168599085,"02-2021":0.0120846288,"04-2021":0.0078740157,"06-2021":0.0038424698,"08-2021":0.0,"10-2021":0.0,"12-2021":0.0,"02-2022":0.0,"04-2022":0.0,"06-2022":0.0,"08-2022":0.0,"10-2022":0.0,"12-2022":0.0,"02-2023":0.0,"04-2023":0.0,"06-2023":0.0,"08-2023":0.0,"10-2023":0.0,"12-2023":0.0,"02-2024":0.0,"04-2024":0.0,"06-2024":0.0,"08-2024":0.0,"10-2024":0.0,"12-2024":0.0,"02-2025":0.0,"04-2025":0.0,"06-2025":0.0,"08-2025":0.0,"10-2025":0.0,"12-2025":0.0,"02-2026":0.0,"04-2026":0.0,"06-2026":0.0,"08-2026":0.0,"10-2026":0.0,"12-2026":0.0,"02-2027":0.0,"04-2027":0.0,"06-2027":0.0,"08-2027":0.0,"10-2027":0.0,"12-2027":0.0,"02-2028":0.0,"04-2028":0.0,"06-2028":0.0,"08-2028":0.0,"10-2028":0.0,"12-2028":0.0,"02-2029":0.0,"04-2029":0.0,"06-2029":0.0,"08-2029":0.0,"10-2029":0.0,"12-2029":0.0,"02-2030":0.0,"04-2030":0.0,"06-2030":0.0,"08-2030":0.0,"10-2030":0.0,"12-2030":0.0},"percentile_75":{"02-2020":0.0885725629,"04-2020":0.0811360449,"06-2020":0.0803949758,"08-2020":0.0746640625,"10-2020":0.0704401687,"12-2020":0.0604246253,"02-2021":0.0463826155,"04-2021":0.0375041136,"06-2021":0.0305885994,"08-2021":0.024391463,"10-2021":0.0181657111,"12-2021":0.0166498135,"02-2022":0.0116621067,"04-2022":0.0092105263,"06-2022":0.0079841277,"08-2022":0.0040168544,"10-2022":0.0039627454,"12-2022":0.0,"02-2023":0.0,"04-2023":0.0,"06-2023":0.0009191176,"08-2023":0.0018450185,"10-2023":0.0018315018,"12-2023":0.0018382353,"02-2024":0.0018726592,"04-2024":0.0009433962,"06-2024":0.0,"08-2024":0.0036423705,"10-2024":0.0036232376,"12-2024":0.0036341713,"02-2025":0.003614098,"04-2025":0.0036770759,"06-2025":0.0036448114,"08-2025":0.0036601085,"10-2025":0.0055765164,"12-2025":0.0036101083,"02-2026":0.0074089433,"04-2026":0.0083129085,"06-2026":0.0055970149,"08-2026":0.0109560558,"10-2026":0.0174238723,"12-2026":0.023220727,"02-2027":0.0239747095,"04-2027":0.0247190557,"06-2027":0.0237156511,"08-2027":0.0300639659,"10-2027":0.0372949488,"12-2027":0.0436724077,"02-2028":0.0493903678,"04-2028":0.0507566758,"06-2028":0.0527511634,"08-2028":0.0564393939,"10-2028":0.0514744327,"12-2028":0.0474826275,"02-2029":0.045570649,"04-2029":0.0413050314,"06-2029":0.0438756573,"08-2029":0.0525055887,"10-2029":0.0489630816,"12-2029":0.0426988019,"02-2030":0.0396333972,"04-2030":0.0391746411,"06-2030":0.0392257434,"08-2030":0.0384052558,"10-2030":0.040228506,"12-2030":0.0303357256}}