{"median":{"02-2020":0.0552415136,"04-2020":0.0486817419,"06-2020":0.0457303549,"08-2020":0.0419767907,"10-2020":0.0367353059,"12-2020":0.0319444444,"02-2021":0.0272988506,"04-2021":0.0214531068,"06-2021":0.0163276187,"08-2021":0.0127932351,"10-2021":0.0118200009,"12-2021":0.0075757576,"02-2022":0.0075472773,"04-2022":0.0080342018,"06-2022":0.0080199293,"08-2022":0.0073308271,"10-2022":0.0075329834,"12-2022":0.0077735849,"02-2023":0.0057805236,"04-2023":0.0075226244,"06-2023":0.0094627595,"08-2023":0.0093266105,"10-2023":0.0078220661,"12-2023":0.0111968048,"02-2024":0.0215246084,"04-2024":0.0278516058,"06-2024":0.0334799203,"08-2024":0.0296622915,"10-2024":0.0257908217,"12-2024":0.0242888768,"02-2025":0.0344054581,"04-2025":0.0393178105,"06-2025":0.0446251994,"08-2025":0.0518640856,"10-2025":0.0679891944,"12-2025":0.0756818182,"02-2026":0.0910910847,"04-2026":0.0986590038,"06-2026":0.1032942526,"08-2026":0.1117463617,"10-2026":0.111874032,"12-2026":0.1411122661,"02-2027":0.1547628433,"04-2027":0.1745895127,"06-2027":0.1987900466,"08-2027":0.2444331721,"10-2027":0.2765319055,"12-2027":0.2967422797,"02-2028":0.2810578106,"04-2028":0.2864009047,"06-2028":0.2997129736,"08-2028":0.3157814724,"10-2028":0.2975712099,"12-2028":0.2990871729,"02-2029":0.3144068572,"04-2029":0.3040536801,"06-2029":0.2665023605,"08-2029":0.2645500726,"10-2029":0.2614956403,"12-2029":0.2653016014,"02-2030":0.2790598291,"04-2030":0.279387944,"06-2030":0.2755158713,"08-2030":0.26757835,"10-2030":0.2790262172,"12-2030":0.2773399015},"percentile_25":{"02-2020":0.0336404027,"04-2020":0.0321935484,"06-2020":0.0302604967,"08-2020":0.0240722892,"10-2020":0.0207041989,"12-2020":0.0168599085,"02-2021":0.0118938309,"04-2021":0.0078896381,"06-2021":0.0038167939,"08-2021":0.0,"10-2021":0.0,"12-2021":0.0,"02-2022":0.0,"04-2022":0.0,"06-2022":0.0,"08-2022":0.0,"10-2022":0.0,"12-2022":0.0,"02-2023":0.0,"04-2023":0.0,"06-2023":0.0,"08-2023":0.0,"10-2023":0.0,"12-2023":0.0,"02-2024":0.0,"04-2024":0.0,"06-2024":0.0,"08-2024":0.0,"10-2024":0.0,"12-2024":0.0,"02-2025":0.0,"04-2025":0.0,"06-2025":0.0,"08-2025":0.0,"10-2025":0.0,"12-2025":0.0,"02-2026":0.0,"04-2026":0.0,"06-2026":0.0,"08-2026":0.0,"10-2026":0.0,"12-2026":0.0,"02-2027":0.0,"04-2027":0.0,"06-2027":0.0,"08-2027":0.0,"10-2027":0.0,"12-2027":0.0,"02-2028":0.0,"04-2028":0.0,"06-2028":0.0,"08-2028":0.0,"10-2028":0.0,"12-2028":0.0,"02-2029":0.0,"04-2029":0.0,"06-2029":0.0,"08-2029":0.0,"10-2029":0.0,"12-2029":0.0,"02-2030":0.0,"04-2030":0.0,"06-2030":0.0,"08-2030":0.0,"10-2030":0.0,"12-2030":0.0},"percentile_75":{"02-2020":0.0885725629,"04-2020":0.0811360449,"06-2020":0.0803949758,"08-2020":0.0746640625,"10-2020":0.0704401687,"12-2020":0.0604246253,"02-2021":0.0479778598,"04-2021":0.0419457444,"06-2021":0.0427623728,"08-2021":0.0558454936,"10-2021":0.0618500274,"12-2021":0.0784536961,"02-2022":0.0924460432,"04-2022":0.103443015,"06-2022":0.1316938169,"08-2022":0.178318686,"10-2022":0.2283791663,"12-2022":0.2883101739,"02-2023":0.3474397497,"04-2023":0.4121262785,"06-2023":0.4922067901,"08-2023":0.5788118843,"10-2023":0.6221486304,"12-2023":0.6743092692,"02-2024":0.6812854899,"04-2024":0.6831988456,"06-2024":0.6682885225,"08-2024":0.666988417,"10-2024":0.6636130414,"12-2024":0.6444391907,"02-2025":0.6365391365,"04-2025":0.632983683,"06-2025":0.6175459036,"08-2025":0.6210288368,"10-2025":0.6075696741,"12-2025":0.5916020467,"02-2026":0.5746098783,"04-2026":0.5733262108,"06-2026":0.5682027843,"08-2026":0.5662646052,"10-2026":0.5474741327,"12-2026":0.5375973718,"02-2027":0.5370774769,"04-2027":0.5252574411,"06-2027":0.5201040952,"08-2027":0.5004612546,"10-2027":0.4992190096,"12-2027":0.4908248631,"02-2028":0.4839621722,"04-2028":0.4766389569,"06-2028":0.471442151,"08-2028":0.4569351098,"10-2028":0.4514281491,"12-2028":0.4517951111,"02-2029":0.4447565543,"04-2029":0.4513888889,"06-2029":0.444046477,"08-2029":0.4337719298,"10-2029":0.4252314815,"12-2029":0.4170751634,"02-2030":0.4080735412,"04-2030":0.4050742057,"06-2030":0.4074719319,"08-2030":0.4059418932,"10-2030":0.4098378936,"12-2030":0.4151939942}}