{"median":{"02-2020":0.0595744681,"04-2020":0.0654997766,"06-2020":0.0718414222,"08-2020":0.0727299442,"10-2020":0.0731763926,"12-2020":0.0809251559,"02-2021":0.0817901778,"04-2021":0.0775523124,"06-2021":0.0729660738,"08-2021":0.0696733014,"10-2021":0.072259542,"12-2021":0.0911285592,"02-2022":0.1043216766,"04-2022":0.1279981797,"06-2022":0.1450381679,"08-2022":0.1749841872,"10-2022":0.2087301587,"12-2022":0.2461125844,"02-2023":0.2882791007,"04-2023":0.3399562257,"06-2023":0.4291009087,"08-2023":0.498046875,"10-2023":0.5469832287,"12-2023":0.5716822632,"02-2024":0.5927956372,"04-2024":0.6007075973,"06-2024":0.5977011494,"08-2024":0.5996323529,"10-2024":0.5957817481,"12-2024":0.5781782308,"02-2025":0.5733829702,"04-2025":0.5681328413,"06-2025":0.5555518688,"08-2025":0.5588521664,"10-2025":0.5490573023,"12-2025":0.5333333333,"02-2026":0.5219138174,"04-2026":0.5179925055,"06-2026":0.518543956,"08-2026":0.5057259416,"10-2026":0.4935430821,"12-2026":0.4894976498,"02-2027":0.4803822797,"04-2027":0.4775252525,"06-2027":0.4670289855,"08-2027":0.4596644692,"10-2027":0.4498578462,"12-2027":0.4411732901,"02-2028":0.4377216596,"04-2028":0.4283001014,"06-2028":0.4291023064,"08-2028":0.427583941,"10-2028":0.4238196898,"12-2028":0.4213752104,"02-2029":0.4108854852,"04-2029":0.4003676471,"06-2029":0.410661802,"08-2029":0.4014101991,"10-2029":0.3955603578,"12-2029":0.3950582698,"02-2030":0.3925751594,"04-2030":0.3944429965,"06-2030":0.3836822304,"08-2030":0.3792070699,"10-2030":0.3848927096,"12-2030":0.3947355461},"percentile_25":{"02-2020":0.0392156863,"04-2020":0.0382776169,"06-2020":0.0401835483,"08-2020":0.0384995137,"10-2020":0.0361084337,"12-2020":0.0352596507,"02-2021":0.0333498325,"04-2021":0.0306220935,"06-2021":0.0246482948,"08-2021":0.020242915,"10-2021":0.0235780671,"12-2021":0.0224719101,"02-2022":0.0236263736,"04-2022":0.0256420503,"06-2022":0.0258547009,"08-2022":0.0272373541,"10-2022":0.0279444444,"12-2022":0.0303272638,"02-2023":0.0321857139,"04-2023":0.0410527104,"06-2023":0.0388388597,"08-2023":0.0454044118,"10-2023":0.0470902178,"12-2023":0.0593675591,"02-2024":0.0661456133,"04-2024":0.0709459459,"06-2024":0.0826221023,"08-2024":0.0835067319,"10-2024":0.1057692308,"12-2024":0.1229884734,"02-2025":0.1392724321,"04-2025":0.1522218668,"06-2025":0.1780645434,"08-2025":0.1893435512,"10-2025":0.20905032,"12-2025":0.2304454958,"02-2026":0.2570606695,"04-2026":0.2838279678,"06-2026":0.3266909731,"08-2026":0.3709116541,"10-2026":0.3951275459,"12-2026":0.3973782772,"02-2027":0.3895971351,"04-2027":0.3840541094,"06-2027":0.365896567,"08-2027":0.3791797283,"10-2027":0.3709222245,"12-2027":0.3762080673,"02-2028":0.3711798868,"04-2028":0.3633741019,"06-2028":0.3542579075,"08-2028":0.3557211201,"10-2028":0.3541440135,"12-2028":0.347999254,"02-2029":0.3484538003,"04-2029":0.3540935031,"06-2029":0.3469845013,"08-2029":0.3356976716,"10-2029":0.3373295123,"12-2029":0.3246991518,"02-2030":0.3338991496,"04-2030":0.3260466989,"06-2030":0.3284362237,"08-2030":0.3320610687,"10-2030":0.3352638353,"12-2030":0.3306247489},"percentile_75":{"02-2020":0.1027151477,"04-2020":0.1143579152,"06-2020":0.1377204885,"08-2020":0.145482531,"10-2020":0.1511097598,"12-2020":0.1529054117,"02-2021":0.1568953688,"04-2021":0.1621069824,"06-2021":0.1693347094,"08-2021":0.1867313449,"10-2021":0.2127440904,"12-2021":0.2672343357,"02-2022":0.3095486786,"04-2022":0.3670506912,"06-2022":0.4344965428,"08-2022":0.5136538462,"10-2022":0.5838104114,"12-2022":0.664369189,"02-2023":0.7035315985,"04-2023":0.7239530133,"06-2023":0.722842015,"08-2023":0.6975731247,"10-2023":0.6888392857,"12-2023":0.6979076724,"02-2024":0.6971047237,"04-2024":0.6880532319,"06-2024":0.687911726,"08-2024":0.667,"10-2024":0.6554385799,"12-2024":0.6485994234,"02-2025":0.644379845,"04-2025":0.6314241486,"06-2025":0.6319418576,"08-2025":0.6218933464,"10-2025":0.6125552895,"12-2025":0.5932516936,"02-2026":0.5885645303,"04-2026":0.5749906043,"06-2026":0.5814534522,"08-2026":0.5738961622,"10-2026":0.5705217145,"12-2026":0.5571243133,"02-2027":0.5494084122,"04-2027":0.5355871212,"06-2027":0.5258876908,"08-2027":0.5146253757,"10-2027":0.5023095144,"12-2027":0.5023750706,"02-2028":0.5004266212,"04-2028":0.4854539726,"06-2028":0.4790733591,"08-2028":0.4782949522,"10-2028":0.4715211173,"12-2028":0.4692441705,"02-2029":0.4731257745,"04-2029":0.4594843005,"06-2029":0.445722135,"08-2029":0.4403206876,"10-2029":0.4403107547,"12-2029":0.4460708356,"02-2030":0.4513786879,"04-2030":0.4374160188,"06-2030":0.4306337841,"08-2030":0.4478657543,"10-2030":0.4400746269,"12-2030":0.4480493986}}