{"median":{"02-2020":0.0552415136,"04-2020":0.0486817419,"06-2020":0.0442804428,"08-2020":0.0456222506,"10-2020":0.0435475809,"12-2020":0.0469417735,"02-2021":0.0398412698,"04-2021":0.0451191017,"06-2021":0.04581743,"08-2021":0.0544340068,"10-2021":0.065624901,"12-2021":0.0776936306,"02-2022":0.0990289282,"04-2022":0.1113359684,"06-2022":0.1364475123,"08-2022":0.1704484229,"10-2022":0.1892784553,"12-2022":0.2413817664,"02-2023":0.3057101415,"04-2023":0.3713304924,"06-2023":0.4450920701,"08-2023":0.5155813156,"10-2023":0.5677741863,"12-2023":0.59846452,"02-2024":0.5961538462,"04-2024":0.5932925661,"06-2024":0.6007308274,"08-2024":0.5909750394,"10-2024":0.5817941079,"12-2024":0.5758663516,"02-2025":0.5649764656,"04-2025":0.5679775281,"06-2025":0.5607458347,"08-2025":0.5471217105,"10-2025":0.5429941912,"12-2025":0.536963037,"02-2026":0.5217475422,"04-2026":0.5,"06-2026":0.4918012298,"08-2026":0.4980913528,"10-2026":0.4914423831,"12-2026":0.4875822729,"02-2027":0.4689447979,"04-2027":0.4623481781,"06-2027":0.4618298368,"08-2027":0.443626647,"10-2027":0.4471509972,"12-2027":0.4377358491,"02-2028":0.4243186192,"04-2028":0.4177612836,"06-2028":0.4171211928,"08-2028":0.4118028885,"10-2028":0.4000079348,"12-2028":0.4017911819,"02-2029":0.3977483947,"04-2029":0.3920564545,"06-2029":0.3890841263,"08-2029":0.383945001,"10-2029":0.3850480742,"12-2029":0.3769615966,"02-2030":0.3786300505,"04-2030":0.3724701539,"06-2030":0.370706344,"08-2030":0.3723580918,"10-2030":0.3738153536,"12-2030":0.3848752599},"percentile_25":{"02-2020":0.0336404027,"04-2020":0.0321935484,"06-2020":0.0285770498,"08-2020":0.0241710044,"10-2020":0.0227311281,"12-2020":0.0193807117,"02-2021":0.0153698792,"04-2021":0.0119880478,"06-2021":0.0106761566,"08-2021":0.0079681275,"10-2021":0.0079286655,"12-2021":0.0096739834,"02-2022":0.0095802436,"04-2022":0.0106550682,"06-2022":0.0117532169,"08-2022":0.0111733002,"10-2022":0.0138596004,"12-2022":0.0148148148,"02-2023":0.018104709,"04-2023":0.0175461632,"06-2023":0.0185185185,"08-2023":0.0224319991,"10-2023":0.0221611722,"12-2023":0.0249125874,"02-2024":0.0272085527,"04-2024":0.0352810003,"06-2024":0.0365706937,"08-2024":0.0299142367,"10-2024":0.0318034953,"12-2024":0.0486788751,"02-2025":0.0560136656,"04-2025":0.0549085541,"06-2025":0.0528310176,"08-2025":0.0577840909,"10-2025":0.0469090909,"12-2025":0.0490324892,"02-2026":0.0523054371,"04-2026":0.0620876484,"06-2026":0.0701928965,"08-2026":0.0752342514,"10-2026":0.0783742571,"12-2026":0.0844481605,"02-2027":0.0890516891,"04-2027":0.0970299865,"06-2027":0.1077532392,"08-2027":0.0979441906,"10-2027":0.0909288824,"12-2027":0.093702636,"02-2028":0.1101721472,"04-2028":0.1149200337,"06-2028":0.1223722739,"08-2028":0.1362276612,"10-2028":0.1421472511,"12-2028":0.1478145874,"02-2029":0.1794887087,"04-2029":0.1868907233,"06-2029":0.19473466,"08-2029":0.1879221593,"10-2029":0.1935937736,"12-2029":0.2021352313,"02-2030":0.2091720779,"04-2030":0.2348073123,"06-2030":0.2330407207,"08-2030":0.2370113328,"10-2030":0.2573020885,"12-2030":0.2579485978},"percentile_75":{"02-2020":0.0885725629,"04-2020":0.0811360449,"06-2020":0.0809906749,"08-2020":0.0807810316,"10-2020":0.0867246241,"12-2020":0.0875715649,"02-2021":0.0973642898,"04-2021":0.1065627911,"06-2021":0.1247918748,"08-2021":0.1539245426,"10-2021":0.1830667996,"12-2021":0.2356103098,"02-2022":0.296947423,"04-2022":0.3606943195,"06-2022":0.4426609442,"08-2022":0.5274178158,"10-2022":0.6163596564,"12-2022":0.6870801552,"02-2023":0.7100086188,"04-2023":0.7089086369,"06-2023":0.7086859504,"08-2023":0.7052217523,"10-2023":0.7054334038,"12-2023":0.7095506011,"02-2024":0.7100961538,"04-2024":0.7104247104,"06-2024":0.6925262238,"08-2024":0.6743745774,"10-2024":0.6720264715,"12-2024":0.6610735088,"02-2025":0.6455591139,"04-2025":0.637044187,"06-2025":0.6209837781,"08-2025":0.6160264821,"10-2025":0.6098090278,"12-2025":0.5933866594,"02-2026":0.5784103115,"04-2026":0.5807668898,"06-2026":0.5694898168,"08-2026":0.5646238944,"10-2026":0.5583440989,"12-2026":0.557312253,"02-2027":0.5451269732,"04-2027":0.534484289,"06-2027":0.5194561436,"08-2027":0.5089674824,"10-2027":0.5035099638,"12-2027":0.4919846855,"02-2028":0.48256917,"04-2028":0.4834179971,"06-2028":0.4837575496,"08-2028":0.4750712928,"10-2028":0.4689256792,"12-2028":0.4670557937,"02-2029":0.4503407304,"04-2029":0.4487566094,"06-2029":0.4463987027,"08-2029":0.4389284584,"10-2029":0.4387259662,"12-2029":0.435822608,"02-2030":0.4373959263,"04-2030":0.4246456965,"06-2030":0.4296734809,"08-2030":0.4329234973,"10-2030":0.4215117552,"12-2030":0.4318121208}}