{"median":{"02-2020":0.0595744681,"04-2020":0.0654997766,"06-2020":0.0718414222,"08-2020":0.0727299442,"10-2020":0.0731763926,"12-2020":0.0809251559,"02-2021":0.0794263651,"04-2021":0.0710306895,"06-2021":0.0596823332,"08-2021":0.0503164557,"10-2021":0.0359067585,"12-2021":0.0270842688,"02-2022":0.0258316652,"04-2022":0.0259347464,"06-2022":0.0261634799,"08-2022":0.0271419769,"10-2022":0.0299625468,"12-2022":0.0398041475,"02-2023":0.0434616162,"04-2023":0.0554401872,"06-2023":0.0684301281,"08-2023":0.0834581162,"10-2023":0.1007101086,"12-2023":0.1225874743,"02-2024":0.1583331121,"04-2024":0.1828670058,"06-2024":0.2396911197,"08-2024":0.2762912114,"10-2024":0.3265,"12-2024":0.3641561338,"02-2025":0.4159864739,"04-2025":0.4684352827,"06-2025":0.5287488589,"08-2025":0.5648351648,"10-2025":0.5635589769,"12-2025":0.5518011123,"02-2026":0.5370755507,"04-2026":0.5215122854,"06-2026":0.5176680651,"08-2026":0.517280739,"10-2026":0.5065194474,"12-2026":0.4868674018,"02-2027":0.4845557543,"04-2027":0.477857065,"06-2027":0.4580380228,"08-2027":0.4554357394,"10-2027":0.4548995259,"12-2027":0.4448398577,"02-2028":0.4388457557,"04-2028":0.43102537,"06-2028":0.4216749644,"08-2028":0.4085986958,"10-2028":0.4061738897,"12-2028":0.3973486893,"02-2029":0.3882559725,"04-2029":0.382247765,"06-2029":0.3848752599,"08-2029":0.3752192982,"10-2029":0.3798976759,"12-2029":0.3799193986,"02-2030":0.3727511052,"04-2030":0.3721176145,"06-2030":0.3698671832,"08-2030":0.359129079,"10-2030":0.3674152308,"12-2030":0.3629859682},"percentile_25":{"02-2020":0.0392156863,"04-2020":0.0382776169,"06-2020":0.0401835483,"08-2020":0.0384995137,"10-2020":0.0361084337,"12-2020":0.0352596507,"02-2021":0.0321655137,"04-2021":0.0257471283,"06-2021":0.0206622068,"08-2021":0.0159840637,"10-2021":0.0114724007,"12-2021":0.0065262736,"02-2022":0.0038572914,"04-2022":0.0028089888,"06-2022":0.0,"08-2022":0.0,"10-2022":0.0,"12-2022":0.0,"02-2023":0.0,"04-2023":0.0,"06-2023":0.0,"08-2023":0.0,"10-2023":0.0,"12-2023":0.0,"02-2024":0.0,"04-2024":0.0,"06-2024":0.0,"08-2024":0.0,"10-2024":0.0,"12-2024":0.0,"02-2025":0.0,"04-2025":0.0,"06-2025":0.0,"08-2025":0.0,"10-2025":0.0,"12-2025":0.0,"02-2026":0.0,"04-2026":0.0,"06-2026":0.0,"08-2026":0.0,"10-2026":0.0,"12-2026":0.0,"02-2027":0.0,"04-2027":0.0,"06-2027":0.0,"08-2027":0.0,"10-2027":0.0,"12-2027":0.0,"02-2028":0.0,"04-2028":0.0,"06-2028":0.0,"08-2028":0.0,"10-2028":0.0,"12-2028":0.0,"02-2029":0.0,"04-2029":0.0,"06-2029":0.0,"08-2029":0.0,"10-2029":0.0,"12-2029":0.0,"02-2030":0.0,"04-2030":0.0,"06-2030":0.0,"08-2030":0.0,"10-2030":0.0,"12-2030":0.0},"percentile_75":{"02-2020":0.1027151477,"04-2020":0.1143579152,"06-2020":0.1377204885,"08-2020":0.145482531,"10-2020":0.1511097598,"12-2020":0.1529054117,"02-2021":0.1473503622,"04-2021":0.1394098036,"06-2021":0.1229612327,"08-2021":0.1077294056,"10-2021":0.1028194913,"12-2021":0.0934036305,"02-2022":0.1040416667,"04-2022":0.1127881324,"06-2022":0.1345321082,"08-2022":0.1630695444,"10-2022":0.2012720829,"12-2022":0.2642601875,"02-2023":0.3248661149,"04-2023":0.3880401235,"06-2023":0.474994876,"08-2023":0.5433384717,"10-2023":0.6365714367,"12-2023":0.6924138424,"02-2024":0.7088942308,"04-2024":0.7193161232,"06-2024":0.7008241758,"08-2024":0.693856354,"10-2024":0.6856331169,"12-2024":0.6741383371,"02-2025":0.6607978279,"04-2025":0.6607766016,"06-2025":0.6493798654,"08-2025":0.6447532103,"10-2025":0.6456558144,"12-2025":0.6400597399,"02-2026":0.6225614201,"04-2026":0.6176260195,"06-2026":0.6009720203,"08-2026":0.5884615385,"10-2026":0.5833938294,"12-2026":0.5742841319,"02-2027":0.5675929689,"04-2027":0.5574072666,"06-2027":0.5447768661,"08-2027":0.5343872048,"10-2027":0.5288327526,"12-2027":0.5198036891,"02-2028":0.5176605177,"04-2028":0.5047930123,"06-2028":0.4964093011,"08-2028":0.4876095825,"10-2028":0.4857645875,"12-2028":0.4725279876,"02-2029":0.4669642857,"04-2029":0.4640268391,"06-2029":0.4585677004,"08-2029":0.4448275862,"10-2029":0.4425826401,"12-2029":0.4449471264,"02-2030":0.441013986,"04-2030":0.4236281785,"06-2030":0.4264143157,"08-2030":0.4295062608,"10-2030":0.4263992107,"12-2030":0.4231302872}}