{"median":{"02-2020":0.0595744681,"04-2020":0.0654997766,"06-2020":0.0718414222,"08-2020":0.0727299442,"10-2020":0.0731763926,"12-2020":0.0809251559,"02-2021":0.0794263651,"04-2021":0.0710306895,"06-2021":0.057934532,"08-2021":0.0494245674,"10-2021":0.0357148481,"12-2021":0.0219853968,"02-2022":0.0167366947,"04-2022":0.0151242245,"06-2022":0.0083507671,"08-2022":0.0075047168,"10-2022":0.0038461538,"12-2022":0.0017482517,"02-2023":0.0,"04-2023":0.0,"06-2023":0.0,"08-2023":0.0,"10-2023":0.0,"12-2023":0.0,"02-2024":0.0,"04-2024":0.0,"06-2024":0.0,"08-2024":0.0,"10-2024":0.0,"12-2024":0.0,"02-2025":0.0,"04-2025":0.0,"06-2025":0.0,"08-2025":0.0,"10-2025":0.0,"12-2025":0.0,"02-2026":0.0,"04-2026":0.0,"06-2026":0.0,"08-2026":0.0,"10-2026":0.0,"12-2026":0.0,"02-2027":0.0,"04-2027":0.0,"06-2027":0.0,"08-2027":0.0,"10-2027":0.0,"12-2027":0.0,"02-2028":0.0,"04-2028":0.0,"06-2028":0.0,"08-2028":0.0,"10-2028":0.0,"12-2028":0.0,"02-2029":0.0,"04-2029":0.0,"06-2029":0.0,"08-2029":0.0,"10-2029":0.0,"12-2029":0.0,"02-2030":0.0,"04-2030":0.0,"06-2030":0.0,"08-2030":0.0,"10-2030":0.0,"12-2030":0.0},"percentile_25":{"02-2020":0.0392156863,"04-2020":0.0382776169,"06-2020":0.0401835483,"08-2020":0.0384995137,"10-2020":0.0361084337,"12-2020":0.0352596507,"02-2021":0.0321655137,"04-2021":0.0257471283,"06-2021":0.0221402214,"08-2021":0.015968254,"10-2021":0.0118344571,"12-2021":0.0043499899,"02-2022":0.0039331481,"04-2022":0.0026595745,"06-2022":0.0,"08-2022":0.0,"10-2022":0.0,"12-2022":0.0,"02-2023":0.0,"04-2023":0.0,"06-2023":0.0,"08-2023":0.0,"10-2023":0.0,"12-2023":0.0,"02-2024":0.0,"04-2024":0.0,"06-2024":0.0,"08-2024":0.0,"10-2024":0.0,"12-2024":0.0,"02-2025":0.0,"04-2025":0.0,"06-2025":0.0,"08-2025":0.0,"10-2025":0.0,"12-2025":0.0,"02-2026":0.0,"04-2026":0.0,"06-2026":0.0,"08-2026":0.0,"10-2026":0.0,"12-2026":0.0,"02-2027":0.0,"04-2027":0.0,"06-2027":0.0,"08-2027":0.0,"10-2027":0.0,"12-2027":0.0,"02-2028":0.0,"04-2028":0.0,"06-2028":0.0,"08-2028":0.0,"10-2028":0.0,"12-2028":0.0,"02-2029":0.0,"04-2029":0.0,"06-2029":0.0,"08-2029":0.0,"10-2029":0.0,"12-2029":0.0,"02-2030":0.0,"04-2030":0.0,"06-2030":0.0,"08-2030":0.0,"10-2030":0.0,"12-2030":0.0},"percentile_75":{"02-2020":0.1027151477,"04-2020":0.1143579152,"06-2020":0.1377204885,"08-2020":0.145482531,"10-2020":0.1511097598,"12-2020":0.1529054117,"02-2021":0.1473503622,"04-2021":0.1394098036,"06-2021":0.1236601672,"08-2021":0.1021453663,"10-2021":0.0887425179,"12-2021":0.0695415849,"02-2022":0.0606175679,"04-2022":0.0480481928,"06-2022":0.0369061611,"08-2022":0.0304812307,"10-2022":0.0229099858,"12-2022":0.0198412698,"02-2023":0.0164643072,"04-2023":0.0124105198,"06-2023":0.0124754868,"08-2023":0.0127723154,"10-2023":0.0129337189,"12-2023":0.0118582677,"02-2024":0.0130127506,"04-2024":0.0122138937,"06-2024":0.0097684627,"08-2024":0.0086249887,"10-2024":0.0129150168,"12-2024":0.0122680456,"02-2025":0.0119870766,"04-2025":0.0175592625,"06-2025":0.0251572327,"08-2025":0.0334269663,"10-2025":0.0318313564,"12-2025":0.0476416195,"02-2026":0.0763222743,"04-2026":0.0890213523,"06-2026":0.1083683337,"08-2026":0.1316076115,"10-2026":0.155658674,"12-2026":0.1700920643,"02-2027":0.1987471708,"04-2027":0.2220426313,"06-2027":0.2440076228,"08-2027":0.2953781513,"10-2027":0.317471386,"12-2027":0.3333684798,"02-2028":0.3392264917,"04-2028":0.348244206,"06-2028":0.3489499528,"08-2028":0.351784766,"10-2028":0.3567755255,"12-2028":0.3820787925,"02-2029":0.3815510332,"04-2029":0.3751926654,"06-2029":0.3621066434,"08-2029":0.3609573241,"10-2029":0.3847579051,"12-2029":0.362215676,"02-2030":0.3807584756,"04-2030":0.3882816823,"06-2030":0.3845550588,"08-2030":0.3564635365,"10-2030":0.3684210526,"12-2030":0.3547842556}}