{"median":{"02-2020":0.0595744681,"04-2020":0.0654997766,"06-2020":0.0718414222,"08-2020":0.0727299442,"10-2020":0.0731763926,"12-2020":0.0809251559,"02-2021":0.0794263651,"04-2021":0.0710306895,"06-2021":0.057934532,"08-2021":0.0494245674,"10-2021":0.0357148481,"12-2021":0.0219853968,"02-2022":0.0164288365,"04-2022":0.0156561169,"06-2022":0.0115003305,"08-2022":0.0082993268,"10-2022":0.0040412122,"12-2022":0.0038316426,"02-2023":0.0,"04-2023":0.0,"06-2023":0.0,"08-2023":0.0,"10-2023":0.0,"12-2023":0.0,"02-2024":0.0,"04-2024":0.0,"06-2024":0.0,"08-2024":0.0,"10-2024":0.0017241379,"12-2024":0.0017241379,"02-2025":0.0035094632,"04-2025":0.0017482517,"06-2025":0.0,"08-2025":0.0018248175,"10-2025":0.0019305019,"12-2025":0.0019607843,"02-2026":0.0018382353,"04-2026":0.0036101083,"06-2026":0.0035714286,"08-2026":0.0056254368,"10-2026":0.0074349442,"12-2026":0.0093914562,"02-2027":0.0133392713,"04-2027":0.0144799599,"06-2027":0.0151133853,"08-2027":0.0127870913,"10-2027":0.0162925464,"12-2027":0.021978022,"02-2028":0.0200483092,"04-2028":0.0234283023,"06-2028":0.0322260625,"08-2028":0.0324262774,"10-2028":0.0282210904,"12-2028":0.0321756362,"02-2029":0.0337231969,"04-2029":0.0370813093,"06-2029":0.0262579083,"08-2029":0.042211482,"10-2029":0.0373986829,"12-2029":0.0426056338,"02-2030":0.0477031802,"04-2030":0.0512686045,"06-2030":0.0579385403,"08-2030":0.0598112135,"10-2030":0.062092988,"12-2030":0.0551598688},"percentile_25":{"02-2020":0.0392156863,"04-2020":0.0382776169,"06-2020":0.0401835483,"08-2020":0.0384995137,"10-2020":0.0361084337,"12-2020":0.0352596507,"02-2021":0.0321655137,"04-2021":0.0257471283,"06-2021":0.0221402214,"08-2021":0.015968254,"10-2021":0.0118344571,"12-2021":0.0043499899,"02-2022":0.0039215686,"04-2022":0.0,"06-2022":0.0,"08-2022":0.0,"10-2022":0.0,"12-2022":0.0,"02-2023":0.0,"04-2023":0.0,"06-2023":0.0,"08-2023":0.0,"10-2023":0.0,"12-2023":0.0,"02-2024":0.0,"04-2024":0.0,"06-2024":0.0,"08-2024":0.0,"10-2024":0.0,"12-2024":0.0,"02-2025":0.0,"04-2025":0.0,"06-2025":0.0,"08-2025":0.0,"10-2025":0.0,"12-2025":0.0,"02-2026":0.0,"04-2026":0.0,"06-2026":0.0,"08-2026":0.0,"10-2026":0.0,"12-2026":0.0,"02-2027":0.0,"04-2027":0.0,"06-2027":0.0,"08-2027":0.0,"10-2027":0.0,"12-2027":0.0,"02-2028":0.0,"04-2028":0.0,"06-2028":0.0,"08-2028":0.0,"10-2028":0.0,"12-2028":0.0,"02-2029":0.0,"04-2029":0.0,"06-2029":0.0,"08-2029":0.0,"10-2029":0.0,"12-2029":0.0,"02-2030":0.0,"04-2030":0.0,"06-2030":0.0,"08-2030":0.0,"10-2030":0.0,"12-2030":0.0},"percentile_75":{"02-2020":0.1027151477,"04-2020":0.1143579152,"06-2020":0.1377204885,"08-2020":0.145482531,"10-2020":0.1511097598,"12-2020":0.1529054117,"02-2021":0.1473503622,"04-2021":0.1394098036,"06-2021":0.1236601672,"08-2021":0.1021453663,"10-2021":0.0887425179,"12-2021":0.0695415849,"02-2022":0.0627640356,"04-2022":0.0561769316,"06-2022":0.0501382898,"08-2022":0.0553608678,"10-2022":0.0694721268,"12-2022":0.0819754779,"02-2023":0.1039444881,"04-2023":0.1406867589,"06-2023":0.1930121769,"08-2023":0.2343795021,"10-2023":0.2889427988,"12-2023":0.3612325175,"02-2024":0.435515873,"04-2024":0.5157030275,"06-2024":0.5663849303,"08-2024":0.6233780277,"10-2024":0.6627747253,"12-2024":0.6721119544,"02-2025":0.6687895361,"04-2025":0.6535890218,"06-2025":0.6518666042,"08-2025":0.6559979839,"10-2025":0.6540245203,"12-2025":0.6411185695,"02-2026":0.628570436,"04-2026":0.618011331,"06-2026":0.6116008091,"08-2026":0.6066593605,"10-2026":0.5935502139,"12-2026":0.5923673094,"02-2027":0.5794101732,"04-2027":0.5703834116,"06-2027":0.5545865633,"08-2027":0.5483488733,"10-2027":0.5526555024,"12-2027":0.5347119078,"02-2028":0.5261750772,"04-2028":0.5133366933,"06-2028":0.5092812593,"08-2028":0.4926458833,"10-2028":0.4880808468,"12-2028":0.4784938007,"02-2029":0.4685015522,"04-2029":0.4645841545,"06-2029":0.4560052473,"08-2029":0.4523460411,"10-2029":0.4404135338,"12-2029":0.438516578,"02-2030":0.426614507,"04-2030":0.4289653361,"06-2030":0.416681843,"08-2030":0.405429439,"10-2030":0.4087591241,"12-2030":0.4184839551}}