{"median":{"02-2020":0.0583584704,"04-2020":0.056000896,"06-2020":0.051934676,"08-2020":0.0481927711,"10-2020":0.0404884846,"12-2020":0.0357888246,"02-2021":0.0276135197,"04-2021":0.0205761317,"06-2021":0.0137927766,"08-2021":0.0086025086,"10-2021":0.0071182491,"12-2021":0.0040651078,"02-2022":0.0034971876,"04-2022":0.0,"06-2022":0.0,"08-2022":0.0,"10-2022":0.0,"12-2022":0.0,"02-2023":0.0,"04-2023":0.0,"06-2023":0.0,"08-2023":0.0,"10-2023":0.0,"12-2023":0.0,"02-2024":0.0,"04-2024":0.0,"06-2024":0.0,"08-2024":0.0,"10-2024":0.0,"12-2024":0.0,"02-2025":0.0,"04-2025":0.0,"06-2025":0.0,"08-2025":0.0,"10-2025":0.0,"12-2025":0.0,"02-2026":0.0,"04-2026":0.0,"06-2026":0.0,"08-2026":0.0,"10-2026":0.0,"12-2026":0.0,"02-2027":0.0,"04-2027":0.0,"06-2027":0.0,"08-2027":0.0,"10-2027":0.0,"12-2027":0.0,"02-2028":0.0,"04-2028":0.0,"06-2028":0.0,"08-2028":0.0,"10-2028":0.0,"12-2028":0.0,"02-2029":0.0,"04-2029":0.0,"06-2029":0.0,"08-2029":0.0,"10-2029":0.0,"12-2029":0.0,"02-2030":0.0,"04-2030":0.0,"06-2030":0.0,"08-2030":0.0,"10-2030":0.0,"12-2030":0.0},"percentile_25":{"02-2020":0.0344827586,"04-2020":0.0299331761,"06-2020":0.0230769231,"08-2020":0.0194176945,"10-2020":0.0165983607,"12-2020":0.0125928444,"02-2021":0.0115718741,"04-2021":0.0060921717,"06-2021":0.0039331481,"08-2021":0.0,"10-2021":0.0,"12-2021":0.0,"02-2022":0.0,"04-2022":0.0,"06-2022":0.0,"08-2022":0.0,"10-2022":0.0,"12-2022":0.0,"02-2023":0.0,"04-2023":0.0,"06-2023":0.0,"08-2023":0.0,"10-2023":0.0,"12-2023":0.0,"02-2024":0.0,"04-2024":0.0,"06-2024":0.0,"08-2024":0.0,"10-2024":0.0,"12-2024":0.0,"02-2025":0.0,"04-2025":0.0,"06-2025":0.0,"08-2025":0.0,"10-2025":0.0,"12-2025":0.0,"02-2026":0.0,"04-2026":0.0,"06-2026":0.0,"08-2026":0.0,"10-2026":0.0,"12-2026":0.0,"02-2027":0.0,"04-2027":0.0,"06-2027":0.0,"08-2027":0.0,"10-2027":0.0,"12-2027":0.0,"02-2028":0.0,"04-2028":0.0,"06-2028":0.0,"08-2028":0.0,"10-2028":0.0,"12-2028":0.0,"02-2029":0.0,"04-2029":0.0,"06-2029":0.0,"08-2029":0.0,"10-2029":0.0,"12-2029":0.0,"02-2030":0.0,"04-2030":0.0,"06-2030":0.0,"08-2030":0.0,"10-2030":0.0,"12-2030":0.0},"percentile_75":{"02-2020":0.0866548448,"04-2020":0.0788030484,"06-2020":0.0800079281,"08-2020":0.0745545521,"10-2020":0.0718641115,"12-2020":0.0657118753,"02-2021":0.0541118937,"04-2021":0.0479778598,"06-2021":0.0369087214,"08-2021":0.0284090909,"10-2021":0.0269838857,"12-2021":0.0235994398,"02-2022":0.0251060227,"04-2022":0.02576062,"06-2022":0.0323955224,"08-2022":0.0383681414,"10-2022":0.0497671066,"12-2022":0.0573261402,"02-2023":0.0742407199,"04-2023":0.0865144538,"06-2023":0.1141506454,"08-2023":0.1277573529,"10-2023":0.1595333992,"12-2023":0.2089967566,"02-2024":0.2433859721,"04-2024":0.2831212232,"06-2024":0.3314096754,"08-2024":0.3742187093,"10-2024":0.4185704999,"12-2024":0.4719096543,"02-2025":0.5352218143,"04-2025":0.5944544882,"06-2025":0.596573812,"08-2025":0.5949937131,"10-2025":0.5983082707,"12-2025":0.5980681505,"02-2026":0.5865055997,"04-2026":0.5839552239,"06-2026":0.5775193798,"08-2026":0.5467252496,"10-2026":0.5526643554,"12-2026":0.5413196554,"02-2027":0.5371066434,"04-2027":0.5337092944,"06-2027":0.522686524,"08-2027":0.5209231806,"10-2027":0.5208851867,"12-2027":0.4961304629,"02-2028":0.5004416961,"04-2028":0.4897711917,"06-2028":0.4842280511,"08-2028":0.4733611216,"10-2028":0.467407377,"12-2028":0.4561119057,"02-2029":0.4596793708,"04-2029":0.4473347285,"06-2029":0.4350931959,"08-2029":0.4341754816,"10-2029":0.4340612919,"12-2029":0.4244505495,"02-2030":0.4216187754,"04-2030":0.4489586485,"06-2030":0.4470199845,"08-2030":0.4267890248,"10-2030":0.41848095,"12-2030":0.4066290594}}