{"median":{"02-2020":0.0632836016,"04-2020":0.0675757095,"06-2020":0.0769330611,"08-2020":0.0769230769,"10-2020":0.0783947908,"12-2020":0.0764925373,"02-2021":0.0744156904,"04-2021":0.0766141489,"06-2021":0.0796190933,"08-2021":0.0833413405,"10-2021":0.093074254,"12-2021":0.0951375483,"02-2022":0.1252197723,"04-2022":0.1322957198,"06-2022":0.1620567538,"08-2022":0.1835744369,"10-2022":0.2316777324,"12-2022":0.2656129878,"02-2023":0.3114072888,"04-2023":0.3504631737,"06-2023":0.4114583333,"08-2023":0.4893912864,"10-2023":0.531270903,"12-2023":0.568148312,"02-2024":0.5820123924,"04-2024":0.5875207267,"06-2024":0.5743397322,"08-2024":0.5929815991,"10-2024":0.5821929535,"12-2024":0.5848997494,"02-2025":0.5678774929,"04-2025":0.5637061404,"06-2025":0.5573950116,"08-2025":0.5521953405,"10-2025":0.5373518087,"12-2025":0.531864167,"02-2026":0.5173654917,"04-2026":0.5128719966,"06-2026":0.5074664289,"08-2026":0.5061873671,"10-2026":0.5045298759,"12-2026":0.4925921861,"02-2027":0.4890037594,"04-2027":0.4762842145,"06-2027":0.4722344585,"08-2027":0.4687480925,"10-2027":0.457764214,"12-2027":0.4513753783,"02-2028":0.442898133,"04-2028":0.4429120716,"06-2028":0.4275494488,"08-2028":0.4209753192,"10-2028":0.4083776012,"12-2028":0.412195498,"02-2029":0.4065199971,"04-2029":0.410451399,"06-2029":0.4032450505,"08-2029":0.4022363818,"10-2029":0.4049311059,"12-2029":0.4055007812,"02-2030":0.4096089259,"04-2030":0.4112534949,"06-2030":0.4146749327,"08-2030":0.4134765988,"10-2030":0.4026875902,"12-2030":0.3959032438},"percentile_25":{"02-2020":0.0376642036,"04-2020":0.0366973619,"06-2020":0.0343847962,"08-2020":0.0355773726,"10-2020":0.0345166715,"12-2020":0.0317567284,"02-2021":0.0297823293,"04-2021":0.0240722892,"06-2021":0.0209099108,"08-2021":0.0153110468,"10-2021":0.0154291654,"12-2021":0.0121218547,"02-2022":0.0120309568,"04-2022":0.0139745917,"06-2022":0.0150784823,"08-2022":0.0177482578,"10-2022":0.0175285241,"12-2022":0.0208223199,"02-2023":0.0246087101,"04-2023":0.026387344,"06-2023":0.0314723591,"08-2023":0.0388291517,"10-2023":0.0383200041,"12-2023":0.0453747628,"02-2024":0.0522838715,"04-2024":0.0524736842,"06-2024":0.0588283793,"08-2024":0.0636113183,"10-2024":0.0647934293,"12-2024":0.0810817878,"02-2025":0.0911633331,"04-2025":0.1079481181,"06-2025":0.1280570652,"08-2025":0.1459875116,"10-2025":0.1790560605,"12-2025":0.2009233926,"02-2026":0.222249725,"04-2026":0.2389705882,"06-2026":0.2880514706,"08-2026":0.3351715686,"10-2026":0.3499726133,"12-2026":0.3413318126,"02-2027":0.3235397759,"04-2027":0.3458305027,"06-2027":0.344359718,"08-2027":0.3457783511,"10-2027":0.3604631218,"12-2027":0.3702353617,"02-2028":0.368641133,"04-2028":0.3635756835,"06-2028":0.3637959866,"08-2028":0.3539913511,"10-2028":0.3512679218,"12-2028":0.3422377731,"02-2029":0.3405861518,"04-2029":0.3324592291,"06-2029":0.3292578397,"08-2029":0.32987296,"10-2029":0.3399175412,"12-2029":0.3364741061,"02-2030":0.3494755051,"04-2030":0.3463416681,"06-2030":0.3512488849,"08-2030":0.3535960853,"10-2030":0.3480853934,"12-2030":0.3321869041},"percentile_75":{"02-2020":0.0991758242,"04-2020":0.1110003418,"06-2020":0.134958182,"08-2020":0.1464221457,"10-2020":0.1497541315,"12-2020":0.156961575,"02-2021":0.1574688057,"04-2021":0.1689234184,"06-2021":0.1691752146,"08-2021":0.1850692468,"10-2021":0.2165295193,"12-2021":0.2591737028,"02-2022":0.2918287938,"04-2022":0.3381423221,"06-2022":0.4014386929,"08-2022":0.4799174507,"10-2022":0.5586985643,"12-2022":0.6663156167,"02-2023":0.7018059856,"04-2023":0.7108585859,"06-2023":0.7211809784,"08-2023":0.7161929217,"10-2023":0.7041847782,"12-2023":0.7040299625,"02-2024":0.6858716007,"04-2024":0.6810700532,"06-2024":0.6694076222,"08-2024":0.6584902036,"10-2024":0.6578441489,"12-2024":0.6490591398,"02-2025":0.6420293666,"04-2025":0.644506892,"06-2025":0.6344493403,"08-2025":0.6184261118,"10-2025":0.6072089947,"12-2025":0.5930209569,"02-2026":0.5803990128,"04-2026":0.5695091737,"06-2026":0.5670150322,"08-2026":0.5450520833,"10-2026":0.5479058416,"12-2026":0.5454434034,"02-2027":0.5382612618,"04-2027":0.5321627648,"06-2027":0.5295289431,"08-2027":0.5229546544,"10-2027":0.519764651,"12-2027":0.5097701226,"02-2028":0.5036255411,"04-2028":0.4987201365,"06-2028":0.4826407558,"08-2028":0.476702509,"10-2028":0.468942461,"12-2028":0.4628151492,"02-2029":0.4650175421,"04-2029":0.4546275025,"06-2029":0.4520421765,"08-2029":0.4461508248,"10-2029":0.4529697932,"12-2029":0.4573567708,"02-2030":0.4499656621,"04-2030":0.4628052048,"06-2030":0.458041958,"08-2030":0.466894198,"10-2030":0.4479424232,"12-2030":0.451723376}}