{"median":{"02-2020":0.0583584704,"04-2020":0.056000896,"06-2020":0.051934676,"08-2020":0.0481927711,"10-2020":0.0404884846,"12-2020":0.0357888246,"02-2021":0.0292287039,"04-2021":0.0236687311,"06-2021":0.0160652935,"08-2021":0.0114942529,"10-2021":0.008180267,"12-2021":0.0115234893,"02-2022":0.0099051027,"04-2022":0.012372449,"06-2022":0.0117889568,"08-2022":0.0119064493,"10-2022":0.0167017519,"12-2022":0.0212325686,"02-2023":0.0235297736,"04-2023":0.0345996076,"06-2023":0.0446398938,"08-2023":0.0421183985,"10-2023":0.0511188299,"12-2023":0.0663796148,"02-2024":0.0875520689,"04-2024":0.1068652188,"06-2024":0.1191340974,"08-2024":0.1430962922,"10-2024":0.1591889196,"12-2024":0.1733897384,"02-2025":0.2014499302,"04-2025":0.2279811974,"06-2025":0.2508835687,"08-2025":0.2842188289,"10-2025":0.3422790339,"12-2025":0.3975065668,"02-2026":0.4302221476,"04-2026":0.4511285266,"06-2026":0.4664846492,"08-2026":0.4660363386,"10-2026":0.45002145,"12-2026":0.4507691322,"02-2027":0.4509095773,"04-2027":0.4416503869,"06-2027":0.4418601569,"08-2027":0.4279836405,"10-2027":0.4338619134,"12-2027":0.4219911221,"02-2028":0.4239826773,"04-2028":0.4174170167,"06-2028":0.3950727932,"08-2028":0.3902409404,"10-2028":0.3935619213,"12-2028":0.3772692698,"02-2029":0.3714285714,"04-2029":0.373605948,"06-2029":0.3659494938,"08-2029":0.3685281917,"10-2029":0.3725320765,"12-2029":0.3799314907,"02-2030":0.3631878558,"04-2030":0.3714796666,"06-2030":0.3801050028,"08-2030":0.3715230156,"10-2030":0.3661867024,"12-2030":0.3386910268},"percentile_25":{"02-2020":0.0344827586,"04-2020":0.0299331761,"06-2020":0.0230769231,"08-2020":0.0194176945,"10-2020":0.0165983607,"12-2020":0.0125928444,"02-2021":0.0114832851,"04-2021":0.0072995596,"06-2021":0.0039064274,"08-2021":0.0,"10-2021":0.0,"12-2021":0.0,"02-2022":0.0,"04-2022":0.0,"06-2022":0.0,"08-2022":0.0,"10-2022":0.0,"12-2022":0.0,"02-2023":0.0,"04-2023":0.0,"06-2023":0.0,"08-2023":0.0,"10-2023":0.0,"12-2023":0.0,"02-2024":0.0,"04-2024":0.0,"06-2024":0.0,"08-2024":0.0,"10-2024":0.0,"12-2024":0.0,"02-2025":0.0,"04-2025":0.0,"06-2025":0.0,"08-2025":0.0,"10-2025":0.0,"12-2025":0.0,"02-2026":0.0,"04-2026":0.0,"06-2026":0.0,"08-2026":0.0,"10-2026":0.0,"12-2026":0.0,"02-2027":0.0,"04-2027":0.0,"06-2027":0.0,"08-2027":0.0,"10-2027":0.0,"12-2027":0.0,"02-2028":0.0,"04-2028":0.0,"06-2028":0.0,"08-2028":0.0,"10-2028":0.0,"12-2028":0.0,"02-2029":0.0,"04-2029":0.0,"06-2029":0.0,"08-2029":0.0,"10-2029":0.0,"12-2029":0.0,"02-2030":0.0,"04-2030":0.0,"06-2030":0.0,"08-2030":0.0,"10-2030":0.0,"12-2030":0.0},"percentile_75":{"02-2020":0.0866548448,"04-2020":0.0788030484,"06-2020":0.0800079281,"08-2020":0.0745545521,"10-2020":0.0718641115,"12-2020":0.0657118753,"02-2021":0.0584186705,"04-2021":0.0562562066,"06-2021":0.0530102259,"08-2021":0.05405823,"10-2021":0.0603426901,"12-2021":0.0770342205,"02-2022":0.097620224,"04-2022":0.1206867063,"06-2022":0.1481381751,"08-2022":0.1814948263,"10-2022":0.2105536503,"12-2022":0.2644300144,"02-2023":0.3248405755,"04-2023":0.3863183119,"06-2023":0.477932894,"08-2023":0.5767618445,"10-2023":0.6516044805,"12-2023":0.6758967663,"02-2024":0.6653620422,"04-2024":0.6721338028,"06-2024":0.6619152047,"08-2024":0.6519016698,"10-2024":0.6509302585,"12-2024":0.6607094347,"02-2025":0.6542279412,"04-2025":0.626975822,"06-2025":0.6294441613,"08-2025":0.6178872392,"10-2025":0.6115288221,"12-2025":0.6010973359,"02-2026":0.5960767065,"04-2026":0.5841980344,"06-2026":0.5819266703,"08-2026":0.5659486843,"10-2026":0.5616526331,"12-2026":0.5518039456,"02-2027":0.5495417866,"04-2027":0.5458912037,"06-2027":0.5293432999,"08-2027":0.5280754717,"10-2027":0.5243773081,"12-2027":0.5175440604,"02-2028":0.5092128178,"04-2028":0.495315815,"06-2028":0.4811254941,"08-2028":0.4871398205,"10-2028":0.4868138832,"12-2028":0.4633375275,"02-2029":0.4546109602,"04-2029":0.4545454545,"06-2029":0.445129108,"08-2029":0.4555369772,"10-2029":0.4500923503,"12-2029":0.4447674419,"02-2030":0.4467536741,"04-2030":0.4529762879,"06-2030":0.4552235124,"08-2030":0.4509313948,"10-2030":0.4520827256,"12-2030":0.4400501639}}