{"median":{"02-2020":0.0632836016,"04-2020":0.0675757095,"06-2020":0.0769330611,"08-2020":0.0769230769,"10-2020":0.0783947908,"12-2020":0.0764925373,"02-2021":0.0700431524,"04-2021":0.0640303589,"06-2021":0.056570438,"08-2021":0.0456931444,"10-2021":0.0383889888,"12-2021":0.0296167792,"02-2022":0.0191573693,"04-2022":0.0142922771,"06-2022":0.0119760956,"08-2022":0.0079523177,"10-2022":0.0039447885,"12-2022":0.0017301038,"02-2023":0.0,"04-2023":0.0,"06-2023":0.0,"08-2023":0.0,"10-2023":0.0,"12-2023":0.0,"02-2024":0.0,"04-2024":0.0,"06-2024":0.0,"08-2024":0.0,"10-2024":0.0,"12-2024":0.0,"02-2025":0.0,"04-2025":0.0,"06-2025":0.0,"08-2025":0.0,"10-2025":0.0,"12-2025":0.0,"02-2026":0.0,"04-2026":0.0,"06-2026":0.0,"08-2026":0.0,"10-2026":0.0,"12-2026":0.0,"02-2027":0.0,"04-2027":0.0,"06-2027":0.0,"08-2027":0.0,"10-2027":0.0,"12-2027":0.0,"02-2028":0.0,"04-2028":0.0,"06-2028":0.0,"08-2028":0.0,"10-2028":0.0,"12-2028":0.0,"02-2029":0.0,"04-2029":0.0,"06-2029":0.0,"08-2029":0.0,"10-2029":0.0,"12-2029":0.0,"02-2030":0.0,"04-2030":0.0,"06-2030":0.0,"08-2030":0.0,"10-2030":0.0,"12-2030":0.0},"percentile_25":{"02-2020":0.0376642036,"04-2020":0.0366973619,"06-2020":0.0343847962,"08-2020":0.0355773726,"10-2020":0.0345166715,"12-2020":0.0317567284,"02-2021":0.0300213675,"04-2021":0.0231660232,"06-2021":0.0191570881,"08-2021":0.0144031341,"10-2021":0.0077596528,"12-2021":0.0039293184,"02-2022":0.0035909735,"04-2022":0.0,"06-2022":0.0,"08-2022":0.0,"10-2022":0.0,"12-2022":0.0,"02-2023":0.0,"04-2023":0.0,"06-2023":0.0,"08-2023":0.0,"10-2023":0.0,"12-2023":0.0,"02-2024":0.0,"04-2024":0.0,"06-2024":0.0,"08-2024":0.0,"10-2024":0.0,"12-2024":0.0,"02-2025":0.0,"04-2025":0.0,"06-2025":0.0,"08-2025":0.0,"10-2025":0.0,"12-2025":0.0,"02-2026":0.0,"04-2026":0.0,"06-2026":0.0,"08-2026":0.0,"10-2026":0.0,"12-2026":0.0,"02-2027":0.0,"04-2027":0.0,"06-2027":0.0,"08-2027":0.0,"10-2027":0.0,"12-2027":0.0,"02-2028":0.0,"04-2028":0.0,"06-2028":0.0,"08-2028":0.0,"10-2028":0.0,"12-2028":0.0,"02-2029":0.0,"04-2029":0.0,"06-2029":0.0,"08-2029":0.0,"10-2029":0.0,"12-2029":0.0,"02-2030":0.0,"04-2030":0.0,"06-2030":0.0,"08-2030":0.0,"10-2030":0.0,"12-2030":0.0},"percentile_75":{"02-2020":0.0991758242,"04-2020":0.1110003418,"06-2020":0.134958182,"08-2020":0.1464221457,"10-2020":0.1497541315,"12-2020":0.156961575,"02-2021":0.1467118153,"04-2021":0.140746576,"06-2021":0.1256443938,"08-2021":0.1065221815,"10-2021":0.0838333413,"12-2021":0.0649073049,"02-2022":0.0544971333,"04-2022":0.0412808642,"06-2022":0.0399278007,"08-2022":0.0421523248,"10-2022":0.0448056819,"12-2022":0.0542186075,"02-2023":0.0707274142,"04-2023":0.0868279128,"06-2023":0.1252314815,"08-2023":0.1463244135,"10-2023":0.1608156401,"12-2023":0.1947351429,"02-2024":0.2669663954,"04-2024":0.3263819514,"06-2024":0.404717484,"08-2024":0.5005060729,"10-2024":0.5657914851,"12-2024":0.6309460968,"02-2025":0.6481665886,"04-2025":0.6468903941,"06-2025":0.6275182301,"08-2025":0.6347961249,"10-2025":0.6251443243,"12-2025":0.6171876949,"02-2026":0.6049280908,"04-2026":0.6129955571,"06-2026":0.5980163316,"08-2026":0.5942095588,"10-2026":0.5993271874,"12-2026":0.5858250277,"02-2027":0.5769546028,"04-2027":0.5592893836,"06-2027":0.5400236109,"08-2027":0.5397256729,"10-2027":0.5305155163,"12-2027":0.5238505747,"02-2028":0.5129726309,"04-2028":0.5039761682,"06-2028":0.5018267115,"08-2028":0.4943269827,"10-2028":0.4819260401,"12-2028":0.4695882601,"02-2029":0.4637145749,"04-2029":0.4644337965,"06-2029":0.4428176067,"08-2029":0.4469245648,"10-2029":0.4559990663,"12-2029":0.4452503865,"02-2030":0.4420655178,"04-2030":0.455932035,"06-2030":0.449112544,"08-2030":0.4377134333,"10-2030":0.4352644493,"12-2030":0.4193850429}}