{"median":{"02-2020":0.0632836016,"04-2020":0.0675757095,"06-2020":0.0769330611,"08-2020":0.0769230769,"10-2020":0.0783947908,"12-2020":0.0764925373,"02-2021":0.0700431524,"04-2021":0.0640303589,"06-2021":0.056570438,"08-2021":0.0456931444,"10-2021":0.0383889888,"12-2021":0.0296167792,"02-2022":0.0202860623,"04-2022":0.0152680653,"06-2022":0.0094638157,"08-2022":0.0072859987,"10-2022":0.0037175235,"12-2022":0.0,"02-2023":0.0,"04-2023":0.0,"06-2023":0.0,"08-2023":0.0,"10-2023":0.0,"12-2023":0.0,"02-2024":0.0,"04-2024":0.0,"06-2024":0.0,"08-2024":0.0,"10-2024":0.0,"12-2024":0.0,"02-2025":0.0,"04-2025":0.0,"06-2025":0.0,"08-2025":0.0,"10-2025":0.0,"12-2025":0.0,"02-2026":0.0,"04-2026":0.0,"06-2026":0.0,"08-2026":0.0,"10-2026":0.0,"12-2026":0.0,"02-2027":0.0,"04-2027":0.0,"06-2027":0.0,"08-2027":0.0,"10-2027":0.0,"12-2027":0.0,"02-2028":0.0,"04-2028":0.0,"06-2028":0.0,"08-2028":0.0,"10-2028":0.0,"12-2028":0.0,"02-2029":0.0,"04-2029":0.0,"06-2029":0.0,"08-2029":0.0,"10-2029":0.0,"12-2029":0.0,"02-2030":0.0,"04-2030":0.0,"06-2030":0.0,"08-2030":0.0,"10-2030":0.0,"12-2030":0.0},"percentile_25":{"02-2020":0.0376642036,"04-2020":0.0366973619,"06-2020":0.0343847962,"08-2020":0.0355773726,"10-2020":0.0345166715,"12-2020":0.0317567284,"02-2021":0.0300213675,"04-2021":0.0231660232,"06-2021":0.0191570881,"08-2021":0.0144031341,"10-2021":0.0077596528,"12-2021":0.0039293184,"02-2022":0.003610665,"04-2022":0.0,"06-2022":0.0,"08-2022":0.0,"10-2022":0.0,"12-2022":0.0,"02-2023":0.0,"04-2023":0.0,"06-2023":0.0,"08-2023":0.0,"10-2023":0.0,"12-2023":0.0,"02-2024":0.0,"04-2024":0.0,"06-2024":0.0,"08-2024":0.0,"10-2024":0.0,"12-2024":0.0,"02-2025":0.0,"04-2025":0.0,"06-2025":0.0,"08-2025":0.0,"10-2025":0.0,"12-2025":0.0,"02-2026":0.0,"04-2026":0.0,"06-2026":0.0,"08-2026":0.0,"10-2026":0.0,"12-2026":0.0,"02-2027":0.0,"04-2027":0.0,"06-2027":0.0,"08-2027":0.0,"10-2027":0.0,"12-2027":0.0,"02-2028":0.0,"04-2028":0.0,"06-2028":0.0,"08-2028":0.0,"10-2028":0.0,"12-2028":0.0,"02-2029":0.0,"04-2029":0.0,"06-2029":0.0,"08-2029":0.0,"10-2029":0.0,"12-2029":0.0,"02-2030":0.0,"04-2030":0.0,"06-2030":0.0,"08-2030":0.0,"10-2030":0.0,"12-2030":0.0},"percentile_75":{"02-2020":0.0991758242,"04-2020":0.1110003418,"06-2020":0.134958182,"08-2020":0.1464221457,"10-2020":0.1497541315,"12-2020":0.156961575,"02-2021":0.1467118153,"04-2021":0.140746576,"06-2021":0.1256443938,"08-2021":0.1065221815,"10-2021":0.0838333413,"12-2021":0.0649073049,"02-2022":0.0498036685,"04-2022":0.0395720666,"06-2022":0.0333643123,"08-2022":0.0287477984,"10-2022":0.0209630783,"12-2022":0.0183005427,"02-2023":0.0159208262,"04-2023":0.0184389831,"06-2023":0.0201792772,"08-2023":0.0218324543,"10-2023":0.0235392089,"12-2023":0.026009899,"02-2024":0.0301598402,"04-2024":0.0394280538,"06-2024":0.0400186726,"08-2024":0.0512965218,"10-2024":0.0599627175,"12-2024":0.0758050949,"02-2025":0.0787699139,"04-2025":0.0964110515,"06-2025":0.1151483051,"08-2025":0.1411356305,"10-2025":0.1874791179,"12-2025":0.2352351097,"02-2026":0.2941927051,"04-2026":0.3271664681,"06-2026":0.3750403747,"08-2026":0.4528750826,"10-2026":0.4874236574,"12-2026":0.5363311688,"02-2027":0.5320030361,"04-2027":0.5377720871,"06-2027":0.5180327208,"08-2027":0.5133238378,"10-2027":0.5052724568,"12-2027":0.4991382196,"02-2028":0.5070663532,"04-2028":0.4942191529,"06-2028":0.4818571531,"08-2028":0.4752503852,"10-2028":0.4705302215,"12-2028":0.4561992229,"02-2029":0.4474677684,"04-2029":0.4395059277,"06-2029":0.4328298599,"08-2029":0.4404868914,"10-2029":0.4451261924,"12-2029":0.4518294593,"02-2030":0.4419103377,"04-2030":0.4434395091,"06-2030":0.4385604454,"08-2030":0.4361280719,"10-2030":0.4261363636,"12-2030":0.4190213392}}