{"median":{"02-2020":0.0632836016,"04-2020":0.0675757095,"06-2020":0.0769330611,"08-2020":0.0769230769,"10-2020":0.0783947908,"12-2020":0.0764925373,"02-2021":0.0700431524,"04-2021":0.0640303589,"06-2021":0.056570438,"08-2021":0.0456931444,"10-2021":0.0383889888,"12-2021":0.0296167792,"02-2022":0.0202860623,"04-2022":0.0152680653,"06-2022":0.0094636525,"08-2022":0.0073530406,"10-2022":0.0037664917,"12-2022":0.0,"02-2023":0.0,"04-2023":0.0,"06-2023":0.0,"08-2023":0.0,"10-2023":0.0,"12-2023":0.0,"02-2024":0.0,"04-2024":0.0,"06-2024":0.0,"08-2024":0.0,"10-2024":0.0,"12-2024":0.0,"02-2025":0.0,"04-2025":0.0,"06-2025":0.0,"08-2025":0.0,"10-2025":0.0,"12-2025":0.0,"02-2026":0.0,"04-2026":0.0,"06-2026":0.0,"08-2026":0.0,"10-2026":0.0,"12-2026":0.0,"02-2027":0.0,"04-2027":0.0,"06-2027":0.0,"08-2027":0.0,"10-2027":0.0,"12-2027":0.0,"02-2028":0.0,"04-2028":0.0,"06-2028":0.0,"08-2028":0.0,"10-2028":0.0,"12-2028":0.0,"02-2029":0.0,"04-2029":0.0,"06-2029":0.0,"08-2029":0.0,"10-2029":0.0,"12-2029":0.0,"02-2030":0.0,"04-2030":0.0,"06-2030":0.0,"08-2030":0.0,"10-2030":0.0,"12-2030":0.0},"percentile_25":{"02-2020":0.0376642036,"04-2020":0.0366973619,"06-2020":0.0343847962,"08-2020":0.0355773726,"10-2020":0.0345166715,"12-2020":0.0317567284,"02-2021":0.0300213675,"04-2021":0.0231660232,"06-2021":0.0191570881,"08-2021":0.0144031341,"10-2021":0.0077596528,"12-2021":0.0039293184,"02-2022":0.003610665,"04-2022":0.0,"06-2022":0.0,"08-2022":0.0,"10-2022":0.0,"12-2022":0.0,"02-2023":0.0,"04-2023":0.0,"06-2023":0.0,"08-2023":0.0,"10-2023":0.0,"12-2023":0.0,"02-2024":0.0,"04-2024":0.0,"06-2024":0.0,"08-2024":0.0,"10-2024":0.0,"12-2024":0.0,"02-2025":0.0,"04-2025":0.0,"06-2025":0.0,"08-2025":0.0,"10-2025":0.0,"12-2025":0.0,"02-2026":0.0,"04-2026":0.0,"06-2026":0.0,"08-2026":0.0,"10-2026":0.0,"12-2026":0.0,"02-2027":0.0,"04-2027":0.0,"06-2027":0.0,"08-2027":0.0,"10-2027":0.0,"12-2027":0.0,"02-2028":0.0,"04-2028":0.0,"06-2028":0.0,"08-2028":0.0,"10-2028":0.0,"12-2028":0.0,"02-2029":0.0,"04-2029":0.0,"06-2029":0.0,"08-2029":0.0,"10-2029":0.0,"12-2029":0.0,"02-2030":0.0,"04-2030":0.0,"06-2030":0.0,"08-2030":0.0,"10-2030":0.0,"12-2030":0.0},"percentile_75":{"02-2020":0.0991758242,"04-2020":0.1110003418,"06-2020":0.134958182,"08-2020":0.1464221457,"10-2020":0.1497541315,"12-2020":0.156961575,"02-2021":0.1467118153,"04-2021":0.140746576,"06-2021":0.1256443938,"08-2021":0.1065221815,"10-2021":0.0838333413,"12-2021":0.0649073049,"02-2022":0.0498036685,"04-2022":0.0395720666,"06-2022":0.0351190476,"08-2022":0.027053216,"10-2022":0.0199142157,"12-2022":0.0162290056,"02-2023":0.0089190391,"04-2023":0.0072089947,"06-2023":0.0038388142,"08-2023":0.0037914794,"10-2023":0.0034308071,"12-2023":0.0008561644,"02-2024":0.0035556318,"04-2024":0.0008992806,"06-2024":0.0009124088,"08-2024":0.0,"10-2024":0.0,"12-2024":0.0,"02-2025":0.0,"04-2025":0.000929368,"06-2025":0.0018382353,"08-2025":0.0017301038,"10-2025":0.0008710801,"12-2025":0.0008710801,"02-2026":0.0,"04-2026":0.0,"06-2026":0.0,"08-2026":0.0008333333,"10-2026":0.0008417508,"12-2026":0.0008561644,"02-2027":0.0008680556,"04-2027":0.0008680556,"06-2027":0.000862069,"08-2027":0.0008650519,"10-2027":0.0008532423,"12-2027":0.0,"02-2028":0.0,"04-2028":0.0,"06-2028":0.0,"08-2028":0.0018050542,"10-2028":0.0017921147,"12-2028":0.0078593506,"02-2029":0.0114903213,"04-2029":0.0124959846,"06-2029":0.0176685111,"08-2029":0.0208514808,"10-2029":0.0209433685,"12-2029":0.0297301305,"02-2030":0.0326593696,"04-2030":0.0296853147,"06-2030":0.0280801583,"08-2030":0.032482722,"10-2030":0.038816586,"12-2030":0.0439876904}}