{"median":{"02-2020":0.0579159213,"04-2020":0.0579430362,"06-2020":0.0576923077,"08-2020":0.0576164986,"10-2020":0.0607689801,"12-2020":0.0646321652,"02-2021":0.0668982754,"04-2021":0.063638664,"06-2021":0.0671080305,"08-2021":0.0705207902,"10-2021":0.0763439816,"12-2021":0.0801540746,"02-2022":0.0797070297,"04-2022":0.0751816741,"06-2022":0.070874642,"08-2022":0.072670762,"10-2022":0.0762128734,"12-2022":0.0894242548,"02-2023":0.0855011794,"04-2023":0.0931480376,"06-2023":0.0989672309,"08-2023":0.0973507094,"10-2023":0.1022087109,"12-2023":0.1215998946,"02-2024":0.1388736264,"04-2024":0.1678342197,"06-2024":0.196088881,"08-2024":0.2424548166,"10-2024":0.2951357466,"12-2024":0.360647134,"02-2025":0.4033952125,"04-2025":0.4642609643,"06-2025":0.5429424992,"08-2025":0.560297486,"10-2025":0.5719301271,"12-2025":0.596212667,"02-2026":0.5745201482,"04-2026":0.5734666566,"06-2026":0.5668420651,"08-2026":0.5640931114,"10-2026":0.559371217,"12-2026":0.5577311518,"02-2027":0.5521033021,"04-2027":0.5365723179,"06-2027":0.5267082591,"08-2027":0.5109903382,"10-2027":0.5062183441,"12-2027":0.5199487483,"02-2028":0.519765625,"04-2028":0.5060285551,"06-2028":0.5025014476,"08-2028":0.4840862231,"10-2028":0.4766896568,"12-2028":0.4661549296,"02-2029":0.438256146,"04-2029":0.4288618131,"06-2029":0.4300520299,"08-2029":0.4233615222,"10-2029":0.4140239133,"12-2029":0.4091659166,"02-2030":0.4068664423,"04-2030":0.3936726221,"06-2030":0.3823269429,"08-2030":0.3729665818,"10-2030":0.3688182321,"12-2030":0.3695193205},"percentile_25":{"02-2020":0.0364092881,"04-2020":0.0332720588,"06-2020":0.029688799,"08-2020":0.0305876527,"10-2020":0.0318095208,"12-2020":0.0323236265,"02-2021":0.0295088843,"04-2021":0.0239543575,"06-2021":0.0224159147,"08-2021":0.0209276018,"10-2021":0.0185379919,"12-2021":0.015,"02-2022":0.0125424514,"04-2022":0.0112277923,"06-2022":0.0111528753,"08-2022":0.0110606061,"10-2022":0.0111015385,"12-2022":0.0076045627,"02-2023":0.0064892538,"04-2023":0.0036535834,"06-2023":0.0,"08-2023":0.0,"10-2023":0.0,"12-2023":0.0,"02-2024":0.0,"04-2024":0.0,"06-2024":0.0,"08-2024":0.0,"10-2024":0.0,"12-2024":0.0,"02-2025":0.0,"04-2025":0.0,"06-2025":0.0,"08-2025":0.0,"10-2025":0.0,"12-2025":0.0,"02-2026":0.0,"04-2026":0.0,"06-2026":0.0,"08-2026":0.0,"10-2026":0.0,"12-2026":0.0,"02-2027":0.0,"04-2027":0.0,"06-2027":0.0,"08-2027":0.0,"10-2027":0.0,"12-2027":0.0,"02-2028":0.0,"04-2028":0.0,"06-2028":0.0,"08-2028":0.0,"10-2028":0.0,"12-2028":0.0,"02-2029":0.0,"04-2029":0.0,"06-2029":0.0,"08-2029":0.0,"10-2029":0.0,"12-2029":0.0,"02-2030":0.0,"04-2030":0.0,"06-2030":0.0,"08-2030":0.0,"10-2030":0.0,"12-2030":0.0},"percentile_75":{"02-2020":0.0934036305,"04-2020":0.0896915584,"06-2020":0.0988636364,"08-2020":0.1086327029,"10-2020":0.125,"12-2020":0.135858878,"02-2021":0.146253757,"04-2021":0.1415787115,"06-2021":0.1514306877,"08-2021":0.1683953351,"10-2021":0.1834558294,"12-2021":0.2026790957,"02-2022":0.2046243687,"04-2022":0.2075439553,"06-2022":0.2177687126,"08-2022":0.2424649786,"10-2022":0.2737195911,"12-2022":0.3050398958,"02-2023":0.3069160579,"04-2023":0.307272901,"06-2023":0.3127872771,"08-2023":0.3356194582,"10-2023":0.3522527119,"12-2023":0.3877064565,"02-2024":0.4221803515,"04-2024":0.4822120709,"06-2024":0.5266577061,"08-2024":0.612732017,"10-2024":0.6516500623,"12-2024":0.6770362408,"02-2025":0.6901546534,"04-2025":0.6898392441,"06-2025":0.6979033291,"08-2025":0.6891023231,"10-2025":0.682697196,"12-2025":0.6673151751,"02-2026":0.6755276782,"04-2026":0.6694427029,"06-2026":0.6501568803,"08-2026":0.6397430314,"10-2026":0.6372239074,"12-2026":0.6372927032,"02-2027":0.6237900015,"04-2027":0.6082884994,"06-2027":0.6015835923,"08-2027":0.5859880538,"10-2027":0.5786833304,"12-2027":0.5872009569,"02-2028":0.579344347,"04-2028":0.5610066588,"06-2028":0.5574997845,"08-2028":0.5370099526,"10-2028":0.5353370221,"12-2028":0.5181006612,"02-2029":0.5044374069,"04-2029":0.5,"06-2029":0.4849088416,"08-2029":0.4842651612,"10-2029":0.4830317982,"12-2029":0.4631181319,"02-2030":0.4522332783,"04-2030":0.4407701152,"06-2030":0.4396636223,"08-2030":0.439862543,"10-2030":0.4193819008,"12-2030":0.4146793135}}