{"median":{"02-2020":0.0579159213,"04-2020":0.0579430362,"06-2020":0.0576923077,"08-2020":0.0576164986,"10-2020":0.0607689801,"12-2020":0.0646321652,"02-2021":0.0668982754,"04-2021":0.063638664,"06-2021":0.0671080305,"08-2021":0.0705207902,"10-2021":0.0763439816,"12-2021":0.0801540746,"02-2022":0.0797070297,"04-2022":0.0751816741,"06-2022":0.070874642,"08-2022":0.072670762,"10-2022":0.0762128734,"12-2022":0.0894242548,"02-2023":0.0855011794,"04-2023":0.0931480376,"06-2023":0.0989672309,"08-2023":0.0973507094,"10-2023":0.1022087109,"12-2023":0.1215998946,"02-2024":0.1278964107,"04-2024":0.1255018013,"06-2024":0.133072182,"08-2024":0.1487050961,"10-2024":0.1631935437,"12-2024":0.1934369486,"02-2025":0.1900545679,"04-2025":0.1886981311,"06-2025":0.189889306,"08-2025":0.1959577727,"10-2025":0.1928596028,"12-2025":0.211170135,"02-2026":0.2130756579,"04-2026":0.2278413628,"06-2026":0.2262291699,"08-2026":0.2542963444,"10-2026":0.2547343262,"12-2026":0.2700990219,"02-2027":0.2667792793,"04-2027":0.2689370243,"06-2027":0.2557172302,"08-2027":0.2593716692,"10-2027":0.2659574468,"12-2027":0.2777777778,"02-2028":0.3008471141,"04-2028":0.3327403445,"06-2028":0.3801891082,"08-2028":0.4360473678,"10-2028":0.462217994,"12-2028":0.4999029239,"02-2029":0.5173644607,"04-2029":0.5384634194,"06-2029":0.5484434866,"08-2029":0.5521885522,"10-2029":0.5488510101,"12-2029":0.5397868774,"02-2030":0.5275500226,"04-2030":0.526039938,"06-2030":0.5191911765,"08-2030":0.5127105052,"10-2030":0.5144863286,"12-2030":0.5045458235},"percentile_25":{"02-2020":0.0364092881,"04-2020":0.0332720588,"06-2020":0.029688799,"08-2020":0.0305876527,"10-2020":0.0318095208,"12-2020":0.0323236265,"02-2021":0.0295088843,"04-2021":0.0239543575,"06-2021":0.0224159147,"08-2021":0.0209276018,"10-2021":0.0185379919,"12-2021":0.015,"02-2022":0.0125424514,"04-2022":0.0112277923,"06-2022":0.0111528753,"08-2022":0.0110606061,"10-2022":0.0111015385,"12-2022":0.0076045627,"02-2023":0.0064892538,"04-2023":0.0036535834,"06-2023":0.0,"08-2023":0.0,"10-2023":0.0,"12-2023":0.0,"02-2024":0.0,"04-2024":0.0,"06-2024":0.0,"08-2024":0.0,"10-2024":0.0,"12-2024":0.0,"02-2025":0.0,"04-2025":0.0,"06-2025":0.0,"08-2025":0.0,"10-2025":0.0,"12-2025":0.0,"02-2026":0.0,"04-2026":0.0,"06-2026":0.0,"08-2026":0.0,"10-2026":0.0,"12-2026":0.0,"02-2027":0.0,"04-2027":0.0,"06-2027":0.0,"08-2027":0.0,"10-2027":0.0,"12-2027":0.0,"02-2028":0.0,"04-2028":0.0,"06-2028":0.0,"08-2028":0.0,"10-2028":0.0,"12-2028":0.0,"02-2029":0.0,"04-2029":0.0,"06-2029":0.0,"08-2029":0.0,"10-2029":0.0,"12-2029":0.0,"02-2030":0.0,"04-2030":0.0,"06-2030":0.0,"08-2030":0.0,"10-2030":0.0,"12-2030":0.0},"percentile_75":{"02-2020":0.0934036305,"04-2020":0.0896915584,"06-2020":0.0988636364,"08-2020":0.1086327029,"10-2020":0.125,"12-2020":0.135858878,"02-2021":0.146253757,"04-2021":0.1415787115,"06-2021":0.1514306877,"08-2021":0.1683953351,"10-2021":0.1834558294,"12-2021":0.2026790957,"02-2022":0.2046243687,"04-2022":0.2075439553,"06-2022":0.2177687126,"08-2022":0.2424649786,"10-2022":0.2737195911,"12-2022":0.3050398958,"02-2023":0.3069160579,"04-2023":0.307272901,"06-2023":0.3127872771,"08-2023":0.3356194582,"10-2023":0.3522527119,"12-2023":0.3877064565,"02-2024":0.382228298,"04-2024":0.3809317015,"06-2024":0.381029212,"08-2024":0.3869591261,"10-2024":0.4117838542,"12-2024":0.4377661634,"02-2025":0.4302658054,"04-2025":0.4066862257,"06-2025":0.3988706158,"08-2025":0.4080703212,"10-2025":0.4142290249,"12-2025":0.4529488615,"02-2026":0.4337890574,"04-2026":0.4133122446,"06-2026":0.4070408163,"08-2026":0.414191718,"10-2026":0.4206792439,"12-2026":0.4391282345,"02-2027":0.432406738,"04-2027":0.4044705295,"06-2027":0.3932026792,"08-2027":0.3931421929,"10-2027":0.3976573731,"12-2027":0.4171729029,"02-2028":0.4408930985,"04-2028":0.4861619185,"06-2028":0.5365669271,"08-2028":0.5871768508,"10-2028":0.6178847127,"12-2028":0.6251073883,"02-2029":0.6267474767,"04-2029":0.6337254295,"06-2029":0.6207027109,"08-2029":0.6134270052,"10-2029":0.6154530523,"12-2029":0.6094056042,"02-2030":0.6006855565,"04-2030":0.5891403684,"06-2030":0.5793946289,"08-2030":0.5686807332,"10-2030":0.5674492081,"12-2030":0.5482569358}}