{"median":{"02-2020":0.0579159213,"04-2020":0.0579430362,"06-2020":0.0576923077,"08-2020":0.0576164986,"10-2020":0.0607689801,"12-2020":0.0646321652,"02-2021":0.0668982754,"04-2021":0.063638664,"06-2021":0.0671080305,"08-2021":0.0705207902,"10-2021":0.0763439816,"12-2021":0.0801540746,"02-2022":0.0797070297,"04-2022":0.0751816741,"06-2022":0.070874642,"08-2022":0.072670762,"10-2022":0.0762128734,"12-2022":0.0894242548,"02-2023":0.0855011794,"04-2023":0.0931480376,"06-2023":0.0989672309,"08-2023":0.0973507094,"10-2023":0.1022087109,"12-2023":0.1215998946,"02-2024":0.1278964107,"04-2024":0.1255018013,"06-2024":0.133072182,"08-2024":0.1487050961,"10-2024":0.1631935437,"12-2024":0.1934369486,"02-2025":0.2186532508,"04-2025":0.257976025,"06-2025":0.3022869084,"08-2025":0.3782132656,"10-2025":0.4365865866,"12-2025":0.4931024503,"02-2026":0.5253449732,"04-2026":0.5587900472,"06-2026":0.5671966374,"08-2026":0.5566042935,"10-2026":0.5553623188,"12-2026":0.5599873043,"02-2027":0.5497368485,"04-2027":0.5509488006,"06-2027":0.5481611768,"08-2027":0.5491129141,"10-2027":0.5406140879,"12-2027":0.5437929424,"02-2028":0.5353787879,"04-2028":0.5303099885,"06-2028":0.5367150812,"08-2028":0.5147214599,"10-2028":0.5070426028,"12-2028":0.4930775127,"02-2029":0.4809369151,"04-2029":0.4676884519,"06-2029":0.4593176883,"08-2029":0.4594211056,"10-2029":0.4525123245,"12-2029":0.4478667446,"02-2030":0.4343407346,"04-2030":0.4195750303,"06-2030":0.4047743327,"08-2030":0.3967377749,"10-2030":0.38720176,"12-2030":0.3805902589},"percentile_25":{"02-2020":0.0364092881,"04-2020":0.0332720588,"06-2020":0.029688799,"08-2020":0.0305876527,"10-2020":0.0318095208,"12-2020":0.0323236265,"02-2021":0.0295088843,"04-2021":0.0239543575,"06-2021":0.0224159147,"08-2021":0.0209276018,"10-2021":0.0185379919,"12-2021":0.015,"02-2022":0.0125424514,"04-2022":0.0112277923,"06-2022":0.0111528753,"08-2022":0.0110606061,"10-2022":0.0111015385,"12-2022":0.0076045627,"02-2023":0.0064892538,"04-2023":0.0036535834,"06-2023":0.0,"08-2023":0.0,"10-2023":0.0,"12-2023":0.0,"02-2024":0.0,"04-2024":0.0,"06-2024":0.0,"08-2024":0.0,"10-2024":0.0,"12-2024":0.0,"02-2025":0.0,"04-2025":0.0,"06-2025":0.0,"08-2025":0.0,"10-2025":0.0,"12-2025":0.0,"02-2026":0.0,"04-2026":0.0,"06-2026":0.0,"08-2026":0.0,"10-2026":0.0,"12-2026":0.0,"02-2027":0.0,"04-2027":0.0,"06-2027":0.0,"08-2027":0.0,"10-2027":0.0,"12-2027":0.0,"02-2028":0.0,"04-2028":0.0,"06-2028":0.0,"08-2028":0.0,"10-2028":0.0,"12-2028":0.0,"02-2029":0.0,"04-2029":0.0,"06-2029":0.0,"08-2029":0.0,"10-2029":0.0,"12-2029":0.0,"02-2030":0.0,"04-2030":0.0,"06-2030":0.0,"08-2030":0.0,"10-2030":0.0,"12-2030":0.0},"percentile_75":{"02-2020":0.0934036305,"04-2020":0.0896915584,"06-2020":0.0988636364,"08-2020":0.1086327029,"10-2020":0.125,"12-2020":0.135858878,"02-2021":0.146253757,"04-2021":0.1415787115,"06-2021":0.1514306877,"08-2021":0.1683953351,"10-2021":0.1834558294,"12-2021":0.2026790957,"02-2022":0.2046243687,"04-2022":0.2075439553,"06-2022":0.2177687126,"08-2022":0.2424649786,"10-2022":0.2737195911,"12-2022":0.3050398958,"02-2023":0.3069160579,"04-2023":0.307272901,"06-2023":0.3127872771,"08-2023":0.3356194582,"10-2023":0.3522527119,"12-2023":0.3877064565,"02-2024":0.382228298,"04-2024":0.3809317015,"06-2024":0.381029212,"08-2024":0.3869591261,"10-2024":0.4117838542,"12-2024":0.4377661634,"02-2025":0.4823632974,"04-2025":0.52551368,"06-2025":0.5786203523,"08-2025":0.635287973,"10-2025":0.6584301292,"12-2025":0.6828436134,"02-2026":0.6992392373,"04-2026":0.7086489235,"06-2026":0.6919125395,"08-2026":0.6746173946,"10-2026":0.6508457964,"12-2026":0.6506993267,"02-2027":0.6609612244,"04-2027":0.6427037334,"06-2027":0.6243634414,"08-2027":0.6167707613,"10-2027":0.6153860612,"12-2027":0.6230912744,"02-2028":0.6108625694,"04-2028":0.5947340488,"06-2028":0.6013932467,"08-2028":0.5880430781,"10-2028":0.5711745483,"12-2028":0.5518202904,"02-2029":0.5386182532,"04-2029":0.5248264952,"06-2029":0.5190979178,"08-2029":0.5201089956,"10-2029":0.5072133983,"12-2029":0.4954663662,"02-2030":0.4782651072,"04-2030":0.4892086331,"06-2030":0.468221377,"08-2030":0.4550342382,"10-2030":0.4416874977,"12-2030":0.4363997114}}