{"median":{"02-2020":0.0579159213,"04-2020":0.0579430362,"06-2020":0.0576923077,"08-2020":0.0576164986,"10-2020":0.0607689801,"12-2020":0.0646321652,"02-2021":0.0668982754,"04-2021":0.063638664,"06-2021":0.0671080305,"08-2021":0.0705207902,"10-2021":0.0763439816,"12-2021":0.0801540746,"02-2022":0.0797070297,"04-2022":0.0751816741,"06-2022":0.070874642,"08-2022":0.072670762,"10-2022":0.0762128734,"12-2022":0.0894242548,"02-2023":0.1013297151,"04-2023":0.1085560244,"06-2023":0.1353787879,"08-2023":0.1569513123,"10-2023":0.2003649635,"12-2023":0.2549161104,"02-2024":0.3086013986,"04-2024":0.3605005784,"06-2024":0.4517434709,"08-2024":0.5246100682,"10-2024":0.56746633,"12-2024":0.5836246201,"02-2025":0.5935963115,"04-2025":0.5826017032,"06-2025":0.588020675,"08-2025":0.5870305995,"10-2025":0.5830369439,"12-2025":0.5783625731,"02-2026":0.5806500482,"04-2026":0.5582191781,"06-2026":0.547843419,"08-2026":0.5247663426,"10-2026":0.519299196,"12-2026":0.5139374514,"02-2027":0.5200732601,"04-2027":0.5158175158,"06-2027":0.5044300766,"08-2027":0.4891067974,"10-2027":0.4821807897,"12-2027":0.4860625486,"02-2028":0.4777969349,"04-2028":0.4768910469,"06-2028":0.4781173294,"08-2028":0.4656137993,"10-2028":0.4497457686,"12-2028":0.4326582106,"02-2029":0.4218470705,"04-2029":0.4074616538,"06-2029":0.4055897887,"08-2029":0.4072701456,"10-2029":0.3968603792,"12-2029":0.3979522184,"02-2030":0.3937769248,"04-2030":0.385898601,"06-2030":0.3745518792,"08-2030":0.3717356633,"10-2030":0.3699736587,"12-2030":0.3629733576},"percentile_25":{"02-2020":0.0364092881,"04-2020":0.0332720588,"06-2020":0.029688799,"08-2020":0.0305876527,"10-2020":0.0318095208,"12-2020":0.0323236265,"02-2021":0.0295088843,"04-2021":0.0239543575,"06-2021":0.0224159147,"08-2021":0.0209276018,"10-2021":0.0185379919,"12-2021":0.015,"02-2022":0.0125424514,"04-2022":0.0112277923,"06-2022":0.0111528753,"08-2022":0.0110606061,"10-2022":0.0111015385,"12-2022":0.0076045627,"02-2023":0.0064616756,"04-2023":0.0060464758,"06-2023":0.0,"08-2023":0.0,"10-2023":0.0,"12-2023":0.0,"02-2024":0.0,"04-2024":0.0,"06-2024":0.0,"08-2024":0.0,"10-2024":0.0,"12-2024":0.0,"02-2025":0.0,"04-2025":0.0,"06-2025":0.0,"08-2025":0.0,"10-2025":0.0,"12-2025":0.0,"02-2026":0.0,"04-2026":0.0,"06-2026":0.0,"08-2026":0.0,"10-2026":0.0,"12-2026":0.0,"02-2027":0.0,"04-2027":0.0,"06-2027":0.0,"08-2027":0.0,"10-2027":0.0,"12-2027":0.0,"02-2028":0.0,"04-2028":0.0,"06-2028":0.0,"08-2028":0.0,"10-2028":0.0,"12-2028":0.0,"02-2029":0.0,"04-2029":0.0,"06-2029":0.0,"08-2029":0.0,"10-2029":0.0,"12-2029":0.0,"02-2030":0.0,"04-2030":0.0,"06-2030":0.0,"08-2030":0.0,"10-2030":0.0,"12-2030":0.0},"percentile_75":{"02-2020":0.0934036305,"04-2020":0.0896915584,"06-2020":0.0988636364,"08-2020":0.1086327029,"10-2020":0.125,"12-2020":0.135858878,"02-2021":0.146253757,"04-2021":0.1415787115,"06-2021":0.1514306877,"08-2021":0.1683953351,"10-2021":0.1834558294,"12-2021":0.2026790957,"02-2022":0.2046243687,"04-2022":0.2075439553,"06-2022":0.2177687126,"08-2022":0.2424649786,"10-2022":0.2737195911,"12-2022":0.3050398958,"02-2023":0.3531468531,"04-2023":0.4079637399,"06-2023":0.4741746432,"08-2023":0.568020073,"10-2023":0.6362114896,"12-2023":0.6898589641,"02-2024":0.7035694091,"04-2024":0.7163647343,"06-2024":0.7169163209,"08-2024":0.7144179894,"10-2024":0.6981585738,"12-2024":0.6787104307,"02-2025":0.6789094406,"04-2025":0.6877917377,"06-2025":0.6666666667,"08-2025":0.6582453816,"10-2025":0.6431875957,"12-2025":0.6348595255,"02-2026":0.6393907563,"04-2026":0.6262388695,"06-2026":0.6208441558,"08-2026":0.6176298972,"10-2026":0.6029151287,"12-2026":0.587151937,"02-2027":0.5871414682,"04-2027":0.5726850575,"06-2027":0.5542744534,"08-2027":0.552528619,"10-2027":0.5508217866,"12-2027":0.5476790936,"02-2028":0.5437595891,"04-2028":0.5359447635,"06-2028":0.5365284071,"08-2028":0.5219434456,"10-2028":0.5086556351,"12-2028":0.4887840004,"02-2029":0.4771282106,"04-2029":0.4702061438,"06-2029":0.4644008931,"08-2029":0.4536167816,"10-2029":0.4521783121,"12-2029":0.4478000622,"02-2030":0.4444444444,"04-2030":0.4298897682,"06-2030":0.4267017801,"08-2030":0.4194151961,"10-2030":0.4186363636,"12-2030":0.4074872689}}