{"median":{"02-2020":0.0579159213,"04-2020":0.0579430362,"06-2020":0.0576923077,"08-2020":0.0576164986,"10-2020":0.0607689801,"12-2020":0.0646321652,"02-2021":0.0668982754,"04-2021":0.063638664,"06-2021":0.0671080305,"08-2021":0.0705207902,"10-2021":0.0763439816,"12-2021":0.0801540746,"02-2022":0.0936802823,"04-2022":0.101106854,"06-2022":0.1233365019,"08-2022":0.1410376025,"10-2022":0.1588729017,"12-2022":0.2106382979,"02-2023":0.2574046012,"04-2023":0.2940356745,"06-2023":0.3658395125,"08-2023":0.4426790401,"10-2023":0.4987089517,"12-2023":0.5378392022,"02-2024":0.5894798632,"04-2024":0.5837488918,"06-2024":0.5920161407,"08-2024":0.591048038,"10-2024":0.590671738,"12-2024":0.5944635389,"02-2025":0.588036566,"04-2025":0.578023726,"06-2025":0.5711872587,"08-2025":0.572191154,"10-2025":0.5639779637,"12-2025":0.5672184532,"02-2026":0.5590414479,"04-2026":0.5438858087,"06-2026":0.5358464385,"08-2026":0.5205660957,"10-2026":0.5044251051,"12-2026":0.500877193,"02-2027":0.491349481,"04-2027":0.4793633596,"06-2027":0.4725569194,"08-2027":0.4623303639,"10-2027":0.4636001905,"12-2027":0.4652112008,"02-2028":0.4585896921,"04-2028":0.4692800559,"06-2028":0.4507309006,"08-2028":0.4380460067,"10-2028":0.4239346641,"12-2028":0.4165006876,"02-2029":0.4055944056,"04-2029":0.3910007665,"06-2029":0.3897681954,"08-2029":0.3797740283,"10-2029":0.3758116883,"12-2029":0.3667865468,"02-2030":0.3663003663,"04-2030":0.36173938,"06-2030":0.3598418972,"08-2030":0.3629546653,"10-2030":0.356751712,"12-2030":0.3509705114},"percentile_25":{"02-2020":0.0364092881,"04-2020":0.0332720588,"06-2020":0.029688799,"08-2020":0.0305876527,"10-2020":0.0318095208,"12-2020":0.0323236265,"02-2021":0.0295088843,"04-2021":0.0239543575,"06-2021":0.0224159147,"08-2021":0.0209276018,"10-2021":0.0185379919,"12-2021":0.015,"02-2022":0.0157935111,"04-2022":0.0148705004,"06-2022":0.0147342995,"08-2022":0.0139617327,"10-2022":0.018648638,"12-2022":0.0223686385,"02-2023":0.0281090699,"04-2023":0.033837712,"06-2023":0.0413779771,"08-2023":0.0459692101,"10-2023":0.0498862726,"12-2023":0.0568829333,"02-2024":0.0709824231,"04-2024":0.0790743089,"06-2024":0.0912471253,"08-2024":0.0996845319,"10-2024":0.114641034,"12-2024":0.1383870177,"02-2025":0.1599696831,"04-2025":0.1678866063,"06-2025":0.1856581402,"08-2025":0.2026543725,"10-2025":0.2114094623,"12-2025":0.2298021822,"02-2026":0.2669865568,"04-2026":0.2761067832,"06-2026":0.2973062735,"08-2026":0.2928576103,"10-2026":0.2863095238,"12-2026":0.3174588569,"02-2027":0.37231899,"04-2027":0.3850231041,"06-2027":0.382994804,"08-2027":0.3684012539,"10-2027":0.3697318008,"12-2027":0.3773182957,"02-2028":0.3774895467,"04-2028":0.3746117035,"06-2028":0.3671328671,"08-2028":0.366635801,"10-2028":0.3511258943,"12-2028":0.338827193,"02-2029":0.3282391388,"04-2029":0.312612369,"06-2029":0.3089972527,"08-2029":0.3149014156,"10-2029":0.3031912207,"12-2029":0.2966600442,"02-2030":0.3071328671,"04-2030":0.3005244755,"06-2030":0.2938594101,"08-2030":0.2932980761,"10-2030":0.2891303453,"12-2030":0.295865077},"percentile_75":{"02-2020":0.0934036305,"04-2020":0.0896915584,"06-2020":0.0988636364,"08-2020":0.1086327029,"10-2020":0.125,"12-2020":0.135858878,"02-2021":0.146253757,"04-2021":0.1415787115,"06-2021":0.1514306877,"08-2021":0.1683953351,"10-2021":0.1834558294,"12-2021":0.2026790957,"02-2022":0.2403492647,"04-2022":0.26888872,"06-2022":0.3098169971,"08-2022":0.3723098592,"10-2022":0.4477791645,"12-2022":0.5616759195,"02-2023":0.6547666877,"04-2023":0.7152449694,"06-2023":0.7251900624,"08-2023":0.7315797556,"10-2023":0.7323655388,"12-2023":0.7137774408,"02-2024":0.7131693813,"04-2024":0.6950527494,"06-2024":0.6921748685,"08-2024":0.674137931,"10-2024":0.6609388169,"12-2024":0.6537940075,"02-2025":0.6500040261,"04-2025":0.6390682318,"06-2025":0.6363829472,"08-2025":0.6363626393,"10-2025":0.6307683252,"12-2025":0.6210859156,"02-2026":0.6011305198,"04-2026":0.5919338235,"06-2026":0.586960745,"08-2026":0.578989245,"10-2026":0.5759381776,"12-2026":0.5624058626,"02-2027":0.5545854603,"04-2027":0.5377552228,"06-2027":0.5308263165,"08-2027":0.5291015308,"10-2027":0.5236363162,"12-2027":0.5198880486,"02-2028":0.5160873883,"04-2028":0.5217757283,"06-2028":0.5074294565,"08-2028":0.4986363636,"10-2028":0.487616489,"12-2028":0.4721244273,"02-2029":0.4629688727,"04-2029":0.4507030709,"06-2029":0.4431269214,"08-2029":0.4387667538,"10-2029":0.4294864133,"12-2029":0.4316177899,"02-2030":0.4178580418,"04-2030":0.4156015942,"06-2030":0.4048442907,"08-2030":0.4082304833,"10-2030":0.4009267613,"12-2030":0.3916337956}}