{"median":{"02-2020":0.0579159213,"04-2020":0.0579430362,"06-2020":0.0576923077,"08-2020":0.0576164986,"10-2020":0.0607689801,"12-2020":0.0646321652,"02-2021":0.0668982754,"04-2021":0.063638664,"06-2021":0.0671080305,"08-2021":0.0705207902,"10-2021":0.0763439816,"12-2021":0.0801540746,"02-2022":0.0797070297,"04-2022":0.0751816741,"06-2022":0.070874642,"08-2022":0.072670762,"10-2022":0.0762128734,"12-2022":0.0894242548,"02-2023":0.0855011794,"04-2023":0.0931480376,"06-2023":0.0989672309,"08-2023":0.0973507094,"10-2023":0.1022087109,"12-2023":0.1215998946,"02-2024":0.1278964107,"04-2024":0.1255018013,"06-2024":0.133072182,"08-2024":0.1487050961,"10-2024":0.1631935437,"12-2024":0.1934369486,"02-2025":0.1900545679,"04-2025":0.1886981311,"06-2025":0.189889306,"08-2025":0.1959577727,"10-2025":0.1928596028,"12-2025":0.211170135,"02-2026":0.2130756579,"04-2026":0.2278413628,"06-2026":0.2262291699,"08-2026":0.2542963444,"10-2026":0.2547343262,"12-2026":0.2700990219,"02-2027":0.3064929272,"04-2027":0.3493006993,"06-2027":0.3816498316,"08-2027":0.430017977,"10-2027":0.4750180615,"12-2027":0.5310152071,"02-2028":0.5582800929,"04-2028":0.5537162162,"06-2028":0.556921944,"08-2028":0.5583801123,"10-2028":0.5533095441,"12-2028":0.5432952842,"02-2029":0.5434575641,"04-2029":0.5369832943,"06-2029":0.5229012369,"08-2029":0.5211529867,"10-2029":0.5180742315,"12-2029":0.5168976923,"02-2030":0.5176960975,"04-2030":0.5089647195,"06-2030":0.49002647,"08-2030":0.4764367816,"10-2030":0.469302982,"12-2030":0.4618225263},"percentile_25":{"02-2020":0.0364092881,"04-2020":0.0332720588,"06-2020":0.029688799,"08-2020":0.0305876527,"10-2020":0.0318095208,"12-2020":0.0323236265,"02-2021":0.0295088843,"04-2021":0.0239543575,"06-2021":0.0224159147,"08-2021":0.0209276018,"10-2021":0.0185379919,"12-2021":0.015,"02-2022":0.0125424514,"04-2022":0.0112277923,"06-2022":0.0111528753,"08-2022":0.0110606061,"10-2022":0.0111015385,"12-2022":0.0076045627,"02-2023":0.0064892538,"04-2023":0.0036535834,"06-2023":0.0,"08-2023":0.0,"10-2023":0.0,"12-2023":0.0,"02-2024":0.0,"04-2024":0.0,"06-2024":0.0,"08-2024":0.0,"10-2024":0.0,"12-2024":0.0,"02-2025":0.0,"04-2025":0.0,"06-2025":0.0,"08-2025":0.0,"10-2025":0.0,"12-2025":0.0,"02-2026":0.0,"04-2026":0.0,"06-2026":0.0,"08-2026":0.0,"10-2026":0.0,"12-2026":0.0,"02-2027":0.0,"04-2027":0.0,"06-2027":0.0,"08-2027":0.0,"10-2027":0.0,"12-2027":0.0,"02-2028":0.0,"04-2028":0.0,"06-2028":0.0,"08-2028":0.0,"10-2028":0.0,"12-2028":0.0,"02-2029":0.0,"04-2029":0.0,"06-2029":0.0,"08-2029":0.0,"10-2029":0.0,"12-2029":0.0,"02-2030":0.0,"04-2030":0.0,"06-2030":0.0,"08-2030":0.0,"10-2030":0.0,"12-2030":0.0},"percentile_75":{"02-2020":0.0934036305,"04-2020":0.0896915584,"06-2020":0.0988636364,"08-2020":0.1086327029,"10-2020":0.125,"12-2020":0.135858878,"02-2021":0.146253757,"04-2021":0.1415787115,"06-2021":0.1514306877,"08-2021":0.1683953351,"10-2021":0.1834558294,"12-2021":0.2026790957,"02-2022":0.2046243687,"04-2022":0.2075439553,"06-2022":0.2177687126,"08-2022":0.2424649786,"10-2022":0.2737195911,"12-2022":0.3050398958,"02-2023":0.3069160579,"04-2023":0.307272901,"06-2023":0.3127872771,"08-2023":0.3356194582,"10-2023":0.3522527119,"12-2023":0.3877064565,"02-2024":0.382228298,"04-2024":0.3809317015,"06-2024":0.381029212,"08-2024":0.3869591261,"10-2024":0.4117838542,"12-2024":0.4377661634,"02-2025":0.4302658054,"04-2025":0.4066862257,"06-2025":0.3988706158,"08-2025":0.4080703212,"10-2025":0.4142290249,"12-2025":0.4529488615,"02-2026":0.4337890574,"04-2026":0.4133122446,"06-2026":0.4070408163,"08-2026":0.414191718,"10-2026":0.4206792439,"12-2026":0.4391282345,"02-2027":0.4837575496,"04-2027":0.5202593988,"06-2027":0.5642367067,"08-2027":0.5943748017,"10-2027":0.639997417,"12-2027":0.6532969202,"02-2028":0.6634813779,"04-2028":0.6615564768,"06-2028":0.6695237213,"08-2028":0.6516756892,"10-2028":0.6361327818,"12-2028":0.6259811617,"02-2029":0.6080704831,"04-2029":0.5888083451,"06-2029":0.5917979421,"08-2029":0.5851508575,"10-2029":0.5852842809,"12-2029":0.5797124983,"02-2030":0.5680445191,"04-2030":0.5503310002,"06-2030":0.5407844668,"08-2030":0.5304029447,"10-2030":0.5293334368,"12-2030":0.5074848986}}