{"median":{"02-2020":0.0632836016,"04-2020":0.0675757095,"06-2020":0.0769330611,"08-2020":0.0860791532,"10-2020":0.0852365558,"12-2020":0.0887503502,"02-2021":0.0878931298,"04-2021":0.0855429083,"06-2021":0.0852272727,"08-2021":0.0834785134,"10-2021":0.0706937096,"12-2021":0.0725837505,"02-2022":0.0644812056,"04-2022":0.060606308,"06-2022":0.0549235079,"08-2022":0.05415881,"10-2022":0.0460744782,"12-2022":0.043978022,"02-2023":0.0402842903,"04-2023":0.0326653247,"06-2023":0.0259662126,"08-2023":0.0236235119,"10-2023":0.0224166667,"12-2023":0.015849104,"02-2024":0.0115173755,"04-2024":0.0120983447,"06-2024":0.0098845599,"08-2024":0.0129904998,"10-2024":0.0079525692,"12-2024":0.0097809436,"02-2025":0.0114349442,"04-2025":0.0113300772,"06-2025":0.0135127161,"08-2025":0.0095959744,"10-2025":0.009456624,"12-2025":0.016863822,"02-2026":0.0272926635,"04-2026":0.0317490282,"06-2026":0.029485244,"08-2026":0.037004662,"10-2026":0.052147278,"12-2026":0.0598240914,"02-2027":0.0723291894,"04-2027":0.0740501405,"06-2027":0.0908872291,"08-2027":0.1126262072,"10-2027":0.127279088,"12-2027":0.1408463933,"02-2028":0.1593917593,"04-2028":0.1845878136,"06-2028":0.2059404198,"08-2028":0.2239216577,"10-2028":0.2646935455,"12-2028":0.3022408928,"02-2029":0.304685008,"04-2029":0.3087793427,"06-2029":0.3246675387,"08-2029":0.3305295232,"10-2029":0.3361102312,"12-2029":0.3486141003,"02-2030":0.3329839002,"04-2030":0.3638889256,"06-2030":0.3852054795,"08-2030":0.3611826983,"10-2030":0.3511553502,"12-2030":0.3513002394},"percentile_25":{"02-2020":0.0376642036,"04-2020":0.0366973619,"06-2020":0.0343847962,"08-2020":0.0369287066,"10-2020":0.0378146309,"12-2020":0.0372443339,"02-2021":0.0382191495,"04-2021":0.0345493247,"06-2021":0.0333350552,"08-2021":0.0307344464,"10-2021":0.0268423437,"12-2021":0.0195508436,"02-2022":0.0159727432,"04-2022":0.0140477008,"06-2022":0.0106386964,"08-2022":0.0072665673,"10-2022":0.0039024501,"12-2022":0.0037418246,"02-2023":0.0,"04-2023":0.0,"06-2023":0.0,"08-2023":0.0,"10-2023":0.0,"12-2023":0.0,"02-2024":0.0,"04-2024":0.0,"06-2024":0.0,"08-2024":0.0,"10-2024":0.0,"12-2024":0.0,"02-2025":0.0,"04-2025":0.0,"06-2025":0.0,"08-2025":0.0,"10-2025":0.0,"12-2025":0.0,"02-2026":0.0,"04-2026":0.0,"06-2026":0.0,"08-2026":0.0,"10-2026":0.0,"12-2026":0.0,"02-2027":0.0,"04-2027":0.0,"06-2027":0.0,"08-2027":0.0,"10-2027":0.0,"12-2027":0.0,"02-2028":0.0,"04-2028":0.0,"06-2028":0.0,"08-2028":0.0,"10-2028":0.0,"12-2028":0.0,"02-2029":0.0,"04-2029":0.0,"06-2029":0.0,"08-2029":0.0,"10-2029":0.0,"12-2029":0.0,"02-2030":0.0,"04-2030":0.0,"06-2030":0.0,"08-2030":0.0,"10-2030":0.0,"12-2030":0.0},"percentile_75":{"02-2020":0.0991758242,"04-2020":0.1110003418,"06-2020":0.134958182,"08-2020":0.1574059821,"10-2020":0.1748622188,"12-2020":0.1929475876,"02-2021":0.1862641405,"04-2021":0.1927666845,"06-2021":0.1825753589,"08-2021":0.1799694681,"10-2021":0.1779962999,"12-2021":0.1799768964,"02-2022":0.1756712044,"04-2022":0.167498008,"06-2022":0.1726414951,"08-2022":0.158380069,"10-2022":0.1585329929,"12-2022":0.1541581306,"02-2023":0.1429249012,"04-2023":0.1506679389,"06-2023":0.146938979,"08-2023":0.1555413072,"10-2023":0.1524104229,"12-2023":0.1631571334,"02-2024":0.1603845484,"04-2024":0.1766787659,"06-2024":0.1899604724,"08-2024":0.2237540404,"10-2024":0.2757955641,"12-2024":0.3441544118,"02-2025":0.4225895459,"04-2025":0.4923313314,"06-2025":0.585673985,"08-2025":0.6441690803,"10-2025":0.6590676884,"12-2025":0.6796920241,"02-2026":0.6813241107,"04-2026":0.6666536331,"06-2026":0.6690573354,"08-2026":0.648353252,"10-2026":0.6383653453,"12-2026":0.6482066809,"02-2027":0.6351310886,"04-2027":0.642485119,"06-2027":0.6241948527,"08-2027":0.6128711377,"10-2027":0.6007201494,"12-2027":0.6,"02-2028":0.5874504569,"04-2028":0.5840519278,"06-2028":0.5673874604,"08-2028":0.5668812975,"10-2028":0.5456201277,"12-2028":0.535728234,"02-2029":0.5335227273,"04-2029":0.5227243676,"06-2029":0.5126373844,"08-2029":0.5137435304,"10-2029":0.5057195072,"12-2029":0.4966944069,"02-2030":0.4931138143,"04-2030":0.4913894176,"06-2030":0.4958515886,"08-2030":0.4868398643,"10-2030":0.4832029861,"12-2030":0.4637399951}}