{"median":{"02-2020":0.0632836016,"04-2020":0.0675757095,"06-2020":0.0769330611,"08-2020":0.0860791532,"10-2020":0.0852365558,"12-2020":0.0887503502,"02-2021":0.0878931298,"04-2021":0.0855429083,"06-2021":0.0852272727,"08-2021":0.0834785134,"10-2021":0.0706937096,"12-2021":0.0725837505,"02-2022":0.0644812056,"04-2022":0.060606308,"06-2022":0.0549235079,"08-2022":0.05415881,"10-2022":0.0460744782,"12-2022":0.043978022,"02-2023":0.0402842903,"04-2023":0.0326653247,"06-2023":0.0259662126,"08-2023":0.0236235119,"10-2023":0.0224166667,"12-2023":0.015849104,"02-2024":0.0116280817,"04-2024":0.0104765968,"06-2024":0.0083220873,"08-2024":0.0076252723,"10-2024":0.0056663215,"12-2024":0.0039142691,"02-2025":0.0037236988,"04-2025":0.0036661519,"06-2025":0.0,"08-2025":0.0,"10-2025":0.0,"12-2025":0.0,"02-2026":0.0,"04-2026":0.0,"06-2026":0.0,"08-2026":0.0,"10-2026":0.0,"12-2026":0.0,"02-2027":0.0,"04-2027":0.0,"06-2027":0.0,"08-2027":0.0,"10-2027":0.0,"12-2027":0.0,"02-2028":0.0,"04-2028":0.0,"06-2028":0.0,"08-2028":0.0,"10-2028":0.0,"12-2028":0.0,"02-2029":0.0,"04-2029":0.0,"06-2029":0.0,"08-2029":0.0,"10-2029":0.0,"12-2029":0.0,"02-2030":0.0,"04-2030":0.0,"06-2030":0.0,"08-2030":0.0,"10-2030":0.0,"12-2030":0.0},"percentile_25":{"02-2020":0.0376642036,"04-2020":0.0366973619,"06-2020":0.0343847962,"08-2020":0.0369287066,"10-2020":0.0378146309,"12-2020":0.0372443339,"02-2021":0.0382191495,"04-2021":0.0345493247,"06-2021":0.0333350552,"08-2021":0.0307344464,"10-2021":0.0268423437,"12-2021":0.0195508436,"02-2022":0.0159727432,"04-2022":0.0140477008,"06-2022":0.0106386964,"08-2022":0.0072665673,"10-2022":0.0039024501,"12-2022":0.0037418246,"02-2023":0.0,"04-2023":0.0,"06-2023":0.0,"08-2023":0.0,"10-2023":0.0,"12-2023":0.0,"02-2024":0.0,"04-2024":0.0,"06-2024":0.0,"08-2024":0.0,"10-2024":0.0,"12-2024":0.0,"02-2025":0.0,"04-2025":0.0,"06-2025":0.0,"08-2025":0.0,"10-2025":0.0,"12-2025":0.0,"02-2026":0.0,"04-2026":0.0,"06-2026":0.0,"08-2026":0.0,"10-2026":0.0,"12-2026":0.0,"02-2027":0.0,"04-2027":0.0,"06-2027":0.0,"08-2027":0.0,"10-2027":0.0,"12-2027":0.0,"02-2028":0.0,"04-2028":0.0,"06-2028":0.0,"08-2028":0.0,"10-2028":0.0,"12-2028":0.0,"02-2029":0.0,"04-2029":0.0,"06-2029":0.0,"08-2029":0.0,"10-2029":0.0,"12-2029":0.0,"02-2030":0.0,"04-2030":0.0,"06-2030":0.0,"08-2030":0.0,"10-2030":0.0,"12-2030":0.0},"percentile_75":{"02-2020":0.0991758242,"04-2020":0.1110003418,"06-2020":0.134958182,"08-2020":0.1574059821,"10-2020":0.1748622188,"12-2020":0.1929475876,"02-2021":0.1862641405,"04-2021":0.1927666845,"06-2021":0.1825753589,"08-2021":0.1799694681,"10-2021":0.1779962999,"12-2021":0.1799768964,"02-2022":0.1756712044,"04-2022":0.167498008,"06-2022":0.1726414951,"08-2022":0.158380069,"10-2022":0.1585329929,"12-2022":0.1541581306,"02-2023":0.1429249012,"04-2023":0.1506679389,"06-2023":0.146938979,"08-2023":0.1555413072,"10-2023":0.1524104229,"12-2023":0.1631571334,"02-2024":0.1561921827,"04-2024":0.1417471042,"06-2024":0.1448545655,"08-2024":0.1338518809,"10-2024":0.1385368664,"12-2024":0.1533088679,"02-2025":0.1674674727,"04-2025":0.1593137255,"06-2025":0.1584177125,"08-2025":0.1558154642,"10-2025":0.1417948121,"12-2025":0.1396072797,"02-2026":0.1434331797,"04-2026":0.1374716553,"06-2026":0.1432998819,"08-2026":0.1436197255,"10-2026":0.1564159547,"12-2026":0.1825879894,"02-2027":0.2300837675,"04-2027":0.274036085,"06-2027":0.3400300328,"08-2027":0.4381618218,"10-2027":0.5355933451,"12-2027":0.6330357747,"02-2028":0.6618287559,"04-2028":0.6693548387,"06-2028":0.6564385734,"08-2028":0.6604075791,"10-2028":0.6573668546,"12-2028":0.642609059,"02-2029":0.6426099942,"04-2029":0.6312509706,"06-2029":0.6149506736,"08-2029":0.6097616254,"10-2029":0.5984014799,"12-2029":0.5853911775,"02-2030":0.5852610707,"04-2030":0.5775335775,"06-2030":0.5846468454,"08-2030":0.5667910448,"10-2030":0.5518435485,"12-2030":0.5310969527}}