{"median":{"02-2020":0.0588411421,"04-2020":0.0584610692,"06-2020":0.0594117647,"08-2020":0.0565215407,"10-2020":0.0526399927,"12-2020":0.0514123146,"02-2021":0.0512323889,"04-2021":0.0444515068,"06-2021":0.0423083182,"08-2021":0.0350878526,"10-2021":0.0346688034,"12-2021":0.0350215762,"02-2022":0.0288597391,"04-2022":0.0257906656,"06-2022":0.0227275988,"08-2022":0.0194181347,"10-2022":0.0155642023,"12-2022":0.0146291888,"02-2023":0.0078125,"04-2023":0.007874504,"06-2023":0.0075827206,"08-2023":0.0057065217,"10-2023":0.0017985612,"12-2023":0.0,"02-2024":0.0,"04-2024":0.0,"06-2024":0.0,"08-2024":0.0,"10-2024":0.0,"12-2024":0.0,"02-2025":0.0,"04-2025":0.0,"06-2025":0.0,"08-2025":0.0,"10-2025":0.0,"12-2025":0.0,"02-2026":0.0,"04-2026":0.0,"06-2026":0.0,"08-2026":0.0,"10-2026":0.0,"12-2026":0.0,"02-2027":0.0,"04-2027":0.0,"06-2027":0.0,"08-2027":0.0,"10-2027":0.0,"12-2027":0.0,"02-2028":0.0,"04-2028":0.0,"06-2028":0.0,"08-2028":0.0,"10-2028":0.0,"12-2028":0.0,"02-2029":0.0,"04-2029":0.0,"06-2029":0.0,"08-2029":0.0,"10-2029":0.0,"12-2029":0.0,"02-2030":0.0,"04-2030":0.0,"06-2030":0.0,"08-2030":0.0,"10-2030":0.0,"12-2030":0.0},"percentile_25":{"02-2020":0.0377374491,"04-2020":0.0332156805,"06-2020":0.0272422277,"08-2020":0.0263411715,"10-2020":0.0262881679,"12-2020":0.0240722892,"02-2021":0.0194194299,"04-2021":0.015252663,"06-2021":0.0141594246,"08-2021":0.0079685039,"10-2021":0.0076127981,"12-2021":0.0038986797,"02-2022":0.0037420581,"04-2022":0.0,"06-2022":0.0,"08-2022":0.0,"10-2022":0.0,"12-2022":0.0,"02-2023":0.0,"04-2023":0.0,"06-2023":0.0,"08-2023":0.0,"10-2023":0.0,"12-2023":0.0,"02-2024":0.0,"04-2024":0.0,"06-2024":0.0,"08-2024":0.0,"10-2024":0.0,"12-2024":0.0,"02-2025":0.0,"04-2025":0.0,"06-2025":0.0,"08-2025":0.0,"10-2025":0.0,"12-2025":0.0,"02-2026":0.0,"04-2026":0.0,"06-2026":0.0,"08-2026":0.0,"10-2026":0.0,"12-2026":0.0,"02-2027":0.0,"04-2027":0.0,"06-2027":0.0,"08-2027":0.0,"10-2027":0.0,"12-2027":0.0,"02-2028":0.0,"04-2028":0.0,"06-2028":0.0,"08-2028":0.0,"10-2028":0.0,"12-2028":0.0,"02-2029":0.0,"04-2029":0.0,"06-2029":0.0,"08-2029":0.0,"10-2029":0.0,"12-2029":0.0,"02-2030":0.0,"04-2030":0.0,"06-2030":0.0,"08-2030":0.0,"10-2030":0.0,"12-2030":0.0},"percentile_75":{"02-2020":0.0905294405,"04-2020":0.0913494312,"06-2020":0.1028758106,"08-2020":0.1116621449,"10-2020":0.1103451495,"12-2020":0.1143120717,"02-2021":0.1134755275,"04-2021":0.108361678,"06-2021":0.0970904491,"08-2021":0.0915786385,"10-2021":0.0918504382,"12-2021":0.0925142586,"02-2022":0.0853454872,"04-2022":0.0832086714,"06-2022":0.0841622845,"08-2022":0.0776042804,"10-2022":0.0766904467,"12-2022":0.0768493901,"02-2023":0.0795357296,"04-2023":0.0799371574,"06-2023":0.0776992306,"08-2023":0.0704112903,"10-2023":0.0686526696,"12-2023":0.0656993007,"02-2024":0.066304482,"04-2024":0.0633207071,"06-2024":0.0560225558,"08-2024":0.0575844653,"10-2024":0.0594906178,"12-2024":0.0586939298,"02-2025":0.0659998886,"04-2025":0.071814822,"06-2025":0.0718283582,"08-2025":0.0716702206,"10-2025":0.0706905131,"12-2025":0.0732664791,"02-2026":0.0676572895,"04-2026":0.0665355269,"06-2026":0.0651052687,"08-2026":0.0699997235,"10-2026":0.0665114523,"12-2026":0.0641745895,"02-2027":0.0662768757,"04-2027":0.0643874874,"06-2027":0.07403698,"08-2027":0.0782636934,"10-2027":0.0783348684,"12-2027":0.0860283562,"02-2028":0.0915268942,"04-2028":0.094835257,"06-2028":0.0987096119,"08-2028":0.0959770435,"10-2028":0.1058446923,"12-2028":0.1120309331,"02-2029":0.1113256113,"04-2029":0.1115972588,"06-2029":0.1106990482,"08-2029":0.1118881119,"10-2029":0.1156401384,"12-2029":0.1345748211,"02-2030":0.1452133633,"04-2030":0.1478035805,"06-2030":0.1687628586,"08-2030":0.1543582079,"10-2030":0.1598239883,"12-2030":0.1771656531}}