{"median":{"02-2020":0.0588411421,"04-2020":0.0584610692,"06-2020":0.0590560335,"08-2020":0.0595921764,"10-2020":0.0622818358,"12-2020":0.072212693,"02-2021":0.0770595637,"04-2021":0.0917582566,"06-2021":0.1099252114,"08-2021":0.1264691627,"10-2021":0.1503435715,"12-2021":0.1882845188,"02-2022":0.2160861865,"04-2022":0.2502717391,"06-2022":0.2846101231,"08-2022":0.3138734064,"10-2022":0.3467032488,"12-2022":0.3847513779,"02-2023":0.4302800211,"04-2023":0.4880172119,"06-2023":0.5340149002,"08-2023":0.551341096,"10-2023":0.5655427556,"12-2023":0.5870315672,"02-2024":0.5924420677,"04-2024":0.5915999942,"06-2024":0.5920963365,"08-2024":0.5844519184,"10-2024":0.5872668998,"12-2024":0.571425621,"02-2025":0.5578251184,"04-2025":0.554728909,"06-2025":0.5397214274,"08-2025":0.5279336138,"10-2025":0.5262897457,"12-2025":0.5233508732,"02-2026":0.5209389684,"04-2026":0.5091165414,"06-2026":0.496219241,"08-2026":0.4841168907,"10-2026":0.4836710211,"12-2026":0.4781010638,"02-2027":0.4640937958,"04-2027":0.4597925726,"06-2027":0.4477582846,"08-2027":0.4484639941,"10-2027":0.4448689084,"12-2027":0.4382022472,"02-2028":0.4238968825,"04-2028":0.4209612659,"06-2028":0.4193831236,"08-2028":0.418046133,"10-2028":0.4156555749,"12-2028":0.4191563402,"02-2029":0.4086507002,"04-2029":0.3977483947,"06-2029":0.3970990441,"08-2029":0.3962950257,"10-2029":0.3937568456,"12-2029":0.3978686715,"02-2030":0.4000204248,"04-2030":0.4176760394,"06-2030":0.4172256315,"08-2030":0.4100335249,"10-2030":0.4049688465,"12-2030":0.3979055997},"percentile_25":{"02-2020":0.0377374491,"04-2020":0.0332156805,"06-2020":0.0265907651,"08-2020":0.0289563635,"10-2020":0.0284264837,"12-2020":0.0305957201,"02-2021":0.0301734906,"04-2021":0.0284774879,"06-2021":0.0280591186,"08-2021":0.0316526611,"10-2021":0.035346733,"12-2021":0.0368357488,"02-2022":0.0408575573,"04-2022":0.0467753002,"06-2022":0.0578430731,"08-2022":0.0647297281,"10-2022":0.0750652174,"12-2022":0.0807387057,"02-2023":0.091575333,"04-2023":0.1003906731,"06-2023":0.1074018649,"08-2023":0.1232381072,"10-2023":0.1340123291,"12-2023":0.1437443305,"02-2024":0.1657252071,"04-2024":0.1858606191,"06-2024":0.2205325593,"08-2024":0.2405820465,"10-2024":0.2974041335,"12-2024":0.33299707,"02-2025":0.3557456973,"04-2025":0.3931208054,"06-2025":0.4339053803,"08-2025":0.4380257424,"10-2025":0.4318400578,"12-2025":0.4367521368,"02-2026":0.4200466661,"04-2026":0.424746113,"06-2026":0.4126954076,"08-2026":0.4141287879,"10-2026":0.41284144,"12-2026":0.4069196429,"02-2027":0.4047493097,"04-2027":0.3992231134,"06-2027":0.3846766693,"08-2027":0.378603035,"10-2027":0.3799801626,"12-2027":0.3762842466,"02-2028":0.3696899469,"04-2028":0.3568783803,"06-2028":0.3651936962,"08-2028":0.3659800276,"10-2028":0.360720244,"12-2028":0.3616321066,"02-2029":0.3546502125,"04-2029":0.3425483122,"06-2029":0.3297701324,"08-2029":0.3370481192,"10-2029":0.3430878614,"12-2029":0.3465416867,"02-2030":0.3463457379,"04-2030":0.347825943,"06-2030":0.3537783344,"08-2030":0.3583949742,"10-2030":0.3514219694,"12-2030":0.3474137931},"percentile_75":{"02-2020":0.0905294405,"04-2020":0.0913494312,"06-2020":0.1055221716,"08-2020":0.1163822125,"10-2020":0.1356455325,"12-2020":0.1632409684,"02-2021":0.185247929,"04-2021":0.2208120772,"06-2021":0.2509883306,"08-2021":0.2941067278,"10-2021":0.3750465463,"12-2021":0.4489649115,"02-2022":0.5283069254,"04-2022":0.6118677043,"06-2022":0.6712779974,"08-2022":0.7031558397,"10-2022":0.7233066365,"12-2022":0.7083890374,"02-2023":0.7059990663,"04-2023":0.7088317031,"06-2023":0.6988054837,"08-2023":0.6815044859,"10-2023":0.67453101,"12-2023":0.666988417,"02-2024":0.6594017853,"04-2024":0.6553285857,"06-2024":0.6438206067,"08-2024":0.6425909857,"10-2024":0.6488836808,"12-2024":0.6324682612,"02-2025":0.6296296296,"04-2025":0.6085576614,"06-2025":0.5999522072,"08-2025":0.5899440762,"10-2025":0.5893534994,"12-2025":0.5883326645,"02-2026":0.5763869031,"04-2026":0.5636363636,"06-2026":0.5494666835,"08-2026":0.5527006855,"10-2026":0.5557487833,"12-2026":0.5291038821,"02-2027":0.5355676089,"04-2027":0.5304447595,"06-2027":0.5179695506,"08-2027":0.5052543802,"10-2027":0.4920454878,"12-2027":0.4834975369,"02-2028":0.4943820225,"04-2028":0.4735712316,"06-2028":0.4695561531,"08-2028":0.4612334407,"10-2028":0.4649252249,"12-2028":0.4668478261,"02-2029":0.4528348408,"04-2029":0.4520514706,"06-2029":0.4462539858,"08-2029":0.4423831959,"10-2029":0.4465992479,"12-2029":0.4526754115,"02-2030":0.4549518035,"04-2030":0.465455153,"06-2030":0.4722302288,"08-2030":0.4678522916,"10-2030":0.4652632021,"12-2030":0.4581148019}}