{"median":{"02-2020":0.0632836016,"04-2020":0.0675757095,"06-2020":0.0769330611,"08-2020":0.0860791532,"10-2020":0.0852365558,"12-2020":0.0887503502,"02-2021":0.0878931298,"04-2021":0.0855429083,"06-2021":0.0852272727,"08-2021":0.0834785134,"10-2021":0.0706937096,"12-2021":0.0725837505,"02-2022":0.0644812056,"04-2022":0.060606308,"06-2022":0.0549235079,"08-2022":0.05415881,"10-2022":0.0460744782,"12-2022":0.043978022,"02-2023":0.0402842903,"04-2023":0.0326653247,"06-2023":0.0259662126,"08-2023":0.0236235119,"10-2023":0.0224166667,"12-2023":0.015849104,"02-2024":0.0116280817,"04-2024":0.0104765968,"06-2024":0.0080011522,"08-2024":0.0077973006,"10-2024":0.0056722076,"12-2024":0.0038760272,"02-2025":0.0038911095,"04-2025":0.0055839727,"06-2025":0.0018115942,"08-2025":0.0018382353,"10-2025":0.0,"12-2025":0.0018450185,"02-2026":0.0,"04-2026":0.0,"06-2026":0.0,"08-2026":0.0,"10-2026":0.0,"12-2026":0.0,"02-2027":0.0,"04-2027":0.0,"06-2027":0.0,"08-2027":0.0,"10-2027":0.0,"12-2027":0.0,"02-2028":0.0,"04-2028":0.0,"06-2028":0.0,"08-2028":0.0,"10-2028":0.0,"12-2028":0.0,"02-2029":0.0,"04-2029":0.0,"06-2029":0.0,"08-2029":0.0,"10-2029":0.0,"12-2029":0.0018656716,"02-2030":0.0018518519,"04-2030":0.0018656716,"06-2030":0.0018050542,"08-2030":0.0036101083,"10-2030":0.0035587189,"12-2030":0.0035087719},"percentile_25":{"02-2020":0.0376642036,"04-2020":0.0366973619,"06-2020":0.0343847962,"08-2020":0.0369287066,"10-2020":0.0378146309,"12-2020":0.0372443339,"02-2021":0.0382191495,"04-2021":0.0345493247,"06-2021":0.0333350552,"08-2021":0.0307344464,"10-2021":0.0268423437,"12-2021":0.0195508436,"02-2022":0.0159727432,"04-2022":0.0140477008,"06-2022":0.0106386964,"08-2022":0.0072665673,"10-2022":0.0039024501,"12-2022":0.0037418246,"02-2023":0.0,"04-2023":0.0,"06-2023":0.0,"08-2023":0.0,"10-2023":0.0,"12-2023":0.0,"02-2024":0.0,"04-2024":0.0,"06-2024":0.0,"08-2024":0.0,"10-2024":0.0,"12-2024":0.0,"02-2025":0.0,"04-2025":0.0,"06-2025":0.0,"08-2025":0.0,"10-2025":0.0,"12-2025":0.0,"02-2026":0.0,"04-2026":0.0,"06-2026":0.0,"08-2026":0.0,"10-2026":0.0,"12-2026":0.0,"02-2027":0.0,"04-2027":0.0,"06-2027":0.0,"08-2027":0.0,"10-2027":0.0,"12-2027":0.0,"02-2028":0.0,"04-2028":0.0,"06-2028":0.0,"08-2028":0.0,"10-2028":0.0,"12-2028":0.0,"02-2029":0.0,"04-2029":0.0,"06-2029":0.0,"08-2029":0.0,"10-2029":0.0,"12-2029":0.0,"02-2030":0.0,"04-2030":0.0,"06-2030":0.0,"08-2030":0.0,"10-2030":0.0,"12-2030":0.0},"percentile_75":{"02-2020":0.0991758242,"04-2020":0.1110003418,"06-2020":0.134958182,"08-2020":0.1574059821,"10-2020":0.1748622188,"12-2020":0.1929475876,"02-2021":0.1862641405,"04-2021":0.1927666845,"06-2021":0.1825753589,"08-2021":0.1799694681,"10-2021":0.1779962999,"12-2021":0.1799768964,"02-2022":0.1756712044,"04-2022":0.167498008,"06-2022":0.1726414951,"08-2022":0.158380069,"10-2022":0.1585329929,"12-2022":0.1541581306,"02-2023":0.1429249012,"04-2023":0.1506679389,"06-2023":0.146938979,"08-2023":0.1555413072,"10-2023":0.1524104229,"12-2023":0.1631571334,"02-2024":0.1561921827,"04-2024":0.1417471042,"06-2024":0.1407366757,"08-2024":0.1476423512,"10-2024":0.1626825923,"12-2024":0.2137966106,"02-2025":0.2538952367,"04-2025":0.3127784253,"06-2025":0.399821523,"08-2025":0.4724904528,"10-2025":0.5360552369,"12-2025":0.6277802198,"02-2026":0.6709908069,"04-2026":0.6695736434,"06-2026":0.6718444009,"08-2026":0.6844325657,"10-2026":0.6790869936,"12-2026":0.6618440634,"02-2027":0.6540016757,"04-2027":0.6399090296,"06-2027":0.6453673181,"08-2027":0.6327200206,"10-2027":0.6197126727,"12-2027":0.6134749035,"02-2028":0.600390625,"04-2028":0.5973546089,"06-2028":0.5822506174,"08-2028":0.584622871,"10-2028":0.5732514242,"12-2028":0.5631323832,"02-2029":0.556676598,"04-2029":0.5370533962,"06-2029":0.5307178044,"08-2029":0.520294926,"10-2029":0.5027365362,"12-2029":0.5195759717,"02-2030":0.510926379,"04-2030":0.5057314548,"06-2030":0.513195479,"08-2030":0.4882397476,"10-2030":0.4770422712,"12-2030":0.4704345153}}