{"median":{"02-2020":0.0588411421,"04-2020":0.0584610692,"06-2020":0.0594117647,"08-2020":0.0565215407,"10-2020":0.0526399927,"12-2020":0.0514123146,"02-2021":0.0512323889,"04-2021":0.0444515068,"06-2021":0.0423083182,"08-2021":0.0350878526,"10-2021":0.0346688034,"12-2021":0.0350215762,"02-2022":0.0288597391,"04-2022":0.0257906656,"06-2022":0.0227275988,"08-2022":0.0194181347,"10-2022":0.0155642023,"12-2022":0.0146291888,"02-2023":0.0078125,"04-2023":0.007874504,"06-2023":0.0075827206,"08-2023":0.0057065217,"10-2023":0.0017985612,"12-2023":0.0,"02-2024":0.0,"04-2024":0.0,"06-2024":0.0,"08-2024":0.0,"10-2024":0.0,"12-2024":0.0,"02-2025":0.0,"04-2025":0.0,"06-2025":0.0,"08-2025":0.0,"10-2025":0.0,"12-2025":0.0,"02-2026":0.0,"04-2026":0.0,"06-2026":0.0,"08-2026":0.0,"10-2026":0.0,"12-2026":0.0,"02-2027":0.0,"04-2027":0.0,"06-2027":0.0,"08-2027":0.0,"10-2027":0.0,"12-2027":0.0,"02-2028":0.0,"04-2028":0.0,"06-2028":0.0,"08-2028":0.0,"10-2028":0.0,"12-2028":0.0,"02-2029":0.0,"04-2029":0.0,"06-2029":0.0,"08-2029":0.0,"10-2029":0.0,"12-2029":0.0,"02-2030":0.0,"04-2030":0.0,"06-2030":0.0,"08-2030":0.0,"10-2030":0.0,"12-2030":0.0},"percentile_25":{"02-2020":0.0377374491,"04-2020":0.0332156805,"06-2020":0.0272422277,"08-2020":0.0263411715,"10-2020":0.0262881679,"12-2020":0.0240722892,"02-2021":0.0194194299,"04-2021":0.015252663,"06-2021":0.0141594246,"08-2021":0.0079685039,"10-2021":0.0076127981,"12-2021":0.0038986797,"02-2022":0.0037420581,"04-2022":0.0,"06-2022":0.0,"08-2022":0.0,"10-2022":0.0,"12-2022":0.0,"02-2023":0.0,"04-2023":0.0,"06-2023":0.0,"08-2023":0.0,"10-2023":0.0,"12-2023":0.0,"02-2024":0.0,"04-2024":0.0,"06-2024":0.0,"08-2024":0.0,"10-2024":0.0,"12-2024":0.0,"02-2025":0.0,"04-2025":0.0,"06-2025":0.0,"08-2025":0.0,"10-2025":0.0,"12-2025":0.0,"02-2026":0.0,"04-2026":0.0,"06-2026":0.0,"08-2026":0.0,"10-2026":0.0,"12-2026":0.0,"02-2027":0.0,"04-2027":0.0,"06-2027":0.0,"08-2027":0.0,"10-2027":0.0,"12-2027":0.0,"02-2028":0.0,"04-2028":0.0,"06-2028":0.0,"08-2028":0.0,"10-2028":0.0,"12-2028":0.0,"02-2029":0.0,"04-2029":0.0,"06-2029":0.0,"08-2029":0.0,"10-2029":0.0,"12-2029":0.0,"02-2030":0.0,"04-2030":0.0,"06-2030":0.0,"08-2030":0.0,"10-2030":0.0,"12-2030":0.0},"percentile_75":{"02-2020":0.0905294405,"04-2020":0.0913494312,"06-2020":0.1028758106,"08-2020":0.1116621449,"10-2020":0.1103451495,"12-2020":0.1143120717,"02-2021":0.1134755275,"04-2021":0.108361678,"06-2021":0.0970904491,"08-2021":0.0915786385,"10-2021":0.0918504382,"12-2021":0.0925142586,"02-2022":0.0853454872,"04-2022":0.0832086714,"06-2022":0.0841622845,"08-2022":0.0776042804,"10-2022":0.0766904467,"12-2022":0.0768493901,"02-2023":0.0795357296,"04-2023":0.0799371574,"06-2023":0.0776992306,"08-2023":0.0704112903,"10-2023":0.0686526696,"12-2023":0.0656993007,"02-2024":0.066304482,"04-2024":0.0633207071,"06-2024":0.0564929396,"08-2024":0.0594063605,"10-2024":0.0649308557,"12-2024":0.0788088262,"02-2025":0.0959459459,"04-2025":0.1178090417,"06-2025":0.1546226415,"08-2025":0.209078712,"10-2025":0.2583543679,"12-2025":0.3208511287,"02-2026":0.4120837809,"04-2026":0.519496064,"06-2026":0.6256692778,"08-2026":0.628080332,"10-2026":0.6096416918,"12-2026":0.5980976261,"02-2027":0.6021842502,"04-2027":0.6110636195,"06-2027":0.6159245748,"08-2027":0.6037863056,"10-2027":0.5968237906,"12-2027":0.5961862766,"02-2028":0.5769436892,"04-2028":0.574187518,"06-2028":0.5505957858,"08-2028":0.540840081,"10-2028":0.5402564971,"12-2028":0.5461598746,"02-2029":0.5479796814,"04-2029":0.5370638134,"06-2029":0.5092767645,"08-2029":0.5106043591,"10-2029":0.5054581136,"12-2029":0.5085910653,"02-2030":0.4893851304,"04-2030":0.4914260982,"06-2030":0.4935899624,"08-2030":0.4936688651,"10-2030":0.476068167,"12-2030":0.4594937631}}