{"median":{"02-2020":0.0588411421,"04-2020":0.0584610692,"06-2020":0.0594117647,"08-2020":0.0565215407,"10-2020":0.0526399927,"12-2020":0.0514123146,"02-2021":0.0512323889,"04-2021":0.0444515068,"06-2021":0.0423083182,"08-2021":0.0350878526,"10-2021":0.0346688034,"12-2021":0.0350215762,"02-2022":0.0288597391,"04-2022":0.0257906656,"06-2022":0.0213298163,"08-2022":0.0196525097,"10-2022":0.0154744089,"12-2022":0.0154170627,"02-2023":0.0130422535,"04-2023":0.0128968254,"06-2023":0.0107937369,"08-2023":0.0131650731,"10-2023":0.0113716312,"12-2023":0.0118946674,"02-2024":0.0107973637,"04-2024":0.0110294118,"06-2024":0.0110714675,"08-2024":0.0112997957,"10-2024":0.0157210894,"12-2024":0.021469697,"02-2025":0.0271425324,"04-2025":0.0402424428,"06-2025":0.0432885997,"08-2025":0.0491939046,"10-2025":0.0584272007,"12-2025":0.0584703183,"02-2026":0.0676828214,"04-2026":0.0766337766,"06-2026":0.0804953781,"08-2026":0.0843273549,"10-2026":0.0866501127,"12-2026":0.0844034243,"02-2027":0.0960561782,"04-2027":0.1202176525,"06-2027":0.1410137261,"08-2027":0.1804017193,"10-2027":0.1948493951,"12-2027":0.2259907151,"02-2028":0.2773282443,"04-2028":0.2891768271,"06-2028":0.2869583049,"08-2028":0.2959800056,"10-2028":0.3136528327,"12-2028":0.3539816596,"02-2029":0.3300500918,"04-2029":0.3317775828,"06-2029":0.3110753183,"08-2029":0.3341395788,"10-2029":0.3229030501,"12-2029":0.3396865204,"02-2030":0.3213478064,"04-2030":0.3178530425,"06-2030":0.3247587679,"08-2030":0.3357142857,"10-2030":0.3395938734,"12-2030":0.3403194314},"percentile_25":{"02-2020":0.0377374491,"04-2020":0.0332156805,"06-2020":0.0272422277,"08-2020":0.0263411715,"10-2020":0.0262881679,"12-2020":0.0240722892,"02-2021":0.0194194299,"04-2021":0.015252663,"06-2021":0.0141594246,"08-2021":0.0079685039,"10-2021":0.0076127981,"12-2021":0.0038986797,"02-2022":0.0037420581,"04-2022":0.0,"06-2022":0.0,"08-2022":0.0,"10-2022":0.0,"12-2022":0.0,"02-2023":0.0,"04-2023":0.0,"06-2023":0.0,"08-2023":0.0,"10-2023":0.0,"12-2023":0.0,"02-2024":0.0,"04-2024":0.0,"06-2024":0.0,"08-2024":0.0,"10-2024":0.0,"12-2024":0.0,"02-2025":0.0,"04-2025":0.0,"06-2025":0.0,"08-2025":0.0,"10-2025":0.0,"12-2025":0.0,"02-2026":0.0,"04-2026":0.0,"06-2026":0.0,"08-2026":0.0,"10-2026":0.0,"12-2026":0.0,"02-2027":0.0,"04-2027":0.0,"06-2027":0.0,"08-2027":0.0,"10-2027":0.0,"12-2027":0.0,"02-2028":0.0,"04-2028":0.0,"06-2028":0.0,"08-2028":0.0,"10-2028":0.0,"12-2028":0.0,"02-2029":0.0,"04-2029":0.0,"06-2029":0.0,"08-2029":0.0,"10-2029":0.0,"12-2029":0.0,"02-2030":0.0,"04-2030":0.0,"06-2030":0.0,"08-2030":0.0,"10-2030":0.0,"12-2030":0.0},"percentile_75":{"02-2020":0.0905294405,"04-2020":0.0913494312,"06-2020":0.1028758106,"08-2020":0.1116621449,"10-2020":0.1103451495,"12-2020":0.1143120717,"02-2021":0.1134755275,"04-2021":0.108361678,"06-2021":0.0970904491,"08-2021":0.0915786385,"10-2021":0.0918504382,"12-2021":0.0925142586,"02-2022":0.0853454872,"04-2022":0.0832086714,"06-2022":0.0833333333,"08-2022":0.0840778417,"10-2022":0.0933291549,"12-2022":0.1030717081,"02-2023":0.1415092639,"04-2023":0.1780472151,"06-2023":0.2088947232,"08-2023":0.2743846768,"10-2023":0.3295237916,"12-2023":0.3731212024,"02-2024":0.4629462436,"04-2024":0.5440941816,"06-2024":0.6163795966,"08-2024":0.6661906795,"10-2024":0.663494109,"12-2024":0.6724978647,"02-2025":0.6589139708,"04-2025":0.6447727273,"06-2025":0.643861551,"08-2025":0.6392794004,"10-2025":0.6331440095,"12-2025":0.6374220828,"02-2026":0.625084824,"04-2026":0.6273950645,"06-2026":0.6196165966,"08-2026":0.6169997388,"10-2026":0.6166030953,"12-2026":0.598033613,"02-2027":0.5752505629,"04-2027":0.5615648051,"06-2027":0.558122598,"08-2027":0.5532864742,"10-2027":0.5480541148,"12-2027":0.5291783747,"02-2028":0.5267373043,"04-2028":0.5228585459,"06-2028":0.5085929484,"08-2028":0.4969835907,"10-2028":0.498605948,"12-2028":0.4824455206,"02-2029":0.4664212067,"04-2029":0.4569313506,"06-2029":0.4470454545,"08-2029":0.4588746683,"10-2029":0.449569378,"12-2029":0.4542957043,"02-2030":0.4593285202,"04-2030":0.4512949875,"06-2030":0.4557922962,"08-2030":0.4502118644,"10-2030":0.4354089904,"12-2030":0.4268431937}}