{"median":{"02-2020":0.0632836016,"04-2020":0.0675757095,"06-2020":0.0769330611,"08-2020":0.0860791532,"10-2020":0.0852365558,"12-2020":0.0887503502,"02-2021":0.0878931298,"04-2021":0.0855429083,"06-2021":0.0852272727,"08-2021":0.0834785134,"10-2021":0.0706937096,"12-2021":0.0725837505,"02-2022":0.068001088,"04-2022":0.0666666667,"06-2022":0.0686334878,"08-2022":0.0692812934,"10-2022":0.0836610758,"12-2022":0.1056852652,"02-2023":0.1182481878,"04-2023":0.1491020047,"06-2023":0.1660104987,"08-2023":0.1882024004,"10-2023":0.2274776947,"12-2023":0.2802994695,"02-2024":0.3173929447,"04-2024":0.3783841717,"06-2024":0.4462962963,"08-2024":0.5094941574,"10-2024":0.535440613,"12-2024":0.5667752868,"02-2025":0.5700621321,"04-2025":0.5750201101,"06-2025":0.5714189842,"08-2025":0.5593594306,"10-2025":0.5565881867,"12-2025":0.5510191434,"02-2026":0.5510291477,"04-2026":0.5449627012,"06-2026":0.5297235502,"08-2026":0.5215277778,"10-2026":0.5184528837,"12-2026":0.5085454545,"02-2027":0.5028456969,"04-2027":0.4947547281,"06-2027":0.4955779279,"08-2027":0.4808947438,"10-2027":0.4812251698,"12-2027":0.4644131277,"02-2028":0.4534632035,"04-2028":0.459454191,"06-2028":0.4460847329,"08-2028":0.4399893314,"10-2028":0.4300537634,"12-2028":0.4207764823,"02-2029":0.4156504065,"04-2029":0.4137554874,"06-2029":0.4080387825,"08-2029":0.3988740042,"10-2029":0.4029388084,"12-2029":0.410703118,"02-2030":0.4091597577,"04-2030":0.4197461739,"06-2030":0.4039199322,"08-2030":0.4010113621,"10-2030":0.3976097288,"12-2030":0.3899724811},"percentile_25":{"02-2020":0.0376642036,"04-2020":0.0366973619,"06-2020":0.0343847962,"08-2020":0.0369287066,"10-2020":0.0378146309,"12-2020":0.0372443339,"02-2021":0.0382191495,"04-2021":0.0345493247,"06-2021":0.0333350552,"08-2021":0.0307344464,"10-2021":0.0268423437,"12-2021":0.0195508436,"02-2022":0.0164282702,"04-2022":0.0145101377,"06-2022":0.0133568133,"08-2022":0.0104095057,"10-2022":0.0078607779,"12-2022":0.006141406,"02-2023":0.0038572914,"04-2023":0.0038134128,"06-2023":0.003731498,"08-2023":0.0,"10-2023":0.0,"12-2023":0.0,"02-2024":0.0,"04-2024":0.0,"06-2024":0.0,"08-2024":0.0,"10-2024":0.002688172,"12-2024":0.0036083064,"02-2025":0.0038214582,"04-2025":0.0075757576,"06-2025":0.0051020408,"08-2025":0.0065585534,"10-2025":0.0075702093,"12-2025":0.0096507353,"02-2026":0.010485348,"04-2026":0.0147625363,"06-2026":0.0176142912,"08-2026":0.0227059925,"10-2026":0.0196622818,"12-2026":0.022366127,"02-2027":0.0208406746,"04-2027":0.028114034,"06-2027":0.0272201946,"08-2027":0.0241312317,"10-2027":0.0231203008,"12-2027":0.0173624288,"02-2028":0.0151226909,"04-2028":0.0179817958,"06-2028":0.014167773,"08-2028":0.0074654315,"10-2028":0.0068139535,"12-2028":0.0069288538,"02-2029":0.0080015121,"04-2029":0.0118243243,"06-2029":0.0145489387,"08-2029":0.021255046,"10-2029":0.0269031443,"12-2029":0.0358118954,"02-2030":0.037700383,"04-2030":0.0393544771,"06-2030":0.0460723672,"08-2030":0.0363488689,"10-2030":0.0420177651,"12-2030":0.0463810969},"percentile_75":{"02-2020":0.0991758242,"04-2020":0.1110003418,"06-2020":0.134958182,"08-2020":0.1574059821,"10-2020":0.1748622188,"12-2020":0.1929475876,"02-2021":0.1862641405,"04-2021":0.1927666845,"06-2021":0.1825753589,"08-2021":0.1799694681,"10-2021":0.1779962999,"12-2021":0.1799768964,"02-2022":0.1829223408,"04-2022":0.1811887255,"06-2022":0.2161979597,"08-2022":0.2386310498,"10-2022":0.2884850746,"12-2022":0.3469048937,"02-2023":0.4361642743,"04-2023":0.5133963949,"06-2023":0.6189717428,"08-2023":0.6921477965,"10-2023":0.7068499901,"12-2023":0.7114810073,"02-2024":0.7074265122,"04-2024":0.6905139394,"06-2024":0.6974148061,"08-2024":0.6813519142,"10-2024":0.6820373263,"12-2024":0.6681493975,"02-2025":0.6653920547,"04-2025":0.6504803676,"06-2025":0.6460736739,"08-2025":0.6369218501,"10-2025":0.6335227273,"12-2025":0.6273950645,"02-2026":0.615625,"04-2026":0.6000362669,"06-2026":0.5963131313,"08-2026":0.5899305021,"10-2026":0.5917583306,"12-2026":0.5833938294,"02-2027":0.5733556012,"04-2027":0.567040822,"06-2027":0.5605735728,"08-2027":0.5418882979,"10-2027":0.5299068567,"12-2027":0.5361700874,"02-2028":0.5274475524,"04-2028":0.5215738285,"06-2028":0.501696091,"08-2028":0.506013986,"10-2028":0.4908367573,"12-2028":0.482229711,"02-2029":0.4787608631,"04-2029":0.4719325843,"06-2029":0.4717175066,"08-2029":0.4618959108,"10-2029":0.461384778,"12-2029":0.4635031728,"02-2030":0.4738293344,"04-2030":0.4711594203,"06-2030":0.4699118515,"08-2030":0.4543143297,"10-2030":0.4496527778,"12-2030":0.4362877373}}