{"median":{"02-2020":0.0588411421,"04-2020":0.0584610692,"06-2020":0.0594117647,"08-2020":0.0565215407,"10-2020":0.0526399927,"12-2020":0.0514123146,"02-2021":0.0501942082,"04-2021":0.0474986331,"06-2021":0.0480122911,"08-2021":0.0510323725,"10-2021":0.0608707159,"12-2021":0.0683665821,"02-2022":0.0843373494,"04-2022":0.0994505495,"06-2022":0.1242598606,"08-2022":0.1499495605,"10-2022":0.1699030479,"12-2022":0.2124037872,"02-2023":0.2338487876,"04-2023":0.2830341785,"06-2023":0.3068956174,"08-2023":0.3753300963,"10-2023":0.4385595256,"12-2023":0.491309244,"02-2024":0.5412307731,"04-2024":0.5581574093,"06-2024":0.550732191,"08-2024":0.5681467777,"10-2024":0.5704306963,"12-2024":0.5656784188,"02-2025":0.5649064171,"04-2025":0.5589816572,"06-2025":0.5551536006,"08-2025":0.5457905917,"10-2025":0.5373008497,"12-2025":0.5201538688,"02-2026":0.5224856322,"04-2026":0.5194697826,"06-2026":0.5087185131,"08-2026":0.5025675321,"10-2026":0.4921798631,"12-2026":0.4862431654,"02-2027":0.4762903086,"04-2027":0.4646314712,"06-2027":0.4659066373,"08-2027":0.460473791,"10-2027":0.4541803578,"12-2027":0.4446863989,"02-2028":0.4441009587,"04-2028":0.4352421538,"06-2028":0.4283630874,"08-2028":0.423700294,"10-2028":0.4159190472,"12-2028":0.4041811847,"02-2029":0.4039795114,"04-2029":0.3952249621,"06-2029":0.3896094955,"08-2029":0.3854003321,"10-2029":0.3890917783,"12-2029":0.3971623709,"02-2030":0.3903619529,"04-2030":0.394866969,"06-2030":0.4082020934,"08-2030":0.4118682684,"10-2030":0.4003424658,"12-2030":0.3906942013},"percentile_25":{"02-2020":0.0377374491,"04-2020":0.0332156805,"06-2020":0.0272422277,"08-2020":0.0263411715,"10-2020":0.0262881679,"12-2020":0.0240722892,"02-2021":0.0192697322,"04-2021":0.0189215266,"06-2021":0.0152091255,"08-2021":0.0140294118,"10-2021":0.0140154218,"12-2021":0.0145923339,"02-2022":0.0117305062,"04-2022":0.0115498541,"06-2022":0.0120137571,"08-2022":0.015252663,"10-2022":0.0169172932,"12-2022":0.0177238806,"02-2023":0.0215531807,"04-2023":0.0222841801,"06-2023":0.0226184476,"08-2023":0.0279439305,"10-2023":0.0316549791,"12-2023":0.0320645112,"02-2024":0.0313988568,"04-2024":0.0344657375,"06-2024":0.0353380158,"08-2024":0.0398710485,"10-2024":0.0353651484,"12-2024":0.0380563094,"02-2025":0.0411834409,"04-2025":0.0573658337,"06-2025":0.0673178174,"08-2025":0.0694136941,"10-2025":0.0829643977,"12-2025":0.0920337917,"02-2026":0.1004478747,"04-2026":0.1075607217,"06-2026":0.1313650903,"08-2026":0.1318082789,"10-2026":0.1319046578,"12-2026":0.1479439829,"02-2027":0.1607918263,"04-2027":0.1628367613,"06-2027":0.1663392087,"08-2027":0.1786107038,"10-2027":0.2022830782,"12-2027":0.2116841492,"02-2028":0.2126575946,"04-2028":0.2237050961,"06-2028":0.2240378165,"08-2028":0.2333009996,"10-2028":0.2419367876,"12-2028":0.2623175182,"02-2029":0.2676283681,"04-2029":0.2997348485,"06-2029":0.2953904792,"08-2029":0.282922486,"10-2029":0.278537376,"12-2029":0.298534725,"02-2030":0.2981341575,"04-2030":0.3020941844,"06-2030":0.3213297312,"08-2030":0.3232037727,"10-2030":0.3090009653,"12-2030":0.3046562279},"percentile_75":{"02-2020":0.0905294405,"04-2020":0.0913494312,"06-2020":0.1028758106,"08-2020":0.1116621449,"10-2020":0.1103451495,"12-2020":0.1143120717,"02-2021":0.119070482,"04-2021":0.1188495304,"06-2021":0.1257622077,"08-2021":0.1625144397,"10-2021":0.1693145558,"12-2021":0.2018368989,"02-2022":0.2579761676,"04-2022":0.3004300264,"06-2022":0.3932484348,"08-2022":0.4989340718,"10-2022":0.562745098,"12-2022":0.6461257102,"02-2023":0.7081515812,"04-2023":0.7160655738,"06-2023":0.7144114688,"08-2023":0.7116428065,"10-2023":0.6989452145,"12-2023":0.7127819549,"02-2024":0.6980577137,"04-2024":0.6785397482,"06-2024":0.6609046953,"08-2024":0.647720096,"10-2024":0.6481796439,"12-2024":0.63850451,"02-2025":0.6340998043,"04-2025":0.6334601832,"06-2025":0.631961507,"08-2025":0.612742871,"10-2025":0.6001937984,"12-2025":0.6036143785,"02-2026":0.5913758921,"04-2026":0.5796355118,"06-2026":0.5801055282,"08-2026":0.5694370685,"10-2026":0.5658957322,"12-2026":0.551369863,"02-2027":0.532144887,"04-2027":0.5302625903,"06-2027":0.5179034735,"08-2027":0.5172645072,"10-2027":0.5128076486,"12-2027":0.5134532108,"02-2028":0.5018908757,"04-2028":0.4968825501,"06-2028":0.5022297908,"08-2028":0.4889087796,"10-2028":0.4765161243,"12-2028":0.4685071081,"02-2029":0.4602264337,"04-2029":0.453721161,"06-2029":0.4489051095,"08-2029":0.4463387746,"10-2029":0.4433075601,"12-2029":0.438238255,"02-2030":0.4424122807,"04-2030":0.4527493917,"06-2030":0.4543226381,"08-2030":0.4524314819,"10-2030":0.4566297149,"12-2030":0.4504420138}}