{"median":{"02-2020":0.0588411421,"04-2020":0.0584610692,"06-2020":0.0594117647,"08-2020":0.0565215407,"10-2020":0.0526399927,"12-2020":0.0514123146,"02-2021":0.0512323889,"04-2021":0.0444515068,"06-2021":0.0423083182,"08-2021":0.0350878526,"10-2021":0.0346688034,"12-2021":0.0350215762,"02-2022":0.0288597391,"04-2022":0.0257906656,"06-2022":0.0227275988,"08-2022":0.0194181347,"10-2022":0.0155642023,"12-2022":0.0146291888,"02-2023":0.0078125,"04-2023":0.007874504,"06-2023":0.0075827206,"08-2023":0.0057065217,"10-2023":0.0017985612,"12-2023":0.0,"02-2024":0.0,"04-2024":0.0,"06-2024":0.0,"08-2024":0.0,"10-2024":0.0,"12-2024":0.0,"02-2025":0.0,"04-2025":0.0,"06-2025":0.0,"08-2025":0.0,"10-2025":0.0,"12-2025":0.0,"02-2026":0.0,"04-2026":0.0,"06-2026":0.0,"08-2026":0.0,"10-2026":0.0,"12-2026":0.0,"02-2027":0.0,"04-2027":0.0,"06-2027":0.0,"08-2027":0.0,"10-2027":0.0,"12-2027":0.0,"02-2028":0.0,"04-2028":0.0,"06-2028":0.0,"08-2028":0.0,"10-2028":0.0,"12-2028":0.0,"02-2029":0.0,"04-2029":0.0,"06-2029":0.0,"08-2029":0.0,"10-2029":0.0,"12-2029":0.0,"02-2030":0.0,"04-2030":0.0,"06-2030":0.0,"08-2030":0.0,"10-2030":0.0,"12-2030":0.0},"percentile_25":{"02-2020":0.0377374491,"04-2020":0.0332156805,"06-2020":0.0272422277,"08-2020":0.0263411715,"10-2020":0.0262881679,"12-2020":0.0240722892,"02-2021":0.0194194299,"04-2021":0.015252663,"06-2021":0.0141594246,"08-2021":0.0079685039,"10-2021":0.0076127981,"12-2021":0.0038986797,"02-2022":0.0037420581,"04-2022":0.0,"06-2022":0.0,"08-2022":0.0,"10-2022":0.0,"12-2022":0.0,"02-2023":0.0,"04-2023":0.0,"06-2023":0.0,"08-2023":0.0,"10-2023":0.0,"12-2023":0.0,"02-2024":0.0,"04-2024":0.0,"06-2024":0.0,"08-2024":0.0,"10-2024":0.0,"12-2024":0.0,"02-2025":0.0,"04-2025":0.0,"06-2025":0.0,"08-2025":0.0,"10-2025":0.0,"12-2025":0.0,"02-2026":0.0,"04-2026":0.0,"06-2026":0.0,"08-2026":0.0,"10-2026":0.0,"12-2026":0.0,"02-2027":0.0,"04-2027":0.0,"06-2027":0.0,"08-2027":0.0,"10-2027":0.0,"12-2027":0.0,"02-2028":0.0,"04-2028":0.0,"06-2028":0.0,"08-2028":0.0,"10-2028":0.0,"12-2028":0.0,"02-2029":0.0,"04-2029":0.0,"06-2029":0.0,"08-2029":0.0,"10-2029":0.0,"12-2029":0.0,"02-2030":0.0,"04-2030":0.0,"06-2030":0.0,"08-2030":0.0,"10-2030":0.0,"12-2030":0.0},"percentile_75":{"02-2020":0.0905294405,"04-2020":0.0913494312,"06-2020":0.1028758106,"08-2020":0.1116621449,"10-2020":0.1103451495,"12-2020":0.1143120717,"02-2021":0.1134755275,"04-2021":0.108361678,"06-2021":0.0970904491,"08-2021":0.0915786385,"10-2021":0.0918504382,"12-2021":0.0925142586,"02-2022":0.0853454872,"04-2022":0.0832086714,"06-2022":0.0841622845,"08-2022":0.0776042804,"10-2022":0.0766904467,"12-2022":0.0768493901,"02-2023":0.0795357296,"04-2023":0.0799371574,"06-2023":0.0776992306,"08-2023":0.0704112903,"10-2023":0.0686526696,"12-2023":0.0656993007,"02-2024":0.0738388342,"04-2024":0.0835407467,"06-2024":0.0828822412,"08-2024":0.0945564516,"10-2024":0.1191313577,"12-2024":0.1675955288,"02-2025":0.2021582734,"04-2025":0.2540983607,"06-2025":0.3295967418,"08-2025":0.4173006969,"10-2025":0.5046559477,"12-2025":0.6108662836,"02-2026":0.6143939394,"04-2026":0.6424173753,"06-2026":0.6523297491,"08-2026":0.6383192122,"10-2026":0.64537168,"12-2026":0.6402893701,"02-2027":0.6351668623,"04-2027":0.6270833333,"06-2027":0.616468039,"08-2027":0.6082546157,"10-2027":0.5971589547,"12-2027":0.604295217,"02-2028":0.5922262753,"04-2028":0.5822660347,"06-2028":0.5709664956,"08-2028":0.5516373191,"10-2028":0.5456084561,"12-2028":0.5298385406,"02-2029":0.5403754262,"04-2029":0.5170268165,"06-2029":0.5066867707,"08-2029":0.5060568772,"10-2029":0.5121864596,"12-2029":0.4991896929,"02-2030":0.5060169632,"04-2030":0.4875426174,"06-2030":0.4873152143,"08-2030":0.4771265272,"10-2030":0.4706359817,"12-2030":0.4558726158}}