{"median":{"02-2020":0.0632836016,"04-2020":0.0675757095,"06-2020":0.0769330611,"08-2020":0.0860791532,"10-2020":0.0852365558,"12-2020":0.0887503502,"02-2021":0.0878931298,"04-2021":0.0855429083,"06-2021":0.0868132012,"08-2021":0.0919553729,"10-2021":0.0906713295,"12-2021":0.0896913995,"02-2022":0.0971938776,"04-2022":0.1055727554,"06-2022":0.1237584702,"08-2022":0.1407471357,"10-2022":0.1766233766,"12-2022":0.2018867925,"02-2023":0.2326923077,"04-2023":0.2605147112,"06-2023":0.311193178,"08-2023":0.3769362248,"10-2023":0.4399366014,"12-2023":0.4922739541,"02-2024":0.5602620407,"04-2024":0.5885699359,"06-2024":0.6034212043,"08-2024":0.5968329969,"10-2024":0.5988579885,"12-2024":0.5942196457,"02-2025":0.5797882374,"04-2025":0.5770019827,"06-2025":0.5665835868,"08-2025":0.5601639808,"10-2025":0.5581444487,"12-2025":0.5393045577,"02-2026":0.537315511,"04-2026":0.5326769675,"06-2026":0.5261208577,"08-2026":0.5153127687,"10-2026":0.519407237,"12-2026":0.5073261056,"02-2027":0.5,"04-2027":0.4912602178,"06-2027":0.4779461279,"08-2027":0.46614819,"10-2027":0.4566102757,"12-2027":0.4438888889,"02-2028":0.4358899297,"04-2028":0.4365934412,"06-2028":0.4288238201,"08-2028":0.4272821042,"10-2028":0.4216493266,"12-2028":0.4181985421,"02-2029":0.4222942216,"04-2029":0.4159005718,"06-2029":0.4069934818,"08-2029":0.4026302869,"10-2029":0.4003386846,"12-2029":0.4019180347,"02-2030":0.4071519796,"04-2030":0.414804668,"06-2030":0.4152662926,"08-2030":0.4122581919,"10-2030":0.404508612,"12-2030":0.3985765125},"percentile_25":{"02-2020":0.0376642036,"04-2020":0.0366973619,"06-2020":0.0343847962,"08-2020":0.0369287066,"10-2020":0.0378146309,"12-2020":0.0372443339,"02-2021":0.0382191495,"04-2021":0.0345493247,"06-2021":0.0328880793,"08-2021":0.0331521739,"10-2021":0.032,"12-2021":0.0315966902,"02-2022":0.0322596255,"04-2022":0.0319756496,"06-2022":0.0314041484,"08-2022":0.0345229792,"10-2022":0.0356365842,"12-2022":0.043817431,"02-2023":0.0526732351,"04-2023":0.0577761194,"06-2023":0.0563513413,"08-2023":0.0652470176,"10-2023":0.0626011436,"12-2023":0.0670911069,"02-2024":0.0863975486,"04-2024":0.1000428228,"06-2024":0.1235567102,"08-2024":0.1251443255,"10-2024":0.1350379668,"12-2024":0.1389046167,"02-2025":0.1621349512,"04-2025":0.1827263335,"06-2025":0.196134104,"08-2025":0.2097996516,"10-2025":0.2292637252,"12-2025":0.2674442791,"02-2026":0.3078204976,"04-2026":0.3357678906,"06-2026":0.377719008,"08-2026":0.4040550922,"10-2026":0.4103721793,"12-2026":0.4124959703,"02-2027":0.3995225132,"04-2027":0.40063927,"06-2027":0.4012681159,"08-2027":0.379741877,"10-2027":0.3850711549,"12-2027":0.3772352858,"02-2028":0.3691187902,"04-2028":0.3747685185,"06-2028":0.3705849564,"08-2028":0.3575651671,"10-2028":0.357075988,"12-2028":0.3676470588,"02-2029":0.3601398132,"04-2029":0.347140199,"06-2029":0.3430444095,"08-2029":0.3387096774,"10-2029":0.3356614173,"12-2029":0.3339585651,"02-2030":0.3305361353,"04-2030":0.3294437466,"06-2030":0.3405822248,"08-2030":0.3522690985,"10-2030":0.3489335785,"12-2030":0.3435153657},"percentile_75":{"02-2020":0.0991758242,"04-2020":0.1110003418,"06-2020":0.134958182,"08-2020":0.1574059821,"10-2020":0.1748622188,"12-2020":0.1929475876,"02-2021":0.1862641405,"04-2021":0.1927666845,"06-2021":0.1854815032,"08-2021":0.199990986,"10-2021":0.2159894703,"12-2021":0.2474092338,"02-2022":0.27817139,"04-2022":0.3071561834,"06-2022":0.3649853761,"08-2022":0.4378101737,"10-2022":0.5386350365,"12-2022":0.6377785638,"02-2023":0.7034161491,"04-2023":0.7427267399,"06-2023":0.7547095761,"08-2023":0.7398897059,"10-2023":0.7187275764,"12-2023":0.6990805696,"02-2024":0.688310757,"04-2024":0.6713498828,"06-2024":0.675040764,"08-2024":0.6663263374,"10-2024":0.6592880979,"12-2024":0.6553285857,"02-2025":0.6528504303,"04-2025":0.6426903736,"06-2025":0.6318624291,"08-2025":0.6181594051,"10-2025":0.6125461255,"12-2025":0.606773737,"02-2026":0.5996064565,"04-2026":0.5925197426,"06-2026":0.5861497326,"08-2026":0.5769238923,"10-2026":0.5749020238,"12-2026":0.567251642,"02-2027":0.5552589957,"04-2027":0.5405905906,"06-2027":0.5386096014,"08-2027":0.5292507514,"10-2027":0.5230410448,"12-2027":0.5081297111,"02-2028":0.5016840537,"04-2028":0.502354944,"06-2028":0.4986462094,"08-2028":0.4825149527,"10-2028":0.4741686942,"12-2028":0.4614030438,"02-2029":0.46331045,"04-2029":0.4617626429,"06-2029":0.4510174929,"08-2029":0.4519900355,"10-2029":0.4560350877,"12-2029":0.4612311958,"02-2030":0.46215311,"04-2030":0.476068167,"06-2030":0.4638077258,"08-2030":0.4555547467,"10-2030":0.4485202815,"12-2030":0.4455714593}}