{"median":{"02-2020":0.0632836016,"04-2020":0.0675757095,"06-2020":0.0769330611,"08-2020":0.0860791532,"10-2020":0.0852365558,"12-2020":0.0887503502,"02-2021":0.0878931298,"04-2021":0.0855429083,"06-2021":0.0852272727,"08-2021":0.0834785134,"10-2021":0.0706937096,"12-2021":0.0725837505,"02-2022":0.0644812056,"04-2022":0.060606308,"06-2022":0.0562099064,"08-2022":0.0568189971,"10-2022":0.0571853212,"12-2022":0.0606095391,"02-2023":0.0639524328,"04-2023":0.072092896,"06-2023":0.0918167331,"08-2023":0.1065316559,"10-2023":0.1334555522,"12-2023":0.1483082707,"02-2024":0.1822229524,"04-2024":0.2083400289,"06-2024":0.262792021,"08-2024":0.2839036947,"10-2024":0.3178107789,"12-2024":0.352484472,"02-2025":0.3694367125,"04-2025":0.406211645,"06-2025":0.4693510738,"08-2025":0.524254069,"10-2025":0.5325326847,"12-2025":0.5254150702,"02-2026":0.5468864469,"04-2026":0.5238299872,"06-2026":0.5280172414,"08-2026":0.5198525241,"10-2026":0.5246669572,"12-2026":0.5160833762,"02-2027":0.5,"04-2027":0.4937896373,"06-2027":0.4901191849,"08-2027":0.4876641894,"10-2027":0.4818603112,"12-2027":0.4702882606,"02-2028":0.467990373,"04-2028":0.4634187553,"06-2028":0.4495448057,"08-2028":0.4418206435,"10-2028":0.431438999,"12-2028":0.420414854,"02-2029":0.4205203215,"04-2029":0.4204021232,"06-2029":0.4053741748,"08-2029":0.4050941661,"10-2029":0.4021057348,"12-2029":0.4042186827,"02-2030":0.40397073,"04-2030":0.4227487605,"06-2030":0.4115538847,"08-2030":0.4117893925,"10-2030":0.3993355482,"12-2030":0.3787358922},"percentile_25":{"02-2020":0.0376642036,"04-2020":0.0366973619,"06-2020":0.0343847962,"08-2020":0.0369287066,"10-2020":0.0378146309,"12-2020":0.0372443339,"02-2021":0.0382191495,"04-2021":0.0345493247,"06-2021":0.0333350552,"08-2021":0.0307344464,"10-2021":0.0268423437,"12-2021":0.0195508436,"02-2022":0.0159727432,"04-2022":0.0140477008,"06-2022":0.0099694256,"08-2022":0.0076976103,"10-2022":0.0038835389,"12-2022":0.0037313433,"02-2023":0.0,"04-2023":0.0,"06-2023":0.0,"08-2023":0.0,"10-2023":0.0,"12-2023":0.0,"02-2024":0.0,"04-2024":0.0,"06-2024":0.0,"08-2024":0.0,"10-2024":0.0,"12-2024":0.0,"02-2025":0.0,"04-2025":0.0,"06-2025":0.0,"08-2025":0.0,"10-2025":0.0,"12-2025":0.0,"02-2026":0.0,"04-2026":0.0,"06-2026":0.0,"08-2026":0.0,"10-2026":0.0,"12-2026":0.0,"02-2027":0.0,"04-2027":0.0,"06-2027":0.0,"08-2027":0.0,"10-2027":0.0,"12-2027":0.0,"02-2028":0.0,"04-2028":0.0,"06-2028":0.0,"08-2028":0.0,"10-2028":0.0,"12-2028":0.0,"02-2029":0.0,"04-2029":0.0,"06-2029":0.0,"08-2029":0.0,"10-2029":0.0,"12-2029":0.0,"02-2030":0.0,"04-2030":0.0,"06-2030":0.0,"08-2030":0.0,"10-2030":0.0,"12-2030":0.0},"percentile_75":{"02-2020":0.0991758242,"04-2020":0.1110003418,"06-2020":0.134958182,"08-2020":0.1574059821,"10-2020":0.1748622188,"12-2020":0.1929475876,"02-2021":0.1862641405,"04-2021":0.1927666845,"06-2021":0.1825753589,"08-2021":0.1799694681,"10-2021":0.1779962999,"12-2021":0.1799768964,"02-2022":0.1756712044,"04-2022":0.167498008,"06-2022":0.170232402,"08-2022":0.1712878809,"10-2022":0.1783732057,"12-2022":0.2043832987,"02-2023":0.2362592593,"04-2023":0.2722048067,"06-2023":0.3558797639,"08-2023":0.4376432844,"10-2023":0.5108074012,"12-2023":0.6087540777,"02-2024":0.6831427978,"04-2024":0.6852691491,"06-2024":0.6919056153,"08-2024":0.6992857795,"10-2024":0.6983788059,"12-2024":0.6959456749,"02-2025":0.688548951,"04-2025":0.6737528345,"06-2025":0.6571744141,"08-2025":0.6503646209,"10-2025":0.6417766863,"12-2025":0.6340865532,"02-2026":0.6242714303,"04-2026":0.6159301117,"06-2026":0.6075680272,"08-2026":0.5900851266,"10-2026":0.5868271388,"12-2026":0.5907308461,"02-2027":0.574793983,"04-2027":0.5743903072,"06-2027":0.5648951049,"08-2027":0.5592465355,"10-2027":0.5491537081,"12-2027":0.5390790145,"02-2028":0.5359864093,"04-2028":0.530987395,"06-2028":0.520990633,"08-2028":0.519393541,"10-2028":0.5042776907,"12-2028":0.5026534899,"02-2029":0.4890537232,"04-2029":0.4878174049,"06-2029":0.4800451486,"08-2029":0.4674376762,"10-2029":0.4684312878,"12-2029":0.4665506029,"02-2030":0.4697104497,"04-2030":0.480522221,"06-2030":0.4711384554,"08-2030":0.4634171312,"10-2030":0.4501462675,"12-2030":0.4345193128}}