{"median":{"02-2020":0.0632836016,"04-2020":0.0675757095,"06-2020":0.0769330611,"08-2020":0.0860791532,"10-2020":0.0852365558,"12-2020":0.0887503502,"02-2021":0.0956265903,"04-2021":0.1021201678,"06-2021":0.1106470178,"08-2021":0.130952381,"10-2021":0.148215848,"12-2021":0.1866373321,"02-2022":0.2254127622,"04-2022":0.2594268595,"06-2022":0.2929264072,"08-2022":0.3484926787,"10-2022":0.3990676157,"12-2022":0.4376438871,"02-2023":0.4894700386,"04-2023":0.5400124844,"06-2023":0.5840858417,"08-2023":0.6014765174,"10-2023":0.6010499724,"12-2023":0.607028038,"02-2024":0.6124217622,"04-2024":0.6024193548,"06-2024":0.6022191646,"08-2024":0.5914437012,"10-2024":0.5865817091,"12-2024":0.5732340426,"02-2025":0.5688544947,"04-2025":0.5579581709,"06-2025":0.5477941176,"08-2025":0.5497230934,"10-2025":0.5298398022,"12-2025":0.5202230483,"02-2026":0.5140490979,"04-2026":0.5062548462,"06-2026":0.5027093792,"08-2026":0.4894735546,"10-2026":0.4809542639,"12-2026":0.4775126334,"02-2027":0.473390338,"04-2027":0.4719465763,"06-2027":0.459338772,"08-2027":0.4553699474,"10-2027":0.4539717936,"12-2027":0.4413429523,"02-2028":0.4340806266,"04-2028":0.4342636402,"06-2028":0.41898852,"08-2028":0.4155896161,"10-2028":0.4051163039,"12-2028":0.4047119797,"02-2029":0.3943944434,"04-2029":0.3884956325,"06-2029":0.3912241296,"08-2029":0.3934545937,"10-2029":0.3892893713,"12-2029":0.4011332116,"02-2030":0.4035423197,"04-2030":0.4175397988,"06-2030":0.4183470992,"08-2030":0.4099469965,"10-2030":0.3978399883,"12-2030":0.3907428006},"percentile_25":{"02-2020":0.0376642036,"04-2020":0.0366973619,"06-2020":0.0343847962,"08-2020":0.0369287066,"10-2020":0.0378146309,"12-2020":0.0372443339,"02-2021":0.0389122596,"04-2021":0.0386278398,"06-2021":0.0425648682,"08-2021":0.043057238,"10-2021":0.0501328651,"12-2021":0.057382134,"02-2022":0.0669100993,"04-2022":0.0772020506,"06-2022":0.091596063,"08-2022":0.0977161798,"10-2022":0.1157904973,"12-2022":0.1258977748,"02-2023":0.1357355269,"04-2023":0.1518223337,"06-2023":0.1627741427,"08-2023":0.1880190017,"10-2023":0.199604049,"12-2023":0.2182848017,"02-2024":0.2379049838,"04-2024":0.2459431376,"06-2024":0.2896167558,"08-2024":0.3261092356,"10-2024":0.3647978335,"12-2024":0.401950823,"02-2025":0.4086739449,"04-2025":0.4310728182,"06-2025":0.4504531825,"08-2025":0.46992547,"10-2025":0.460657793,"12-2025":0.4694848075,"02-2026":0.4644710162,"04-2026":0.4511081129,"06-2026":0.4354723403,"08-2026":0.4210993908,"10-2026":0.4228702758,"12-2026":0.4170876891,"02-2027":0.4146119734,"04-2027":0.4122670103,"06-2027":0.4060931225,"08-2027":0.3937369882,"10-2027":0.3919347919,"12-2027":0.3803445371,"02-2028":0.3756465517,"04-2028":0.3693227763,"06-2028":0.3545396419,"08-2028":0.3541752239,"10-2028":0.3542797859,"12-2028":0.3439247437,"02-2029":0.3441196208,"04-2029":0.3436880948,"06-2029":0.3379461335,"08-2029":0.3376274626,"10-2029":0.3446678322,"12-2029":0.3601028198,"02-2030":0.3598144212,"04-2030":0.3672348485,"06-2030":0.3647601403,"08-2030":0.3568816489,"10-2030":0.346096052,"12-2030":0.3379058613},"percentile_75":{"02-2020":0.0991758242,"04-2020":0.1110003418,"06-2020":0.134958182,"08-2020":0.1574059821,"10-2020":0.1748622188,"12-2020":0.1929475876,"02-2021":0.2083333333,"04-2021":0.2359897571,"06-2021":0.2708765153,"08-2021":0.3288898601,"10-2021":0.3836098625,"12-2021":0.4550440214,"02-2022":0.547170254,"04-2022":0.6211986019,"06-2022":0.6786013986,"08-2022":0.7199215199,"10-2022":0.7358496766,"12-2022":0.7265625,"02-2023":0.7337293682,"04-2023":0.7243528012,"06-2023":0.7083755061,"08-2023":0.6979095969,"10-2023":0.6755597936,"12-2023":0.6742687712,"02-2024":0.6697307602,"04-2024":0.6629518808,"06-2024":0.6607100345,"08-2024":0.6400378788,"10-2024":0.6468584656,"12-2024":0.6380151209,"02-2025":0.6325114254,"04-2025":0.6203903921,"06-2025":0.6121172792,"08-2025":0.5934357269,"10-2025":0.5855920695,"12-2025":0.5798203812,"02-2026":0.5739666225,"04-2026":0.5675135047,"06-2026":0.5601280723,"08-2026":0.5524196397,"10-2026":0.5478144222,"12-2026":0.5338731589,"02-2027":0.5289501103,"04-2027":0.5160278155,"06-2027":0.5148424544,"08-2027":0.5117371368,"10-2027":0.5068583746,"12-2027":0.4963419405,"02-2028":0.4967999832,"04-2028":0.4812918721,"06-2028":0.4741562381,"08-2028":0.454205193,"10-2028":0.4538149351,"12-2028":0.4444444444,"02-2029":0.4406111929,"04-2029":0.4376077586,"06-2029":0.4315454687,"08-2029":0.4340214932,"10-2029":0.4429456435,"12-2029":0.4427062754,"02-2030":0.4435870805,"04-2030":0.4588120489,"06-2030":0.4635681699,"08-2030":0.4653785627,"10-2030":0.4563952818,"12-2030":0.4438138686}}