{"median":{"02-2020":0.0588411421,"04-2020":0.0584610692,"06-2020":0.0594117647,"08-2020":0.0565215407,"10-2020":0.0526399927,"12-2020":0.0514123146,"02-2021":0.0512323889,"04-2021":0.0444515068,"06-2021":0.0423083182,"08-2021":0.0350878526,"10-2021":0.0346688034,"12-2021":0.0350215762,"02-2022":0.030216217,"04-2022":0.0290536468,"06-2022":0.0289962769,"08-2022":0.0304633628,"10-2022":0.0323529412,"12-2022":0.0391570881,"02-2023":0.0464218371,"04-2023":0.0455540829,"06-2023":0.0536623952,"08-2023":0.0630047402,"10-2023":0.0752873563,"12-2023":0.0958838384,"02-2024":0.1112825166,"04-2024":0.1291391535,"06-2024":0.1624528966,"08-2024":0.1878674808,"10-2024":0.2312063809,"12-2024":0.2516858238,"02-2025":0.3076960991,"04-2025":0.346286665,"06-2025":0.3946368097,"08-2025":0.4599557675,"10-2025":0.4589653748,"12-2025":0.474845848,"02-2026":0.4923664122,"04-2026":0.4832532051,"06-2026":0.4865469113,"08-2026":0.499122807,"10-2026":0.4943393002,"12-2026":0.4904545388,"02-2027":0.4740994154,"04-2027":0.469454337,"06-2027":0.4746673322,"08-2027":0.4710800708,"10-2027":0.4606604076,"12-2027":0.4385892873,"02-2028":0.4390806562,"04-2028":0.4342956197,"06-2028":0.4195071813,"08-2028":0.4182678477,"10-2028":0.4119934615,"12-2028":0.4096962131,"02-2029":0.4153514977,"04-2029":0.4017177389,"06-2029":0.3854265905,"08-2029":0.3760618068,"10-2029":0.3774915454,"12-2029":0.3844322703,"02-2030":0.3723048203,"04-2030":0.3953181273,"06-2030":0.3982707013,"08-2030":0.3823529412,"10-2030":0.3759237508,"12-2030":0.3668379535},"percentile_25":{"02-2020":0.0377374491,"04-2020":0.0332156805,"06-2020":0.0272422277,"08-2020":0.0263411715,"10-2020":0.0262881679,"12-2020":0.0240722892,"02-2021":0.0194194299,"04-2021":0.015252663,"06-2021":0.0141594246,"08-2021":0.0079685039,"10-2021":0.0076127981,"12-2021":0.0038986797,"02-2022":0.0037075984,"04-2022":0.0,"06-2022":0.0,"08-2022":0.0,"10-2022":0.0,"12-2022":0.0,"02-2023":0.0,"04-2023":0.0,"06-2023":0.0,"08-2023":0.0,"10-2023":0.0,"12-2023":0.0,"02-2024":0.0,"04-2024":0.0,"06-2024":0.0,"08-2024":0.0,"10-2024":0.0,"12-2024":0.0,"02-2025":0.0,"04-2025":0.0,"06-2025":0.0,"08-2025":0.0,"10-2025":0.0,"12-2025":0.0,"02-2026":0.0,"04-2026":0.0,"06-2026":0.0,"08-2026":0.0,"10-2026":0.0,"12-2026":0.0,"02-2027":0.0,"04-2027":0.0,"06-2027":0.0,"08-2027":0.0,"10-2027":0.0,"12-2027":0.0,"02-2028":0.0,"04-2028":0.0,"06-2028":0.0,"08-2028":0.0,"10-2028":0.0,"12-2028":0.0,"02-2029":0.0,"04-2029":0.0,"06-2029":0.0,"08-2029":0.0,"10-2029":0.0,"12-2029":0.0,"02-2030":0.0,"04-2030":0.0,"06-2030":0.0,"08-2030":0.0,"10-2030":0.0,"12-2030":0.0},"percentile_75":{"02-2020":0.0905294405,"04-2020":0.0913494312,"06-2020":0.1028758106,"08-2020":0.1116621449,"10-2020":0.1103451495,"12-2020":0.1143120717,"02-2021":0.1134755275,"04-2021":0.108361678,"06-2021":0.0970904491,"08-2021":0.0915786385,"10-2021":0.0918504382,"12-2021":0.0925142586,"02-2022":0.0927707373,"04-2022":0.1049292226,"06-2022":0.1163144034,"08-2022":0.1287807952,"10-2022":0.1575958188,"12-2022":0.1990526399,"02-2023":0.2554133858,"04-2023":0.316791247,"06-2023":0.3955407519,"08-2023":0.504879249,"10-2023":0.5637860082,"12-2023":0.6651892771,"02-2024":0.690503518,"04-2024":0.6909317747,"06-2024":0.6936753382,"08-2024":0.7020973758,"10-2024":0.6954184198,"12-2024":0.6815500289,"02-2025":0.6607350604,"04-2025":0.6504955794,"06-2025":0.6510985562,"08-2025":0.6466231834,"10-2025":0.6388461538,"12-2025":0.6342952275,"02-2026":0.6182812181,"04-2026":0.6120486185,"06-2026":0.5958044292,"08-2026":0.5885645303,"10-2026":0.5808338401,"12-2026":0.5755190913,"02-2027":0.5783732057,"04-2027":0.5649465692,"06-2027":0.5618841361,"08-2027":0.5427639502,"10-2027":0.5362758794,"12-2027":0.5267485628,"02-2028":0.5133856579,"04-2028":0.521467112,"06-2028":0.5097307273,"08-2028":0.4946806518,"10-2028":0.4834718432,"12-2028":0.4784933284,"02-2029":0.4699874687,"04-2029":0.4592886282,"06-2029":0.4623608247,"08-2029":0.449604343,"10-2029":0.4528912357,"12-2029":0.4541993688,"02-2030":0.4574304441,"04-2030":0.4636626705,"06-2030":0.4649505253,"08-2030":0.4513500482,"10-2030":0.4393152614,"12-2030":0.4264029231}}