{"median":{"02-2020":0.0588316722,"04-2020":0.0528464017,"06-2020":0.0521460478,"08-2020":0.0539912871,"10-2020":0.0552727273,"12-2020":0.0563363254,"02-2021":0.0557694871,"04-2021":0.0542168675,"06-2021":0.0531314447,"08-2021":0.0580036647,"10-2021":0.0617868721,"12-2021":0.0702046404,"02-2022":0.0720169492,"04-2022":0.073800738,"06-2022":0.0761672933,"08-2022":0.0819183211,"10-2022":0.0784325787,"12-2022":0.0849737533,"02-2023":0.0836575875,"04-2023":0.0843713696,"06-2023":0.0807342168,"08-2023":0.0836361434,"10-2023":0.0896488828,"12-2023":0.0922201301,"02-2024":0.0969123281,"04-2024":0.1000219527,"06-2024":0.0957880435,"08-2024":0.0982620321,"10-2024":0.1124950573,"12-2024":0.1209897013,"02-2025":0.1189057834,"04-2025":0.1219654528,"06-2025":0.1308406216,"08-2025":0.1327470353,"10-2025":0.1383052742,"12-2025":0.1485035879,"02-2026":0.1574623888,"04-2026":0.1551355579,"06-2026":0.1587542626,"08-2026":0.1678122336,"10-2026":0.1693153049,"12-2026":0.2080717608,"02-2027":0.2008413813,"04-2027":0.1947201544,"06-2027":0.1831445292,"08-2027":0.1901468132,"10-2027":0.1889834304,"12-2027":0.2106087959,"02-2028":0.2166928112,"04-2028":0.2011629675,"06-2028":0.1817467445,"08-2028":0.1930650685,"10-2028":0.2014032441,"12-2028":0.2084069494,"02-2029":0.2541013874,"04-2029":0.2608164141,"06-2029":0.3120471014,"08-2029":0.3566061492,"10-2029":0.4160818713,"12-2029":0.4501899696,"02-2030":0.4720149254,"04-2030":0.4938941737,"06-2030":0.5228898781,"08-2030":0.5153756605,"10-2030":0.5388871627,"12-2030":0.5421049807},"percentile_25":{"02-2020":0.0354007721,"04-2020":0.0324874099,"06-2020":0.0304306497,"08-2020":0.0272907582,"10-2020":0.0265121955,"12-2020":0.023908865,"02-2021":0.0191604124,"04-2021":0.0168959648,"06-2021":0.0151381874,"08-2021":0.0119527559,"10-2021":0.0104519774,"12-2021":0.0081824741,"02-2022":0.0078586368,"04-2022":0.0041408398,"06-2022":0.0038722277,"08-2022":0.0038351857,"10-2022":0.0,"12-2022":0.0,"02-2023":0.0,"04-2023":0.0,"06-2023":0.0,"08-2023":0.0,"10-2023":0.0,"12-2023":0.0,"02-2024":0.0,"04-2024":0.0,"06-2024":0.0,"08-2024":0.0,"10-2024":0.0,"12-2024":0.0,"02-2025":0.0,"04-2025":0.0,"06-2025":0.0,"08-2025":0.0,"10-2025":0.0,"12-2025":0.0,"02-2026":0.0,"04-2026":0.0,"06-2026":0.0,"08-2026":0.0,"10-2026":0.0,"12-2026":0.0,"02-2027":0.0,"04-2027":0.0,"06-2027":0.0,"08-2027":0.0,"10-2027":0.0,"12-2027":0.0,"02-2028":0.0,"04-2028":0.0,"06-2028":0.0,"08-2028":0.0,"10-2028":0.0,"12-2028":0.0,"02-2029":0.0,"04-2029":0.0,"06-2029":0.0,"08-2029":0.0,"10-2029":0.0,"12-2029":0.0,"02-2030":0.0,"04-2030":0.0,"06-2030":0.0,"08-2030":0.0,"10-2030":0.0,"12-2030":0.0},"percentile_75":{"02-2020":0.0913690476,"04-2020":0.0899318321,"06-2020":0.0966082228,"08-2020":0.102013163,"10-2020":0.1137705798,"12-2020":0.1303866618,"02-2021":0.1349465463,"04-2021":0.1344355285,"06-2021":0.1413013196,"08-2021":0.1452580674,"10-2021":0.1553148817,"12-2021":0.16890681,"02-2022":0.1775089606,"04-2022":0.1721702798,"06-2022":0.1825483753,"08-2022":0.1854350567,"10-2022":0.2074050957,"12-2022":0.2420719065,"02-2023":0.2509473452,"04-2023":0.2426437467,"06-2023":0.2466637011,"08-2023":0.2845929905,"10-2023":0.313304253,"12-2023":0.34463742,"02-2024":0.3489107884,"04-2024":0.3446061173,"06-2024":0.3720821357,"08-2024":0.3747249304,"10-2024":0.3760771614,"12-2024":0.4232604617,"02-2025":0.4031316631,"04-2025":0.3658890501,"06-2025":0.3742279062,"08-2025":0.3766934173,"10-2025":0.397752809,"12-2025":0.4368981078,"02-2026":0.4373906632,"04-2026":0.4178854428,"06-2026":0.4050874797,"08-2026":0.3885103867,"10-2026":0.3987711928,"12-2026":0.4247391952,"02-2027":0.4058537003,"04-2027":0.3874614216,"06-2027":0.3719318182,"08-2027":0.3731992361,"10-2027":0.3678274594,"12-2027":0.3834417311,"02-2028":0.3740288285,"04-2028":0.3611154244,"06-2028":0.3543650893,"08-2028":0.3494556477,"10-2028":0.3489566741,"12-2028":0.3831384016,"02-2029":0.4102325283,"04-2029":0.4575168648,"06-2029":0.5018115942,"08-2029":0.5629464286,"10-2029":0.576522331,"12-2029":0.6122694572,"02-2030":0.6278871122,"04-2030":0.6320339347,"06-2030":0.6181422351,"08-2030":0.6190899847,"10-2030":0.6201155116,"12-2030":0.6160338695}}