{"median":{"02-2020":0.0588316722,"04-2020":0.0528464017,"06-2020":0.0521460478,"08-2020":0.0539912871,"10-2020":0.0552727273,"12-2020":0.0563363254,"02-2021":0.0557694871,"04-2021":0.0542168675,"06-2021":0.0531314447,"08-2021":0.0580036647,"10-2021":0.0617868721,"12-2021":0.0702046404,"02-2022":0.0720169492,"04-2022":0.073800738,"06-2022":0.0761672933,"08-2022":0.0819183211,"10-2022":0.0784325787,"12-2022":0.0849737533,"02-2023":0.0836575875,"04-2023":0.0843713696,"06-2023":0.0807342168,"08-2023":0.0836361434,"10-2023":0.0896488828,"12-2023":0.0922201301,"02-2024":0.0969123281,"04-2024":0.1000219527,"06-2024":0.0957880435,"08-2024":0.0982620321,"10-2024":0.1124950573,"12-2024":0.1209897013,"02-2025":0.1189057834,"04-2025":0.1219654528,"06-2025":0.1308406216,"08-2025":0.1327470353,"10-2025":0.1383052742,"12-2025":0.1485035879,"02-2026":0.1574623888,"04-2026":0.1551355579,"06-2026":0.1587542626,"08-2026":0.1678122336,"10-2026":0.1693153049,"12-2026":0.2080717608,"02-2027":0.2184384402,"04-2027":0.2327492327,"06-2027":0.2822757567,"08-2027":0.3407216426,"10-2027":0.3979244114,"12-2027":0.4622491936,"02-2028":0.5231935089,"04-2028":0.5356350267,"06-2028":0.5622897858,"08-2028":0.5607918263,"10-2028":0.5549547284,"12-2028":0.5498091603,"02-2029":0.5464665033,"04-2029":0.5380439777,"06-2029":0.533834346,"08-2029":0.535131006,"10-2029":0.5191646937,"12-2029":0.5122807018,"02-2030":0.5036233321,"04-2030":0.4919027013,"06-2030":0.4868087558,"08-2030":0.483402793,"10-2030":0.476282289,"12-2030":0.4826730692},"percentile_25":{"02-2020":0.0354007721,"04-2020":0.0324874099,"06-2020":0.0304306497,"08-2020":0.0272907582,"10-2020":0.0265121955,"12-2020":0.023908865,"02-2021":0.0191604124,"04-2021":0.0168959648,"06-2021":0.0151381874,"08-2021":0.0119527559,"10-2021":0.0104519774,"12-2021":0.0081824741,"02-2022":0.0078586368,"04-2022":0.0041408398,"06-2022":0.0038722277,"08-2022":0.0038351857,"10-2022":0.0,"12-2022":0.0,"02-2023":0.0,"04-2023":0.0,"06-2023":0.0,"08-2023":0.0,"10-2023":0.0,"12-2023":0.0,"02-2024":0.0,"04-2024":0.0,"06-2024":0.0,"08-2024":0.0,"10-2024":0.0,"12-2024":0.0,"02-2025":0.0,"04-2025":0.0,"06-2025":0.0,"08-2025":0.0,"10-2025":0.0,"12-2025":0.0,"02-2026":0.0,"04-2026":0.0,"06-2026":0.0,"08-2026":0.0,"10-2026":0.0,"12-2026":0.0,"02-2027":0.0,"04-2027":0.0,"06-2027":0.0,"08-2027":0.0,"10-2027":0.0,"12-2027":0.0,"02-2028":0.0,"04-2028":0.0,"06-2028":0.0,"08-2028":0.0,"10-2028":0.0,"12-2028":0.0,"02-2029":0.0,"04-2029":0.0,"06-2029":0.0,"08-2029":0.0,"10-2029":0.0,"12-2029":0.0,"02-2030":0.0,"04-2030":0.0,"06-2030":0.0,"08-2030":0.0,"10-2030":0.0,"12-2030":0.0},"percentile_75":{"02-2020":0.0913690476,"04-2020":0.0899318321,"06-2020":0.0966082228,"08-2020":0.102013163,"10-2020":0.1137705798,"12-2020":0.1303866618,"02-2021":0.1349465463,"04-2021":0.1344355285,"06-2021":0.1413013196,"08-2021":0.1452580674,"10-2021":0.1553148817,"12-2021":0.16890681,"02-2022":0.1775089606,"04-2022":0.1721702798,"06-2022":0.1825483753,"08-2022":0.1854350567,"10-2022":0.2074050957,"12-2022":0.2420719065,"02-2023":0.2509473452,"04-2023":0.2426437467,"06-2023":0.2466637011,"08-2023":0.2845929905,"10-2023":0.313304253,"12-2023":0.34463742,"02-2024":0.3489107884,"04-2024":0.3446061173,"06-2024":0.3720821357,"08-2024":0.3747249304,"10-2024":0.3760771614,"12-2024":0.4232604617,"02-2025":0.4031316631,"04-2025":0.3658890501,"06-2025":0.3742279062,"08-2025":0.3766934173,"10-2025":0.397752809,"12-2025":0.4368981078,"02-2026":0.4373906632,"04-2026":0.4178854428,"06-2026":0.4050874797,"08-2026":0.3885103867,"10-2026":0.3987711928,"12-2026":0.4247391952,"02-2027":0.4592255607,"04-2027":0.4972222222,"06-2027":0.5428036237,"08-2027":0.6003759398,"10-2027":0.6270670096,"12-2027":0.6448286194,"02-2028":0.6563459674,"04-2028":0.6635833924,"06-2028":0.6613597077,"08-2028":0.6468064473,"10-2028":0.6409391463,"12-2028":0.6317301875,"02-2029":0.6238493612,"04-2029":0.6130107527,"06-2029":0.6055859409,"08-2029":0.6058824926,"10-2029":0.5925605536,"12-2029":0.5907579787,"02-2030":0.5761093911,"04-2030":0.5745527184,"06-2030":0.5570054945,"08-2030":0.5503597122,"10-2030":0.5429106474,"12-2030":0.5384717081}}