{"median":{"02-2013":0.3786419667,"04-2013":0.3765432099,"06-2013":0.3819176319,"08-2013":0.3866050164,"10-2013":0.393009768,"12-2013":0.3843015093,"02-2014":0.3566927854,"04-2014":0.3041621087,"06-2014":0.2531400543,"08-2014":0.2163365951,"10-2014":0.1942864192,"12-2014":0.1809021722,"02-2015":0.1531075314,"04-2015":0.1313632442,"06-2015":0.1122770563,"08-2015":0.1015024263,"10-2015":0.1042572464,"12-2015":0.1056755515,"02-2016":0.0970326084,"04-2016":0.0857923421,"06-2016":0.07486284,"08-2016":0.0688175226,"10-2016":0.0688175226,"12-2016":0.0732232969,"02-2017":0.0745710875,"04-2017":0.0691147933,"06-2017":0.0606561969,"08-2017":0.0612255098,"10-2017":0.0599574484,"12-2017":0.0617624521,"02-2018":0.0600377348,"04-2018":0.0577812753,"06-2018":0.0568733154,"08-2018":0.0582575758,"10-2018":0.0600038402,"12-2018":0.0630108833,"02-2019":0.0578831488,"04-2019":0.0560035842,"06-2019":0.0521094403,"08-2019":0.0536102986,"10-2019":0.0541027373,"12-2019":0.0584815321},"percentile_25":{"02-2013":0.3063178463,"04-2013":0.3078442623,"06-2013":0.3168092071,"08-2013":0.3272658408,"10-2013":0.3220849802,"12-2013":0.3201955093,"02-2014":0.2898587846,"04-2014":0.2541666667,"06-2014":0.2124810271,"08-2014":0.1763222158,"10-2014":0.1574468085,"12-2014":0.1383053221,"02-2015":0.1152618658,"04-2015":0.0964523998,"06-2015":0.0801265823,"08-2015":0.0736764927,"10-2015":0.0691510825,"12-2015":0.0651107373,"02-2016":0.0565042076,"04-2016":0.049845679,"06-2016":0.0455960015,"08-2016":0.0454450221,"10-2016":0.0417974198,"12-2016":0.0372810641,"02-2017":0.0373019791,"04-2017":0.0333333333,"06-2017":0.0359555985,"08-2017":0.0356133605,"10-2017":0.0346320346,"12-2017":0.0352425181,"02-2018":0.0324874099,"04-2018":0.0310683112,"06-2018":0.0290471311,"08-2018":0.0282471627,"10-2018":0.0295125567,"12-2018":0.0313526273,"02-2019":0.0302059052,"04-2019":0.0286942149,"06-2019":0.0266159696,"08-2019":0.0316742081,"10-2019":0.0309650651,"12-2019":0.0313143549},"percentile_75":{"02-2013":0.4585794001,"04-2013":0.4493956381,"06-2013":0.4410333807,"08-2013":0.4507083376,"10-2013":0.4524645299,"12-2013":0.4441334992,"02-2014":0.4106818863,"04-2014":0.3491506873,"06-2014":0.2852778156,"08-2014":0.2531251641,"10-2014":0.2344187675,"12-2014":0.224452501,"02-2015":0.2010225777,"04-2015":0.1708333333,"06-2015":0.1528897849,"08-2015":0.1424450549,"10-2015":0.1380048662,"12-2015":0.1400378788,"02-2016":0.1311791886,"04-2016":0.1217665327,"06-2016":0.1143201421,"08-2016":0.1054304193,"10-2016":0.1069985394,"12-2016":0.1151161082,"02-2017":0.1095923476,"04-2017":0.105563338,"06-2017":0.1,"08-2017":0.0992933723,"10-2017":0.0977848101,"12-2017":0.1045489645,"02-2018":0.1007375363,"04-2018":0.1003941778,"06-2018":0.0940977262,"08-2018":0.0927319864,"10-2018":0.0953416149,"12-2018":0.1091886536,"02-2019":0.10543379,"04-2019":0.0984327776,"06-2019":0.1002918288,"08-2019":0.1047056006,"10-2019":0.1034482759,"12-2019":0.1076923077}}