{"median":{"02-2011":0.3906402737,"04-2011":0.3864541833,"06-2011":0.3854373028,"08-2011":0.3846153846,"10-2011":0.3912975549,"12-2011":0.3883219955,"02-2012":0.3505169541,"04-2012":0.304549701,"06-2012":0.2549628547,"08-2012":0.2222222222,"10-2012":0.198758616,"12-2012":0.1838624339,"02-2013":0.1609994432,"04-2013":0.1411290323,"06-2013":0.1232668566,"08-2013":0.1150693569,"10-2013":0.112033195,"12-2013":0.1102201511,"02-2014":0.1010715079,"04-2014":0.0911190181,"06-2014":0.0843495935,"08-2014":0.0773855488,"10-2014":0.076604324,"12-2014":0.073786686,"02-2015":0.0669467098,"04-2015":0.0607377049,"06-2015":0.0569115095,"08-2015":0.0545404027,"10-2015":0.0536804555,"12-2015":0.059533448,"02-2016":0.0552019473,"04-2016":0.0533649408,"06-2016":0.0494328083,"08-2016":0.0504210582,"10-2016":0.0533163265,"12-2016":0.0558853809,"02-2017":0.049691358,"04-2017":0.0474315711,"06-2017":0.0432235054,"08-2017":0.0432221708,"10-2017":0.0478174259,"12-2017":0.048009429,"02-2018":0.0439298246,"04-2018":0.0432235054,"06-2018":0.0454615319,"08-2018":0.0469514537,"10-2018":0.048582996,"12-2018":0.0536102986,"02-2019":0.0524105508,"04-2019":0.0489795918,"06-2019":0.0473205652,"08-2019":0.0526315789,"10-2019":0.0533569015,"12-2019":0.0564212952},"percentile_25":{"02-2011":0.3227309788,"04-2011":0.3302614847,"06-2011":0.3251028807,"08-2011":0.3292428862,"10-2011":0.3207802664,"12-2011":0.327244758,"02-2012":0.2966716475,"04-2012":0.2636959223,"06-2012":0.2178294,"08-2012":0.1922657037,"10-2012":0.1680672269,"12-2012":0.1458203283,"02-2013":0.1179598217,"04-2013":0.0991651206,"06-2013":0.0867768595,"08-2013":0.080483871,"10-2013":0.0765207596,"12-2013":0.0719324895,"02-2014":0.0666015625,"04-2014":0.0568338702,"06-2014":0.0484459806,"08-2014":0.0441748832,"10-2014":0.0400210248,"12-2014":0.0405724043,"02-2015":0.0328880793,"04-2015":0.028808036,"06-2015":0.0272727273,"08-2015":0.029106405,"10-2015":0.0285423926,"12-2015":0.0286482335,"02-2016":0.0274509804,"04-2016":0.027317151,"06-2016":0.0291152751,"08-2016":0.0268705763,"10-2016":0.0271847723,"12-2016":0.0248705463,"02-2017":0.0208770986,"04-2017":0.020060241,"06-2017":0.0199815008,"08-2017":0.0198614989,"10-2017":0.0201612903,"12-2017":0.0224517252,"02-2018":0.0223923875,"04-2018":0.0237394958,"06-2018":0.0234385646,"08-2018":0.0239760956,"10-2018":0.0267305366,"12-2018":0.0272374912,"02-2019":0.0299565454,"04-2019":0.0256962834,"06-2019":0.0276137332,"08-2019":0.0313419118,"10-2019":0.03245476,"12-2019":0.0332644628},"percentile_75":{"02-2011":0.4362790135,"04-2011":0.431942239,"06-2011":0.4354905307,"08-2011":0.4441226941,"10-2011":0.4472095576,"12-2011":0.4455995969,"02-2012":0.4027966554,"04-2012":0.3480701904,"06-2012":0.2969144239,"08-2012":0.260942508,"10-2012":0.2390123457,"12-2012":0.2286319613,"02-2013":0.1997244928,"04-2013":0.1784186478,"06-2013":0.1607843137,"08-2013":0.1533192972,"10-2013":0.1467647059,"12-2013":0.1446932769,"02-2014":0.1370218211,"04-2014":0.1264869749,"06-2014":0.1213380513,"08-2014":0.1135616675,"10-2014":0.1148809524,"12-2014":0.1177841802,"02-2015":0.1078512397,"04-2015":0.1007751938,"06-2015":0.1000965251,"08-2015":0.1015049226,"10-2015":0.0973785827,"12-2015":0.1053301852,"02-2016":0.099797967,"04-2016":0.0931616018,"06-2016":0.0897959184,"08-2016":0.0886268543,"10-2016":0.0855033423,"12-2016":0.0888891383,"02-2017":0.0816525054,"04-2017":0.0752437061,"06-2017":0.0764341591,"08-2017":0.0803827997,"10-2017":0.0817359209,"12-2017":0.0839562044,"02-2018":0.0854698818,"04-2018":0.0827810633,"06-2018":0.081300813,"08-2018":0.0836501901,"10-2018":0.0837355212,"12-2018":0.0924082397,"02-2019":0.0909090909,"04-2019":0.089250599,"06-2019":0.0887780208,"08-2019":0.0864450128,"10-2019":0.0876931226,"12-2019":0.0868334701}}