{"median":{"02-2020":0.0538865312,"04-2020":0.0517584833,"06-2020":0.0469882246,"08-2020":0.0478856462,"10-2020":0.0483754838,"12-2020":0.0522096774,"02-2021":0.0448979592,"04-2021":0.0432052674,"06-2021":0.036968703,"08-2021":0.0331955923,"10-2021":0.0307948926,"12-2021":0.028081487,"02-2022":0.0230395047,"04-2022":0.0170582673,"06-2022":0.012195122,"08-2022":0.0082305921,"10-2022":0.0074677813,"12-2022":0.0073128342,"02-2023":0.004016129,"04-2023":0.0037879331,"06-2023":0.0,"08-2023":0.0,"10-2023":0.0,"12-2023":0.0,"02-2024":0.0,"04-2024":0.0,"06-2024":0.0,"08-2024":0.0,"10-2024":0.0,"12-2024":0.0,"02-2025":0.0,"04-2025":0.0,"06-2025":0.0,"08-2025":0.0,"10-2025":0.0,"12-2025":0.0,"02-2026":0.0,"04-2026":0.0,"06-2026":0.0,"08-2026":0.0,"10-2026":0.0,"12-2026":0.0,"02-2027":0.0,"04-2027":0.0,"06-2027":0.0,"08-2027":0.0,"10-2027":0.0,"12-2027":0.0,"02-2028":0.0,"04-2028":0.0,"06-2028":0.0,"08-2028":0.0,"10-2028":0.0,"12-2028":0.0,"02-2029":0.0,"04-2029":0.0,"06-2029":0.0,"08-2029":0.0,"10-2029":0.0,"12-2029":0.0,"02-2030":0.0,"04-2030":0.0,"06-2030":0.0,"08-2030":0.0,"10-2030":0.0,"12-2030":0.0},"percentile_25":{"02-2020":0.0295751634,"04-2020":0.0282014134,"06-2020":0.023255814,"08-2020":0.0226424695,"10-2020":0.021713642,"12-2020":0.0198412698,"02-2021":0.0157947154,"04-2021":0.0117532169,"06-2021":0.0077973595,"08-2021":0.0039643328,"10-2021":0.0036952406,"12-2021":0.003690629,"02-2022":0.0,"04-2022":0.0,"06-2022":0.0,"08-2022":0.0,"10-2022":0.0,"12-2022":0.0,"02-2023":0.0,"04-2023":0.0,"06-2023":0.0,"08-2023":0.0,"10-2023":0.0,"12-2023":0.0,"02-2024":0.0,"04-2024":0.0,"06-2024":0.0,"08-2024":0.0,"10-2024":0.0,"12-2024":0.0,"02-2025":0.0,"04-2025":0.0,"06-2025":0.0,"08-2025":0.0,"10-2025":0.0,"12-2025":0.0,"02-2026":0.0,"04-2026":0.0,"06-2026":0.0,"08-2026":0.0,"10-2026":0.0,"12-2026":0.0,"02-2027":0.0,"04-2027":0.0,"06-2027":0.0,"08-2027":0.0,"10-2027":0.0,"12-2027":0.0,"02-2028":0.0,"04-2028":0.0,"06-2028":0.0,"08-2028":0.0,"10-2028":0.0,"12-2028":0.0,"02-2029":0.0,"04-2029":0.0,"06-2029":0.0,"08-2029":0.0,"10-2029":0.0,"12-2029":0.0,"02-2030":0.0,"04-2030":0.0,"06-2030":0.0,"08-2030":0.0,"10-2030":0.0,"12-2030":0.0},"percentile_75":{"02-2020":0.0858940758,"04-2020":0.0846153846,"06-2020":0.0821116728,"08-2020":0.0817162931,"10-2020":0.0853542666,"12-2020":0.0901975456,"02-2021":0.0874802054,"04-2021":0.078158029,"06-2021":0.074639525,"08-2021":0.0756965552,"10-2021":0.0795854081,"12-2021":0.0772818599,"02-2022":0.0800008741,"04-2022":0.0706128976,"06-2022":0.067513047,"08-2022":0.0705927137,"10-2022":0.0697510587,"12-2022":0.0743088634,"02-2023":0.074283989,"04-2023":0.0666139171,"06-2023":0.0652591973,"08-2023":0.0600341687,"10-2023":0.0575638792,"12-2023":0.0657114625,"02-2024":0.0649626039,"04-2024":0.0541641429,"06-2024":0.049650736,"08-2024":0.0504860102,"10-2024":0.0455569028,"12-2024":0.0514526786,"02-2025":0.0494318182,"04-2025":0.0536823322,"06-2025":0.0653051233,"08-2025":0.0778497483,"10-2025":0.0974961764,"12-2025":0.1190620021,"02-2026":0.1510141285,"04-2026":0.1582848033,"06-2026":0.1997006715,"08-2026":0.2609916525,"10-2026":0.3134688505,"12-2026":0.3669578794,"02-2027":0.4403149179,"04-2027":0.5230571868,"06-2027":0.5860281356,"08-2027":0.5601337735,"10-2027":0.5705022735,"12-2027":0.575,"02-2028":0.5816040843,"04-2028":0.571557146,"06-2028":0.5569459518,"08-2028":0.5315633272,"10-2028":0.5417826599,"12-2028":0.528999918,"02-2029":0.517512778,"04-2029":0.5057829181,"06-2029":0.5051696146,"08-2029":0.4995957636,"10-2029":0.4990910492,"12-2029":0.4914001342,"02-2030":0.4832962757,"04-2030":0.4763626175,"06-2030":0.4665512627,"08-2030":0.4558292765,"10-2030":0.4538888889,"12-2030":0.4380813953}}