{"median":{"02-2020":0.0538865312,"04-2020":0.0517584833,"06-2020":0.0469882246,"08-2020":0.0478856462,"10-2020":0.0483754838,"12-2020":0.0522096774,"02-2021":0.0448979592,"04-2021":0.0432052674,"06-2021":0.036968703,"08-2021":0.0331955923,"10-2021":0.0307948926,"12-2021":0.028081487,"02-2022":0.0230395047,"04-2022":0.0170582673,"06-2022":0.012195122,"08-2022":0.0082305921,"10-2022":0.0074677813,"12-2022":0.0073128342,"02-2023":0.004016129,"04-2023":0.0037879331,"06-2023":0.0,"08-2023":0.0,"10-2023":0.0,"12-2023":0.0,"02-2024":0.0,"04-2024":0.0,"06-2024":0.0,"08-2024":0.0,"10-2024":0.0,"12-2024":0.0,"02-2025":0.0,"04-2025":0.0,"06-2025":0.0,"08-2025":0.0,"10-2025":0.0,"12-2025":0.0,"02-2026":0.0,"04-2026":0.0,"06-2026":0.0,"08-2026":0.0,"10-2026":0.0,"12-2026":0.0,"02-2027":0.0,"04-2027":0.0,"06-2027":0.0,"08-2027":0.0,"10-2027":0.0,"12-2027":0.0,"02-2028":0.0,"04-2028":0.0,"06-2028":0.0,"08-2028":0.0,"10-2028":0.0,"12-2028":0.0,"02-2029":0.0,"04-2029":0.0,"06-2029":0.0,"08-2029":0.0,"10-2029":0.0,"12-2029":0.0,"02-2030":0.0,"04-2030":0.0,"06-2030":0.0,"08-2030":0.0,"10-2030":0.0,"12-2030":0.0},"percentile_25":{"02-2020":0.0295751634,"04-2020":0.0282014134,"06-2020":0.023255814,"08-2020":0.0226424695,"10-2020":0.021713642,"12-2020":0.0198412698,"02-2021":0.0157947154,"04-2021":0.0117532169,"06-2021":0.0077973595,"08-2021":0.0039643328,"10-2021":0.0036952406,"12-2021":0.003690629,"02-2022":0.0,"04-2022":0.0,"06-2022":0.0,"08-2022":0.0,"10-2022":0.0,"12-2022":0.0,"02-2023":0.0,"04-2023":0.0,"06-2023":0.0,"08-2023":0.0,"10-2023":0.0,"12-2023":0.0,"02-2024":0.0,"04-2024":0.0,"06-2024":0.0,"08-2024":0.0,"10-2024":0.0,"12-2024":0.0,"02-2025":0.0,"04-2025":0.0,"06-2025":0.0,"08-2025":0.0,"10-2025":0.0,"12-2025":0.0,"02-2026":0.0,"04-2026":0.0,"06-2026":0.0,"08-2026":0.0,"10-2026":0.0,"12-2026":0.0,"02-2027":0.0,"04-2027":0.0,"06-2027":0.0,"08-2027":0.0,"10-2027":0.0,"12-2027":0.0,"02-2028":0.0,"04-2028":0.0,"06-2028":0.0,"08-2028":0.0,"10-2028":0.0,"12-2028":0.0,"02-2029":0.0,"04-2029":0.0,"06-2029":0.0,"08-2029":0.0,"10-2029":0.0,"12-2029":0.0,"02-2030":0.0,"04-2030":0.0,"06-2030":0.0,"08-2030":0.0,"10-2030":0.0,"12-2030":0.0},"percentile_75":{"02-2020":0.0858940758,"04-2020":0.0846153846,"06-2020":0.0821116728,"08-2020":0.0817162931,"10-2020":0.0853542666,"12-2020":0.0901975456,"02-2021":0.0874802054,"04-2021":0.078158029,"06-2021":0.074639525,"08-2021":0.0756965552,"10-2021":0.0795854081,"12-2021":0.0772818599,"02-2022":0.0800008741,"04-2022":0.0706128976,"06-2022":0.067513047,"08-2022":0.0705927137,"10-2022":0.0697510587,"12-2022":0.0743088634,"02-2023":0.074283989,"04-2023":0.0666139171,"06-2023":0.0652591973,"08-2023":0.0600341687,"10-2023":0.0575638792,"12-2023":0.0657114625,"02-2024":0.0649626039,"04-2024":0.0541641429,"06-2024":0.049650736,"08-2024":0.0504860102,"10-2024":0.0455569028,"12-2024":0.0514526786,"02-2025":0.0420498084,"04-2025":0.0400584795,"06-2025":0.0301393728,"08-2025":0.035161855,"10-2025":0.0383430902,"12-2025":0.0403244622,"02-2026":0.0382028372,"04-2026":0.0341151386,"06-2026":0.0325655563,"08-2026":0.0327170752,"10-2026":0.0285380065,"12-2026":0.0255034594,"02-2027":0.0202753325,"04-2027":0.024933274,"06-2027":0.0186465668,"08-2027":0.0140866328,"10-2027":0.0131157097,"12-2027":0.013534279,"02-2028":0.0171796541,"04-2028":0.0230786931,"06-2028":0.0197435799,"08-2028":0.0232045942,"10-2028":0.0323980735,"12-2028":0.0441100156,"02-2029":0.044116375,"04-2029":0.0596983951,"06-2029":0.0674752077,"08-2029":0.0665907612,"10-2029":0.0885312724,"12-2029":0.108477851,"02-2030":0.1216488951,"04-2030":0.1340303131,"06-2030":0.1614010712,"08-2030":0.1847144801,"10-2030":0.2309859155,"12-2030":0.2794603166}}