{"median":{"02-2020":0.0538865312,"04-2020":0.0517584833,"06-2020":0.0469882246,"08-2020":0.0478856462,"10-2020":0.0483754838,"12-2020":0.0522096774,"02-2021":0.0448979592,"04-2021":0.0432052674,"06-2021":0.036968703,"08-2021":0.0331955923,"10-2021":0.0307948926,"12-2021":0.028081487,"02-2022":0.0230395047,"04-2022":0.0170582673,"06-2022":0.012195122,"08-2022":0.0082305921,"10-2022":0.0074677813,"12-2022":0.0073128342,"02-2023":0.004016129,"04-2023":0.0037879331,"06-2023":0.0,"08-2023":0.0,"10-2023":0.0,"12-2023":0.0,"02-2024":0.0,"04-2024":0.0,"06-2024":0.0,"08-2024":0.0,"10-2024":0.0,"12-2024":0.0,"02-2025":0.0,"04-2025":0.0,"06-2025":0.0,"08-2025":0.0,"10-2025":0.0,"12-2025":0.0,"02-2026":0.0,"04-2026":0.0,"06-2026":0.0,"08-2026":0.0,"10-2026":0.0,"12-2026":0.0,"02-2027":0.0,"04-2027":0.0,"06-2027":0.0,"08-2027":0.0,"10-2027":0.0,"12-2027":0.0,"02-2028":0.0,"04-2028":0.0,"06-2028":0.0,"08-2028":0.0,"10-2028":0.0,"12-2028":0.0,"02-2029":0.0,"04-2029":0.0,"06-2029":0.0,"08-2029":0.0,"10-2029":0.0,"12-2029":0.0,"02-2030":0.0,"04-2030":0.0,"06-2030":0.0,"08-2030":0.0,"10-2030":0.0,"12-2030":0.0},"percentile_25":{"02-2020":0.0295751634,"04-2020":0.0282014134,"06-2020":0.023255814,"08-2020":0.0226424695,"10-2020":0.021713642,"12-2020":0.0198412698,"02-2021":0.0157947154,"04-2021":0.0117532169,"06-2021":0.0077973595,"08-2021":0.0039643328,"10-2021":0.0036952406,"12-2021":0.003690629,"02-2022":0.0,"04-2022":0.0,"06-2022":0.0,"08-2022":0.0,"10-2022":0.0,"12-2022":0.0,"02-2023":0.0,"04-2023":0.0,"06-2023":0.0,"08-2023":0.0,"10-2023":0.0,"12-2023":0.0,"02-2024":0.0,"04-2024":0.0,"06-2024":0.0,"08-2024":0.0,"10-2024":0.0,"12-2024":0.0,"02-2025":0.0,"04-2025":0.0,"06-2025":0.0,"08-2025":0.0,"10-2025":0.0,"12-2025":0.0,"02-2026":0.0,"04-2026":0.0,"06-2026":0.0,"08-2026":0.0,"10-2026":0.0,"12-2026":0.0,"02-2027":0.0,"04-2027":0.0,"06-2027":0.0,"08-2027":0.0,"10-2027":0.0,"12-2027":0.0,"02-2028":0.0,"04-2028":0.0,"06-2028":0.0,"08-2028":0.0,"10-2028":0.0,"12-2028":0.0,"02-2029":0.0,"04-2029":0.0,"06-2029":0.0,"08-2029":0.0,"10-2029":0.0,"12-2029":0.0,"02-2030":0.0,"04-2030":0.0,"06-2030":0.0,"08-2030":0.0,"10-2030":0.0,"12-2030":0.0},"percentile_75":{"02-2020":0.0858940758,"04-2020":0.0846153846,"06-2020":0.0821116728,"08-2020":0.0817162931,"10-2020":0.0853542666,"12-2020":0.0901975456,"02-2021":0.0874802054,"04-2021":0.078158029,"06-2021":0.074639525,"08-2021":0.0756965552,"10-2021":0.0795854081,"12-2021":0.0772818599,"02-2022":0.0800008741,"04-2022":0.0706128976,"06-2022":0.067513047,"08-2022":0.0705927137,"10-2022":0.0697510587,"12-2022":0.0743088634,"02-2023":0.074283989,"04-2023":0.0666139171,"06-2023":0.0652591973,"08-2023":0.0600341687,"10-2023":0.0575638792,"12-2023":0.0657114625,"02-2024":0.079043514,"04-2024":0.0778351369,"06-2024":0.0817823908,"08-2024":0.1017527675,"10-2024":0.1187383192,"12-2024":0.1357013247,"02-2025":0.1749316005,"04-2025":0.218539525,"06-2025":0.2705199477,"08-2025":0.3340103938,"10-2025":0.4099677132,"12-2025":0.4848196476,"02-2026":0.5398496241,"04-2026":0.5964759536,"06-2026":0.6157461268,"08-2026":0.6235632184,"10-2026":0.6103587963,"12-2026":0.6253456918,"02-2027":0.6044960015,"04-2027":0.5956653264,"06-2027":0.5832809224,"08-2027":0.5639874353,"10-2027":0.5614521137,"12-2027":0.5636363636,"02-2028":0.5559655597,"04-2028":0.5446906475,"06-2028":0.5206228374,"08-2028":0.5131261693,"10-2028":0.5154651535,"12-2028":0.5061106725,"02-2029":0.5004416961,"04-2029":0.4799851052,"06-2029":0.4877437703,"08-2029":0.4629845071,"10-2029":0.4570139598,"12-2029":0.4702589991,"02-2030":0.4561490024,"04-2030":0.4468913313,"06-2030":0.4386157016,"08-2030":0.433279826,"10-2030":0.4264060235,"12-2030":0.4237264126}}