{"median":{"02-2020":0.0538865312,"04-2020":0.0517584833,"06-2020":0.0469882246,"08-2020":0.0478856462,"10-2020":0.0483754838,"12-2020":0.0522096774,"02-2021":0.0448979592,"04-2021":0.0432052674,"06-2021":0.036968703,"08-2021":0.0331955923,"10-2021":0.0307948926,"12-2021":0.028081487,"02-2022":0.0215983729,"04-2022":0.0189770403,"06-2022":0.0187276426,"08-2022":0.0186608734,"10-2022":0.02333469,"12-2022":0.0298519677,"02-2023":0.032370925,"04-2023":0.036968703,"06-2023":0.0461927546,"08-2023":0.0577986437,"10-2023":0.0619033141,"12-2023":0.078585765,"02-2024":0.0918866305,"04-2024":0.1124859054,"06-2024":0.1336053034,"08-2024":0.1603700958,"10-2024":0.1779108051,"12-2024":0.2094898725,"02-2025":0.2747511829,"04-2025":0.3351385737,"06-2025":0.3883458647,"08-2025":0.423212883,"10-2025":0.4750746269,"12-2025":0.5064439983,"02-2026":0.5178606381,"04-2026":0.507606679,"06-2026":0.5045126354,"08-2026":0.4943817072,"10-2026":0.4952678389,"12-2026":0.5035860031,"02-2027":0.4910681877,"04-2027":0.4788812231,"06-2027":0.4759182156,"08-2027":0.4656076067,"10-2027":0.4665172064,"12-2027":0.4485815603,"02-2028":0.437253937,"04-2028":0.4291243752,"06-2028":0.4140058471,"08-2028":0.4171337014,"10-2028":0.4172619048,"12-2028":0.4070813397,"02-2029":0.4070584169,"04-2029":0.4076467491,"06-2029":0.3910747091,"08-2029":0.3869665429,"10-2029":0.3782294859,"12-2029":0.385898601,"02-2030":0.3852855947,"04-2030":0.3861195,"06-2030":0.3846078017,"08-2030":0.3738697773,"10-2030":0.3554945055,"12-2030":0.3602318734},"percentile_25":{"02-2020":0.0295751634,"04-2020":0.0282014134,"06-2020":0.023255814,"08-2020":0.0226424695,"10-2020":0.021713642,"12-2020":0.0198412698,"02-2021":0.0157947154,"04-2021":0.0117532169,"06-2021":0.0077973595,"08-2021":0.0039643328,"10-2021":0.0036952406,"12-2021":0.003690629,"02-2022":0.0,"04-2022":0.0,"06-2022":0.0,"08-2022":0.0,"10-2022":0.0,"12-2022":0.0,"02-2023":0.0,"04-2023":0.0,"06-2023":0.0,"08-2023":0.0,"10-2023":0.0,"12-2023":0.0,"02-2024":0.0,"04-2024":0.0,"06-2024":0.0,"08-2024":0.0,"10-2024":0.0,"12-2024":0.0,"02-2025":0.0,"04-2025":0.0,"06-2025":0.0,"08-2025":0.0,"10-2025":0.0,"12-2025":0.0,"02-2026":0.0,"04-2026":0.0,"06-2026":0.0,"08-2026":0.0,"10-2026":0.0,"12-2026":0.0,"02-2027":0.0,"04-2027":0.0,"06-2027":0.0,"08-2027":0.0,"10-2027":0.0,"12-2027":0.0,"02-2028":0.0,"04-2028":0.0,"06-2028":0.0,"08-2028":0.0,"10-2028":0.0,"12-2028":0.0,"02-2029":0.0,"04-2029":0.0,"06-2029":0.0,"08-2029":0.0,"10-2029":0.0,"12-2029":0.0,"02-2030":0.0,"04-2030":0.0,"06-2030":0.0,"08-2030":0.0,"10-2030":0.0,"12-2030":0.0},"percentile_75":{"02-2020":0.0858940758,"04-2020":0.0846153846,"06-2020":0.0821116728,"08-2020":0.0817162931,"10-2020":0.0853542666,"12-2020":0.0901975456,"02-2021":0.0874802054,"04-2021":0.078158029,"06-2021":0.074639525,"08-2021":0.0756965552,"10-2021":0.0795854081,"12-2021":0.0772818599,"02-2022":0.0901430031,"04-2022":0.095374421,"06-2022":0.1169227799,"08-2022":0.1461682217,"10-2022":0.1699358161,"12-2022":0.2087051869,"02-2023":0.2523113418,"04-2023":0.2917828345,"06-2023":0.3343133279,"08-2023":0.4146895564,"10-2023":0.4769409594,"12-2023":0.5491860101,"02-2024":0.6365551328,"04-2024":0.648467433,"06-2024":0.6315080725,"08-2024":0.631247853,"10-2024":0.6312898871,"12-2024":0.6457288054,"02-2025":0.6437586207,"04-2025":0.6419202067,"06-2025":0.6429129185,"08-2025":0.6329993767,"10-2025":0.6330599473,"12-2025":0.6242732558,"02-2026":0.6184097187,"04-2026":0.6065382068,"06-2026":0.6025390625,"08-2026":0.598033613,"10-2026":0.5890190125,"12-2026":0.5863341392,"02-2027":0.5803553008,"04-2027":0.5724330214,"06-2027":0.5704931405,"08-2027":0.5627192982,"10-2027":0.5446740355,"12-2027":0.5321516658,"02-2028":0.5234579911,"04-2028":0.520080376,"06-2028":0.5073336679,"08-2028":0.5038489736,"10-2028":0.5022961726,"12-2028":0.5042887855,"02-2029":0.4847503707,"04-2029":0.4818699976,"06-2029":0.4722942921,"08-2029":0.4631731449,"10-2029":0.4624640971,"12-2029":0.4588162252,"02-2030":0.4527954835,"04-2030":0.4436487744,"06-2030":0.4367798994,"08-2030":0.4274082539,"10-2030":0.4359811166,"12-2030":0.4343702275}}