{
  "median": {
    "02-2020": 0.0344087613,
    "04-2020": 0.0311047767,
    "06-2020": 0.0279043913,
    "08-2020": 0.0273370803,
    "10-2020": 0.0272955306,
    "12-2020": 0.0260334312,
    "02-2021": 0.0245399799,
    "04-2021": 0.0217890779,
    "06-2021": 0.0212765957,
    "08-2021": 0.0207526048,
    "10-2021": 0.0206193456,
    "12-2021": 0.0198020578,
    "02-2022": 0.0168421799,
    "04-2022": 0.0151117701,
    "06-2022": 0.0125791139,
    "08-2022": 0.0116959509,
    "10-2022": 0.0123245377,
    "12-2022": 0.010300207,
    "02-2023": 0.0084972037,
    "04-2023": 0.0075845723,
    "06-2023": 0.0042109929,
    "08-2023": 0.0042106943,
    "10-2023": 0.006142167,
    "12-2023": 0.0040816327,
    "02-2024": 0.0040899967,
    "04-2024": 0.004049645,
    "06-2024": 0.0039215686,
    "08-2024": 0.0039215686,
    "10-2024": 0.0040346196,
    "12-2024": 0.0079576016,
    "02-2025": 0.0059571663,
    "04-2025": 0.0059208426,
    "06-2025": 0.0079233086,
    "08-2025": 0.0085120255,
    "10-2025": 0.007849052,
    "12-2025": 0.0057772946,
    "02-2026": 0.0073264005,
    "04-2026": 0.0073538358,
    "06-2026": 0.0083516407,
    "08-2026": 0.0062703988,
    "10-2026": 0.0082491411,
    "12-2026": 0.0078348955,
    "02-2027": 0.0116526382,
    "04-2027": 0.0119538989,
    "06-2027": 0.0122240664,
    "08-2027": 0.0120834414,
    "10-2027": 0.0116508808,
    "12-2027": 0.0115607366,
    "02-2028": 0.0077221228,
    "04-2028": 0.0058518349,
    "06-2028": 0.0039449113,
    "08-2028": 0.0058910506,
    "10-2028": 0.0058840011,
    "12-2028": 0.0077294903,
    "02-2029": 0.0076050025,
    "04-2029": 0.0076789294,
    "06-2029": 0.0117512922,
    "08-2029": 0.0095880682,
    "10-2029": 0.0132726855,
    "12-2029": 0.0094626587,
    "02-2030": 0.0115845658,
    "04-2030": 0.013454341,
    "06-2030": 0.0171917047,
    "08-2030": 0.0172570724,
    "10-2030": 0.0187980552,
    "12-2030": 0.0262086514
  },
  "percentile_25": {
    "02-2020": 0.0155382908,
    "04-2020": 0.0146136412,
    "06-2020": 0.0124614198,
    "08-2020": 0.0102195068,
    "10-2020": 0.0084388186,
    "12-2020": 0.0075757576,
    "02-2021": 0.0045465617,
    "04-2021": 0.0042016807,
    "06-2021": 0.0039033262,
    "08-2021": 0,
    "10-2021": 0,
    "12-2021": 0,
    "02-2022": 0,
    "04-2022": 0,
    "06-2022": 0,
    "08-2022": 0,
    "10-2022": 0,
    "12-2022": 0,
    "02-2023": 0,
    "04-2023": 0,
    "06-2023": 0,
    "08-2023": 0,
    "10-2023": 0,
    "12-2023": 0,
    "02-2024": 0,
    "04-2024": 0,
    "06-2024": 0,
    "08-2024": 0,
    "10-2024": 0,
    "12-2024": 0,
    "02-2025": 0,
    "04-2025": 0,
    "06-2025": 0,
    "08-2025": 0,
    "10-2025": 0,
    "12-2025": 0,
    "02-2026": 0,
    "04-2026": 0,
    "06-2026": 0,
    "08-2026": 0,
    "10-2026": 0,
    "12-2026": 0,
    "02-2027": 0,
    "04-2027": 0,
    "06-2027": 0,
    "08-2027": 0,
    "10-2027": 0,
    "12-2027": 0,
    "02-2028": 0,
    "04-2028": 0,
    "06-2028": 0,
    "08-2028": 0,
    "10-2028": 0,
    "12-2028": 0,
    "02-2029": 0,
    "04-2029": 0,
    "06-2029": 0,
    "08-2029": 0,
    "10-2029": 0,
    "12-2029": 0,
    "02-2030": 0,
    "04-2030": 0,
    "06-2030": 0,
    "08-2030": 0,
    "10-2030": 0,
    "12-2030": 0
  },
  "percentile_75": {
    "02-2020": 0.0580912863,
    "04-2020": 0.058690239,
    "06-2020": 0.0604039866,
    "08-2020": 0.0621428338,
    "10-2020": 0.0671715533,
    "12-2020": 0.0735801732,
    "02-2021": 0.0683745174,
    "04-2021": 0.0639347345,
    "06-2021": 0.062317607,
    "08-2021": 0.0577756654,
    "10-2021": 0.0634632395,
    "12-2021": 0.0731383607,
    "02-2022": 0.0692987568,
    "04-2022": 0.0746318608,
    "06-2022": 0.0711557959,
    "08-2022": 0.0721246289,
    "10-2022": 0.0740622336,
    "12-2022": 0.0682300929,
    "02-2023": 0.0701080082,
    "04-2023": 0.0650578504,
    "06-2023": 0.0650815333,
    "08-2023": 0.0647805394,
    "10-2023": 0.0595022624,
    "12-2023": 0.0661508881,
    "02-2024": 0.0719537815,
    "04-2024": 0.0709074268,
    "06-2024": 0.0785466136,
    "08-2024": 0.0909198352,
    "10-2024": 0.1022196371,
    "12-2024": 0.1271896259,
    "02-2025": 0.1311665917,
    "04-2025": 0.1434074753,
    "06-2025": 0.1736856448,
    "08-2025": 0.1964789384,
    "10-2025": 0.2187810482,
    "12-2025": 0.260021322,
    "02-2026": 0.2895218205,
    "04-2026": 0.3445692884,
    "06-2026": 0.3835108167,
    "08-2026": 0.4736436863,
    "10-2026": 0.4980304791,
    "12-2026": 0.5236802413,
    "02-2027": 0.5420097388,
    "04-2027": 0.5532491944,
    "06-2027": 0.5404564315,
    "08-2027": 0.5431034483,
    "10-2027": 0.5483062331,
    "12-2027": 0.5437600579,
    "02-2028": 0.553035438,
    "04-2028": 0.542506105,
    "06-2028": 0.5340603617,
    "08-2028": 0.5290920716,
    "10-2028": 0.5144095341,
    "12-2028": 0.5284212293,
    "02-2029": 0.5332593386,
    "04-2029": 0.5166882743,
    "06-2029": 0.5,
    "08-2029": 0.4898601399,
    "10-2029": 0.4971374046,
    "12-2029": 0.4811136834,
    "02-2030": 0.4855870021,
    "04-2030": 0.4883437218,
    "06-2030": 0.4633960523,
    "08-2030": 0.4681642015,
    "10-2030": 0.4659387352,
    "12-2030": 0.4772899403
  }
}
