{
  "median": {
    "02-2020": 0.0344087613,
    "04-2020": 0.0311047767,
    "06-2020": 0.0279043913,
    "08-2020": 0.0273370803,
    "10-2020": 0.0272955306,
    "12-2020": 0.0260334312,
    "02-2021": 0.0245399799,
    "04-2021": 0.0217890779,
    "06-2021": 0.0212765957,
    "08-2021": 0.0207526048,
    "10-2021": 0.0206193456,
    "12-2021": 0.0198020578,
    "02-2022": 0.0173926195,
    "04-2022": 0.0168079096,
    "06-2022": 0.0145085586,
    "08-2022": 0.0167721519,
    "10-2022": 0.0167390391,
    "12-2022": 0.0193885495,
    "02-2023": 0.0224635975,
    "04-2023": 0.0220872133,
    "06-2023": 0.0234834559,
    "08-2023": 0.029700397,
    "10-2023": 0.0355333144,
    "12-2023": 0.0377754876,
    "02-2024": 0.0423584473,
    "04-2024": 0.0386055957,
    "06-2024": 0.0477872353,
    "08-2024": 0.0484336263,
    "10-2024": 0.0562693698,
    "12-2024": 0.0524402751,
    "02-2025": 0.0577812753,
    "04-2025": 0.0617451256,
    "06-2025": 0.0680799515,
    "08-2025": 0.0705739419,
    "10-2025": 0.0722300717,
    "12-2025": 0.0901254613,
    "02-2026": 0.0996118504,
    "04-2026": 0.1059526472,
    "06-2026": 0.1106077293,
    "08-2026": 0.1270268133,
    "10-2026": 0.1340705012,
    "12-2026": 0.1562118675,
    "02-2027": 0.1711225593,
    "04-2027": 0.184357762,
    "06-2027": 0.2088610444,
    "08-2027": 0.2514009876,
    "10-2027": 0.2538681319,
    "12-2027": 0.2713239437,
    "02-2028": 0.2975470381,
    "04-2028": 0.3137928738,
    "06-2028": 0.3215437736,
    "08-2028": 0.3312109524,
    "10-2028": 0.3456215325,
    "12-2028": 0.3531513016,
    "02-2029": 0.3769272553,
    "04-2029": 0.3518934665,
    "06-2029": 0.3643115028,
    "08-2029": 0.366900426,
    "10-2029": 0.367739899,
    "12-2029": 0.3540475832,
    "02-2030": 0.3562387993,
    "04-2030": 0.3691851852,
    "06-2030": 0.3596218711,
    "08-2030": 0.3654527663,
    "10-2030": 0.3736818737,
    "12-2030": 0.3700841323
  },
  "percentile_25": {
    "02-2020": 0.0155382908,
    "04-2020": 0.0146136412,
    "06-2020": 0.0124614198,
    "08-2020": 0.0102195068,
    "10-2020": 0.0084388186,
    "12-2020": 0.0075757576,
    "02-2021": 0.0045465617,
    "04-2021": 0.0042016807,
    "06-2021": 0.0039033262,
    "08-2021": 0,
    "10-2021": 0,
    "12-2021": 0,
    "02-2022": 0,
    "04-2022": 0,
    "06-2022": 0,
    "08-2022": 0,
    "10-2022": 0,
    "12-2022": 0,
    "02-2023": 0,
    "04-2023": 0,
    "06-2023": 0,
    "08-2023": 0,
    "10-2023": 0,
    "12-2023": 0,
    "02-2024": 0,
    "04-2024": 0,
    "06-2024": 0,
    "08-2024": 0,
    "10-2024": 0,
    "12-2024": 0,
    "02-2025": 0,
    "04-2025": 0,
    "06-2025": 0,
    "08-2025": 0,
    "10-2025": 0,
    "12-2025": 0,
    "02-2026": 0,
    "04-2026": 0,
    "06-2026": 0,
    "08-2026": 0,
    "10-2026": 0,
    "12-2026": 0,
    "02-2027": 0,
    "04-2027": 0,
    "06-2027": 0,
    "08-2027": 0,
    "10-2027": 0,
    "12-2027": 0,
    "02-2028": 0,
    "04-2028": 0,
    "06-2028": 0,
    "08-2028": 0,
    "10-2028": 0,
    "12-2028": 0,
    "02-2029": 0,
    "04-2029": 0,
    "06-2029": 0,
    "08-2029": 0,
    "10-2029": 0,
    "12-2029": 0,
    "02-2030": 0,
    "04-2030": 0,
    "06-2030": 0,
    "08-2030": 0,
    "10-2030": 0,
    "12-2030": 0
  },
  "percentile_75": {
    "02-2020": 0.0580912863,
    "04-2020": 0.058690239,
    "06-2020": 0.0604039866,
    "08-2020": 0.0621428338,
    "10-2020": 0.0671715533,
    "12-2020": 0.0735801732,
    "02-2021": 0.0683745174,
    "04-2021": 0.0639347345,
    "06-2021": 0.062317607,
    "08-2021": 0.0577756654,
    "10-2021": 0.0634632395,
    "12-2021": 0.0731383607,
    "02-2022": 0.0774907749,
    "04-2022": 0.0860127827,
    "06-2022": 0.0972891566,
    "08-2022": 0.1176136364,
    "10-2022": 0.1205551524,
    "12-2022": 0.1358662767,
    "02-2023": 0.1403134944,
    "04-2023": 0.1585056527,
    "06-2023": 0.167140058,
    "08-2023": 0.2085597826,
    "10-2023": 0.2182646621,
    "12-2023": 0.2471056273,
    "02-2024": 0.2800296374,
    "04-2024": 0.3147019513,
    "06-2024": 0.3327133056,
    "08-2024": 0.3676913803,
    "10-2024": 0.4072640341,
    "12-2024": 0.4385667671,
    "02-2025": 0.4513924509,
    "04-2025": 0.5148924435,
    "06-2025": 0.5357421875,
    "08-2025": 0.5462180152,
    "10-2025": 0.555854354,
    "12-2025": 0.5526792453,
    "02-2026": 0.5591632832,
    "04-2026": 0.5534446023,
    "06-2026": 0.5549011935,
    "08-2026": 0.5644966771,
    "10-2026": 0.5696082468,
    "12-2026": 0.5577895031,
    "02-2027": 0.5458167331,
    "04-2027": 0.5359778598,
    "06-2027": 0.538407957,
    "08-2027": 0.5323300535,
    "10-2027": 0.5235060394,
    "12-2027": 0.5120023419,
    "02-2028": 0.5150075415,
    "04-2028": 0.5158154811,
    "06-2028": 0.5122109747,
    "08-2028": 0.5137819102,
    "10-2028": 0.5046705163,
    "12-2028": 0.4951307039,
    "02-2029": 0.4940587843,
    "04-2029": 0.488577542,
    "06-2029": 0.477400722,
    "08-2029": 0.4834330674,
    "10-2029": 0.4880963056,
    "12-2029": 0.4803563965,
    "02-2030": 0.4670713836,
    "04-2030": 0.4602339181,
    "06-2030": 0.4543053777,
    "08-2030": 0.4513381839,
    "10-2030": 0.4591154607,
    "12-2030": 0.445763294
  }
}
