{
  "median": {
    "02-2020": 0.0344087613,
    "04-2020": 0.0311047767,
    "06-2020": 0.0279043913,
    "08-2020": 0.0273370803,
    "10-2020": 0.0272955306,
    "12-2020": 0.0260334312,
    "02-2021": 0.0245399799,
    "04-2021": 0.0217890779,
    "06-2021": 0.0212765957,
    "08-2021": 0.0207526048,
    "10-2021": 0.0206193456,
    "12-2021": 0.0198020578,
    "02-2022": 0.0168421799,
    "04-2022": 0.0151117701,
    "06-2022": 0.0125791139,
    "08-2022": 0.0116959509,
    "10-2022": 0.0123245377,
    "12-2022": 0.010300207,
    "02-2023": 0.0084972037,
    "04-2023": 0.0075845723,
    "06-2023": 0.0042109929,
    "08-2023": 0.0042106943,
    "10-2023": 0.006142167,
    "12-2023": 0.0040816327,
    "02-2024": 0.0040899967,
    "04-2024": 0.0040568118,
    "06-2024": 0.0038686022,
    "08-2024": 0.0018181818,
    "10-2024": 0.0018656716,
    "12-2024": 0,
    "02-2025": 0,
    "04-2025": 0,
    "06-2025": 0,
    "08-2025": 0,
    "10-2025": 0,
    "12-2025": 0,
    "02-2026": 0,
    "04-2026": 0,
    "06-2026": 0,
    "08-2026": 0,
    "10-2026": 0,
    "12-2026": 0,
    "02-2027": 0,
    "04-2027": 0,
    "06-2027": 0,
    "08-2027": 0,
    "10-2027": 0,
    "12-2027": 0,
    "02-2028": 0,
    "04-2028": 0,
    "06-2028": 0,
    "08-2028": 0,
    "10-2028": 0,
    "12-2028": 0,
    "02-2029": 0,
    "04-2029": 0,
    "06-2029": 0,
    "08-2029": 0,
    "10-2029": 0,
    "12-2029": 0,
    "02-2030": 0,
    "04-2030": 0,
    "06-2030": 0,
    "08-2030": 0,
    "10-2030": 0,
    "12-2030": 0
  },
  "percentile_25": {
    "02-2020": 0.0155382908,
    "04-2020": 0.0146136412,
    "06-2020": 0.0124614198,
    "08-2020": 0.0102195068,
    "10-2020": 0.0084388186,
    "12-2020": 0.0075757576,
    "02-2021": 0.0045465617,
    "04-2021": 0.0042016807,
    "06-2021": 0.0039033262,
    "08-2021": 0,
    "10-2021": 0,
    "12-2021": 0,
    "02-2022": 0,
    "04-2022": 0,
    "06-2022": 0,
    "08-2022": 0,
    "10-2022": 0,
    "12-2022": 0,
    "02-2023": 0,
    "04-2023": 0,
    "06-2023": 0,
    "08-2023": 0,
    "10-2023": 0,
    "12-2023": 0,
    "02-2024": 0,
    "04-2024": 0,
    "06-2024": 0,
    "08-2024": 0,
    "10-2024": 0,
    "12-2024": 0,
    "02-2025": 0,
    "04-2025": 0,
    "06-2025": 0,
    "08-2025": 0,
    "10-2025": 0,
    "12-2025": 0,
    "02-2026": 0,
    "04-2026": 0,
    "06-2026": 0,
    "08-2026": 0,
    "10-2026": 0,
    "12-2026": 0,
    "02-2027": 0,
    "04-2027": 0,
    "06-2027": 0,
    "08-2027": 0,
    "10-2027": 0,
    "12-2027": 0,
    "02-2028": 0,
    "04-2028": 0,
    "06-2028": 0,
    "08-2028": 0,
    "10-2028": 0,
    "12-2028": 0,
    "02-2029": 0,
    "04-2029": 0,
    "06-2029": 0,
    "08-2029": 0,
    "10-2029": 0,
    "12-2029": 0,
    "02-2030": 0,
    "04-2030": 0,
    "06-2030": 0,
    "08-2030": 0,
    "10-2030": 0,
    "12-2030": 0
  },
  "percentile_75": {
    "02-2020": 0.0580912863,
    "04-2020": 0.058690239,
    "06-2020": 0.0604039866,
    "08-2020": 0.0621428338,
    "10-2020": 0.0671715533,
    "12-2020": 0.0735801732,
    "02-2021": 0.0683745174,
    "04-2021": 0.0639347345,
    "06-2021": 0.062317607,
    "08-2021": 0.0577756654,
    "10-2021": 0.0634632395,
    "12-2021": 0.0731383607,
    "02-2022": 0.0692987568,
    "04-2022": 0.0746318608,
    "06-2022": 0.0711557959,
    "08-2022": 0.0721246289,
    "10-2022": 0.0740622336,
    "12-2022": 0.0682300929,
    "02-2023": 0.0701080082,
    "04-2023": 0.0650578504,
    "06-2023": 0.0650815333,
    "08-2023": 0.0647805394,
    "10-2023": 0.0595022624,
    "12-2023": 0.0661508881,
    "02-2024": 0.0656638444,
    "04-2024": 0.0651087596,
    "06-2024": 0.0634683544,
    "08-2024": 0.0677478571,
    "10-2024": 0.0728057246,
    "12-2024": 0.0823611554,
    "02-2025": 0.0818089431,
    "04-2025": 0.0899023693,
    "06-2025": 0.0935901639,
    "08-2025": 0.0990396158,
    "10-2025": 0.1038442623,
    "12-2025": 0.1145936265,
    "02-2026": 0.12104319,
    "04-2026": 0.1160697674,
    "06-2026": 0.1165829613,
    "08-2026": 0.1250498853,
    "10-2026": 0.1364827586,
    "12-2026": 0.1438709408,
    "02-2027": 0.1464399722,
    "04-2027": 0.1540856411,
    "06-2027": 0.1686392629,
    "08-2027": 0.1540838389,
    "10-2027": 0.1619833669,
    "12-2027": 0.1568118949,
    "02-2028": 0.1715734592,
    "04-2028": 0.2116672306,
    "06-2028": 0.2504976714,
    "08-2028": 0.2820592116,
    "10-2028": 0.3366537718,
    "12-2028": 0.4031128405,
    "02-2029": 0.4254289216,
    "04-2029": 0.4829481156,
    "06-2029": 0.5063013471,
    "08-2029": 0.4958487085,
    "10-2029": 0.4890365449,
    "12-2029": 0.4979785129,
    "02-2030": 0.508504958,
    "04-2030": 0.5383361006,
    "06-2030": 0.5461015852,
    "08-2030": 0.5499023578,
    "10-2030": 0.5657312253,
    "12-2030": 0.5430313589
  }
}
