{"median":{"02-2020":0.056927841,"04-2020":0.0550908671,"06-2020":0.0557813537,"08-2020":0.049822695,"10-2020":0.0463547301,"12-2020":0.0472584109,"02-2021":0.0405223881,"04-2021":0.0347428985,"06-2021":0.0275590551,"08-2021":0.0231663685,"10-2021":0.0193441691,"12-2021":0.0145456469,"02-2022":0.0117878648,"04-2022":0.0094139215,"06-2022":0.0106773736,"08-2022":0.0080404282,"10-2022":0.0074224022,"12-2022":0.0072334859,"02-2023":0.0041367521,"04-2023":0.0070052754,"06-2023":0.0039863416,"08-2023":0.0054927279,"10-2023":0.0070672261,"12-2023":0.009218698,"02-2024":0.0141860026,"04-2024":0.0142117885,"06-2024":0.0201792508,"08-2024":0.0215457218,"10-2024":0.0225499551,"12-2024":0.0262054507,"02-2025":0.0350114068,"04-2025":0.0367935829,"06-2025":0.0420897285,"08-2025":0.0425263875,"10-2025":0.038171762,"12-2025":0.0380674449,"02-2026":0.0450680986,"04-2026":0.0409565277,"06-2026":0.045164299,"08-2026":0.0480895916,"10-2026":0.0570475343,"12-2026":0.0644265981,"02-2027":0.0781100948,"04-2027":0.0964356858,"06-2027":0.1216879692,"08-2027":0.1396545685,"10-2027":0.1586466676,"12-2027":0.1840117847,"02-2028":0.1994218042,"04-2028":0.1971704921,"06-2028":0.1966950959,"08-2028":0.201792959,"10-2028":0.210755814,"12-2028":0.2217510063,"02-2029":0.2590096725,"04-2029":0.2612065026,"06-2029":0.2644670566,"08-2029":0.2774579704,"10-2029":0.2911234991,"12-2029":0.3071592926,"02-2030":0.3204180524,"04-2030":0.3100434755,"06-2030":0.3017663589,"08-2030":0.2929829326,"10-2030":0.2784362806,"12-2030":0.2845780174},"percentile_25":{"02-2020":0.0347862503,"04-2020":0.0326901922,"06-2020":0.0303414469,"08-2020":0.0267943318,"10-2020":0.0251368142,"12-2020":0.0194364009,"02-2021":0.0173883258,"04-2021":0.0114503817,"06-2021":0.0099867871,"08-2021":0.0072137236,"10-2021":0.00592055,"12-2021":0.0036764706,"02-2022":0.0,"04-2022":0.0,"06-2022":0.0,"08-2022":0.0,"10-2022":0.0,"12-2022":0.0,"02-2023":0.0,"04-2023":0.0,"06-2023":0.0,"08-2023":0.0,"10-2023":0.0,"12-2023":0.0,"02-2024":0.0,"04-2024":0.0,"06-2024":0.0,"08-2024":0.0,"10-2024":0.0,"12-2024":0.0,"02-2025":0.0,"04-2025":0.0,"06-2025":0.0,"08-2025":0.0,"10-2025":0.0,"12-2025":0.0,"02-2026":0.0,"04-2026":0.0,"06-2026":0.0,"08-2026":0.0,"10-2026":0.0,"12-2026":0.0,"02-2027":0.0,"04-2027":0.0,"06-2027":0.0,"08-2027":0.0,"10-2027":0.0,"12-2027":0.0,"02-2028":0.0,"04-2028":0.0,"06-2028":0.0,"08-2028":0.0,"10-2028":0.0,"12-2028":0.0,"02-2029":0.0,"04-2029":0.0,"06-2029":0.0,"08-2029":0.0,"10-2029":0.0,"12-2029":0.0,"02-2030":0.0,"04-2030":0.0,"06-2030":0.0,"08-2030":0.0,"10-2030":0.0,"12-2030":0.0},"percentile_75":{"02-2020":0.0982559583,"04-2020":0.0869565217,"06-2020":0.0906802929,"08-2020":0.0867027709,"10-2020":0.0853545254,"12-2020":0.0817162931,"02-2021":0.072991571,"04-2021":0.0667844523,"06-2021":0.0586511949,"08-2021":0.0510948905,"10-2021":0.0455136031,"12-2021":0.0418550682,"02-2022":0.043330276,"04-2022":0.0388496153,"06-2022":0.0337268448,"08-2022":0.0341255443,"10-2022":0.0380244755,"12-2022":0.0363968149,"02-2023":0.0426003344,"04-2023":0.051201373,"06-2023":0.0636072835,"08-2023":0.0793254688,"10-2023":0.0919571808,"12-2023":0.116468039,"02-2024":0.1600751186,"04-2024":0.1970104268,"06-2024":0.2596195417,"08-2024":0.3252992021,"10-2024":0.4100032421,"12-2024":0.5225440902,"02-2025":0.6263521244,"04-2025":0.6704700755,"06-2025":0.6573552841,"08-2025":0.6498646209,"10-2025":0.6585075494,"12-2025":0.662841245,"02-2026":0.6424772637,"04-2026":0.6443351425,"06-2026":0.6422317954,"08-2026":0.6326136364,"10-2026":0.6208991858,"12-2026":0.601926144,"02-2027":0.5993927126,"04-2027":0.5994584838,"06-2027":0.5858684481,"08-2027":0.5832394615,"10-2027":0.5797086901,"12-2027":0.5676594322,"02-2028":0.559577011,"04-2028":0.5555555556,"06-2028":0.5535015649,"08-2028":0.5413685239,"10-2028":0.536598001,"12-2028":0.5149036022,"02-2029":0.5184601657,"04-2029":0.4952062111,"06-2029":0.482249077,"08-2029":0.4768598371,"10-2029":0.4705662393,"12-2029":0.4551591242,"02-2030":0.4456328732,"04-2030":0.4371660269,"06-2030":0.4286892975,"08-2030":0.4167435424,"10-2030":0.4150219298,"12-2030":0.4054082097}}