{"median":{"02-2020":0.0677462888,"04-2020":0.0747394898,"06-2020":0.0880613027,"08-2020":0.0945168218,"10-2020":0.0974205062,"12-2020":0.1,"02-2021":0.0929738374,"04-2021":0.0875875294,"06-2021":0.0788885297,"08-2021":0.0735799057,"10-2021":0.0653061224,"12-2021":0.0607142857,"02-2022":0.063535447,"04-2022":0.0693511109,"06-2022":0.0754660433,"08-2022":0.0910420449,"10-2022":0.1205734406,"12-2022":0.1554723114,"02-2023":0.184027141,"04-2023":0.2263288028,"06-2023":0.2663459937,"08-2023":0.2927867384,"10-2023":0.3491099391,"12-2023":0.4219343405,"02-2024":0.5108747045,"04-2024":0.573832996,"06-2024":0.6138610097,"08-2024":0.5949502625,"10-2024":0.607713087,"12-2024":0.6025269263,"02-2025":0.5982386408,"04-2025":0.5963323023,"06-2025":0.5985611511,"08-2025":0.5905030622,"10-2025":0.5963961039,"12-2025":0.5889705417,"02-2026":0.5797258761,"04-2026":0.560774255,"06-2026":0.5529765438,"08-2026":0.5380494712,"10-2026":0.5355207586,"12-2026":0.5328719723,"02-2027":0.5215189223,"04-2027":0.5157652696,"06-2027":0.5044857165,"08-2027":0.5018450185,"10-2027":0.4962825279,"12-2027":0.4961536768,"02-2028":0.4867295597,"04-2028":0.493333037,"06-2028":0.4776375853,"08-2028":0.4648358378,"10-2028":0.4505119454,"12-2028":0.4436959377,"02-2029":0.4308071881,"04-2029":0.4183673469,"06-2029":0.414209679,"08-2029":0.4090864632,"10-2029":0.4028023165,"12-2029":0.4006553808,"02-2030":0.3914657007,"04-2030":0.3860774818,"06-2030":0.3761618067,"08-2030":0.3719274036,"10-2030":0.3712184343,"12-2030":0.3672266695},"percentile_25":{"02-2020":0.0388754191,"04-2020":0.0373866652,"06-2020":0.0428648604,"08-2020":0.0440020953,"10-2020":0.0441619419,"12-2020":0.0441636582,"02-2021":0.0434276618,"04-2021":0.0385754709,"06-2021":0.0331521739,"08-2021":0.0264719915,"10-2021":0.0232385024,"12-2021":0.0225441788,"02-2022":0.0191026646,"04-2022":0.0255917751,"06-2022":0.0257352941,"08-2022":0.0284445117,"10-2022":0.0340659418,"12-2022":0.0368664532,"02-2023":0.0428715976,"04-2023":0.0509615385,"06-2023":0.0582098381,"08-2023":0.0558898848,"10-2023":0.0727991957,"12-2023":0.0879194002,"02-2024":0.1069627309,"04-2024":0.131647459,"06-2024":0.1471777226,"08-2024":0.168483636,"10-2024":0.1897747485,"12-2024":0.228080971,"02-2025":0.2711466165,"04-2025":0.2898268819,"06-2025":0.35,"08-2025":0.3629789694,"10-2025":0.4092379802,"12-2025":0.4637624038,"02-2026":0.4868884724,"04-2026":0.4809265989,"06-2026":0.4596403676,"08-2026":0.4668904282,"10-2026":0.4577869884,"12-2026":0.4571535474,"02-2027":0.4522983595,"04-2027":0.4450859025,"06-2027":0.4512928827,"08-2027":0.4294627921,"10-2027":0.4143730597,"12-2027":0.414619883,"02-2028":0.4199809538,"04-2028":0.4364391477,"06-2028":0.4244604923,"08-2028":0.4113062059,"10-2028":0.3998322148,"12-2028":0.3857319526,"02-2029":0.3832310784,"04-2029":0.3767996289,"06-2029":0.3634746037,"08-2029":0.3610830177,"10-2029":0.3554701693,"12-2029":0.3381041646,"02-2030":0.3381818182,"04-2030":0.3309667093,"06-2030":0.3333333333,"08-2030":0.3324561404,"10-2030":0.3249622,"12-2030":0.3169547485},"percentile_75":{"02-2020":0.1061500406,"04-2020":0.1197397564,"06-2020":0.1457822361,"08-2020":0.1539488907,"10-2020":0.1601356308,"12-2020":0.170008797,"02-2021":0.173268034,"04-2021":0.1637914257,"06-2021":0.1545470745,"08-2021":0.145806281,"10-2021":0.1425618896,"12-2021":0.1394322097,"02-2022":0.1625867553,"04-2022":0.1794872694,"06-2022":0.22430163,"08-2022":0.2736230233,"10-2022":0.3354316547,"12-2022":0.4257910401,"02-2023":0.5229274055,"04-2023":0.6018631137,"06-2023":0.6650203544,"08-2023":0.7086228387,"10-2023":0.7079409056,"12-2023":0.7199250074,"02-2024":0.7241696247,"04-2024":0.717399126,"06-2024":0.7164455121,"08-2024":0.7018477044,"10-2024":0.6956433074,"12-2024":0.6764722764,"02-2025":0.674076881,"04-2025":0.6706349206,"06-2025":0.6634268152,"08-2025":0.6525684797,"10-2025":0.6501394052,"12-2025":0.6478455533,"02-2026":0.6238327946,"04-2026":0.6311237242,"06-2026":0.6168791471,"08-2026":0.6014140696,"10-2026":0.6037689394,"12-2026":0.5956329629,"02-2027":0.5748207885,"04-2027":0.5727855394,"06-2027":0.561119057,"08-2027":0.5578961074,"10-2027":0.5573498965,"12-2027":0.55,"02-2028":0.5399442257,"04-2028":0.5443701619,"06-2028":0.5334368453,"08-2028":0.5261684996,"10-2028":0.5119042642,"12-2028":0.493334546,"02-2029":0.4805677388,"04-2029":0.4716191291,"06-2029":0.4637719131,"08-2029":0.4562472444,"10-2029":0.4429857916,"12-2029":0.44385759,"02-2030":0.4390646205,"04-2030":0.4259880686,"06-2030":0.4285714286,"08-2030":0.4192296682,"10-2030":0.4164442467,"12-2030":0.4100067016}}