{"median":{"02-2020":0.0677462888,"04-2020":0.0747394898,"06-2020":0.0880613027,"08-2020":0.0945168218,"10-2020":0.0974205062,"12-2020":0.1,"02-2021":0.0929738374,"04-2021":0.0875875294,"06-2021":0.0824074074,"08-2021":0.0695418552,"10-2021":0.0586009043,"12-2021":0.0460998705,"02-2022":0.0392928825,"04-2022":0.0357782898,"06-2022":0.0255962886,"08-2022":0.0246674608,"10-2022":0.0223883714,"12-2022":0.0194552529,"02-2023":0.021978022,"04-2023":0.0245757837,"06-2023":0.0259259259,"08-2023":0.0318733249,"10-2023":0.0405190894,"12-2023":0.0476128472,"02-2024":0.0632737786,"04-2024":0.0682548763,"06-2024":0.0786756701,"08-2024":0.099122807,"10-2024":0.1141923201,"12-2024":0.1374125874,"02-2025":0.159493557,"04-2025":0.2017738807,"06-2025":0.246521429,"08-2025":0.2829861111,"10-2025":0.3402423585,"12-2025":0.3895421135,"02-2026":0.4680519759,"04-2026":0.5283281196,"06-2026":0.5523267629,"08-2026":0.5524830393,"10-2026":0.5426456876,"12-2026":0.5332133084,"02-2027":0.531916499,"04-2027":0.5167931491,"06-2027":0.525977239,"08-2027":0.5242141857,"10-2027":0.5285688536,"12-2027":0.5176960975,"02-2028":0.5052447552,"04-2028":0.502691648,"06-2028":0.5008305648,"08-2028":0.4858980088,"10-2028":0.4695078606,"12-2028":0.4535734584,"02-2029":0.4325750325,"04-2029":0.4415778252,"06-2029":0.4346326837,"08-2029":0.4208693651,"10-2029":0.4163795724,"12-2029":0.3983516484,"02-2030":0.3910546139,"04-2030":0.3930542444,"06-2030":0.3786819872,"08-2030":0.369981072,"10-2030":0.3685982821,"12-2030":0.3615257048},"percentile_25":{"02-2020":0.0388754191,"04-2020":0.0373866652,"06-2020":0.0428648604,"08-2020":0.0440020953,"10-2020":0.0441619419,"12-2020":0.0441636582,"02-2021":0.0434276618,"04-2021":0.0385754709,"06-2021":0.0337798607,"08-2021":0.0284461153,"10-2021":0.0207511053,"12-2021":0.0148288869,"02-2022":0.0117765557,"04-2022":0.0106289001,"06-2022":0.0070299419,"08-2022":0.0036572074,"10-2022":0.0034423713,"12-2022":0.0,"02-2023":0.0,"04-2023":0.0,"06-2023":0.0,"08-2023":0.0,"10-2023":0.0,"12-2023":0.0,"02-2024":0.0,"04-2024":0.0,"06-2024":0.0,"08-2024":0.0,"10-2024":0.0,"12-2024":0.0,"02-2025":0.0,"04-2025":0.0,"06-2025":0.0,"08-2025":0.0,"10-2025":0.0,"12-2025":0.0,"02-2026":0.0,"04-2026":0.0,"06-2026":0.0,"08-2026":0.0,"10-2026":0.0,"12-2026":0.0,"02-2027":0.0,"04-2027":0.0,"06-2027":0.0,"08-2027":0.0,"10-2027":0.0,"12-2027":0.0,"02-2028":0.0,"04-2028":0.0,"06-2028":0.0,"08-2028":0.0,"10-2028":0.0,"12-2028":0.0,"02-2029":0.0,"04-2029":0.0,"06-2029":0.0,"08-2029":0.0,"10-2029":0.0,"12-2029":0.0,"02-2030":0.0,"04-2030":0.0,"06-2030":0.0,"08-2030":0.0,"10-2030":0.0,"12-2030":0.0},"percentile_75":{"02-2020":0.1061500406,"04-2020":0.1197397564,"06-2020":0.1457822361,"08-2020":0.1539488907,"10-2020":0.1601356308,"12-2020":0.170008797,"02-2021":0.173268034,"04-2021":0.1637914257,"06-2021":0.156088993,"08-2021":0.1413074542,"10-2021":0.1220756595,"12-2021":0.0990997965,"02-2022":0.0904919388,"04-2022":0.0794379481,"06-2022":0.0687368625,"08-2022":0.0581841432,"10-2022":0.0613029827,"12-2022":0.0727446883,"02-2023":0.0855087652,"04-2023":0.1056074495,"06-2023":0.1260613511,"08-2023":0.1599675685,"10-2023":0.2003102986,"12-2023":0.2574448024,"02-2024":0.3389846743,"04-2024":0.4110685542,"06-2024":0.4929775281,"08-2024":0.5702049936,"10-2024":0.6580457339,"12-2024":0.662566034,"02-2025":0.7009157659,"04-2025":0.6915304444,"06-2025":0.6807928913,"08-2025":0.674410058,"10-2025":0.6715885663,"12-2025":0.6688134323,"02-2026":0.6519115128,"04-2026":0.6512012821,"06-2026":0.6446808511,"08-2026":0.6303087479,"10-2026":0.6240875912,"12-2026":0.6220472441,"02-2027":0.6303809729,"04-2027":0.624912892,"06-2027":0.6243534483,"08-2027":0.6202090592,"10-2027":0.6053323995,"12-2027":0.6040233294,"02-2028":0.5995981294,"04-2028":0.599044586,"06-2028":0.5907066618,"08-2028":0.5709445922,"10-2028":0.5498721869,"12-2028":0.5399017619,"02-2029":0.5179907051,"04-2029":0.4995914064,"06-2029":0.4920512446,"08-2029":0.4822933747,"10-2029":0.4760195811,"12-2029":0.4749364007,"02-2030":0.4624049383,"04-2030":0.4526754115,"06-2030":0.4443463596,"08-2030":0.4354723628,"10-2030":0.4304169856,"12-2030":0.4250279415}}