{"median":{"02-2020":0.0677462888,"04-2020":0.0747394898,"06-2020":0.0880613027,"08-2020":0.0945168218,"10-2020":0.0974205062,"12-2020":0.1,"02-2021":0.0929738374,"04-2021":0.0875875294,"06-2021":0.0824074074,"08-2021":0.0695418552,"10-2021":0.0586009043,"12-2021":0.0460998705,"02-2022":0.0392928825,"04-2022":0.0357782898,"06-2022":0.0271653906,"08-2022":0.0224306118,"10-2022":0.0194555475,"12-2022":0.0164326202,"02-2023":0.0133069751,"04-2023":0.010928998,"06-2023":0.0100672275,"08-2023":0.0075049282,"10-2023":0.0068620527,"12-2023":0.0038686022,"02-2024":0.0037383308,"04-2024":0.003649635,"06-2024":0.0034904971,"08-2024":0.0,"10-2024":0.0,"12-2024":0.0,"02-2025":0.0,"04-2025":0.0,"06-2025":0.0,"08-2025":0.0,"10-2025":0.0,"12-2025":0.0,"02-2026":0.0,"04-2026":0.0,"06-2026":0.0,"08-2026":0.0,"10-2026":0.0,"12-2026":0.0,"02-2027":0.0,"04-2027":0.0,"06-2027":0.0,"08-2027":0.0,"10-2027":0.0,"12-2027":0.0,"02-2028":0.0,"04-2028":0.0,"06-2028":0.0,"08-2028":0.0,"10-2028":0.0,"12-2028":0.0,"02-2029":0.0,"04-2029":0.0,"06-2029":0.0,"08-2029":0.0,"10-2029":0.0,"12-2029":0.0,"02-2030":0.0,"04-2030":0.0,"06-2030":0.0,"08-2030":0.0,"10-2030":0.0,"12-2030":0.0},"percentile_25":{"02-2020":0.0388754191,"04-2020":0.0373866652,"06-2020":0.0428648604,"08-2020":0.0440020953,"10-2020":0.0441619419,"12-2020":0.0441636582,"02-2021":0.0434276618,"04-2021":0.0385754709,"06-2021":0.0337798607,"08-2021":0.0284461153,"10-2021":0.0207511053,"12-2021":0.0148288869,"02-2022":0.0117765557,"04-2022":0.0106289001,"06-2022":0.0062456777,"08-2022":0.0037558785,"10-2022":0.0035367675,"12-2022":0.0,"02-2023":0.0,"04-2023":0.0,"06-2023":0.0,"08-2023":0.0,"10-2023":0.0,"12-2023":0.0,"02-2024":0.0,"04-2024":0.0,"06-2024":0.0,"08-2024":0.0,"10-2024":0.0,"12-2024":0.0,"02-2025":0.0,"04-2025":0.0,"06-2025":0.0,"08-2025":0.0,"10-2025":0.0,"12-2025":0.0,"02-2026":0.0,"04-2026":0.0,"06-2026":0.0,"08-2026":0.0,"10-2026":0.0,"12-2026":0.0,"02-2027":0.0,"04-2027":0.0,"06-2027":0.0,"08-2027":0.0,"10-2027":0.0,"12-2027":0.0,"02-2028":0.0,"04-2028":0.0,"06-2028":0.0,"08-2028":0.0,"10-2028":0.0,"12-2028":0.0,"02-2029":0.0,"04-2029":0.0,"06-2029":0.0,"08-2029":0.0,"10-2029":0.0,"12-2029":0.0,"02-2030":0.0,"04-2030":0.0,"06-2030":0.0,"08-2030":0.0,"10-2030":0.0,"12-2030":0.0},"percentile_75":{"02-2020":0.1061500406,"04-2020":0.1197397564,"06-2020":0.1457822361,"08-2020":0.1539488907,"10-2020":0.1601356308,"12-2020":0.170008797,"02-2021":0.173268034,"04-2021":0.1637914257,"06-2021":0.156088993,"08-2021":0.1413074542,"10-2021":0.1220756595,"12-2021":0.0990997965,"02-2022":0.0904919388,"04-2022":0.0794379481,"06-2022":0.0697602058,"08-2022":0.0596770811,"10-2022":0.0515253932,"12-2022":0.0507575758,"02-2023":0.0419052198,"04-2023":0.0321747766,"06-2023":0.0340923878,"08-2023":0.0302750972,"10-2023":0.0267171717,"12-2023":0.0249025341,"02-2024":0.0270416228,"04-2024":0.0236231544,"06-2024":0.0194952012,"08-2024":0.0191579383,"10-2024":0.015730826,"12-2024":0.0170640587,"02-2025":0.0190122378,"04-2025":0.0182371543,"06-2025":0.0193774242,"08-2025":0.0222428748,"10-2025":0.0272341018,"12-2025":0.0354848246,"02-2026":0.0452517248,"04-2026":0.0716590613,"06-2026":0.0854926272,"08-2026":0.1063250751,"10-2026":0.1421022779,"12-2026":0.1886122659,"02-2027":0.2683122879,"04-2027":0.3318251322,"06-2027":0.3898257969,"08-2027":0.4885159011,"10-2027":0.5503189793,"12-2027":0.6411610462,"02-2028":0.6469979296,"04-2028":0.6440533636,"06-2028":0.6502078609,"08-2028":0.6501759324,"10-2028":0.6308364004,"12-2028":0.617906746,"02-2029":0.6102965135,"04-2029":0.6089100988,"06-2029":0.5908444895,"08-2029":0.5951967049,"10-2029":0.5752244041,"12-2029":0.5688940956,"02-2030":0.5532626268,"04-2030":0.5465862673,"06-2030":0.5333988741,"08-2030":0.5111790356,"10-2030":0.5074767142,"12-2030":0.5025083612}}