{"median":{"02-2020":0.0677462888,"04-2020":0.0747394898,"06-2020":0.0880613027,"08-2020":0.0945168218,"10-2020":0.0974205062,"12-2020":0.1,"02-2021":0.0929738374,"04-2021":0.0875875294,"06-2021":0.0824074074,"08-2021":0.0695418552,"10-2021":0.0586009043,"12-2021":0.0460998705,"02-2022":0.0392928825,"04-2022":0.0357782898,"06-2022":0.0271653906,"08-2022":0.0224306118,"10-2022":0.0194555475,"12-2022":0.0164326202,"02-2023":0.0133069751,"04-2023":0.010928998,"06-2023":0.0100672275,"08-2023":0.0075049282,"10-2023":0.0068620527,"12-2023":0.0038686022,"02-2024":0.0038470644,"04-2024":0.0037383308,"06-2024":0.0036563193,"08-2024":0.0017482517,"10-2024":0.0017421603,"12-2024":0.0,"02-2025":0.0,"04-2025":0.0,"06-2025":0.0,"08-2025":0.0,"10-2025":0.0,"12-2025":0.0035659802,"02-2026":0.003629776,"04-2026":0.0018181818,"06-2026":0.0018796992,"08-2026":0.0036630037,"10-2026":0.0037593985,"12-2026":0.0037593985,"02-2027":0.0056179775,"04-2027":0.0053120595,"06-2027":0.0107761956,"08-2027":0.009074615,"10-2027":0.0072914176,"12-2027":0.014546549,"02-2028":0.0164929153,"04-2028":0.0183491219,"06-2028":0.022825359,"08-2028":0.0261028786,"10-2028":0.0304086158,"12-2028":0.0301065163,"02-2029":0.0408941236,"04-2029":0.0482467889,"06-2029":0.0629917184,"08-2029":0.0796052115,"10-2029":0.0858678955,"12-2029":0.1042029888,"02-2030":0.1259009096,"04-2030":0.1380952381,"06-2030":0.1415849869,"08-2030":0.1600447894,"10-2030":0.1589907549,"12-2030":0.155203396},"percentile_25":{"02-2020":0.0388754191,"04-2020":0.0373866652,"06-2020":0.0428648604,"08-2020":0.0440020953,"10-2020":0.0441619419,"12-2020":0.0441636582,"02-2021":0.0434276618,"04-2021":0.0385754709,"06-2021":0.0337798607,"08-2021":0.0284461153,"10-2021":0.0207511053,"12-2021":0.0148288869,"02-2022":0.0117765557,"04-2022":0.0106289001,"06-2022":0.0062456777,"08-2022":0.0037558785,"10-2022":0.0035367675,"12-2022":0.0,"02-2023":0.0,"04-2023":0.0,"06-2023":0.0,"08-2023":0.0,"10-2023":0.0,"12-2023":0.0,"02-2024":0.0,"04-2024":0.0,"06-2024":0.0,"08-2024":0.0,"10-2024":0.0,"12-2024":0.0,"02-2025":0.0,"04-2025":0.0,"06-2025":0.0,"08-2025":0.0,"10-2025":0.0,"12-2025":0.0,"02-2026":0.0,"04-2026":0.0,"06-2026":0.0,"08-2026":0.0,"10-2026":0.0,"12-2026":0.0,"02-2027":0.0,"04-2027":0.0,"06-2027":0.0,"08-2027":0.0,"10-2027":0.0,"12-2027":0.0,"02-2028":0.0,"04-2028":0.0,"06-2028":0.0,"08-2028":0.0,"10-2028":0.0,"12-2028":0.0,"02-2029":0.0,"04-2029":0.0,"06-2029":0.0,"08-2029":0.0,"10-2029":0.0,"12-2029":0.0,"02-2030":0.0,"04-2030":0.0,"06-2030":0.0,"08-2030":0.0,"10-2030":0.0,"12-2030":0.0},"percentile_75":{"02-2020":0.1061500406,"04-2020":0.1197397564,"06-2020":0.1457822361,"08-2020":0.1539488907,"10-2020":0.1601356308,"12-2020":0.170008797,"02-2021":0.173268034,"04-2021":0.1637914257,"06-2021":0.156088993,"08-2021":0.1413074542,"10-2021":0.1220756595,"12-2021":0.0990997965,"02-2022":0.0904919388,"04-2022":0.0794379481,"06-2022":0.0697602058,"08-2022":0.0596770811,"10-2022":0.0515253932,"12-2022":0.0507575758,"02-2023":0.0419052198,"04-2023":0.0321747766,"06-2023":0.0340923878,"08-2023":0.0302750972,"10-2023":0.0267171717,"12-2023":0.0249025341,"02-2024":0.0257098253,"04-2024":0.0319718845,"06-2024":0.0361167879,"08-2024":0.0355563182,"10-2024":0.0472308489,"12-2024":0.0648654989,"02-2025":0.0857175893,"04-2025":0.1121437423,"06-2025":0.1336857256,"08-2025":0.1854508973,"10-2025":0.2296606902,"12-2025":0.3070329585,"02-2026":0.3272013137,"04-2026":0.4192709639,"06-2026":0.5155179795,"08-2026":0.5853936541,"10-2026":0.6369968371,"12-2026":0.6331681303,"02-2027":0.6605607344,"04-2027":0.6528722349,"06-2027":0.6648418491,"08-2027":0.6515615768,"10-2027":0.6421410354,"12-2027":0.6444290589,"02-2028":0.6455223881,"04-2028":0.6311813187,"06-2028":0.6298538961,"08-2028":0.6209209315,"10-2028":0.5931181371,"12-2028":0.5820812574,"02-2029":0.5756723618,"04-2029":0.5523232323,"06-2029":0.5424044266,"08-2029":0.538956448,"10-2029":0.5240452617,"12-2029":0.5270562771,"02-2030":0.5232660468,"04-2030":0.5110498366,"06-2030":0.4936654804,"08-2030":0.4873626727,"10-2030":0.4772327376,"12-2030":0.453637735}}