{"median":{"02-2020":0.056927841,"04-2020":0.0550908671,"06-2020":0.0557813537,"08-2020":0.049822695,"10-2020":0.0463547301,"12-2020":0.0472584109,"02-2021":0.0405223881,"04-2021":0.0347428985,"06-2021":0.0274175795,"08-2021":0.0232109186,"10-2021":0.0204921475,"12-2021":0.015717153,"02-2022":0.0174249876,"04-2022":0.0205481862,"06-2022":0.0259729333,"08-2022":0.0336120401,"10-2022":0.0409305513,"12-2022":0.053099839,"02-2023":0.0576059161,"04-2023":0.0635080645,"06-2023":0.0752181995,"08-2023":0.096222405,"10-2023":0.1091686814,"12-2023":0.1324561404,"02-2024":0.1604051026,"04-2024":0.182711951,"06-2024":0.2065288714,"08-2024":0.2485879261,"10-2024":0.2955617007,"12-2024":0.3442350989,"02-2025":0.4171134705,"04-2025":0.4521164021,"06-2025":0.5067733214,"08-2025":0.5506297166,"10-2025":0.5332827244,"12-2025":0.5401078359,"02-2026":0.5471018455,"04-2026":0.5348327566,"06-2026":0.5262644641,"08-2026":0.5243067278,"10-2026":0.513872943,"12-2026":0.5027794771,"02-2027":0.5099829798,"04-2027":0.5063017714,"06-2027":0.4904713707,"08-2027":0.4817046127,"10-2027":0.4785600685,"12-2027":0.4815139096,"02-2028":0.4581140853,"04-2028":0.462173778,"06-2028":0.4624811095,"08-2028":0.4533654489,"10-2028":0.4390291428,"12-2028":0.4228899312,"02-2029":0.3979659134,"04-2029":0.3982319182,"06-2029":0.3904109589,"08-2029":0.3852080033,"10-2029":0.3798571571,"12-2029":0.3723057565,"02-2030":0.3670787546,"04-2030":0.3602999357,"06-2030":0.3524596952,"08-2030":0.3486603003,"10-2030":0.3427604212,"12-2030":0.3364203191},"percentile_25":{"02-2020":0.0347862503,"04-2020":0.0326901922,"06-2020":0.0303414469,"08-2020":0.0267943318,"10-2020":0.0251368142,"12-2020":0.0194364009,"02-2021":0.0173883258,"04-2021":0.0114503817,"06-2021":0.0076849396,"08-2021":0.0072398368,"10-2021":0.0037880406,"12-2021":0.003700287,"02-2022":0.0035311081,"04-2022":0.0,"06-2022":0.0,"08-2022":0.0,"10-2022":0.0,"12-2022":0.0,"02-2023":0.0,"04-2023":0.0,"06-2023":0.0,"08-2023":0.0,"10-2023":0.0,"12-2023":0.0,"02-2024":0.0,"04-2024":0.0,"06-2024":0.0,"08-2024":0.0,"10-2024":0.0,"12-2024":0.0,"02-2025":0.0,"04-2025":0.0,"06-2025":0.0,"08-2025":0.0,"10-2025":0.0,"12-2025":0.0,"02-2026":0.0,"04-2026":0.0,"06-2026":0.0,"08-2026":0.0,"10-2026":0.0,"12-2026":0.0,"02-2027":0.0,"04-2027":0.0,"06-2027":0.0,"08-2027":0.0,"10-2027":0.0,"12-2027":0.0,"02-2028":0.0,"04-2028":0.0,"06-2028":0.0,"08-2028":0.0,"10-2028":0.0,"12-2028":0.0,"02-2029":0.0,"04-2029":0.0,"06-2029":0.0,"08-2029":0.0,"10-2029":0.0,"12-2029":0.0,"02-2030":0.0,"04-2030":0.0,"06-2030":0.0,"08-2030":0.0,"10-2030":0.0,"12-2030":0.0},"percentile_75":{"02-2020":0.0982559583,"04-2020":0.0869565217,"06-2020":0.0906802929,"08-2020":0.0867027709,"10-2020":0.0853545254,"12-2020":0.0817162931,"02-2021":0.072991571,"04-2021":0.0667844523,"06-2021":0.0585814919,"08-2021":0.0521048387,"10-2021":0.0593653262,"12-2021":0.0644013361,"02-2022":0.073836469,"04-2022":0.0860016171,"06-2022":0.1024155316,"08-2022":0.1391933408,"10-2022":0.1595142602,"12-2022":0.1916909221,"02-2023":0.2531044318,"04-2023":0.317781046,"06-2023":0.3715757864,"08-2023":0.4618388525,"10-2023":0.5189130682,"12-2023":0.6065462945,"02-2024":0.6404796424,"04-2024":0.6710599393,"06-2024":0.6758945841,"08-2024":0.6937543569,"10-2024":0.6818876927,"12-2024":0.6749731568,"02-2025":0.6678392216,"04-2025":0.6566829909,"06-2025":0.6428571429,"08-2025":0.6448300744,"10-2025":0.6516124343,"12-2025":0.6436492007,"02-2026":0.6325783468,"04-2026":0.6226692621,"06-2026":0.6135359859,"08-2026":0.6015865855,"10-2026":0.6025003527,"12-2026":0.5912408759,"02-2027":0.5826890825,"04-2027":0.5754638395,"06-2027":0.5760185337,"08-2027":0.5583505567,"10-2027":0.5518605169,"12-2027":0.5400472261,"02-2028":0.5348007446,"04-2028":0.5338994817,"06-2028":0.5295701792,"08-2028":0.5116807445,"10-2028":0.5072265395,"12-2028":0.4851576824,"02-2029":0.4822635135,"04-2029":0.4756258235,"06-2029":0.4687706543,"08-2029":0.4542164624,"10-2029":0.4459702508,"12-2029":0.4328381723,"02-2030":0.4261383162,"04-2030":0.4206156472,"06-2030":0.4133756868,"08-2030":0.4042575047,"10-2030":0.4010291625,"12-2030":0.3938615608}}