{"median":{"02-2020":0.0677462888,"04-2020":0.0747394898,"06-2020":0.0880613027,"08-2020":0.0945168218,"10-2020":0.0974205062,"12-2020":0.1,"02-2021":0.0929738374,"04-2021":0.0875875294,"06-2021":0.0824074074,"08-2021":0.0695418552,"10-2021":0.0586009043,"12-2021":0.0460998705,"02-2022":0.0392928825,"04-2022":0.0357782898,"06-2022":0.0271653906,"08-2022":0.0224306118,"10-2022":0.0194555475,"12-2022":0.0164326202,"02-2023":0.0133069751,"04-2023":0.010928998,"06-2023":0.0076629477,"08-2023":0.0075059851,"10-2023":0.007273112,"12-2023":0.0070423408,"02-2024":0.0072334859,"04-2024":0.0071429483,"06-2024":0.0074494354,"08-2024":0.0110506607,"10-2024":0.014815018,"12-2024":0.0201426914,"02-2025":0.0225528979,"04-2025":0.0272575758,"06-2025":0.0318056943,"08-2025":0.035337454,"10-2025":0.0381119693,"12-2025":0.0493865565,"02-2026":0.0615085248,"04-2026":0.0781589177,"06-2026":0.1030383172,"08-2026":0.122705314,"10-2026":0.1489346386,"12-2026":0.1861791494,"02-2027":0.1937002524,"04-2027":0.2257687166,"06-2027":0.2647673586,"08-2027":0.293592437,"10-2027":0.3296700093,"12-2027":0.3637155298,"02-2028":0.4136581944,"04-2028":0.4500163919,"06-2028":0.4469018051,"08-2028":0.440335173,"10-2028":0.4469817825,"12-2028":0.4561459667,"02-2029":0.4456741459,"04-2029":0.4225158802,"06-2029":0.4082630572,"08-2029":0.4060803603,"10-2029":0.4082257159,"12-2029":0.4130932059,"02-2030":0.3942307692,"04-2030":0.388006122,"06-2030":0.3856214016,"08-2030":0.3772972682,"10-2030":0.3687107554,"12-2030":0.3601509332},"percentile_25":{"02-2020":0.0388754191,"04-2020":0.0373866652,"06-2020":0.0428648604,"08-2020":0.0440020953,"10-2020":0.0441619419,"12-2020":0.0441636582,"02-2021":0.0434276618,"04-2021":0.0385754709,"06-2021":0.0337798607,"08-2021":0.0284461153,"10-2021":0.0207511053,"12-2021":0.0148288869,"02-2022":0.0117765557,"04-2022":0.0106289001,"06-2022":0.0062456777,"08-2022":0.0037558785,"10-2022":0.0035367675,"12-2022":0.0,"02-2023":0.0,"04-2023":0.0,"06-2023":0.0,"08-2023":0.0,"10-2023":0.0,"12-2023":0.0,"02-2024":0.0,"04-2024":0.0,"06-2024":0.0,"08-2024":0.0,"10-2024":0.0,"12-2024":0.0,"02-2025":0.0,"04-2025":0.0,"06-2025":0.0,"08-2025":0.0,"10-2025":0.0,"12-2025":0.0,"02-2026":0.0,"04-2026":0.0,"06-2026":0.0,"08-2026":0.0,"10-2026":0.0,"12-2026":0.0,"02-2027":0.0,"04-2027":0.0,"06-2027":0.0,"08-2027":0.0,"10-2027":0.0,"12-2027":0.0,"02-2028":0.0,"04-2028":0.0,"06-2028":0.0,"08-2028":0.0,"10-2028":0.0,"12-2028":0.0,"02-2029":0.0,"04-2029":0.0,"06-2029":0.0,"08-2029":0.0,"10-2029":0.0,"12-2029":0.0,"02-2030":0.0,"04-2030":0.0,"06-2030":0.0,"08-2030":0.0,"10-2030":0.0,"12-2030":0.0},"percentile_75":{"02-2020":0.1061500406,"04-2020":0.1197397564,"06-2020":0.1457822361,"08-2020":0.1539488907,"10-2020":0.1601356308,"12-2020":0.170008797,"02-2021":0.173268034,"04-2021":0.1637914257,"06-2021":0.156088993,"08-2021":0.1413074542,"10-2021":0.1220756595,"12-2021":0.0990997965,"02-2022":0.0904919388,"04-2022":0.0794379481,"06-2022":0.0697602058,"08-2022":0.0596770811,"10-2022":0.0515253932,"12-2022":0.0507575758,"02-2023":0.0419052198,"04-2023":0.0321747766,"06-2023":0.0339788619,"08-2023":0.0363156827,"10-2023":0.0373835709,"12-2023":0.0464753785,"02-2024":0.0596180136,"04-2024":0.0693818166,"06-2024":0.082038878,"08-2024":0.0979382517,"10-2024":0.1324714137,"12-2024":0.1617559524,"02-2025":0.2302205677,"04-2025":0.2870181406,"06-2025":0.3775452489,"08-2025":0.4839770076,"10-2025":0.5800359712,"12-2025":0.6654304407,"02-2026":0.6835521274,"04-2026":0.6947444679,"06-2026":0.6735961353,"08-2026":0.6762589928,"10-2026":0.6632201769,"12-2026":0.6707637489,"02-2027":0.6597571869,"04-2027":0.6622862888,"06-2027":0.6534250421,"08-2027":0.6407927504,"10-2027":0.6298624909,"12-2027":0.6363000756,"02-2028":0.6333107099,"04-2028":0.6127119725,"06-2028":0.6077724262,"08-2028":0.6009584665,"10-2028":0.5873563153,"12-2028":0.5685118757,"02-2029":0.555952381,"04-2029":0.5434818492,"06-2029":0.5308434262,"08-2029":0.5286338225,"10-2029":0.5192747831,"12-2029":0.5087260835,"02-2030":0.5111578068,"04-2030":0.486857992,"06-2030":0.4692588617,"08-2030":0.4616648348,"10-2030":0.4473450203,"12-2030":0.4377904275}}