{"median":{"02-2020":0.0677462888,"04-2020":0.0747394898,"06-2020":0.0880613027,"08-2020":0.0945168218,"10-2020":0.0974205062,"12-2020":0.1,"02-2021":0.0929738374,"04-2021":0.0875875294,"06-2021":0.0824074074,"08-2021":0.0695418552,"10-2021":0.0586009043,"12-2021":0.0460998705,"02-2022":0.0392928825,"04-2022":0.0357782898,"06-2022":0.0271653906,"08-2022":0.0224306118,"10-2022":0.0194555475,"12-2022":0.0164326202,"02-2023":0.0133069751,"04-2023":0.010928998,"06-2023":0.0100672275,"08-2023":0.0075049282,"10-2023":0.0068620527,"12-2023":0.0038686022,"02-2024":0.0037383308,"04-2024":0.003649635,"06-2024":0.0034904971,"08-2024":0.0,"10-2024":0.0,"12-2024":0.0,"02-2025":0.0,"04-2025":0.0,"06-2025":0.0,"08-2025":0.0,"10-2025":0.0,"12-2025":0.0,"02-2026":0.0,"04-2026":0.0,"06-2026":0.0,"08-2026":0.0,"10-2026":0.0,"12-2026":0.0,"02-2027":0.0,"04-2027":0.0,"06-2027":0.0,"08-2027":0.0,"10-2027":0.0,"12-2027":0.0,"02-2028":0.0,"04-2028":0.0,"06-2028":0.0,"08-2028":0.0,"10-2028":0.0,"12-2028":0.0,"02-2029":0.0,"04-2029":0.0,"06-2029":0.0,"08-2029":0.0,"10-2029":0.0,"12-2029":0.0,"02-2030":0.0,"04-2030":0.0,"06-2030":0.0,"08-2030":0.0,"10-2030":0.0,"12-2030":0.0},"percentile_25":{"02-2020":0.0388754191,"04-2020":0.0373866652,"06-2020":0.0428648604,"08-2020":0.0440020953,"10-2020":0.0441619419,"12-2020":0.0441636582,"02-2021":0.0434276618,"04-2021":0.0385754709,"06-2021":0.0337798607,"08-2021":0.0284461153,"10-2021":0.0207511053,"12-2021":0.0148288869,"02-2022":0.0117765557,"04-2022":0.0106289001,"06-2022":0.0062456777,"08-2022":0.0037558785,"10-2022":0.0035367675,"12-2022":0.0,"02-2023":0.0,"04-2023":0.0,"06-2023":0.0,"08-2023":0.0,"10-2023":0.0,"12-2023":0.0,"02-2024":0.0,"04-2024":0.0,"06-2024":0.0,"08-2024":0.0,"10-2024":0.0,"12-2024":0.0,"02-2025":0.0,"04-2025":0.0,"06-2025":0.0,"08-2025":0.0,"10-2025":0.0,"12-2025":0.0,"02-2026":0.0,"04-2026":0.0,"06-2026":0.0,"08-2026":0.0,"10-2026":0.0,"12-2026":0.0,"02-2027":0.0,"04-2027":0.0,"06-2027":0.0,"08-2027":0.0,"10-2027":0.0,"12-2027":0.0,"02-2028":0.0,"04-2028":0.0,"06-2028":0.0,"08-2028":0.0,"10-2028":0.0,"12-2028":0.0,"02-2029":0.0,"04-2029":0.0,"06-2029":0.0,"08-2029":0.0,"10-2029":0.0,"12-2029":0.0,"02-2030":0.0,"04-2030":0.0,"06-2030":0.0,"08-2030":0.0,"10-2030":0.0,"12-2030":0.0},"percentile_75":{"02-2020":0.1061500406,"04-2020":0.1197397564,"06-2020":0.1457822361,"08-2020":0.1539488907,"10-2020":0.1601356308,"12-2020":0.170008797,"02-2021":0.173268034,"04-2021":0.1637914257,"06-2021":0.156088993,"08-2021":0.1413074542,"10-2021":0.1220756595,"12-2021":0.0990997965,"02-2022":0.0904919388,"04-2022":0.0794379481,"06-2022":0.0697602058,"08-2022":0.0596770811,"10-2022":0.0515253932,"12-2022":0.0507575758,"02-2023":0.0419052198,"04-2023":0.0321747766,"06-2023":0.0340923878,"08-2023":0.0302750972,"10-2023":0.0267171717,"12-2023":0.0249025341,"02-2024":0.0270416228,"04-2024":0.0236231544,"06-2024":0.0194952012,"08-2024":0.0191579383,"10-2024":0.015730826,"12-2024":0.0170640587,"02-2025":0.0192868902,"04-2025":0.0155990758,"06-2025":0.018321805,"08-2025":0.0152682131,"10-2025":0.0165124785,"12-2025":0.0153701215,"02-2026":0.0144535133,"04-2026":0.0158345307,"06-2026":0.0145897234,"08-2026":0.0193281336,"10-2026":0.0260710357,"12-2026":0.0362914177,"02-2027":0.0453789695,"04-2027":0.0549140709,"06-2027":0.0793165185,"08-2027":0.0888465763,"10-2027":0.1222650231,"12-2027":0.1551999559,"02-2028":0.1885383151,"04-2028":0.2360690981,"06-2028":0.2731688596,"08-2028":0.3192358804,"10-2028":0.3897188145,"12-2028":0.4631218307,"02-2029":0.5513398693,"04-2029":0.5733609347,"06-2029":0.5812455453,"08-2029":0.5859649123,"10-2029":0.5872316078,"12-2029":0.577831948,"02-2030":0.5746734577,"04-2030":0.5692736185,"06-2030":0.5562893082,"08-2030":0.5498110134,"10-2030":0.5268289345,"12-2030":0.5168568132}}