{"median":{"02-2020":0.056927841,"04-2020":0.0550908671,"06-2020":0.0557813537,"08-2020":0.049822695,"10-2020":0.0463547301,"12-2020":0.0472584109,"02-2021":0.0405223881,"04-2021":0.0347428985,"06-2021":0.0275590551,"08-2021":0.0231663685,"10-2021":0.0193441691,"12-2021":0.0145456469,"02-2022":0.0116980845,"04-2022":0.0108308895,"06-2022":0.0105263158,"08-2022":0.0078610039,"10-2022":0.0077821012,"12-2022":0.0107334869,"02-2023":0.0115234893,"04-2023":0.0146291888,"06-2023":0.0261836843,"08-2023":0.0274078828,"10-2023":0.0319548872,"12-2023":0.0385964912,"02-2024":0.0425061593,"04-2024":0.0453329539,"06-2024":0.0506603588,"08-2024":0.0545202952,"10-2024":0.0736770692,"12-2024":0.0763514228,"02-2025":0.0866728677,"04-2025":0.1085952569,"06-2025":0.1265316329,"08-2025":0.1497621375,"10-2025":0.1833373087,"12-2025":0.223551476,"02-2026":0.2532175848,"04-2026":0.2875568104,"06-2026":0.32756917,"08-2026":0.3558431645,"10-2026":0.38098659,"12-2026":0.390934765,"02-2027":0.4161132086,"04-2027":0.4306265985,"06-2027":0.4490848498,"08-2027":0.4534053904,"10-2027":0.4618216456,"12-2027":0.4651253859,"02-2028":0.4627647715,"04-2028":0.4448412076,"06-2028":0.4436396936,"08-2028":0.442306987,"10-2028":0.4164854177,"12-2028":0.4232903688,"02-2029":0.396295664,"04-2029":0.3845060708,"06-2029":0.3725733726,"08-2029":0.3779808704,"10-2029":0.3674516533,"12-2029":0.3560341672,"02-2030":0.3564962157,"04-2030":0.3351760412,"06-2030":0.3239295945,"08-2030":0.3172957095,"10-2030":0.3217044588,"12-2030":0.3196107873},"percentile_25":{"02-2020":0.0347862503,"04-2020":0.0326901922,"06-2020":0.0303414469,"08-2020":0.0267943318,"10-2020":0.0251368142,"12-2020":0.0194364009,"02-2021":0.0173883258,"04-2021":0.0114503817,"06-2021":0.0099867871,"08-2021":0.0072137236,"10-2021":0.00592055,"12-2021":0.0036764706,"02-2022":0.0025510204,"04-2022":0.0,"06-2022":0.0,"08-2022":0.0,"10-2022":0.0,"12-2022":0.0,"02-2023":0.0,"04-2023":0.0,"06-2023":0.0,"08-2023":0.0,"10-2023":0.0,"12-2023":0.0,"02-2024":0.0,"04-2024":0.0,"06-2024":0.0,"08-2024":0.0,"10-2024":0.0,"12-2024":0.0,"02-2025":0.0,"04-2025":0.0,"06-2025":0.0,"08-2025":0.0,"10-2025":0.0,"12-2025":0.0,"02-2026":0.0,"04-2026":0.0,"06-2026":0.0,"08-2026":0.0,"10-2026":0.0,"12-2026":0.0,"02-2027":0.0,"04-2027":0.0,"06-2027":0.0,"08-2027":0.0,"10-2027":0.0,"12-2027":0.0,"02-2028":0.0,"04-2028":0.0,"06-2028":0.0,"08-2028":0.0,"10-2028":0.0,"12-2028":0.0,"02-2029":0.0,"04-2029":0.0,"06-2029":0.0,"08-2029":0.0,"10-2029":0.0,"12-2029":0.0,"02-2030":0.0,"04-2030":0.0,"06-2030":0.0,"08-2030":0.0,"10-2030":0.0,"12-2030":0.0},"percentile_75":{"02-2020":0.0982559583,"04-2020":0.0869565217,"06-2020":0.0906802929,"08-2020":0.0867027709,"10-2020":0.0853545254,"12-2020":0.0817162931,"02-2021":0.072991571,"04-2021":0.0667844523,"06-2021":0.0586511949,"08-2021":0.0510948905,"10-2021":0.0455136031,"12-2021":0.0418550682,"02-2022":0.0430179294,"04-2022":0.0492993093,"06-2022":0.053282733,"08-2022":0.0624292309,"10-2022":0.0743369843,"12-2022":0.0966176709,"02-2023":0.1246565934,"04-2023":0.1501293347,"06-2023":0.1883646929,"08-2023":0.2658478164,"10-2023":0.329505632,"12-2023":0.4180440199,"02-2024":0.493661246,"04-2024":0.5642054575,"06-2024":0.6362731785,"08-2024":0.6600700577,"10-2024":0.6906585914,"12-2024":0.683762196,"02-2025":0.6738520408,"04-2025":0.6664458964,"06-2025":0.6563069909,"08-2025":0.6551135863,"10-2025":0.6531362007,"12-2025":0.6545781557,"02-2026":0.6374579125,"04-2026":0.6255245527,"06-2026":0.613996139,"08-2026":0.6048650643,"10-2026":0.6,"12-2026":0.5914786705,"02-2027":0.5830357612,"04-2027":0.5706260426,"06-2027":0.5588240921,"08-2027":0.5580542326,"10-2027":0.556346382,"12-2027":0.5458720247,"02-2028":0.5437865017,"04-2028":0.5394817073,"06-2028":0.5387942507,"08-2028":0.5275219844,"10-2028":0.5103994658,"12-2028":0.4947135613,"02-2029":0.4778806132,"04-2029":0.4672509696,"06-2029":0.4652067028,"08-2029":0.4532302511,"10-2029":0.4523775193,"12-2029":0.4407398651,"02-2030":0.4317473118,"04-2030":0.4239953887,"06-2030":0.4180427649,"08-2030":0.4109090909,"10-2030":0.4072727273,"12-2030":0.3933031503}}