{"median":{"02-2020":0.0677462888,"04-2020":0.0747394898,"06-2020":0.0880613027,"08-2020":0.0945168218,"10-2020":0.0974205062,"12-2020":0.1,"02-2021":0.1025740787,"04-2021":0.1108951616,"06-2021":0.1115174775,"08-2021":0.1201752228,"10-2021":0.135437417,"12-2021":0.1531609411,"02-2022":0.1808739055,"04-2022":0.2206517472,"06-2022":0.2723880597,"08-2022":0.3336404317,"10-2022":0.3944514791,"12-2022":0.4735961768,"02-2023":0.5357127905,"04-2023":0.566901029,"06-2023":0.6170309654,"08-2023":0.6163490661,"10-2023":0.6210804013,"12-2023":0.6177698271,"02-2024":0.618597305,"04-2024":0.6221064031,"06-2024":0.6238749047,"08-2024":0.6090875425,"10-2024":0.6030808007,"12-2024":0.5900170323,"02-2025":0.5810706031,"04-2025":0.5787841191,"06-2025":0.5610687023,"08-2025":0.5504411802,"10-2025":0.5402072209,"12-2025":0.5432525952,"02-2026":0.5341548172,"04-2026":0.5221550033,"06-2026":0.5182789583,"08-2026":0.5053003534,"10-2026":0.4962121212,"12-2026":0.4880069005,"02-2027":0.4833640836,"04-2027":0.4758350954,"06-2027":0.4662982545,"08-2027":0.4628100267,"10-2027":0.4618161622,"12-2027":0.4588893766,"02-2028":0.4619705899,"04-2028":0.4678268765,"06-2028":0.4474707694,"08-2028":0.4355730651,"10-2028":0.4281015038,"12-2028":0.4165244596,"02-2029":0.4122975695,"04-2029":0.3957483427,"06-2029":0.3983298255,"08-2029":0.3992882562,"10-2029":0.3886994051,"12-2029":0.3881690449,"02-2030":0.3832525834,"04-2030":0.3775606527,"06-2030":0.3768673356,"08-2030":0.375232342,"10-2030":0.3706004141,"12-2030":0.3652774507},"percentile_25":{"02-2020":0.0388754191,"04-2020":0.0373866652,"06-2020":0.0428648604,"08-2020":0.0440020953,"10-2020":0.0441619419,"12-2020":0.0441636582,"02-2021":0.0455035614,"04-2021":0.0427227457,"06-2021":0.0438695652,"08-2021":0.0472391084,"10-2021":0.0519736842,"12-2021":0.0539333905,"02-2022":0.0608987693,"04-2022":0.0706168831,"06-2022":0.0902785132,"08-2022":0.0969860002,"10-2022":0.1143122348,"12-2022":0.1354185459,"02-2023":0.156530245,"04-2023":0.1871844976,"06-2023":0.2012919513,"08-2023":0.2174558081,"10-2023":0.2534090909,"12-2023":0.2867861305,"02-2024":0.3150914358,"04-2024":0.3453634085,"06-2024":0.4154962547,"08-2024":0.4742434327,"10-2024":0.4864966242,"12-2024":0.4819443546,"02-2025":0.4876558814,"04-2025":0.5075445593,"06-2025":0.4894301471,"08-2025":0.4905222437,"10-2025":0.4874532348,"12-2025":0.48995005,"02-2026":0.4816528517,"04-2026":0.4694546303,"06-2026":0.4639636117,"08-2026":0.4482470303,"10-2026":0.4323381696,"12-2026":0.4329066504,"02-2027":0.4280462185,"04-2027":0.4226147488,"06-2027":0.4192960448,"08-2027":0.4148830264,"10-2027":0.4167452258,"12-2027":0.4168338394,"02-2028":0.4051776496,"04-2028":0.419382794,"06-2028":0.4087473063,"08-2028":0.3971323404,"10-2028":0.3798293232,"12-2028":0.3642447046,"02-2029":0.3602555533,"04-2029":0.3566530692,"06-2029":0.3498161765,"08-2029":0.3414423886,"10-2029":0.3502301357,"12-2029":0.3482776989,"02-2030":0.3421558511,"04-2030":0.3342044135,"06-2030":0.3284671533,"08-2030":0.327256016,"10-2030":0.3222365187,"12-2030":0.3224033816},"percentile_75":{"02-2020":0.1061500406,"04-2020":0.1197397564,"06-2020":0.1457822361,"08-2020":0.1539488907,"10-2020":0.1601356308,"12-2020":0.170008797,"02-2021":0.1828463944,"04-2021":0.1914408311,"06-2021":0.2163171671,"08-2021":0.2388196763,"10-2021":0.2867712913,"12-2021":0.3351412385,"02-2022":0.4060637352,"04-2022":0.4926675053,"06-2022":0.570133285,"08-2022":0.67204243,"10-2022":0.7341123714,"12-2022":0.7403146853,"02-2023":0.7448695704,"04-2023":0.737941099,"06-2023":0.7329334154,"08-2023":0.7172332064,"10-2023":0.7124255952,"12-2023":0.6993740135,"02-2024":0.6880116959,"04-2024":0.6772495756,"06-2024":0.6733058608,"08-2024":0.6610290712,"10-2024":0.6559648838,"12-2024":0.6432090005,"02-2025":0.6447709983,"04-2025":0.6270813103,"06-2025":0.6190805209,"08-2025":0.6039097052,"10-2025":0.6024773642,"12-2025":0.5916882876,"02-2026":0.5842740338,"04-2026":0.5849956802,"06-2026":0.5716056859,"08-2026":0.5566062102,"10-2026":0.5376402956,"12-2026":0.5374831612,"02-2027":0.5332515194,"04-2027":0.5253988969,"06-2027":0.5219489688,"08-2027":0.5097154845,"10-2027":0.5110585349,"12-2027":0.5105845242,"02-2028":0.5008928571,"04-2028":0.5071065077,"06-2028":0.4982575894,"08-2028":0.4794111011,"10-2028":0.4718503378,"12-2028":0.4639791,"02-2029":0.4504420138,"04-2029":0.4386031889,"06-2029":0.4418500856,"08-2029":0.4380561944,"10-2029":0.4285714286,"12-2029":0.429195231,"02-2030":0.4200188302,"04-2030":0.4212431499,"06-2030":0.4197841603,"08-2030":0.408142301,"10-2030":0.4085707711,"12-2030":0.4009035833}}