{"median":{"02-2020":0.0677462888,"04-2020":0.0747394898,"06-2020":0.0880613027,"08-2020":0.0945168218,"10-2020":0.0974205062,"12-2020":0.1,"02-2021":0.0929738374,"04-2021":0.0875875294,"06-2021":0.0824074074,"08-2021":0.0695418552,"10-2021":0.0586009043,"12-2021":0.0460998705,"02-2022":0.0419061303,"04-2022":0.0399241362,"06-2022":0.0402852339,"08-2022":0.0427464009,"10-2022":0.0455581761,"12-2022":0.0545454545,"02-2023":0.0768854304,"04-2023":0.0894839858,"06-2023":0.1096925134,"08-2023":0.130476892,"10-2023":0.1537483301,"12-2023":0.1709605835,"02-2024":0.1950856292,"04-2024":0.2529863481,"06-2024":0.308749007,"08-2024":0.36008288,"10-2024":0.4149414182,"12-2024":0.4935188051,"02-2025":0.545016835,"04-2025":0.5722432964,"06-2025":0.5901818906,"08-2025":0.5822614162,"10-2025":0.5878337562,"12-2025":0.5770751497,"02-2026":0.5740946731,"04-2026":0.5690173797,"06-2026":0.5726860311,"08-2026":0.562283737,"10-2026":0.5442628533,"12-2026":0.5500929368,"02-2027":0.5360403455,"04-2027":0.5277781588,"06-2027":0.512867821,"08-2027":0.5149286988,"10-2027":0.510638833,"12-2027":0.5163062744,"02-2028":0.5077034452,"04-2028":0.5045158483,"06-2028":0.4852750342,"08-2028":0.4811535528,"10-2028":0.4681974828,"12-2028":0.4496521708,"02-2029":0.4361413043,"04-2029":0.4322430457,"06-2029":0.4225883604,"08-2029":0.4174837808,"10-2029":0.403158208,"12-2029":0.3963884993,"02-2030":0.3915009666,"04-2030":0.3781346351,"06-2030":0.3728485752,"08-2030":0.3647066799,"10-2030":0.3603420389,"12-2030":0.3559778209},"percentile_25":{"02-2020":0.0388754191,"04-2020":0.0373866652,"06-2020":0.0428648604,"08-2020":0.0440020953,"10-2020":0.0441619419,"12-2020":0.0441636582,"02-2021":0.0434276618,"04-2021":0.0385754709,"06-2021":0.0337798607,"08-2021":0.0284461153,"10-2021":0.0207511053,"12-2021":0.0148288869,"02-2022":0.0115944935,"04-2022":0.0106382979,"06-2022":0.0040445018,"08-2022":0.003891226,"10-2022":0.0037593985,"12-2022":0.003917739,"02-2023":0.0038937949,"04-2023":0.0039191176,"06-2023":0.0039311658,"08-2023":0.0088329082,"10-2023":0.0095573313,"12-2023":0.0137362637,"02-2024":0.014680219,"04-2024":0.017001576,"06-2024":0.0178098183,"08-2024":0.0231500946,"10-2024":0.0258466669,"12-2024":0.0336142322,"02-2025":0.0436329588,"04-2025":0.045280637,"06-2025":0.0510823523,"08-2025":0.0609200387,"10-2025":0.0673862829,"12-2025":0.0713557662,"02-2026":0.0836299402,"04-2026":0.076521433,"06-2026":0.0765520621,"08-2026":0.0804147465,"10-2026":0.0845656841,"12-2026":0.1175014682,"02-2027":0.1292914198,"04-2027":0.1324812335,"06-2027":0.1493577694,"08-2027":0.1624636582,"10-2027":0.1684611685,"12-2027":0.1945859295,"02-2028":0.2148858357,"04-2028":0.2321600953,"06-2028":0.2652581893,"08-2028":0.2776921672,"10-2028":0.2841397849,"12-2028":0.2968094406,"02-2029":0.2865737204,"04-2029":0.3155700725,"06-2029":0.3108316072,"08-2029":0.3134204689,"10-2029":0.305565371,"12-2029":0.2902009223,"02-2030":0.282332343,"04-2030":0.2962628753,"06-2030":0.2783230283,"08-2030":0.2537497838,"10-2030":0.2413479743,"12-2030":0.2789062111},"percentile_75":{"02-2020":0.1061500406,"04-2020":0.1197397564,"06-2020":0.1457822361,"08-2020":0.1539488907,"10-2020":0.1601356308,"12-2020":0.170008797,"02-2021":0.173268034,"04-2021":0.1637914257,"06-2021":0.156088993,"08-2021":0.1413074542,"10-2021":0.1220756595,"12-2021":0.0990997965,"02-2022":0.1006356782,"04-2022":0.0958201229,"06-2022":0.1010675636,"08-2022":0.1176978114,"10-2022":0.139162139,"12-2022":0.1751984127,"02-2023":0.2240498114,"04-2023":0.2798139361,"06-2023":0.3451492537,"08-2023":0.417940231,"10-2023":0.4903620262,"12-2023":0.6068888437,"02-2024":0.6730112408,"04-2024":0.674583418,"06-2024":0.6936578984,"08-2024":0.7162793542,"10-2024":0.724351225,"12-2024":0.7261787618,"02-2025":0.7157664027,"04-2025":0.6916693627,"06-2025":0.684063784,"08-2025":0.6657372986,"10-2025":0.6542266909,"12-2025":0.658204709,"02-2026":0.6475281602,"04-2026":0.6445065319,"06-2026":0.6441947566,"08-2026":0.6277130838,"10-2026":0.6173196608,"12-2026":0.6070760955,"02-2027":0.6091650478,"04-2027":0.5964358891,"06-2027":0.5948951049,"08-2027":0.5861797059,"10-2027":0.576366688,"12-2027":0.565905054,"02-2028":0.5615635805,"04-2028":0.5505208333,"06-2028":0.5630361305,"08-2028":0.5413469225,"10-2028":0.5277009223,"12-2028":0.5061657489,"02-2029":0.5004448399,"04-2029":0.4890301566,"06-2029":0.4765996322,"08-2029":0.4670420611,"10-2029":0.4648484848,"12-2029":0.4520194421,"02-2030":0.4432331853,"04-2030":0.4315430313,"06-2030":0.433203508,"08-2030":0.4214651968,"10-2030":0.4214285714,"12-2030":0.4102181903}}