{"median":{"02-2014":0.333974359,"04-2014":0.3416718783,"06-2014":0.3537669395,"08-2014":0.3487456526,"10-2014":0.3514380356,"12-2014":0.3416556705,"02-2015":0.3076923077,"04-2015":0.2665146313,"06-2015":0.236169211,"08-2015":0.2058823529,"10-2015":0.1800163958,"12-2015":0.1606451613,"02-2016":0.1366334935,"04-2016":0.1192717894,"06-2016":0.1023024594,"08-2016":0.0914796501,"10-2016":0.0890702859,"12-2016":0.0837296621,"02-2017":0.0770870367,"04-2017":0.0683760684,"06-2017":0.0641797961,"08-2017":0.0578670493,"10-2017":0.0584553696,"12-2017":0.0556847545,"02-2018":0.0547195885,"04-2018":0.0462563964,"06-2018":0.044534413,"08-2018":0.0454630862,"10-2018":0.0421054498,"12-2018":0.0430278549,"02-2019":0.0420175485,"04-2019":0.0398318231,"06-2019":0.0353701473,"08-2019":0.0338983051,"10-2019":0.0342776481,"12-2019":0.0313256705},"percentile_25":{"02-2014":0.2601885261,"04-2014":0.2650613761,"06-2014":0.2614077025,"08-2014":0.2628599582,"10-2014":0.2603178027,"12-2014":0.252989568,"02-2015":0.2354490921,"04-2015":0.2117046819,"06-2015":0.1820154456,"08-2015":0.1537663581,"10-2015":0.1356633273,"12-2015":0.1137749446,"02-2016":0.0951304593,"04-2016":0.0786091502,"06-2016":0.0673936571,"08-2016":0.0588235294,"10-2016":0.0554461942,"12-2016":0.0499521073,"02-2017":0.0481445783,"04-2017":0.0387473372,"06-2017":0.035750698,"08-2017":0.0338270902,"10-2017":0.0329566537,"12-2017":0.0318740157,"02-2018":0.0278884462,"04-2018":0.0253969105,"06-2018":0.0240963855,"08-2018":0.0257256656,"10-2018":0.0259754738,"12-2018":0.0244402214,"02-2019":0.0231452825,"04-2019":0.0195886949,"06-2019":0.0191083941,"08-2019":0.0197628458,"10-2019":0.0198022122,"12-2019":0.0168599085},"percentile_75":{"02-2014":0.4144076305,"04-2014":0.4086200873,"06-2014":0.4083049887,"08-2014":0.4133858268,"10-2014":0.4155533006,"12-2014":0.4202187077,"02-2015":0.3777328359,"04-2015":0.3361083022,"06-2015":0.2871394422,"08-2015":0.2450556945,"10-2015":0.2203100202,"12-2015":0.2054813533,"02-2016":0.1784602845,"04-2016":0.1581700066,"06-2016":0.1392405063,"08-2016":0.1319138957,"10-2016":0.134188158,"12-2016":0.13444436,"02-2017":0.123204023,"04-2017":0.1129633036,"06-2017":0.0984743754,"08-2017":0.0936475805,"10-2017":0.0872762148,"12-2017":0.0867448623,"02-2018":0.0829834711,"04-2018":0.0794039553,"06-2018":0.0767686205,"08-2018":0.0727520197,"10-2018":0.0679406037,"12-2018":0.0685483871,"02-2019":0.0619914793,"04-2019":0.0561768055,"06-2019":0.0536369703,"08-2019":0.0532786885,"10-2019":0.055100324,"12-2019":0.0539419087}}