{"median":{"02-2020":0.0550245098,"04-2020":0.0516131419,"06-2020":0.0523486902,"08-2020":0.0447786132,"10-2020":0.0404460967,"12-2020":0.0340751492,"02-2021":0.0269181007,"04-2021":0.0223076073,"06-2021":0.014983165,"08-2021":0.0107142857,"10-2021":0.0075914722,"12-2021":0.0040328482,"02-2022":0.0036697371,"04-2022":0.0035088151,"06-2022":0.0,"08-2022":0.0,"10-2022":0.0,"12-2022":0.0,"02-2023":0.0,"04-2023":0.0,"06-2023":0.0,"08-2023":0.0,"10-2023":0.0,"12-2023":0.0,"02-2024":0.0,"04-2024":0.0,"06-2024":0.0,"08-2024":0.0,"10-2024":0.0,"12-2024":0.0,"02-2025":0.0,"04-2025":0.0,"06-2025":0.0,"08-2025":0.0,"10-2025":0.0,"12-2025":0.0,"02-2026":0.0,"04-2026":0.0,"06-2026":0.0,"08-2026":0.0,"10-2026":0.0,"12-2026":0.0,"02-2027":0.0,"04-2027":0.0,"06-2027":0.0,"08-2027":0.0,"10-2027":0.0,"12-2027":0.0,"02-2028":0.0,"04-2028":0.0,"06-2028":0.0,"08-2028":0.0,"10-2028":0.0,"12-2028":0.0,"02-2029":0.0,"04-2029":0.0,"06-2029":0.0,"08-2029":0.0,"10-2029":0.0,"12-2029":0.0,"02-2030":0.0,"04-2030":0.0,"06-2030":0.0,"08-2030":0.0,"10-2030":0.0,"12-2030":0.0},"percentile_25":{"02-2020":0.036082799,"04-2020":0.0295362377,"06-2020":0.0267437304,"08-2020":0.0242003367,"10-2020":0.0206399007,"12-2020":0.016244898,"02-2021":0.0121827787,"04-2021":0.0077223504,"06-2021":0.0038241336,"08-2021":0.0,"10-2021":0.0,"12-2021":0.0,"02-2022":0.0,"04-2022":0.0,"06-2022":0.0,"08-2022":0.0,"10-2022":0.0,"12-2022":0.0,"02-2023":0.0,"04-2023":0.0,"06-2023":0.0,"08-2023":0.0,"10-2023":0.0,"12-2023":0.0,"02-2024":0.0,"04-2024":0.0,"06-2024":0.0,"08-2024":0.0,"10-2024":0.0,"12-2024":0.0,"02-2025":0.0,"04-2025":0.0,"06-2025":0.0,"08-2025":0.0,"10-2025":0.0,"12-2025":0.0,"02-2026":0.0,"04-2026":0.0,"06-2026":0.0,"08-2026":0.0,"10-2026":0.0,"12-2026":0.0,"02-2027":0.0,"04-2027":0.0,"06-2027":0.0,"08-2027":0.0,"10-2027":0.0,"12-2027":0.0,"02-2028":0.0,"04-2028":0.0,"06-2028":0.0,"08-2028":0.0,"10-2028":0.0,"12-2028":0.0,"02-2029":0.0,"04-2029":0.0,"06-2029":0.0,"08-2029":0.0,"10-2029":0.0,"12-2029":0.0,"02-2030":0.0,"04-2030":0.0,"06-2030":0.0,"08-2030":0.0,"10-2030":0.0,"12-2030":0.0},"percentile_75":{"02-2020":0.0922905021,"04-2020":0.083723044,"06-2020":0.0823970037,"08-2020":0.076997327,"10-2020":0.0690187006,"12-2020":0.0667253521,"02-2021":0.0588814266,"04-2021":0.0468901243,"06-2021":0.0381833097,"08-2021":0.0289866571,"10-2021":0.0226231634,"12-2021":0.0210534147,"02-2022":0.0162131082,"04-2022":0.0146526088,"06-2022":0.0120984088,"08-2022":0.0115503772,"10-2022":0.0115942354,"12-2022":0.0108857001,"02-2023":0.011408854,"04-2023":0.0160605311,"06-2023":0.0205843744,"08-2023":0.0294459459,"10-2023":0.0320733483,"12-2023":0.0410922826,"02-2024":0.0507661278,"04-2024":0.0554619156,"06-2024":0.0662166015,"08-2024":0.0768826968,"10-2024":0.0910755911,"12-2024":0.099939183,"02-2025":0.1251393773,"04-2025":0.156343229,"06-2025":0.1584610473,"08-2025":0.2020114943,"10-2025":0.2238120061,"12-2025":0.2455108297,"02-2026":0.2871951536,"04-2026":0.3320040384,"06-2026":0.3900696864,"08-2026":0.4227158289,"10-2026":0.4578853047,"12-2026":0.4833916084,"02-2027":0.5032374497,"04-2027":0.5000377264,"06-2027":0.4946332224,"08-2027":0.4823466912,"10-2027":0.4874532903,"12-2027":0.4805994669,"02-2028":0.4666204132,"04-2028":0.4621969697,"06-2028":0.4631077598,"08-2028":0.4416228992,"10-2028":0.4362440934,"12-2028":0.4224676226,"02-2029":0.4043819656,"04-2029":0.3951946349,"06-2029":0.3912242871,"08-2029":0.3983870968,"10-2029":0.3752698119,"12-2029":0.3622935075,"02-2030":0.3467280489,"04-2030":0.3515829116,"06-2030":0.3422309155,"08-2030":0.3521478421,"10-2030":0.3476337705,"12-2030":0.3381559458}}