{"median":{"02-2020":0.0677462888,"04-2020":0.0747394898,"06-2020":0.0880613027,"08-2020":0.0919862657,"10-2020":0.0946115288,"12-2020":0.0967700109,"02-2021":0.0963409192,"04-2021":0.0966423835,"06-2021":0.0992707615,"08-2021":0.0972338936,"10-2021":0.1173341677,"12-2021":0.1188002365,"02-2022":0.1361102376,"04-2022":0.1676029963,"06-2022":0.2133402995,"08-2022":0.2683512224,"10-2022":0.3171670967,"12-2022":0.3483576564,"02-2023":0.3993253414,"04-2023":0.4821365705,"06-2023":0.5462832138,"08-2023":0.5935391985,"10-2023":0.6201577668,"12-2023":0.6087649746,"02-2024":0.6093060931,"04-2024":0.6042648479,"06-2024":0.6074644185,"08-2024":0.6021316068,"10-2024":0.5923936625,"12-2024":0.5848720044,"02-2025":0.5843682165,"04-2025":0.5693130877,"06-2025":0.5644268775,"08-2025":0.5593050312,"10-2025":0.553411935,"12-2025":0.5396556439,"02-2026":0.5380100439,"04-2026":0.5240504977,"06-2026":0.5156466748,"08-2026":0.5140091946,"10-2026":0.5,"12-2026":0.4908757909,"02-2027":0.4828896104,"04-2027":0.4742268041,"06-2027":0.4640305494,"08-2027":0.4513166144,"10-2027":0.4561923452,"12-2027":0.4495614035,"02-2028":0.4545454545,"04-2028":0.4578497585,"06-2028":0.4518388232,"08-2028":0.4454365079,"10-2028":0.4307625508,"12-2028":0.4168298148,"02-2029":0.4003629284,"04-2029":0.3970526205,"06-2029":0.3911684342,"08-2029":0.3859514276,"10-2029":0.3784085042,"12-2029":0.3726506616,"02-2030":0.3736127811,"04-2030":0.3678383993,"06-2030":0.3658145668,"08-2030":0.3619737335,"10-2030":0.3618416033,"12-2030":0.3611484616},"percentile_25":{"02-2020":0.0388754191,"04-2020":0.0373866652,"06-2020":0.0428648604,"08-2020":0.0424395132,"10-2020":0.0396624667,"12-2020":0.0355747768,"02-2021":0.0328317578,"04-2021":0.030546097,"06-2021":0.0270069629,"08-2021":0.0240412371,"10-2021":0.0199898785,"12-2021":0.0217308396,"02-2022":0.0235531113,"04-2022":0.0311381074,"06-2022":0.04,"08-2022":0.0450530035,"10-2022":0.0526673396,"12-2022":0.0599122807,"02-2023":0.0670938104,"04-2023":0.0772073315,"06-2023":0.0843034184,"08-2023":0.0908021932,"10-2023":0.0972588201,"12-2023":0.103653169,"02-2024":0.1195593075,"04-2024":0.1306619838,"06-2024":0.1427422087,"08-2024":0.1652504651,"10-2024":0.1985091055,"12-2024":0.2350961538,"02-2025":0.2596151367,"04-2025":0.2920752992,"06-2025":0.3150591678,"08-2025":0.3492966353,"10-2025":0.4116248537,"12-2025":0.4194659143,"02-2026":0.425,"04-2026":0.4280670201,"06-2026":0.4304071494,"08-2026":0.4321537474,"10-2026":0.435575478,"12-2026":0.4274090228,"02-2027":0.4276785714,"04-2027":0.4109640643,"06-2027":0.4024849398,"08-2027":0.396278826,"10-2027":0.3975862347,"12-2027":0.4017453849,"02-2028":0.3918775014,"04-2028":0.4035747304,"06-2028":0.399122807,"08-2028":0.3974796799,"10-2028":0.3910104446,"12-2028":0.3653984355,"02-2029":0.349268479,"04-2029":0.3404100866,"06-2029":0.3253318963,"08-2029":0.3240387001,"10-2029":0.324241102,"12-2029":0.3197142673,"02-2030":0.320071149,"04-2030":0.3128518322,"06-2030":0.3076174798,"08-2030":0.3069436923,"10-2030":0.3046734864,"12-2030":0.3092740749},"percentile_75":{"02-2020":0.1061500406,"04-2020":0.1197397564,"06-2020":0.1457822361,"08-2020":0.156295287,"10-2020":0.1613682481,"12-2020":0.1661346815,"02-2021":0.1761509097,"04-2021":0.1861138333,"06-2021":0.2009252313,"08-2021":0.2142985579,"10-2021":0.2473570547,"12-2021":0.2742041522,"02-2022":0.3377296147,"04-2022":0.4124383961,"06-2022":0.4987458194,"08-2022":0.5916552829,"10-2022":0.6540976147,"12-2022":0.7228606588,"02-2023":0.7350337599,"04-2023":0.7420754428,"06-2023":0.7353193855,"08-2023":0.718390189,"10-2023":0.7119122501,"12-2023":0.7004949105,"02-2024":0.6931193751,"04-2024":0.6825369979,"06-2024":0.6642679384,"08-2024":0.6603324682,"10-2024":0.6554924476,"12-2024":0.6465237098,"02-2025":0.6460306299,"04-2025":0.633013339,"06-2025":0.6236689566,"08-2025":0.6083213773,"10-2025":0.6085960859,"12-2025":0.6061998663,"02-2026":0.5913314203,"04-2026":0.5813909609,"06-2026":0.5729091921,"08-2026":0.5625,"10-2026":0.5478626383,"12-2026":0.5480636333,"02-2027":0.5446266968,"04-2027":0.5349278974,"06-2027":0.5202214143,"08-2027":0.5097276132,"10-2027":0.5215494783,"12-2027":0.5142363397,"02-2028":0.5102991931,"04-2028":0.51017249,"06-2028":0.5038883179,"08-2028":0.4884421204,"10-2028":0.4788088503,"12-2028":0.464588594,"02-2029":0.4579650945,"04-2029":0.4470855496,"06-2029":0.439019346,"08-2029":0.434141523,"10-2029":0.4349315068,"12-2029":0.4210428171,"02-2030":0.4216735202,"04-2030":0.4139752397,"06-2030":0.4048683525,"08-2030":0.4018896714,"10-2030":0.4050442727,"12-2030":0.4015535262}}