{"median":{"02-2020":0.0677462888,"04-2020":0.0747394898,"06-2020":0.0880613027,"08-2020":0.0919862657,"10-2020":0.0946115288,"12-2020":0.0967700109,"02-2021":0.0877875384,"04-2021":0.0818131144,"06-2021":0.0679554509,"08-2021":0.0583274482,"10-2021":0.0438520801,"12-2021":0.0297500553,"02-2022":0.0216216918,"04-2022":0.0118347339,"06-2022":0.0081366696,"08-2022":0.0072203107,"10-2022":0.0038314739,"12-2022":0.0,"02-2023":0.0,"04-2023":0.0,"06-2023":0.0,"08-2023":0.0,"10-2023":0.0,"12-2023":0.0,"02-2024":0.0,"04-2024":0.0,"06-2024":0.0,"08-2024":0.0,"10-2024":0.0,"12-2024":0.0,"02-2025":0.0,"04-2025":0.0,"06-2025":0.0,"08-2025":0.0,"10-2025":0.0,"12-2025":0.0,"02-2026":0.0,"04-2026":0.0,"06-2026":0.0,"08-2026":0.0,"10-2026":0.0,"12-2026":0.0,"02-2027":0.0,"04-2027":0.0,"06-2027":0.0,"08-2027":0.0,"10-2027":0.0,"12-2027":0.0,"02-2028":0.0,"04-2028":0.0,"06-2028":0.0,"08-2028":0.0,"10-2028":0.0,"12-2028":0.0,"02-2029":0.0,"04-2029":0.0,"06-2029":0.0,"08-2029":0.0,"10-2029":0.0,"12-2029":0.0,"02-2030":0.0,"04-2030":0.0,"06-2030":0.0,"08-2030":0.0,"10-2030":0.0,"12-2030":0.0},"percentile_25":{"02-2020":0.0388754191,"04-2020":0.0373866652,"06-2020":0.0428648604,"08-2020":0.0424395132,"10-2020":0.0396624667,"12-2020":0.0355747768,"02-2021":0.0357234576,"04-2021":0.0294730799,"06-2021":0.0218791999,"08-2021":0.0184015243,"10-2021":0.0117305062,"12-2021":0.0096927431,"02-2022":0.0064387974,"04-2022":0.0035893417,"06-2022":0.0,"08-2022":0.0,"10-2022":0.0,"12-2022":0.0,"02-2023":0.0,"04-2023":0.0,"06-2023":0.0,"08-2023":0.0,"10-2023":0.0,"12-2023":0.0,"02-2024":0.0,"04-2024":0.0,"06-2024":0.0,"08-2024":0.0,"10-2024":0.0,"12-2024":0.0,"02-2025":0.0,"04-2025":0.0,"06-2025":0.0,"08-2025":0.0,"10-2025":0.0,"12-2025":0.0,"02-2026":0.0,"04-2026":0.0,"06-2026":0.0,"08-2026":0.0,"10-2026":0.0,"12-2026":0.0,"02-2027":0.0,"04-2027":0.0,"06-2027":0.0,"08-2027":0.0,"10-2027":0.0,"12-2027":0.0,"02-2028":0.0,"04-2028":0.0,"06-2028":0.0,"08-2028":0.0,"10-2028":0.0,"12-2028":0.0,"02-2029":0.0,"04-2029":0.0,"06-2029":0.0,"08-2029":0.0,"10-2029":0.0,"12-2029":0.0,"02-2030":0.0,"04-2030":0.0,"06-2030":0.0,"08-2030":0.0,"10-2030":0.0,"12-2030":0.0},"percentile_75":{"02-2020":0.1061500406,"04-2020":0.1197397564,"06-2020":0.1457822361,"08-2020":0.156295287,"10-2020":0.1613682481,"12-2020":0.1661346815,"02-2021":0.1588443275,"04-2021":0.1522915816,"06-2021":0.1382468107,"08-2021":0.1107895074,"10-2021":0.0884436771,"12-2021":0.0769230769,"02-2022":0.0615942029,"04-2022":0.0509535846,"06-2022":0.0383242301,"08-2022":0.0294388973,"10-2022":0.0231442682,"12-2022":0.0184844785,"02-2023":0.0176245235,"04-2023":0.0113744383,"06-2023":0.0077156304,"08-2023":0.0073529412,"10-2023":0.0047919836,"12-2023":0.0066668904,"02-2024":0.0037007492,"04-2024":0.0008278146,"06-2024":0.0,"08-2024":0.0,"10-2024":0.0,"12-2024":0.0,"02-2025":0.0,"04-2025":0.0,"06-2025":0.0,"08-2025":0.0,"10-2025":0.0,"12-2025":0.0,"02-2026":0.0,"04-2026":0.0,"06-2026":0.0,"08-2026":0.0,"10-2026":0.0,"12-2026":0.0,"02-2027":0.0,"04-2027":0.0,"06-2027":0.0,"08-2027":0.0,"10-2027":0.0,"12-2027":0.0,"02-2028":0.0,"04-2028":0.0,"06-2028":0.0,"08-2028":0.0,"10-2028":0.0,"12-2028":0.0,"02-2029":0.0,"04-2029":0.0,"06-2029":0.0,"08-2029":0.0,"10-2029":0.0,"12-2029":0.0,"02-2030":0.0,"04-2030":0.0,"06-2030":0.0,"08-2030":0.0,"10-2030":0.0,"12-2030":0.0}}