{"median":{"02-2020":0.0677462888,"04-2020":0.0747394898,"06-2020":0.0880613027,"08-2020":0.0919862657,"10-2020":0.0946115288,"12-2020":0.0967700109,"02-2021":0.0877875384,"04-2021":0.0818131144,"06-2021":0.0679554509,"08-2021":0.0583274482,"10-2021":0.0438520801,"12-2021":0.0297500553,"02-2022":0.0216216918,"04-2022":0.0118347339,"06-2022":0.0081366696,"08-2022":0.0072203107,"10-2022":0.0038314739,"12-2022":0.0,"02-2023":0.0,"04-2023":0.0,"06-2023":0.0,"08-2023":0.0,"10-2023":0.0,"12-2023":0.0,"02-2024":0.0,"04-2024":0.0,"06-2024":0.0,"08-2024":0.0,"10-2024":0.0,"12-2024":0.0,"02-2025":0.0,"04-2025":0.0,"06-2025":0.0,"08-2025":0.0,"10-2025":0.0,"12-2025":0.0,"02-2026":0.0,"04-2026":0.0,"06-2026":0.0,"08-2026":0.0,"10-2026":0.0,"12-2026":0.0,"02-2027":0.0,"04-2027":0.0,"06-2027":0.0,"08-2027":0.0,"10-2027":0.0,"12-2027":0.0,"02-2028":0.0,"04-2028":0.0,"06-2028":0.0,"08-2028":0.0,"10-2028":0.0,"12-2028":0.0,"02-2029":0.0,"04-2029":0.0,"06-2029":0.0,"08-2029":0.0,"10-2029":0.0,"12-2029":0.0,"02-2030":0.0,"04-2030":0.0,"06-2030":0.0,"08-2030":0.0,"10-2030":0.0,"12-2030":0.0},"percentile_25":{"02-2020":0.0388754191,"04-2020":0.0373866652,"06-2020":0.0428648604,"08-2020":0.0424395132,"10-2020":0.0396624667,"12-2020":0.0355747768,"02-2021":0.0357234576,"04-2021":0.0294730799,"06-2021":0.0218791999,"08-2021":0.0184015243,"10-2021":0.0117305062,"12-2021":0.0096927431,"02-2022":0.0064387974,"04-2022":0.0035893417,"06-2022":0.0,"08-2022":0.0,"10-2022":0.0,"12-2022":0.0,"02-2023":0.0,"04-2023":0.0,"06-2023":0.0,"08-2023":0.0,"10-2023":0.0,"12-2023":0.0,"02-2024":0.0,"04-2024":0.0,"06-2024":0.0,"08-2024":0.0,"10-2024":0.0,"12-2024":0.0,"02-2025":0.0,"04-2025":0.0,"06-2025":0.0,"08-2025":0.0,"10-2025":0.0,"12-2025":0.0,"02-2026":0.0,"04-2026":0.0,"06-2026":0.0,"08-2026":0.0,"10-2026":0.0,"12-2026":0.0,"02-2027":0.0,"04-2027":0.0,"06-2027":0.0,"08-2027":0.0,"10-2027":0.0,"12-2027":0.0,"02-2028":0.0,"04-2028":0.0,"06-2028":0.0,"08-2028":0.0,"10-2028":0.0,"12-2028":0.0,"02-2029":0.0,"04-2029":0.0,"06-2029":0.0,"08-2029":0.0,"10-2029":0.0,"12-2029":0.0,"02-2030":0.0,"04-2030":0.0,"06-2030":0.0,"08-2030":0.0,"10-2030":0.0,"12-2030":0.0},"percentile_75":{"02-2020":0.1061500406,"04-2020":0.1197397564,"06-2020":0.1457822361,"08-2020":0.156295287,"10-2020":0.1613682481,"12-2020":0.1661346815,"02-2021":0.1588443275,"04-2021":0.1522915816,"06-2021":0.1382468107,"08-2021":0.1107895074,"10-2021":0.0884436771,"12-2021":0.0769230769,"02-2022":0.0615942029,"04-2022":0.0509535846,"06-2022":0.0383242301,"08-2022":0.0294388973,"10-2022":0.0231442682,"12-2022":0.0184844785,"02-2023":0.0179239503,"04-2023":0.0148285832,"06-2023":0.0118691811,"08-2023":0.0140356098,"10-2023":0.0172594269,"12-2023":0.017341494,"02-2024":0.0227461885,"04-2024":0.0224974219,"06-2024":0.0301559895,"08-2024":0.0418951371,"10-2024":0.0537139882,"12-2024":0.0703890297,"02-2025":0.0881158315,"04-2025":0.101358505,"06-2025":0.1280353049,"08-2025":0.1508928571,"10-2025":0.1698560899,"12-2025":0.2280943627,"02-2026":0.2982463949,"04-2026":0.3558490469,"06-2026":0.3984120922,"08-2026":0.4386760753,"10-2026":0.4992842303,"12-2026":0.5355217231,"02-2027":0.5415980282,"04-2027":0.5404224399,"06-2027":0.5531488167,"08-2027":0.5438616071,"10-2027":0.5381495301,"12-2027":0.5344961434,"02-2028":0.529675311,"04-2028":0.5230487994,"06-2028":0.5431722689,"08-2028":0.519152299,"10-2028":0.5018115942,"12-2028":0.4871501589,"02-2029":0.4756618994,"04-2029":0.4755916566,"06-2029":0.4718761536,"08-2029":0.4663823019,"10-2029":0.4624240556,"12-2029":0.4496683861,"02-2030":0.4418992625,"04-2030":0.432215251,"06-2030":0.4096692882,"08-2030":0.3938649334,"10-2030":0.3870139196,"12-2030":0.3825492946}}