{"median":{"02-2020":0.0677462888,"04-2020":0.0747394898,"06-2020":0.0880613027,"08-2020":0.0919862657,"10-2020":0.0946115288,"12-2020":0.0967700109,"02-2021":0.0877875384,"04-2021":0.0818131144,"06-2021":0.0673047031,"08-2021":0.0579370629,"10-2021":0.0469153271,"12-2021":0.0405381179,"02-2022":0.0381949049,"04-2022":0.0412178076,"06-2022":0.051097613,"08-2022":0.0550315826,"10-2022":0.0677835678,"12-2022":0.0867853475,"02-2023":0.1000532828,"04-2023":0.1161620154,"06-2023":0.136113307,"08-2023":0.1652908306,"10-2023":0.195491121,"12-2023":0.2318947445,"02-2024":0.2692084942,"04-2024":0.3217609306,"06-2024":0.3778058284,"08-2024":0.4412184269,"10-2024":0.5157359972,"12-2024":0.571419897,"02-2025":0.5610633444,"04-2025":0.5683774896,"06-2025":0.5719461698,"08-2025":0.5595090863,"10-2025":0.5540069686,"12-2025":0.5480987246,"02-2026":0.5495479698,"04-2026":0.5417537747,"06-2026":0.5394023073,"08-2026":0.5229888432,"10-2026":0.5265166734,"12-2026":0.5164288284,"02-2027":0.5018248418,"04-2027":0.491376747,"06-2027":0.4792874412,"08-2027":0.4748519368,"10-2027":0.4785615844,"12-2027":0.4758310872,"02-2028":0.4702565237,"04-2028":0.4758802544,"06-2028":0.4688040163,"08-2028":0.4604563772,"10-2028":0.4467242195,"12-2028":0.4218470705,"02-2029":0.4058688478,"04-2029":0.400703042,"06-2029":0.3985502488,"08-2029":0.3862545644,"10-2029":0.3841896111,"12-2029":0.3738406142,"02-2030":0.3795468205,"04-2030":0.3708240672,"06-2030":0.3652593155,"08-2030":0.3736175239,"10-2030":0.3639427948,"12-2030":0.3627118644},"percentile_25":{"02-2020":0.0388754191,"04-2020":0.0373866652,"06-2020":0.0428648604,"08-2020":0.0424395132,"10-2020":0.0396624667,"12-2020":0.0355747768,"02-2021":0.0357234576,"04-2021":0.0294730799,"06-2021":0.0214293856,"08-2021":0.0185751748,"10-2021":0.0115608219,"12-2021":0.0077973595,"02-2022":0.007093254,"04-2022":0.0036866453,"06-2022":0.0,"08-2022":0.0,"10-2022":0.0,"12-2022":0.0,"02-2023":0.0,"04-2023":0.0,"06-2023":0.0,"08-2023":0.0,"10-2023":0.0,"12-2023":0.0,"02-2024":0.0,"04-2024":0.0,"06-2024":0.0,"08-2024":0.0,"10-2024":0.0,"12-2024":0.0,"02-2025":0.0,"04-2025":0.0,"06-2025":0.0,"08-2025":0.0,"10-2025":0.0,"12-2025":0.0,"02-2026":0.0,"04-2026":0.0,"06-2026":0.0,"08-2026":0.0,"10-2026":0.0,"12-2026":0.0,"02-2027":0.0,"04-2027":0.0,"06-2027":0.0,"08-2027":0.0,"10-2027":0.0,"12-2027":0.0,"02-2028":0.0,"04-2028":0.0,"06-2028":0.0,"08-2028":0.0,"10-2028":0.0,"12-2028":0.0,"02-2029":0.0,"04-2029":0.0,"06-2029":0.0,"08-2029":0.0,"10-2029":0.0,"12-2029":0.0,"02-2030":0.0,"04-2030":0.0,"06-2030":0.0,"08-2030":0.0,"10-2030":0.0,"12-2030":0.0},"percentile_75":{"02-2020":0.1061500406,"04-2020":0.1197397564,"06-2020":0.1457822361,"08-2020":0.156295287,"10-2020":0.1613682481,"12-2020":0.1661346815,"02-2021":0.1588443275,"04-2021":0.1522915816,"06-2021":0.1386861314,"08-2021":0.1189602382,"10-2021":0.1023949262,"12-2021":0.1058501503,"02-2022":0.1148148148,"04-2022":0.1167229205,"06-2022":0.14643709,"08-2022":0.1796032389,"10-2022":0.2094129555,"12-2022":0.2736177267,"02-2023":0.3546472359,"04-2023":0.4309469339,"06-2023":0.5407146629,"08-2023":0.6377756573,"10-2023":0.67922755,"12-2023":0.7021066819,"02-2024":0.6919263007,"04-2024":0.703400088,"06-2024":0.6991834936,"08-2024":0.6922323806,"10-2024":0.6667266036,"12-2024":0.6695465949,"02-2025":0.6597861108,"04-2025":0.6578680664,"06-2025":0.6538829176,"08-2025":0.6456324801,"10-2025":0.6500595284,"12-2025":0.630919698,"02-2026":0.6220014774,"04-2026":0.6145957259,"06-2026":0.6067418265,"08-2026":0.6009184542,"10-2026":0.5883721201,"12-2026":0.5802193989,"02-2027":0.5864237721,"04-2027":0.5583350669,"06-2027":0.5554799669,"08-2027":0.5475514729,"10-2027":0.5494081099,"12-2027":0.5564571244,"02-2028":0.5381714087,"04-2028":0.5445052787,"06-2028":0.5267728768,"08-2028":0.5198185033,"10-2028":0.5103150524,"12-2028":0.4947051157,"02-2029":0.4757769307,"04-2029":0.4583116883,"06-2029":0.4495180859,"08-2029":0.4535802387,"10-2029":0.4350713012,"12-2029":0.4404240283,"02-2030":0.4289285714,"04-2030":0.4201882124,"06-2030":0.4176388267,"08-2030":0.4177322677,"10-2030":0.41719846,"12-2030":0.408235125}}