{"median":{"02-2020":0.0550245098,"04-2020":0.0516131419,"06-2020":0.0523486902,"08-2020":0.0447786132,"10-2020":0.0404460967,"12-2020":0.0340751492,"02-2021":0.0269181007,"04-2021":0.0223076073,"06-2021":0.0147603486,"08-2021":0.0103988946,"10-2021":0.0076629477,"12-2021":0.0072332967,"02-2022":0.0037526755,"04-2022":0.0035714741,"06-2022":0.0,"08-2022":0.0,"10-2022":0.0,"12-2022":0.0,"02-2023":0.0,"04-2023":0.0,"06-2023":0.0,"08-2023":0.0,"10-2023":0.0,"12-2023":0.0,"02-2024":0.0,"04-2024":0.0,"06-2024":0.0,"08-2024":0.0,"10-2024":0.0,"12-2024":0.0,"02-2025":0.0,"04-2025":0.0,"06-2025":0.0,"08-2025":0.0,"10-2025":0.0,"12-2025":0.0,"02-2026":0.0,"04-2026":0.0,"06-2026":0.0,"08-2026":0.0,"10-2026":0.0,"12-2026":0.0,"02-2027":0.0,"04-2027":0.0,"06-2027":0.0,"08-2027":0.0,"10-2027":0.0,"12-2027":0.0,"02-2028":0.0,"04-2028":0.0,"06-2028":0.0,"08-2028":0.0,"10-2028":0.0,"12-2028":0.0,"02-2029":0.0,"04-2029":0.0,"06-2029":0.0,"08-2029":0.0,"10-2029":0.0,"12-2029":0.0,"02-2030":0.0,"04-2030":0.0,"06-2030":0.0,"08-2030":0.0,"10-2030":0.0,"12-2030":0.0},"percentile_25":{"02-2020":0.036082799,"04-2020":0.0295362377,"06-2020":0.0267437304,"08-2020":0.0242003367,"10-2020":0.0206399007,"12-2020":0.016244898,"02-2021":0.0121827787,"04-2021":0.0077223504,"06-2021":0.0037772387,"08-2021":0.0,"10-2021":0.0,"12-2021":0.0,"02-2022":0.0,"04-2022":0.0,"06-2022":0.0,"08-2022":0.0,"10-2022":0.0,"12-2022":0.0,"02-2023":0.0,"04-2023":0.0,"06-2023":0.0,"08-2023":0.0,"10-2023":0.0,"12-2023":0.0,"02-2024":0.0,"04-2024":0.0,"06-2024":0.0,"08-2024":0.0,"10-2024":0.0,"12-2024":0.0,"02-2025":0.0,"04-2025":0.0,"06-2025":0.0,"08-2025":0.0,"10-2025":0.0,"12-2025":0.0,"02-2026":0.0,"04-2026":0.0,"06-2026":0.0,"08-2026":0.0,"10-2026":0.0,"12-2026":0.0,"02-2027":0.0,"04-2027":0.0,"06-2027":0.0,"08-2027":0.0,"10-2027":0.0,"12-2027":0.0,"02-2028":0.0,"04-2028":0.0,"06-2028":0.0,"08-2028":0.0,"10-2028":0.0,"12-2028":0.0,"02-2029":0.0,"04-2029":0.0,"06-2029":0.0,"08-2029":0.0,"10-2029":0.0,"12-2029":0.0,"02-2030":0.0,"04-2030":0.0,"06-2030":0.0,"08-2030":0.0,"10-2030":0.0,"12-2030":0.0},"percentile_75":{"02-2020":0.0922905021,"04-2020":0.083723044,"06-2020":0.0823970037,"08-2020":0.076997327,"10-2020":0.0690187006,"12-2020":0.0667253521,"02-2021":0.0588814266,"04-2021":0.0468901243,"06-2021":0.0353991597,"08-2021":0.0317511293,"10-2021":0.0310955352,"12-2021":0.0278878863,"02-2022":0.0251778094,"04-2022":0.0254793037,"06-2022":0.0335881063,"08-2022":0.04066527,"10-2022":0.0537440608,"12-2022":0.0623081085,"02-2023":0.0751258981,"04-2023":0.0993246141,"06-2023":0.1252695494,"08-2023":0.1701807229,"10-2023":0.1984941544,"12-2023":0.258974359,"02-2024":0.3192829069,"04-2024":0.3817657498,"06-2024":0.418388525,"08-2024":0.4906667079,"10-2024":0.583855875,"12-2024":0.6021670817,"02-2025":0.6211909476,"04-2025":0.6286323392,"06-2025":0.6109684861,"08-2025":0.6231430653,"10-2025":0.6223660446,"12-2025":0.6171519224,"02-2026":0.6018181818,"04-2026":0.6064414695,"06-2026":0.5984986729,"08-2026":0.5966811924,"10-2026":0.5878052522,"12-2026":0.5559927483,"02-2027":0.5583287369,"04-2027":0.5526870816,"06-2027":0.5488629526,"08-2027":0.5487432344,"10-2027":0.5318181818,"12-2027":0.5324504117,"02-2028":0.5165139289,"04-2028":0.5004545455,"06-2028":0.5133964975,"08-2028":0.4990680697,"10-2028":0.4964380141,"12-2028":0.478413962,"02-2029":0.4622395488,"04-2029":0.4465801659,"06-2029":0.4474675325,"08-2029":0.4307760928,"10-2029":0.4180246726,"12-2029":0.4140318716,"02-2030":0.4172775801,"04-2030":0.4155642972,"06-2030":0.4069602273,"08-2030":0.3950092764,"10-2030":0.394474888,"12-2030":0.3828502869}}