{"median":{"02-2007":0.3651079729,"04-2007":0.3651567627,"06-2007":0.358607763,"08-2007":0.3681081919,"10-2007":0.3700787402,"12-2007":0.3723206751,"02-2008":0.3426857088,"04-2008":0.296936985,"06-2008":0.2470309346,"08-2008":0.2141387419,"10-2008":0.1922262743,"12-2008":0.1723400836,"02-2009":0.149383099,"04-2009":0.1282570281,"06-2009":0.1183300626,"08-2009":0.1095081911,"10-2009":0.1029034691,"12-2009":0.1012401988,"02-2010":0.0918103448,"04-2010":0.0824987846,"06-2010":0.0739222829,"08-2010":0.0699139217,"10-2010":0.0700484555,"12-2010":0.0687408797,"02-2011":0.0645422568,"04-2011":0.0615387588,"06-2011":0.0582364341,"08-2011":0.0543933054,"10-2011":0.0558568069,"12-2011":0.0572057898,"02-2012":0.0545133272,"04-2012":0.0490816019,"06-2012":0.0492865095,"08-2012":0.0454545455,"10-2012":0.0452674897,"12-2012":0.0452800298,"02-2013":0.0423931446,"04-2013":0.0396831646,"06-2013":0.0383247116,"08-2013":0.0389936151,"10-2013":0.0405045754,"12-2013":0.0404496425,"02-2014":0.0392790415,"04-2014":0.033197307,"06-2014":0.0317101199,"08-2014":0.0335443038,"10-2014":0.0354676711,"12-2014":0.0371135598,"02-2015":0.0375026043,"04-2015":0.0362926829,"06-2015":0.0369623883,"08-2015":0.0393280632,"10-2015":0.042512117,"12-2015":0.0421560233,"02-2016":0.0384638144,"04-2016":0.038436295,"06-2016":0.0369493993,"08-2016":0.0385369331,"10-2016":0.0416962973,"12-2016":0.0413679999,"02-2017":0.0424938474,"04-2017":0.0431399086,"06-2017":0.040242915,"08-2017":0.0433238746,"10-2017":0.0440588235,"12-2017":0.0467838035,"02-2018":0.0464460784,"04-2018":0.0454545455,"06-2018":0.0467923381,"08-2018":0.0493993242,"10-2018":0.0501142986,"12-2018":0.0543221673,"02-2019":0.0538533237,"04-2019":0.051757599,"06-2019":0.0512838469,"08-2019":0.0514208095,"10-2019":0.0548861229,"12-2019":0.0590560335},"percentile_25":{"02-2007":0.3096816976,"04-2007":0.3096078499,"06-2007":0.3024009604,"08-2007":0.2980035103,"10-2007":0.3021059488,"12-2007":0.303731144,"02-2008":0.2784624314,"04-2008":0.2457469842,"06-2008":0.2167844607,"08-2008":0.1807758621,"10-2008":0.1572417329,"12-2008":0.1375900114,"02-2009":0.1200224627,"04-2009":0.1016310774,"06-2009":0.085661179,"08-2009":0.0734693878,"10-2009":0.0721451543,"12-2009":0.067798419,"02-2010":0.0598120339,"04-2010":0.0556250211,"06-2010":0.0491301439,"08-2010":0.0437380911,"10-2010":0.0426282051,"12-2010":0.0417974198,"02-2011":0.0369241192,"04-2011":0.0351220513,"06-2011":0.0355293994,"08-2011":0.030736449,"10-2011":0.0306856187,"12-2011":0.0322331588,"02-2012":0.0295450328,"04-2012":0.0262870604,"06-2012":0.0236689142,"08-2012":0.0211640921,"10-2012":0.0207690329,"12-2012":0.0195122507,"02-2013":0.0180971095,"04-2013":0.0170804121,"06-2013":0.0189641399,"08-2013":0.016277156,"10-2013":0.0183703527,"12-2013":0.0196657403,"02-2014":0.0194176945,"04-2014":0.0169135451,"06-2014":0.0126588983,"08-2014":0.0128617806,"10-2014":0.0127799416,"12-2014":0.0124352731,"02-2015":0.0127125434,"04-2015":0.012345679,"06-2015":0.0122201107,"08-2015":0.0120846288,"10-2015":0.012,"12-2015":0.0123839404,"02-2016":0.0124098701,"04-2016":0.0119880478,"06-2016":0.0112781955,"08-2016":0.0114503817,"10-2016":0.012076029,"12-2016":0.0151372213,"02-2017":0.0141010442,"04-2017":0.0128079129,"06-2017":0.0158417698,"08-2017":0.018994625,"10-2017":0.0199430535,"12-2017":0.0194951544,"02-2018":0.0163779371,"04-2018":0.0176555406,"06-2018":0.0166322314,"08-2018":0.0190658288,"10-2018":0.0198809505,"12-2018":0.0236231371,"02-2019":0.0242437094,"04-2019":0.02434107,"06-2019":0.0255455332,"08-2019":0.0292657973,"10-2019":0.0320213523,"12-2019":0.0358210017},"percentile_75":{"02-2007":0.4209109731,"04-2007":0.4219242126,"06-2007":0.4230273909,"08-2007":0.4240520282,"10-2007":0.4311954231,"12-2007":0.4246167645,"02-2008":0.3840567731,"04-2008":0.336210805,"06-2008":0.29004329,"08-2008":0.2527368782,"10-2008":0.2306402313,"12-2008":0.2147988506,"02-2009":0.1886712567,"04-2009":0.1654563039,"06-2009":0.1471467073,"08-2009":0.1353491549,"10-2009":0.1339233824,"12-2009":0.1302140368,"02-2010":0.1198609324,"04-2010":0.1128122726,"06-2010":0.1061047872,"08-2010":0.1074889258,"10-2010":0.1077102953,"12-2010":0.1108120696,"02-2011":0.1053790865,"04-2011":0.0984853207,"06-2011":0.0979791917,"08-2011":0.094175372,"10-2011":0.0927017148,"12-2011":0.0968836183,"02-2012":0.088264824,"04-2012":0.0876199036,"06-2012":0.0840176991,"08-2012":0.0841693548,"10-2012":0.0861541186,"12-2012":0.0899414372,"02-2013":0.0850202429,"04-2013":0.0819985455,"06-2013":0.0824168798,"08-2013":0.0828412073,"10-2013":0.0855043126,"12-2013":0.0861488322,"02-2014":0.0818933657,"04-2014":0.0754389547,"06-2014":0.075334562,"08-2014":0.0726151359,"10-2014":0.0787401575,"12-2014":0.0836864407,"02-2015":0.0813026141,"04-2015":0.0788300339,"06-2015":0.0826938489,"08-2015":0.0854922544,"10-2015":0.0851066456,"12-2015":0.0995817782,"02-2016":0.0987538725,"04-2016":0.0973981146,"06-2016":0.0903594911,"08-2016":0.0909133858,"10-2016":0.0945642408,"12-2016":0.0989805758,"02-2017":0.0954845009,"04-2017":0.092700157,"06-2017":0.0844303838,"08-2017":0.093220339,"10-2017":0.0920259703,"12-2017":0.1018393683,"02-2018":0.0968054514,"04-2018":0.0908252917,"06-2018":0.082481206,"08-2018":0.0814932577,"10-2018":0.0850480271,"12-2018":0.091341828,"02-2019":0.0890681052,"04-2019":0.0823218812,"06-2019":0.0814814815,"08-2019":0.0864313562,"10-2019":0.0899647499,"12-2019":0.0959397848}}