{"median":{"02-2009":0.3465320911,"04-2009":0.3444052029,"06-2009":0.3495934959,"08-2009":0.3353306773,"10-2009":0.3459897951,"12-2009":0.3478197425,"02-2010":0.3144022099,"04-2010":0.2842347229,"06-2010":0.2395119385,"08-2010":0.2071099673,"10-2010":0.1848772074,"12-2010":0.1630293521,"02-2011":0.1436941964,"04-2011":0.125245098,"06-2011":0.1094464101,"08-2011":0.0981599197,"10-2011":0.0940061475,"12-2011":0.0943396226,"02-2012":0.0849811639,"04-2012":0.0754342618,"06-2012":0.0688957141,"08-2012":0.0594315028,"10-2012":0.0571514715,"12-2012":0.0572791165,"02-2013":0.0511729405,"04-2013":0.0490174672,"06-2013":0.0441345728,"08-2013":0.0419824092,"10-2013":0.0407605413,"12-2013":0.0381355932,"02-2014":0.0368951613,"04-2014":0.0340425532,"06-2014":0.0315592904,"08-2014":0.030582265,"10-2014":0.0309906016,"12-2014":0.0324705262,"02-2015":0.0323082658,"04-2015":0.0310821413,"06-2015":0.0292887029,"08-2015":0.0283976828,"10-2015":0.029535865,"12-2015":0.0294117647,"02-2016":0.0295363908,"04-2016":0.0286890065,"06-2016":0.03125,"08-2016":0.0323907876,"10-2016":0.0327868852,"12-2016":0.0352262631,"02-2017":0.0352251838,"04-2017":0.0335274464,"06-2017":0.0331955923,"08-2017":0.0339704291,"10-2017":0.0355064119,"12-2017":0.0369798522,"02-2018":0.0331340917,"04-2018":0.0327265426,"06-2018":0.0325866932,"08-2018":0.0365125082,"10-2018":0.0391462891,"12-2018":0.0389865029,"02-2019":0.0371752349,"04-2019":0.0355030967,"06-2019":0.0335977675,"08-2019":0.034570468,"10-2019":0.0331340917,"12-2019":0.0329218107},"percentile_25":{"02-2009":0.2517024924,"04-2009":0.2572124837,"06-2009":0.256691078,"08-2009":0.2530297264,"10-2009":0.2631054728,"12-2009":0.2784815284,"02-2010":0.2551257253,"04-2010":0.2302190831,"06-2010":0.20166373,"08-2010":0.1707075106,"10-2010":0.1455590224,"12-2010":0.1197131148,"02-2011":0.1023544664,"04-2011":0.0833333333,"06-2011":0.0723175998,"08-2011":0.0651965684,"10-2011":0.062364946,"12-2011":0.0574477106,"02-2012":0.0532786885,"04-2012":0.0473756976,"06-2012":0.0433930094,"08-2012":0.0388728019,"10-2012":0.0349855217,"12-2012":0.0329462578,"02-2013":0.0278672831,"04-2013":0.0260884233,"06-2013":0.0245185185,"08-2013":0.0216691547,"10-2013":0.0189578033,"12-2013":0.0168981889,"02-2014":0.0154325502,"04-2014":0.0146822204,"06-2014":0.0128481417,"08-2014":0.0128897652,"10-2014":0.0156709559,"12-2014":0.0132863956,"02-2015":0.012605042,"04-2015":0.0118813273,"06-2015":0.0124741736,"08-2015":0.0130014928,"10-2015":0.0130168169,"12-2015":0.0155341556,"02-2016":0.0137318923,"04-2016":0.0132497711,"06-2016":0.0120241924,"08-2016":0.0123204837,"10-2016":0.0124352731,"12-2016":0.0123712912,"02-2017":0.0127686856,"04-2017":0.0145546743,"06-2017":0.0157947154,"08-2017":0.016394262,"10-2017":0.0161128385,"12-2017":0.01953125,"02-2018":0.0167717087,"04-2018":0.0166666667,"06-2018":0.015096881,"08-2018":0.0167189679,"10-2018":0.0155491207,"12-2018":0.0193058761,"02-2019":0.0185174242,"04-2019":0.0170399221,"06-2019":0.018691784,"08-2019":0.0183150183,"10-2019":0.0185701501,"12-2019":0.0195347719},"percentile_75":{"02-2009":0.4163265306,"04-2009":0.4164829866,"06-2009":0.4203925041,"08-2009":0.4254302277,"10-2009":0.4169444444,"12-2009":0.41929123,"02-2010":0.3741557503,"04-2010":0.3250257202,"06-2010":0.2836968523,"08-2010":0.25,"10-2010":0.2236815416,"12-2010":0.2042195256,"02-2011":0.1864015854,"04-2011":0.1668326693,"06-2011":0.1469238559,"08-2011":0.1326225996,"10-2011":0.1321928727,"12-2011":0.1303098451,"02-2012":0.1204878049,"04-2012":0.1142128792,"06-2012":0.1031165226,"08-2012":0.0971659919,"10-2012":0.0918785646,"12-2012":0.0987776314,"02-2013":0.0857505796,"04-2013":0.0843641232,"06-2013":0.0769086975,"08-2013":0.0729137447,"10-2013":0.0727544494,"12-2013":0.0743801653,"02-2014":0.062939257,"04-2014":0.0596650097,"06-2014":0.0556752874,"08-2014":0.0552577824,"10-2014":0.0580912863,"12-2014":0.0649095266,"02-2015":0.0594123063,"04-2015":0.0574485825,"06-2015":0.0577386692,"08-2015":0.0600300271,"10-2015":0.0635553026,"12-2015":0.0670339104,"02-2016":0.0643218033,"04-2016":0.0630362671,"06-2016":0.066382716,"08-2016":0.0666322314,"10-2016":0.0731118725,"12-2016":0.0777811085,"02-2017":0.0771328711,"04-2017":0.0734301577,"06-2017":0.0720851064,"08-2017":0.0727246544,"10-2017":0.0723170411,"12-2017":0.0754811988,"02-2018":0.0731383607,"04-2018":0.0697064143,"06-2018":0.0685234306,"08-2018":0.0675125313,"10-2018":0.0717299578,"12-2018":0.0683960896,"02-2019":0.0659021211,"04-2019":0.0601503759,"06-2019":0.0568543838,"08-2019":0.05859375,"10-2019":0.0581879845,"12-2019":0.0634916293}}