{"median":{"02-2020":0.0584857832,"04-2020":0.0547452547,"06-2020":0.051022111,"08-2020":0.0461678803,"10-2020":0.0392307692,"12-2020":0.0362903226,"02-2021":0.0325523899,"04-2021":0.0251085586,"06-2021":0.0185636744,"08-2021":0.0125,"10-2021":0.0119288538,"12-2021":0.0114289446,"02-2022":0.0111524164,"04-2022":0.011473324,"06-2022":0.015267398,"08-2022":0.0190116817,"10-2022":0.0221013215,"12-2022":0.0230782887,"02-2023":0.0355505067,"04-2023":0.041226497,"06-2023":0.0488091603,"08-2023":0.0611001318,"10-2023":0.0622180451,"12-2023":0.0771016618,"02-2024":0.0865776789,"04-2024":0.0970906733,"06-2024":0.1122931123,"08-2024":0.1400358313,"10-2024":0.1598821528,"12-2024":0.1861920143,"02-2025":0.2082066869,"04-2025":0.2362442522,"06-2025":0.2685811243,"08-2025":0.3085552039,"10-2025":0.3480394605,"12-2025":0.3665532969,"02-2026":0.3993603539,"04-2026":0.4279909414,"06-2026":0.4471973572,"08-2026":0.4359975217,"10-2026":0.4355100158,"12-2026":0.424509972,"02-2027":0.4189497717,"04-2027":0.4272086363,"06-2027":0.4084230132,"08-2027":0.3925416527,"10-2027":0.4005821246,"12-2027":0.3977382711,"02-2028":0.4072786751,"04-2028":0.3915074568,"06-2028":0.3720108032,"08-2028":0.3592715232,"10-2028":0.3695454434,"12-2028":0.3650922032,"02-2029":0.36654015,"04-2029":0.3517838238,"06-2029":0.3424052212,"08-2029":0.3448836961,"10-2029":0.3404613625,"12-2029":0.3574813602,"02-2030":0.3566305019,"04-2030":0.3647020901,"06-2030":0.3681433012,"08-2030":0.3557882921,"10-2030":0.3533413365,"12-2030":0.3466093276},"percentile_25":{"02-2020":0.0310386112,"04-2020":0.0285135917,"06-2020":0.0255332902,"08-2020":0.0226168741,"10-2020":0.0194561298,"12-2020":0.0156257097,"02-2021":0.0117532169,"04-2021":0.0073598729,"06-2021":0.0037558785,"08-2021":0.0,"10-2021":0.0,"12-2021":0.0,"02-2022":0.0,"04-2022":0.0,"06-2022":0.0,"08-2022":0.0,"10-2022":0.0,"12-2022":0.0,"02-2023":0.0,"04-2023":0.0,"06-2023":0.0,"08-2023":0.0,"10-2023":0.0,"12-2023":0.0,"02-2024":0.0,"04-2024":0.0,"06-2024":0.0,"08-2024":0.0,"10-2024":0.0,"12-2024":0.0,"02-2025":0.0,"04-2025":0.0,"06-2025":0.0,"08-2025":0.0,"10-2025":0.0,"12-2025":0.0,"02-2026":0.0,"04-2026":0.0,"06-2026":0.0,"08-2026":0.0,"10-2026":0.0,"12-2026":0.0,"02-2027":0.0,"04-2027":0.0,"06-2027":0.0,"08-2027":0.0,"10-2027":0.0,"12-2027":0.0,"02-2028":0.0,"04-2028":0.0,"06-2028":0.0,"08-2028":0.0,"10-2028":0.0,"12-2028":0.0,"02-2029":0.0,"04-2029":0.0,"06-2029":0.0,"08-2029":0.0,"10-2029":0.0,"12-2029":0.0,"02-2030":0.0,"04-2030":0.0,"06-2030":0.0,"08-2030":0.0,"10-2030":0.0,"12-2030":0.0},"percentile_75":{"02-2020":0.0989606632,"04-2020":0.0918811428,"06-2020":0.0904067855,"08-2020":0.0863745772,"10-2020":0.0769230769,"12-2020":0.0701217755,"02-2021":0.0621313028,"04-2021":0.0613029827,"06-2021":0.0586619263,"08-2021":0.0642180313,"10-2021":0.0724860982,"12-2021":0.080387484,"02-2022":0.1051858088,"04-2022":0.1178110211,"06-2022":0.1494039633,"08-2022":0.1989278179,"10-2022":0.2331352504,"12-2022":0.2870640366,"02-2023":0.356456044,"04-2023":0.415521978,"06-2023":0.4861093439,"08-2023":0.5555261653,"10-2023":0.6357773852,"12-2023":0.6391358702,"02-2024":0.6373733917,"04-2024":0.6507231405,"06-2024":0.6528315024,"08-2024":0.6636250211,"10-2024":0.6566033469,"12-2024":0.656071175,"02-2025":0.6419335614,"04-2025":0.6437593303,"06-2025":0.6332324392,"08-2025":0.6203637263,"10-2025":0.6130442355,"12-2025":0.6024398396,"02-2026":0.5943100326,"04-2026":0.5867235601,"06-2026":0.5748815884,"08-2026":0.5695684376,"10-2026":0.5608957081,"12-2026":0.5464533893,"02-2027":0.5399299263,"04-2027":0.5307983232,"06-2027":0.51864723,"08-2027":0.5134123611,"10-2027":0.5109506814,"12-2027":0.4942126863,"02-2028":0.4886994949,"04-2028":0.4872257706,"06-2028":0.4805090206,"08-2028":0.4796318705,"10-2028":0.4750742157,"12-2028":0.4546308954,"02-2029":0.4495445344,"04-2029":0.4462411021,"06-2029":0.4344890511,"08-2029":0.4239589741,"10-2029":0.4206705688,"12-2029":0.4295656705,"02-2030":0.4334229391,"04-2030":0.4450171821,"06-2030":0.4482746932,"08-2030":0.4402533374,"10-2030":0.4302195341,"12-2030":0.4129197402}}