{"median":{"02-2020":0.0584857832,"04-2020":0.0547452547,"06-2020":0.051022111,"08-2020":0.0461678803,"10-2020":0.0392307692,"12-2020":0.0362903226,"02-2021":0.0316995057,"04-2021":0.0240034565,"06-2021":0.0167366947,"08-2021":0.0098423316,"10-2021":0.0071699325,"12-2021":0.003649635,"02-2022":0.0,"04-2022":0.0,"06-2022":0.0,"08-2022":0.0,"10-2022":0.0,"12-2022":0.0,"02-2023":0.0,"04-2023":0.0,"06-2023":0.0,"08-2023":0.0,"10-2023":0.0,"12-2023":0.0,"02-2024":0.0,"04-2024":0.0,"06-2024":0.0,"08-2024":0.0,"10-2024":0.0,"12-2024":0.0,"02-2025":0.0,"04-2025":0.0,"06-2025":0.0,"08-2025":0.0,"10-2025":0.0,"12-2025":0.0,"02-2026":0.0,"04-2026":0.0,"06-2026":0.0,"08-2026":0.0,"10-2026":0.0,"12-2026":0.0,"02-2027":0.0,"04-2027":0.0,"06-2027":0.0,"08-2027":0.0,"10-2027":0.0,"12-2027":0.0,"02-2028":0.0,"04-2028":0.0,"06-2028":0.0,"08-2028":0.0,"10-2028":0.0,"12-2028":0.0,"02-2029":0.0,"04-2029":0.0,"06-2029":0.0,"08-2029":0.0,"10-2029":0.0,"12-2029":0.0,"02-2030":0.0,"04-2030":0.0,"06-2030":0.0,"08-2030":0.0,"10-2030":0.0,"12-2030":0.0},"percentile_25":{"02-2020":0.0310386112,"04-2020":0.0285135917,"06-2020":0.0255332902,"08-2020":0.0226168741,"10-2020":0.0194561298,"12-2020":0.0156257097,"02-2021":0.0115957729,"04-2021":0.0078278782,"06-2021":0.00390625,"08-2021":0.0,"10-2021":0.0,"12-2021":0.0,"02-2022":0.0,"04-2022":0.0,"06-2022":0.0,"08-2022":0.0,"10-2022":0.0,"12-2022":0.0,"02-2023":0.0,"04-2023":0.0,"06-2023":0.0,"08-2023":0.0,"10-2023":0.0,"12-2023":0.0,"02-2024":0.0,"04-2024":0.0,"06-2024":0.0,"08-2024":0.0,"10-2024":0.0,"12-2024":0.0,"02-2025":0.0,"04-2025":0.0,"06-2025":0.0,"08-2025":0.0,"10-2025":0.0,"12-2025":0.0,"02-2026":0.0,"04-2026":0.0,"06-2026":0.0,"08-2026":0.0,"10-2026":0.0,"12-2026":0.0,"02-2027":0.0,"04-2027":0.0,"06-2027":0.0,"08-2027":0.0,"10-2027":0.0,"12-2027":0.0,"02-2028":0.0,"04-2028":0.0,"06-2028":0.0,"08-2028":0.0,"10-2028":0.0,"12-2028":0.0,"02-2029":0.0,"04-2029":0.0,"06-2029":0.0,"08-2029":0.0,"10-2029":0.0,"12-2029":0.0,"02-2030":0.0,"04-2030":0.0,"06-2030":0.0,"08-2030":0.0,"10-2030":0.0,"12-2030":0.0},"percentile_75":{"02-2020":0.0989606632,"04-2020":0.0918811428,"06-2020":0.0904067855,"08-2020":0.0863745772,"10-2020":0.0769230769,"12-2020":0.0701217755,"02-2021":0.0601529457,"04-2021":0.0493944515,"06-2021":0.040747549,"08-2021":0.0312529686,"10-2021":0.0251121683,"12-2021":0.0223466021,"02-2022":0.0190662474,"04-2022":0.0152828131,"06-2022":0.0088697017,"08-2022":0.0108800966,"10-2022":0.0110664336,"12-2022":0.0110013671,"02-2023":0.0112378755,"04-2023":0.0115877863,"06-2023":0.0151271754,"08-2023":0.0168638132,"10-2023":0.0148704737,"12-2023":0.0131341329,"02-2024":0.0163602941,"04-2024":0.0179757013,"06-2024":0.0118415806,"08-2024":0.0118751044,"10-2024":0.0128806842,"12-2024":0.0140168971,"02-2025":0.0184609405,"04-2025":0.0302868391,"06-2025":0.0317799311,"08-2025":0.029341643,"10-2025":0.034464979,"12-2025":0.0327196973,"02-2026":0.0447812756,"04-2026":0.0526779096,"06-2026":0.0591514784,"08-2026":0.0616104869,"10-2026":0.0724766611,"12-2026":0.077769124,"02-2027":0.1004618287,"04-2027":0.1178003972,"06-2027":0.1168703008,"08-2027":0.1506058192,"10-2027":0.1697416974,"12-2027":0.202384694,"02-2028":0.2287377766,"04-2028":0.2587952425,"06-2028":0.3029050543,"08-2028":0.3345563758,"10-2028":0.3874811463,"12-2028":0.389287117,"02-2029":0.3795385303,"04-2029":0.3605352186,"06-2029":0.3458688819,"08-2029":0.3549683711,"10-2029":0.3726605182,"12-2029":0.3616165933,"02-2030":0.3818007663,"04-2030":0.376476716,"06-2030":0.3662092023,"08-2030":0.3637136673,"10-2030":0.3626425001,"12-2030":0.356662184}}