{"median":{"02-2020":0.065166107,"04-2020":0.0700431524,"06-2020":0.0773470434,"08-2020":0.0765161758,"10-2020":0.0775208977,"12-2020":0.0773862994,"02-2021":0.0731968646,"04-2021":0.0696008051,"06-2021":0.0637954827,"08-2021":0.0537087912,"10-2021":0.047181119,"12-2021":0.0341557207,"02-2022":0.024677396,"04-2022":0.0182815967,"06-2022":0.0151233597,"08-2022":0.0122712216,"10-2022":0.011690852,"12-2022":0.0075217335,"02-2023":0.0056610174,"04-2023":0.0072929674,"06-2023":0.003704161,"08-2023":0.0075351213,"10-2023":0.0147420651,"12-2023":0.0166712574,"02-2024":0.0184848485,"04-2024":0.0198587473,"06-2024":0.023423214,"08-2024":0.0198456627,"10-2024":0.0219545834,"12-2024":0.0206552707,"02-2025":0.0186911921,"04-2025":0.0354440154,"06-2025":0.0441593113,"08-2025":0.0548872693,"10-2025":0.0595165989,"12-2025":0.0704374514,"02-2026":0.0814430502,"04-2026":0.077647159,"06-2026":0.0811950147,"08-2026":0.0998574725,"10-2026":0.139844257,"12-2026":0.1770061517,"02-2027":0.2087365408,"04-2027":0.2448629127,"06-2027":0.2821831453,"08-2027":0.3028730937,"10-2027":0.3146274721,"12-2027":0.3417946026,"02-2028":0.3578947368,"04-2028":0.3679441063,"06-2028":0.3743555886,"08-2028":0.3435562371,"10-2028":0.365891825,"12-2028":0.3531060111,"02-2029":0.3435903557,"04-2029":0.3470804989,"06-2029":0.3180860806,"08-2029":0.31700354,"10-2029":0.3503260353,"12-2029":0.3256743257,"02-2030":0.3206521739,"04-2030":0.3282922184,"06-2030":0.3230000717,"08-2030":0.3139083139,"10-2030":0.3302819305,"12-2030":0.3259762935},"percentile_25":{"02-2020":0.0342860861,"04-2020":0.0352425181,"06-2020":0.0367365151,"08-2020":0.0347179238,"10-2020":0.0354134664,"12-2020":0.037630245,"02-2021":0.0329683504,"04-2021":0.0313419118,"06-2021":0.0263466592,"08-2021":0.0186764989,"10-2021":0.0152097802,"12-2021":0.0083910109,"02-2022":0.0041622181,"04-2022":0.0035524314,"06-2022":0.0,"08-2022":0.0,"10-2022":0.0,"12-2022":0.0,"02-2023":0.0,"04-2023":0.0,"06-2023":0.0,"08-2023":0.0,"10-2023":0.0,"12-2023":0.0,"02-2024":0.0,"04-2024":0.0,"06-2024":0.0,"08-2024":0.0,"10-2024":0.0,"12-2024":0.0,"02-2025":0.0,"04-2025":0.0,"06-2025":0.0,"08-2025":0.0,"10-2025":0.0,"12-2025":0.0,"02-2026":0.0,"04-2026":0.0,"06-2026":0.0,"08-2026":0.0,"10-2026":0.0,"12-2026":0.0,"02-2027":0.0,"04-2027":0.0,"06-2027":0.0,"08-2027":0.0,"10-2027":0.0,"12-2027":0.0,"02-2028":0.0,"04-2028":0.0,"06-2028":0.0,"08-2028":0.0,"10-2028":0.0,"12-2028":0.0,"02-2029":0.0,"04-2029":0.0,"06-2029":0.0,"08-2029":0.0,"10-2029":0.0,"12-2029":0.0,"02-2030":0.0,"04-2030":0.0,"06-2030":0.0,"08-2030":0.0,"10-2030":0.0,"12-2030":0.0},"percentile_75":{"02-2020":0.1127998639,"04-2020":0.1317111685,"06-2020":0.1621398366,"08-2020":0.1715220189,"10-2020":0.1759520338,"12-2020":0.187527958,"02-2021":0.18091425,"04-2021":0.1614303959,"06-2021":0.1454424087,"08-2021":0.1211584743,"10-2021":0.0987232102,"12-2021":0.0773595024,"02-2022":0.0687056294,"04-2022":0.0620437956,"06-2022":0.0586753731,"08-2022":0.0633359053,"10-2022":0.0725344743,"12-2022":0.0806700308,"02-2023":0.0985441127,"04-2023":0.1195147856,"06-2023":0.1701134605,"08-2023":0.2251409774,"10-2023":0.2912003904,"12-2023":0.3775074098,"02-2024":0.4832686415,"04-2024":0.5731900452,"06-2024":0.623086802,"08-2024":0.6714962385,"10-2024":0.6690848065,"12-2024":0.6813165198,"02-2025":0.6653257457,"04-2025":0.6584777632,"06-2025":0.6566755613,"08-2025":0.6525501783,"10-2025":0.6396158463,"12-2025":0.6350377864,"02-2026":0.6186965812,"04-2026":0.6187906817,"06-2026":0.6082963066,"08-2026":0.6114109683,"10-2026":0.6048850899,"12-2026":0.593637882,"02-2027":0.5747904578,"04-2027":0.5635456885,"06-2027":0.5498309418,"08-2027":0.5441625558,"10-2027":0.5492174126,"12-2027":0.5347985348,"02-2028":0.5299861161,"04-2028":0.5178291287,"06-2028":0.5114404611,"08-2028":0.4967709489,"10-2028":0.4899422269,"12-2028":0.4882144021,"02-2029":0.4749298738,"04-2029":0.4613923483,"06-2029":0.4549451165,"08-2029":0.4482686454,"10-2029":0.4429900744,"12-2029":0.4445500634,"02-2030":0.4419216646,"04-2030":0.4545454545,"06-2030":0.451702687,"08-2030":0.4472055058,"10-2030":0.4298551609,"12-2030":0.418426673}}