{"median":{"02-2020":0.065166107,"04-2020":0.0700431524,"06-2020":0.0773470434,"08-2020":0.0765161758,"10-2020":0.0775208977,"12-2020":0.0773862994,"02-2021":0.0731968646,"04-2021":0.0696008051,"06-2021":0.0637954827,"08-2021":0.0537087912,"10-2021":0.047181119,"12-2021":0.0341557207,"02-2022":0.0231674046,"04-2022":0.0198814229,"06-2022":0.0118343656,"08-2022":0.0076777978,"10-2022":0.0056051544,"12-2022":0.0,"02-2023":0.0,"04-2023":0.0,"06-2023":0.0,"08-2023":0.0,"10-2023":0.0,"12-2023":0.0,"02-2024":0.0,"04-2024":0.0,"06-2024":0.0,"08-2024":0.0,"10-2024":0.0,"12-2024":0.0,"02-2025":0.0,"04-2025":0.0,"06-2025":0.0,"08-2025":0.0,"10-2025":0.0,"12-2025":0.0,"02-2026":0.0,"04-2026":0.0,"06-2026":0.0,"08-2026":0.0,"10-2026":0.0,"12-2026":0.0,"02-2027":0.0,"04-2027":0.0,"06-2027":0.0,"08-2027":0.0,"10-2027":0.0,"12-2027":0.0,"02-2028":0.0,"04-2028":0.0,"06-2028":0.0,"08-2028":0.0,"10-2028":0.0,"12-2028":0.0,"02-2029":0.0,"04-2029":0.0,"06-2029":0.0,"08-2029":0.0,"10-2029":0.0,"12-2029":0.0,"02-2030":0.0,"04-2030":0.0,"06-2030":0.0,"08-2030":0.0,"10-2030":0.0,"12-2030":0.0},"percentile_25":{"02-2020":0.0342860861,"04-2020":0.0352425181,"06-2020":0.0367365151,"08-2020":0.0347179238,"10-2020":0.0354134664,"12-2020":0.037630245,"02-2021":0.0329683504,"04-2021":0.0313419118,"06-2021":0.0263466592,"08-2021":0.0186764989,"10-2021":0.0152097802,"12-2021":0.0083910109,"02-2022":0.0062835661,"04-2022":0.0035842294,"06-2022":0.0,"08-2022":0.0,"10-2022":0.0,"12-2022":0.0,"02-2023":0.0,"04-2023":0.0,"06-2023":0.0,"08-2023":0.0,"10-2023":0.0,"12-2023":0.0,"02-2024":0.0,"04-2024":0.0,"06-2024":0.0,"08-2024":0.0,"10-2024":0.0,"12-2024":0.0,"02-2025":0.0,"04-2025":0.0,"06-2025":0.0,"08-2025":0.0,"10-2025":0.0,"12-2025":0.0,"02-2026":0.0,"04-2026":0.0,"06-2026":0.0,"08-2026":0.0,"10-2026":0.0,"12-2026":0.0,"02-2027":0.0,"04-2027":0.0,"06-2027":0.0,"08-2027":0.0,"10-2027":0.0,"12-2027":0.0,"02-2028":0.0,"04-2028":0.0,"06-2028":0.0,"08-2028":0.0,"10-2028":0.0,"12-2028":0.0,"02-2029":0.0,"04-2029":0.0,"06-2029":0.0,"08-2029":0.0,"10-2029":0.0,"12-2029":0.0,"02-2030":0.0,"04-2030":0.0,"06-2030":0.0,"08-2030":0.0,"10-2030":0.0,"12-2030":0.0},"percentile_75":{"02-2020":0.1127998639,"04-2020":0.1317111685,"06-2020":0.1621398366,"08-2020":0.1715220189,"10-2020":0.1759520338,"12-2020":0.187527958,"02-2021":0.18091425,"04-2021":0.1614303959,"06-2021":0.1454424087,"08-2021":0.1211584743,"10-2021":0.0987232102,"12-2021":0.0773595024,"02-2022":0.0690599044,"04-2022":0.0534862976,"06-2022":0.0381324949,"08-2022":0.0365319865,"10-2022":0.0322596508,"12-2022":0.0327885511,"02-2023":0.0333955224,"04-2023":0.0383175137,"06-2023":0.0485352205,"08-2023":0.0594444444,"10-2023":0.069844861,"12-2023":0.0889069901,"02-2024":0.1118504436,"04-2024":0.1428831039,"06-2024":0.1715264278,"08-2024":0.2323674837,"10-2024":0.3092429525,"12-2024":0.3907879878,"02-2025":0.505270021,"04-2025":0.6097785978,"06-2025":0.6360153257,"08-2025":0.6254664179,"10-2025":0.6345978095,"12-2025":0.6305847076,"02-2026":0.6300113674,"04-2026":0.6290777755,"06-2026":0.6033821052,"08-2026":0.5969925064,"10-2026":0.5919571988,"12-2026":0.5875792696,"02-2027":0.5850155971,"04-2027":0.5793045686,"06-2027":0.5644764485,"08-2027":0.5375798636,"10-2027":0.545511432,"12-2027":0.540662217,"02-2028":0.5159933968,"04-2028":0.5060931824,"06-2028":0.5,"08-2028":0.4943166483,"10-2028":0.4802422145,"12-2028":0.4751311189,"02-2029":0.4843428617,"04-2029":0.4862478231,"06-2029":0.4739858964,"08-2029":0.4633645407,"10-2029":0.4612347817,"12-2029":0.4657975004,"02-2030":0.4473211335,"04-2030":0.451462389,"06-2030":0.4450037094,"08-2030":0.4363361376,"10-2030":0.4299462738,"12-2030":0.4151598102}}