{"median":{"02-2014":0.3930529253,"04-2014":0.3974054842,"06-2014":0.3983117762,"08-2014":0.4,"10-2014":0.4031939309,"12-2014":0.4032589938,"02-2015":0.3697536859,"04-2015":0.3098646035,"06-2015":0.2600767442,"08-2015":0.2273702692,"10-2015":0.2038158477,"12-2015":0.1879461329,"02-2016":0.1595291836,"04-2016":0.1399555664,"06-2016":0.1220509998,"08-2016":0.1094953463,"10-2016":0.1071327684,"12-2016":0.1020950594,"02-2017":0.096581876,"04-2017":0.0934405745,"06-2017":0.0849743686,"08-2017":0.0802298851,"10-2017":0.0805886295,"12-2017":0.0819418677,"02-2018":0.0737069513,"04-2018":0.0681967392,"06-2018":0.0631697955,"08-2018":0.0629960317,"10-2018":0.0599145299,"12-2018":0.06,"02-2019":0.0584574079,"04-2019":0.0538865312,"06-2019":0.0528533889,"08-2019":0.0541666667,"10-2019":0.0592977697,"12-2019":0.0622406639},"percentile_25":{"02-2014":0.3218020917,"04-2014":0.3250371103,"06-2014":0.327489499,"08-2014":0.3340112831,"10-2014":0.3319629617,"12-2014":0.3330039526,"02-2015":0.2885505471,"04-2015":0.2487243646,"06-2015":0.2145758282,"08-2015":0.1841364052,"10-2015":0.1652892562,"12-2015":0.1444419654,"02-2016":0.1214574899,"04-2016":0.0937414966,"06-2016":0.082544757,"08-2016":0.074564454,"10-2016":0.0688259109,"12-2016":0.0688369125,"02-2017":0.0615401987,"04-2017":0.0538309171,"06-2017":0.0523492207,"08-2017":0.0432433945,"10-2017":0.0412798014,"12-2017":0.0393718952,"02-2018":0.0351285969,"04-2018":0.0352676282,"06-2018":0.0325869619,"08-2018":0.0332678678,"10-2018":0.0324874099,"12-2018":0.0340064912,"02-2019":0.030668905,"04-2019":0.0284676834,"06-2019":0.0290229788,"08-2019":0.025862069,"10-2019":0.0294178939,"12-2019":0.0300350235},"percentile_75":{"02-2014":0.4455194687,"04-2014":0.4493927126,"06-2014":0.4526748971,"08-2014":0.4548729929,"10-2014":0.4555712985,"12-2014":0.4520586856,"02-2015":0.404930841,"04-2015":0.3475497546,"06-2015":0.2965860024,"08-2015":0.266091178,"10-2015":0.236955982,"12-2015":0.227264791,"02-2016":0.2031912076,"04-2016":0.1738650749,"06-2016":0.1530366783,"08-2016":0.1504617818,"10-2016":0.1451017098,"12-2016":0.1479925303,"02-2017":0.1422804396,"04-2017":0.1329506173,"06-2017":0.1215949014,"08-2017":0.120335053,"10-2017":0.1250763925,"12-2017":0.1303421369,"02-2018":0.1277460439,"04-2018":0.1206122449,"06-2018":0.1150958326,"08-2018":0.1094702744,"10-2018":0.1150626637,"12-2018":0.115167648,"02-2019":0.1147599289,"04-2019":0.1079273993,"06-2019":0.0984042553,"08-2019":0.1011367536,"10-2019":0.0973990935,"12-2019":0.1023823029}}