{"median":{"02-2017":0.2749800757,"04-2017":0.2752487211,"06-2017":0.2824836464,"08-2017":0.2896376499,"10-2017":0.2923172001,"12-2017":0.2988274911,"02-2018":0.2786363703,"04-2018":0.238188244,"06-2018":0.2089804083,"08-2018":0.180999181,"10-2018":0.159766537,"12-2018":0.1333338775,"02-2019":0.1126972897,"04-2019":0.096071701,"06-2019":0.0758534714,"08-2019":0.0641969697,"10-2019":0.0585946441,"12-2019":0.0532867438},"percentile_25":{"02-2017":0.1707980387,"04-2017":0.17336137,"06-2017":0.165798275,"08-2017":0.1685121602,"10-2017":0.1796146207,"12-2017":0.1800213675,"02-2018":0.1664847162,"04-2018":0.1578647481,"06-2018":0.1358983051,"08-2018":0.1189535389,"10-2018":0.1006048387,"12-2018":0.0861344538,"02-2019":0.0712062833,"04-2019":0.0579915417,"06-2019":0.046425517,"08-2019":0.0391429437,"10-2019":0.0370808794,"12-2019":0.03444576},"percentile_75":{"02-2017":0.3905805,"04-2017":0.3920309847,"06-2017":0.3867587521,"08-2017":0.3870141807,"10-2017":0.3885683761,"12-2017":0.3794827586,"02-2018":0.338476504,"04-2018":0.299461855,"06-2018":0.2589374644,"08-2018":0.2293319307,"10-2018":0.1985496754,"12-2018":0.1815304948,"02-2019":0.1551009644,"04-2019":0.1336752325,"06-2019":0.1121124498,"08-2019":0.0990343348,"10-2019":0.0918443696,"12-2019":0.0878889505}}