{"median":{"02-2008":0.3661370372,"04-2008":0.3656999385,"06-2008":0.3661984382,"08-2008":0.3604979253,"10-2008":0.3536788704,"12-2008":0.3572777871,"02-2009":0.3282839766,"04-2009":0.2889297777,"06-2009":0.2428267904,"08-2009":0.2091935908,"10-2009":0.1880041099,"12-2009":0.1730794834,"02-2010":0.1491986006,"04-2010":0.129707113,"06-2010":0.1129707113,"08-2010":0.1048211016,"10-2010":0.0928420735,"12-2010":0.0914598866,"02-2011":0.0853707016,"04-2011":0.0769230769,"06-2011":0.0655340828,"08-2011":0.0653539351,"10-2011":0.0618614822,"12-2011":0.0633149309,"02-2012":0.0582285225,"04-2012":0.050961157,"06-2012":0.0485842986,"08-2012":0.0477015358,"10-2012":0.0469085288,"12-2012":0.0478194895,"02-2013":0.0467838196,"04-2013":0.0480271895,"06-2013":0.0418275139,"08-2013":0.0427770569,"10-2013":0.04,"12-2013":0.0436535433,"02-2014":0.0391059079,"04-2014":0.039735293,"06-2014":0.0412386912,"08-2014":0.0404315606,"10-2014":0.0425601275,"12-2014":0.0445351429,"02-2015":0.0430987913,"04-2015":0.037315511,"06-2015":0.0391304348,"08-2015":0.0400025602,"10-2015":0.0392156863,"12-2015":0.0429436025,"02-2016":0.0437464117,"04-2016":0.0405694536,"06-2016":0.0392584982,"08-2016":0.0419289055,"10-2016":0.0422834871,"12-2016":0.0461565773,"02-2017":0.0436315653,"04-2017":0.0423152621,"06-2017":0.0388526767,"08-2017":0.0423893674,"10-2017":0.0448458163,"12-2017":0.0438274838,"02-2018":0.0417470834,"04-2018":0.0405681182,"06-2018":0.0402074274,"08-2018":0.041084855,"10-2018":0.0426030426,"12-2018":0.0477225673,"02-2019":0.0494061869,"04-2019":0.0492046248,"06-2019":0.0497910924,"08-2019":0.0504210582,"10-2019":0.0513833992,"12-2019":0.0546476331},"percentile_25":{"02-2008":0.2857142857,"04-2008":0.2887701247,"06-2008":0.2788536121,"08-2008":0.2814968479,"10-2008":0.2918504452,"12-2008":0.2834757835,"02-2009":0.2615453888,"04-2009":0.2352974536,"06-2009":0.2,"08-2009":0.1673518063,"10-2009":0.145290379,"12-2009":0.1252019013,"02-2010":0.1041106631,"04-2010":0.0935253728,"06-2010":0.0766129032,"08-2010":0.0725594686,"10-2010":0.0687950057,"12-2010":0.0585286458,"02-2011":0.0514471223,"04-2011":0.0445118645,"06-2011":0.0373500923,"08-2011":0.0371611446,"10-2011":0.0375787774,"12-2011":0.0368567054,"02-2012":0.0310766962,"04-2012":0.0296933667,"06-2012":0.0257235611,"08-2012":0.0242427199,"10-2012":0.0255652174,"12-2012":0.0226412396,"02-2013":0.0220399487,"04-2013":0.0192680365,"06-2013":0.0178994784,"08-2013":0.0175636851,"10-2013":0.0192341318,"12-2013":0.020242915,"02-2014":0.0190670642,"04-2014":0.016293481,"06-2014":0.0166675276,"08-2014":0.015625,"10-2014":0.0157947154,"12-2014":0.01622738,"02-2015":0.01632734,"04-2015":0.0155355439,"06-2015":0.015252663,"08-2015":0.0157657658,"10-2015":0.0163779371,"12-2015":0.0161791857,"02-2016":0.0169676381,"04-2016":0.0151521625,"06-2016":0.0122201107,"08-2016":0.0119285703,"10-2016":0.0119403339,"12-2016":0.0125402013,"02-2017":0.015385293,"04-2017":0.0150949796,"06-2017":0.0156557565,"08-2017":0.0158584412,"10-2017":0.0162437049,"12-2017":0.0185519165,"02-2018":0.0187977835,"04-2018":0.0171683226,"06-2018":0.0160650282,"08-2018":0.0180281092,"10-2018":0.0212095476,"12-2018":0.0234375,"02-2019":0.0242877493,"04-2019":0.026909497,"06-2019":0.0262215772,"08-2019":0.0272109613,"10-2019":0.031372549,"12-2019":0.032242028},"percentile_75":{"02-2008":0.4381171746,"04-2008":0.4388965327,"06-2008":0.4357084396,"08-2008":0.4317300549,"10-2008":0.4287202381,"12-2008":0.4323707285,"02-2009":0.3928182955,"04-2009":0.3396312699,"06-2009":0.2966618909,"08-2009":0.2615433673,"10-2009":0.2389107537,"12-2009":0.215983514,"02-2010":0.1901072301,"04-2010":0.1626136874,"06-2010":0.14430144,"08-2010":0.1333413059,"10-2010":0.1300518703,"12-2010":0.1351702881,"02-2011":0.1289194648,"04-2011":0.1247687754,"06-2011":0.1157768595,"08-2011":0.1124497992,"10-2011":0.1094201021,"12-2011":0.1042096774,"02-2012":0.0978744939,"04-2012":0.0892749493,"06-2012":0.0829639163,"08-2012":0.0822212337,"10-2012":0.0821365669,"12-2012":0.0837538727,"02-2013":0.0781893004,"04-2013":0.075935511,"06-2013":0.0787080861,"08-2013":0.0756972112,"10-2013":0.0767802075,"12-2013":0.082481206,"02-2014":0.0798758987,"04-2014":0.0754155436,"06-2014":0.0723466385,"08-2014":0.0775774843,"10-2014":0.0791281108,"12-2014":0.0823976864,"02-2015":0.0826086957,"04-2015":0.0783237513,"06-2015":0.0814834223,"08-2015":0.0847341115,"10-2015":0.0803694973,"12-2015":0.0847457627,"02-2016":0.0824589098,"04-2016":0.0788842975,"06-2016":0.075026665,"08-2016":0.0767686205,"10-2016":0.0771728272,"12-2016":0.0821716233,"02-2017":0.0799225763,"04-2017":0.0772235577,"06-2017":0.0738170904,"08-2017":0.0760128458,"10-2017":0.0806242709,"12-2017":0.0843446206,"02-2018":0.0853141622,"04-2018":0.0813075892,"06-2018":0.0744925144,"08-2018":0.0800381679,"10-2018":0.0846752124,"12-2018":0.0875068418,"02-2019":0.0877133534,"04-2019":0.0793919455,"06-2019":0.07768686,"08-2019":0.0749544788,"10-2019":0.0730931494,"12-2019":0.0835622711}}