{"median":{"02-2020":0.0561296912,"04-2020":0.0528378586,"06-2020":0.0485900145,"08-2020":0.0520033282,"10-2020":0.0518806073,"12-2020":0.0566086322,"02-2021":0.0533746556,"04-2021":0.0482376428,"06-2021":0.0523290804,"08-2021":0.0546003017,"10-2021":0.05869722,"12-2021":0.06000096,"02-2022":0.0554336376,"04-2022":0.0585946441,"06-2022":0.0643130816,"08-2022":0.0784601179,"10-2022":0.0991742501,"12-2022":0.1318824405,"02-2023":0.1632936508,"04-2023":0.1830758715,"06-2023":0.210502744,"08-2023":0.2402444794,"10-2023":0.2857483602,"12-2023":0.3308668654,"02-2024":0.4060636612,"04-2024":0.4739684075,"06-2024":0.5304863148,"08-2024":0.5625456045,"10-2024":0.5740612648,"12-2024":0.5748449132,"02-2025":0.56443068,"04-2025":0.5648721498,"06-2025":0.572452637,"08-2025":0.5626229304,"10-2025":0.5551589877,"12-2025":0.5466114549,"02-2026":0.5314980159,"04-2026":0.5391911657,"06-2026":0.5323928945,"08-2026":0.5250003698,"10-2026":0.5114942529,"12-2026":0.513342149,"02-2027":0.4980390951,"04-2027":0.489116147,"06-2027":0.4836214255,"08-2027":0.4731678972,"10-2027":0.4692143745,"12-2027":0.4637823372,"02-2028":0.4518600915,"04-2028":0.4476841367,"06-2028":0.4476507006,"08-2028":0.4264694233,"10-2028":0.4196515128,"12-2028":0.4222222222,"02-2029":0.4105154105,"04-2029":0.4072138127,"06-2029":0.4067014977,"08-2029":0.4021359076,"10-2029":0.4119925094,"12-2029":0.4042937246,"02-2030":0.3967073073,"04-2030":0.394379085,"06-2030":0.384775003,"08-2030":0.3772260035,"10-2030":0.3815565729,"12-2030":0.3828291245},"percentile_25":{"02-2020":0.0358530038,"04-2020":0.0340224809,"06-2020":0.0300671206,"08-2020":0.0261846605,"10-2020":0.0284829295,"12-2020":0.0279741011,"02-2021":0.0234147009,"04-2021":0.0190478256,"06-2021":0.0155491207,"08-2021":0.0153998055,"10-2021":0.0153846154,"12-2021":0.0122093593,"02-2022":0.0126588983,"04-2022":0.0116731518,"06-2022":0.0107245384,"08-2022":0.0117073504,"10-2022":0.0117765557,"12-2022":0.0148288869,"02-2023":0.0187129872,"04-2023":0.0233236811,"06-2023":0.0267578125,"08-2023":0.0320530792,"10-2023":0.035016167,"12-2023":0.0388652482,"02-2024":0.0393404488,"04-2024":0.0425945048,"06-2024":0.0470810635,"08-2024":0.057215821,"10-2024":0.0607392702,"12-2024":0.0676638177,"02-2025":0.0796723269,"04-2025":0.0743216827,"06-2025":0.0952966211,"08-2025":0.0987346506,"10-2025":0.108677686,"12-2025":0.1178849889,"02-2026":0.1235329177,"04-2026":0.1279674273,"06-2026":0.1628794082,"08-2026":0.1853920516,"10-2026":0.2060444281,"12-2026":0.2411364902,"02-2027":0.2470238095,"04-2027":0.2677439273,"06-2027":0.2943623268,"08-2027":0.3303249097,"10-2027":0.3387859957,"12-2027":0.3483642312,"02-2028":0.3387549389,"04-2028":0.3406383674,"06-2028":0.3295712475,"08-2028":0.3248019885,"10-2028":0.3317919678,"12-2028":0.3401714214,"02-2029":0.3438811189,"04-2029":0.3324561404,"06-2029":0.3236564867,"08-2029":0.3245483905,"10-2029":0.3248942714,"12-2029":0.3250915751,"02-2030":0.3247772181,"04-2030":0.3150207994,"06-2030":0.3120188786,"08-2030":0.3199256506,"10-2030":0.315246189,"12-2030":0.3223788667},"percentile_75":{"02-2020":0.0891818937,"04-2020":0.0850168496,"06-2020":0.090626291,"08-2020":0.0958824071,"10-2020":0.1083940705,"12-2020":0.1161437422,"02-2021":0.1104137858,"04-2021":0.1166267943,"06-2021":0.11807516,"08-2021":0.1306122449,"10-2021":0.1510141896,"12-2021":0.1582803255,"02-2022":0.1790312434,"04-2022":0.1981589147,"06-2022":0.2500106975,"08-2022":0.3184235977,"10-2022":0.3625664686,"12-2022":0.4354965789,"02-2023":0.524831251,"04-2023":0.610712351,"06-2023":0.6685925926,"08-2023":0.6990685117,"10-2023":0.706495098,"12-2023":0.7070850202,"02-2024":0.6895061728,"04-2024":0.7013867193,"06-2024":0.7020220588,"08-2024":0.6848249027,"10-2024":0.6718451936,"12-2024":0.6600082713,"02-2025":0.650101626,"04-2025":0.6496712407,"06-2025":0.6397671363,"08-2025":0.6338350366,"10-2025":0.6304549536,"12-2025":0.622158609,"02-2026":0.609123895,"04-2026":0.5982758621,"06-2026":0.5884929307,"08-2026":0.5921551674,"10-2026":0.5853171247,"12-2026":0.5684254104,"02-2027":0.5588696544,"04-2027":0.5556640625,"06-2027":0.5420574404,"08-2027":0.5340227489,"10-2027":0.525513573,"12-2027":0.5301399977,"02-2028":0.5241801001,"04-2028":0.5023766328,"06-2028":0.5022486253,"08-2028":0.4890537232,"10-2028":0.4836051046,"12-2028":0.4734555985,"02-2029":0.4708496301,"04-2029":0.4667015249,"06-2029":0.4673862401,"08-2029":0.4587135036,"10-2029":0.4487281785,"12-2029":0.4517867069,"02-2030":0.4479166667,"04-2030":0.4406748239,"06-2030":0.4348630536,"08-2030":0.4285291557,"10-2030":0.4352208953,"12-2030":0.440701107}}