{"median":{"02-2020":0.0561296912,"04-2020":0.0528378586,"06-2020":0.0485900145,"08-2020":0.0520033282,"10-2020":0.0518806073,"12-2020":0.0566086322,"02-2021":0.0533746556,"04-2021":0.0482376428,"06-2021":0.0523290804,"08-2021":0.0546003017,"10-2021":0.05869722,"12-2021":0.06000096,"02-2022":0.05415881,"04-2022":0.0502011276,"06-2022":0.0495283019,"08-2022":0.0534536892,"10-2022":0.0600428073,"12-2022":0.0618976354,"02-2023":0.0596041186,"04-2023":0.0568517607,"06-2023":0.0523431792,"08-2023":0.0604848544,"10-2023":0.0658675471,"12-2023":0.0663689748,"02-2024":0.074491503,"04-2024":0.0708685694,"06-2024":0.0861137975,"08-2024":0.1087603481,"10-2024":0.1264386377,"12-2024":0.1522939245,"02-2025":0.1887495019,"04-2025":0.2153323951,"06-2025":0.2672128012,"08-2025":0.3034398898,"10-2025":0.3398842518,"12-2025":0.4244694132,"02-2026":0.4850990396,"04-2026":0.5377449406,"06-2026":0.5535714286,"08-2026":0.5590974515,"10-2026":0.5557189163,"12-2026":0.5537853851,"02-2027":0.5548616601,"04-2027":0.5451215542,"06-2027":0.531189251,"08-2027":0.5320321208,"10-2027":0.5206177606,"12-2027":0.5202772633,"02-2028":0.5091384863,"04-2028":0.4905119943,"06-2028":0.4872666658,"08-2028":0.4770760537,"10-2028":0.4852430556,"12-2028":0.4693140794,"02-2029":0.4720736047,"04-2029":0.4572535991,"06-2029":0.4494032907,"08-2029":0.4303461387,"10-2029":0.4334446806,"12-2029":0.4332692539,"02-2030":0.42030013,"04-2030":0.414260867,"06-2030":0.4040577342,"08-2030":0.3925879085,"10-2030":0.3933333333,"12-2030":0.3996644295},"percentile_25":{"02-2020":0.0358530038,"04-2020":0.0340224809,"06-2020":0.0300671206,"08-2020":0.0261846605,"10-2020":0.0284829295,"12-2020":0.0279741011,"02-2021":0.0234147009,"04-2021":0.0190478256,"06-2021":0.0155491207,"08-2021":0.0153998055,"10-2021":0.0153846154,"12-2021":0.0122093593,"02-2022":0.0117668439,"04-2022":0.0084763721,"06-2022":0.0081771914,"08-2022":0.0076555234,"10-2022":0.0075047694,"12-2022":0.0074352502,"02-2023":0.0039881423,"04-2023":0.0037523847,"06-2023":0.0036297998,"08-2023":0.0036199184,"10-2023":0.0026595745,"12-2023":0.0,"02-2024":0.0,"04-2024":0.0,"06-2024":0.0,"08-2024":0.0,"10-2024":0.0,"12-2024":0.0,"02-2025":0.0,"04-2025":0.0,"06-2025":0.0,"08-2025":0.0,"10-2025":0.0,"12-2025":0.0,"02-2026":0.0,"04-2026":0.0,"06-2026":0.0,"08-2026":0.0,"10-2026":0.0,"12-2026":0.0,"02-2027":0.0,"04-2027":0.0,"06-2027":0.0,"08-2027":0.0,"10-2027":0.0,"12-2027":0.0,"02-2028":0.0,"04-2028":0.0,"06-2028":0.0,"08-2028":0.0,"10-2028":0.0,"12-2028":0.0,"02-2029":0.0,"04-2029":0.0,"06-2029":0.0,"08-2029":0.0,"10-2029":0.0,"12-2029":0.0,"02-2030":0.0,"04-2030":0.0,"06-2030":0.0,"08-2030":0.0,"10-2030":0.0,"12-2030":0.0},"percentile_75":{"02-2020":0.0891818937,"04-2020":0.0850168496,"06-2020":0.090626291,"08-2020":0.0958824071,"10-2020":0.1083940705,"12-2020":0.1161437422,"02-2021":0.1104137858,"04-2021":0.1166267943,"06-2021":0.11807516,"08-2021":0.1306122449,"10-2021":0.1510141896,"12-2021":0.1582803255,"02-2022":0.1552370364,"04-2022":0.1493939686,"06-2022":0.1487296998,"08-2022":0.1589205072,"10-2022":0.1543520166,"12-2022":0.1726690936,"02-2023":0.1812967674,"04-2023":0.180053469,"06-2023":0.1796400239,"08-2023":0.1891800889,"10-2023":0.2097739719,"12-2023":0.2228551124,"02-2024":0.2601492847,"04-2024":0.3155228758,"06-2024":0.4011271358,"08-2024":0.4985849057,"10-2024":0.5763353794,"12-2024":0.6388742997,"02-2025":0.7001659422,"04-2025":0.7288827116,"06-2025":0.754071554,"08-2025":0.7431906615,"10-2025":0.7395176821,"12-2025":0.7151035987,"02-2026":0.6959037666,"04-2026":0.6784269663,"06-2026":0.6616085093,"08-2026":0.6571353699,"10-2026":0.6505321508,"12-2026":0.6384563095,"02-2027":0.6189935065,"04-2027":0.6202331759,"06-2027":0.6123821803,"08-2027":0.5923885512,"10-2027":0.5945931231,"12-2027":0.5893550894,"02-2028":0.569955222,"04-2028":0.5565167612,"06-2028":0.5484660086,"08-2028":0.5417460402,"10-2028":0.5430296436,"12-2028":0.5311080973,"02-2029":0.5231434564,"04-2029":0.5163936064,"06-2029":0.5082948567,"08-2029":0.5028381099,"10-2029":0.4891841545,"12-2029":0.4914664,"02-2030":0.4831539755,"04-2030":0.4782999687,"06-2030":0.4664154402,"08-2030":0.4613541097,"10-2030":0.4535183409,"12-2030":0.4594846213}}