{"median":{"02-2020":0.0561296912,"04-2020":0.0528378586,"06-2020":0.0485900145,"08-2020":0.0520033282,"10-2020":0.0518806073,"12-2020":0.0566086322,"02-2021":0.0533746556,"04-2021":0.0482376428,"06-2021":0.0523290804,"08-2021":0.0546003017,"10-2021":0.05869722,"12-2021":0.06000096,"02-2022":0.05415881,"04-2022":0.0502011276,"06-2022":0.0495283019,"08-2022":0.0534536892,"10-2022":0.0600428073,"12-2022":0.0618976354,"02-2023":0.0632658165,"04-2023":0.0729362036,"06-2023":0.0834848485,"08-2023":0.0991680847,"10-2023":0.1173126112,"12-2023":0.1422527763,"02-2024":0.1600102407,"04-2024":0.1832438028,"06-2024":0.2334981528,"08-2024":0.2822993739,"10-2024":0.3224407172,"12-2024":0.3990767438,"02-2025":0.4270896536,"04-2025":0.4815103501,"06-2025":0.5706923077,"08-2025":0.5799595142,"10-2025":0.5745916574,"12-2025":0.5782589676,"02-2026":0.5695904313,"04-2026":0.5664215686,"06-2026":0.5590960293,"08-2026":0.5440716541,"10-2026":0.5327156353,"12-2026":0.5301794563,"02-2027":0.5253206205,"04-2027":0.5218954248,"06-2027":0.514057922,"08-2027":0.5019533933,"10-2027":0.4865662438,"12-2027":0.4806929268,"02-2028":0.47947504,"04-2028":0.4713075061,"06-2028":0.4592070341,"08-2028":0.4566736184,"10-2028":0.4483186245,"12-2028":0.4484108881,"02-2029":0.4381448172,"04-2029":0.4376092809,"06-2029":0.4239826773,"08-2029":0.4150592653,"10-2029":0.4163822526,"12-2029":0.4080032013,"02-2030":0.3970918101,"04-2030":0.3957215853,"06-2030":0.3858718487,"08-2030":0.390070922,"10-2030":0.3830559897,"12-2030":0.3863226124},"percentile_25":{"02-2020":0.0358530038,"04-2020":0.0340224809,"06-2020":0.0300671206,"08-2020":0.0261846605,"10-2020":0.0284829295,"12-2020":0.0279741011,"02-2021":0.0234147009,"04-2021":0.0190478256,"06-2021":0.0155491207,"08-2021":0.0153998055,"10-2021":0.0153846154,"12-2021":0.0122093593,"02-2022":0.0117668439,"04-2022":0.0084763721,"06-2022":0.0081771914,"08-2022":0.0076555234,"10-2022":0.0075047694,"12-2022":0.0074352502,"02-2023":0.003952753,"04-2023":0.0038059916,"06-2023":0.0038160677,"08-2023":0.0036968954,"10-2023":0.0,"12-2023":0.0027675277,"02-2024":0.0037851046,"04-2024":0.0038688583,"06-2024":0.0064143022,"08-2024":0.0074165387,"10-2024":0.0074524921,"12-2024":0.0114857661,"02-2025":0.0115223915,"04-2025":0.0144056848,"06-2025":0.014207883,"08-2025":0.020713483,"10-2025":0.0208219272,"12-2025":0.0257132734,"02-2026":0.0281182144,"04-2026":0.0281971219,"06-2026":0.0294289598,"08-2026":0.0301629285,"10-2026":0.0285776459,"12-2026":0.031788098,"02-2027":0.0313427624,"04-2027":0.0290198279,"06-2027":0.0317200567,"08-2027":0.0248655914,"10-2027":0.0261119817,"12-2027":0.0281942852,"02-2028":0.0322988471,"04-2028":0.0322992701,"06-2028":0.0359410431,"08-2028":0.0397370221,"10-2028":0.0467627556,"12-2028":0.0542177979,"02-2029":0.0662452724,"04-2029":0.0632736622,"06-2029":0.0620002453,"08-2029":0.0711204436,"10-2029":0.0771899784,"12-2029":0.0874624433,"02-2030":0.1052861338,"04-2030":0.1016009692,"06-2030":0.1187331866,"08-2030":0.1225978413,"10-2030":0.121844383,"12-2030":0.1424223912},"percentile_75":{"02-2020":0.0891818937,"04-2020":0.0850168496,"06-2020":0.090626291,"08-2020":0.0958824071,"10-2020":0.1083940705,"12-2020":0.1161437422,"02-2021":0.1104137858,"04-2021":0.1166267943,"06-2021":0.11807516,"08-2021":0.1306122449,"10-2021":0.1510141896,"12-2021":0.1582803255,"02-2022":0.1552370364,"04-2022":0.1493939686,"06-2022":0.1487296998,"08-2022":0.1589205072,"10-2022":0.1543520166,"12-2022":0.1726690936,"02-2023":0.2155358813,"04-2023":0.2500704611,"06-2023":0.3243727599,"08-2023":0.3695909091,"10-2023":0.427450243,"12-2023":0.5412448221,"02-2024":0.6364422774,"04-2024":0.6836953125,"06-2024":0.7236136364,"08-2024":0.7263544109,"10-2024":0.7312030075,"12-2024":0.7298265913,"02-2025":0.7288505286,"04-2025":0.7080477799,"06-2025":0.6981477324,"08-2025":0.6779118444,"10-2025":0.6726618705,"12-2025":0.6657575758,"02-2026":0.6510791367,"04-2026":0.6411277965,"06-2026":0.6289983165,"08-2026":0.6160074837,"10-2026":0.6078544061,"12-2026":0.6032818533,"02-2027":0.5994485294,"04-2027":0.5882334582,"06-2027":0.5853210153,"08-2027":0.564729853,"10-2027":0.5578523072,"12-2027":0.5412698413,"02-2028":0.540373452,"04-2028":0.5327285806,"06-2028":0.5204401167,"08-2028":0.5038536076,"10-2028":0.5004545455,"12-2028":0.5017514601,"02-2029":0.4927649841,"04-2029":0.4868773946,"06-2029":0.4849657216,"08-2029":0.475382009,"10-2029":0.4688038793,"12-2029":0.4581818182,"02-2030":0.4463253623,"04-2030":0.4446407538,"06-2030":0.4270043801,"08-2030":0.4335509394,"10-2030":0.4409935651,"12-2030":0.4471777922}}