{"median":{"02-2020":0.0561296912,"04-2020":0.0528378586,"06-2020":0.0485900145,"08-2020":0.0520033282,"10-2020":0.0518806073,"12-2020":0.0566086322,"02-2021":0.0533746556,"04-2021":0.0482376428,"06-2021":0.0523290804,"08-2021":0.0546003017,"10-2021":0.05869722,"12-2021":0.06000096,"02-2022":0.05415881,"04-2022":0.0502011276,"06-2022":0.0495283019,"08-2022":0.0534536892,"10-2022":0.0600428073,"12-2022":0.0618976354,"02-2023":0.0596041186,"04-2023":0.0568517607,"06-2023":0.0523431792,"08-2023":0.0604848544,"10-2023":0.0658675471,"12-2023":0.0663689748,"02-2024":0.0691103643,"04-2024":0.0653556969,"06-2024":0.0608745998,"08-2024":0.0587065559,"10-2024":0.0604284966,"12-2024":0.0617296919,"02-2025":0.0576313641,"04-2025":0.0548971313,"06-2025":0.0535862069,"08-2025":0.060265264,"10-2025":0.0629069927,"12-2025":0.0688039718,"02-2026":0.0575242145,"04-2026":0.0578452212,"06-2026":0.06356308,"08-2026":0.0742743106,"10-2026":0.0785272004,"12-2026":0.0748560311,"02-2027":0.0811762676,"04-2027":0.0811261107,"06-2027":0.0748506189,"08-2027":0.0827115437,"10-2027":0.0964726835,"12-2027":0.1158947368,"02-2028":0.1226415094,"04-2028":0.123992546,"06-2028":0.1280716191,"08-2028":0.1326387833,"10-2028":0.1332662343,"12-2028":0.1388989339,"02-2029":0.1455732354,"04-2029":0.1585810764,"06-2029":0.1911764706,"08-2029":0.2368641407,"10-2029":0.2996559274,"12-2029":0.3678025534,"02-2030":0.4325660497,"04-2030":0.4718153185,"06-2030":0.5378874856,"08-2030":0.5667852146,"10-2030":0.5552918712,"12-2030":0.5582655827},"percentile_25":{"02-2020":0.0358530038,"04-2020":0.0340224809,"06-2020":0.0300671206,"08-2020":0.0261846605,"10-2020":0.0284829295,"12-2020":0.0279741011,"02-2021":0.0234147009,"04-2021":0.0190478256,"06-2021":0.0155491207,"08-2021":0.0153998055,"10-2021":0.0153846154,"12-2021":0.0122093593,"02-2022":0.0117668439,"04-2022":0.0084763721,"06-2022":0.0081771914,"08-2022":0.0076555234,"10-2022":0.0075047694,"12-2022":0.0074352502,"02-2023":0.0039881423,"04-2023":0.0037523847,"06-2023":0.0036297998,"08-2023":0.0036199184,"10-2023":0.0026595745,"12-2023":0.0,"02-2024":0.0035211268,"04-2024":0.0,"06-2024":0.0,"08-2024":0.0,"10-2024":0.0,"12-2024":0.0,"02-2025":0.0,"04-2025":0.0,"06-2025":0.0,"08-2025":0.0,"10-2025":0.0,"12-2025":0.0,"02-2026":0.0,"04-2026":0.0,"06-2026":0.0,"08-2026":0.0,"10-2026":0.0,"12-2026":0.0,"02-2027":0.0,"04-2027":0.0,"06-2027":0.0,"08-2027":0.0,"10-2027":0.0,"12-2027":0.0,"02-2028":0.0,"04-2028":0.0,"06-2028":0.0,"08-2028":0.0,"10-2028":0.0,"12-2028":0.0,"02-2029":0.0,"04-2029":0.0,"06-2029":0.0,"08-2029":0.0,"10-2029":0.0,"12-2029":0.0,"02-2030":0.0,"04-2030":0.0,"06-2030":0.0,"08-2030":0.0,"10-2030":0.0,"12-2030":0.0},"percentile_75":{"02-2020":0.0891818937,"04-2020":0.0850168496,"06-2020":0.090626291,"08-2020":0.0958824071,"10-2020":0.1083940705,"12-2020":0.1161437422,"02-2021":0.1104137858,"04-2021":0.1166267943,"06-2021":0.11807516,"08-2021":0.1306122449,"10-2021":0.1510141896,"12-2021":0.1582803255,"02-2022":0.1552370364,"04-2022":0.1493939686,"06-2022":0.1487296998,"08-2022":0.1589205072,"10-2022":0.1543520166,"12-2022":0.1726690936,"02-2023":0.1812967674,"04-2023":0.180053469,"06-2023":0.1796400239,"08-2023":0.1891800889,"10-2023":0.2097739719,"12-2023":0.2228551124,"02-2024":0.2274968789,"04-2024":0.2175848419,"06-2024":0.2340614911,"08-2024":0.2481272626,"10-2024":0.2511882129,"12-2024":0.2773742497,"02-2025":0.2743474514,"04-2025":0.2592734293,"06-2025":0.2604665236,"08-2025":0.2611193178,"10-2025":0.270295203,"12-2025":0.2919984623,"02-2026":0.2942471907,"04-2026":0.2876872407,"06-2026":0.2897030263,"08-2026":0.2927717011,"10-2026":0.2997951705,"12-2026":0.3191358025,"02-2027":0.3140593522,"04-2027":0.3024052456,"06-2027":0.2983030407,"08-2027":0.3086940617,"10-2027":0.3174775787,"12-2027":0.3358903055,"02-2028":0.3361565629,"04-2028":0.325548068,"06-2028":0.3215906713,"08-2028":0.3112026882,"10-2028":0.3289260349,"12-2028":0.3477381093,"02-2029":0.3928213166,"04-2029":0.457706045,"06-2029":0.5202464789,"08-2029":0.5792904706,"10-2029":0.6464304531,"12-2029":0.6764979226,"02-2030":0.6877703287,"04-2030":0.6822137727,"06-2030":0.675773837,"08-2030":0.6690848065,"10-2030":0.6669550173,"12-2030":0.6597595637}}