{"median":{"02-2008":0.3648094816,"04-2008":0.3711065357,"06-2008":0.3633155188,"08-2008":0.3645491055,"10-2008":0.3664711331,"12-2008":0.3649857448,"02-2009":0.326739532,"04-2009":0.2886747832,"06-2009":0.2450196041,"08-2009":0.2169398907,"10-2009":0.1971330701,"12-2009":0.1750999273,"02-2010":0.1497663551,"04-2010":0.126953125,"06-2010":0.1097889503,"08-2010":0.1034482759,"10-2010":0.0970252291,"12-2010":0.093548945,"02-2011":0.0891486261,"04-2011":0.0857729138,"06-2011":0.0779439631,"08-2011":0.075042811,"10-2011":0.0712339322,"12-2011":0.0704009191,"02-2012":0.0684420541,"04-2012":0.0602315977,"06-2012":0.062370332,"08-2012":0.059372063,"10-2012":0.0561124498,"12-2012":0.0588151443,"02-2013":0.0546248934,"04-2013":0.052000832,"06-2013":0.0478087649,"08-2013":0.0464500523,"10-2013":0.0455488495,"12-2013":0.0474187881,"02-2014":0.043659458,"04-2014":0.0429436025,"06-2014":0.0447704082,"08-2014":0.046001058,"10-2014":0.0442657728,"12-2014":0.0445282811,"02-2015":0.0453700792,"04-2015":0.0408333333,"06-2015":0.0391233766,"08-2015":0.0375642794,"10-2015":0.0393725198,"12-2015":0.0407701542,"02-2016":0.043484375,"04-2016":0.0405045754,"06-2016":0.0418417367,"08-2016":0.0396850394,"10-2016":0.0442743764,"12-2016":0.0500075571,"02-2017":0.0517352941,"04-2017":0.0476961213,"06-2017":0.0484590902,"08-2017":0.0491579459,"10-2017":0.0511882431,"12-2017":0.0521580583,"02-2018":0.0529727474,"04-2018":0.0492527615,"06-2018":0.0476190476,"08-2018":0.0515873016,"10-2018":0.0546476331,"12-2018":0.0619517544,"02-2019":0.0582879894,"04-2019":0.0540927212,"06-2019":0.0533088235,"08-2019":0.0558820703,"10-2019":0.0591571887,"12-2019":0.0633357105},"percentile_25":{"02-2008":0.2857142857,"04-2008":0.2929586676,"06-2008":0.2955294118,"08-2008":0.2939909924,"10-2008":0.2911005718,"12-2008":0.2908955815,"02-2009":0.2631046347,"04-2009":0.2289040559,"06-2009":0.2008518722,"08-2009":0.179666412,"10-2009":0.1535433071,"12-2009":0.1336555034,"02-2010":0.1130994656,"04-2010":0.0946502058,"06-2010":0.0823274764,"08-2010":0.0743036425,"10-2010":0.0687134503,"12-2010":0.0619471991,"02-2011":0.0590096798,"04-2011":0.0526997859,"06-2011":0.0451446471,"08-2011":0.0428491244,"10-2011":0.0410439479,"12-2011":0.036437247,"02-2012":0.0316721809,"04-2012":0.0283695759,"06-2012":0.0219993781,"08-2012":0.0249228395,"10-2012":0.0245154974,"12-2012":0.0254250868,"02-2013":0.0251856889,"04-2013":0.0234836347,"06-2013":0.0211909303,"08-2013":0.0202239821,"10-2013":0.0197259136,"12-2013":0.0200812852,"02-2014":0.0186981738,"04-2014":0.0198421998,"06-2014":0.0164803908,"08-2014":0.016277156,"10-2014":0.0161166906,"12-2014":0.0156709559,"02-2015":0.0123587452,"04-2015":0.0121740674,"06-2015":0.0136295332,"08-2015":0.0133190708,"10-2015":0.0153998055,"12-2015":0.0164107197,"02-2016":0.0169326241,"04-2016":0.0178204641,"06-2016":0.0181111426,"08-2016":0.0199019608,"10-2016":0.0223048327,"12-2016":0.0230563356,"02-2017":0.0207270408,"04-2017":0.0191400581,"06-2017":0.0209977694,"08-2017":0.0181992337,"10-2017":0.0199898785,"12-2017":0.0205550496,"02-2018":0.0192316162,"04-2018":0.0191570881,"06-2018":0.0191570881,"08-2018":0.0206399007,"10-2018":0.0240694939,"12-2018":0.0217593198,"02-2019":0.0219930971,"04-2019":0.0234636619,"06-2019":0.0256410256,"08-2019":0.0273975738,"10-2019":0.0288181818,"12-2019":0.0305759501},"percentile_75":{"02-2008":0.4388185654,"04-2008":0.424702381,"06-2008":0.4352139406,"08-2008":0.4293323737,"10-2008":0.4288078918,"12-2008":0.4351404545,"02-2009":0.3897122614,"04-2009":0.3466153846,"06-2009":0.2874261811,"08-2009":0.2517118566,"10-2009":0.2372356864,"12-2009":0.2233152333,"02-2010":0.1946407489,"04-2010":0.1729218423,"06-2010":0.1527134238,"08-2010":0.1450564402,"10-2010":0.1409515277,"12-2010":0.1448322024,"02-2011":0.1371737257,"04-2011":0.1238211272,"06-2011":0.1144936093,"08-2011":0.1132457413,"10-2011":0.1115579006,"12-2011":0.1153846154,"02-2012":0.1115746817,"04-2012":0.1056321747,"06-2012":0.0945815568,"08-2012":0.0906620553,"10-2012":0.0902984833,"12-2012":0.0982568601,"02-2013":0.0909992785,"04-2013":0.0828617523,"06-2013":0.0839770992,"08-2013":0.0872650477,"10-2013":0.0888134198,"12-2013":0.0976388168,"02-2014":0.0937543255,"04-2014":0.0861922554,"06-2014":0.0847631252,"08-2014":0.0852022794,"10-2014":0.0875915272,"12-2014":0.0914040251,"02-2015":0.0901643991,"04-2015":0.081051061,"06-2015":0.0845264317,"08-2015":0.0851073419,"10-2015":0.0800695276,"12-2015":0.0855599708,"02-2016":0.0820578231,"04-2016":0.0798359268,"06-2016":0.0814941361,"08-2016":0.0857540588,"10-2016":0.087215815,"12-2016":0.0978148371,"02-2017":0.0990343348,"04-2017":0.0959668788,"06-2017":0.0990024468,"08-2017":0.1038961039,"10-2017":0.1088905799,"12-2017":0.1123069287,"02-2018":0.1108134921,"04-2018":0.1045314942,"06-2018":0.0955648855,"08-2018":0.0972018573,"10-2018":0.0988359467,"12-2018":0.1099158654,"02-2019":0.0991106719,"04-2019":0.0966082228,"06-2019":0.0995414662,"08-2019":0.0977748202,"10-2019":0.1054625199,"12-2019":0.1082740635}}