{"median":{"02-2020":0.065166107,"04-2020":0.0700431524,"06-2020":0.0773470434,"08-2020":0.079298419,"10-2020":0.0808706975,"12-2020":0.0847431167,"02-2021":0.0815967719,"04-2021":0.0764737783,"06-2021":0.0722163541,"08-2021":0.0640788048,"10-2021":0.055563723,"12-2021":0.0489862638,"02-2022":0.0411227884,"04-2022":0.0357148481,"06-2022":0.0295558051,"08-2022":0.0241899535,"10-2022":0.0206297426,"12-2022":0.0199231648,"02-2023":0.0197331548,"04-2023":0.0210265925,"06-2023":0.0270415393,"08-2023":0.0346925134,"10-2023":0.040906326,"12-2023":0.0469789357,"02-2024":0.0546831871,"04-2024":0.068983922,"06-2024":0.0861522199,"08-2024":0.1110705564,"10-2024":0.1441558442,"12-2024":0.1704288165,"02-2025":0.1940936056,"04-2025":0.2510584302,"06-2025":0.3083820539,"08-2025":0.4070802005,"10-2025":0.4628783338,"12-2025":0.5250687672,"02-2026":0.5590262172,"04-2026":0.5601175827,"06-2026":0.5531818182,"08-2026":0.5591612788,"10-2026":0.5312023386,"12-2026":0.5277472678,"02-2027":0.5487952978,"04-2027":0.5268186664,"06-2027":0.514481902,"08-2027":0.5093493463,"10-2027":0.4869401167,"12-2027":0.4981540767,"02-2028":0.4948225997,"04-2028":0.5,"06-2028":0.4931245585,"08-2028":0.4835746733,"10-2028":0.471657754,"12-2028":0.467690998,"02-2029":0.463894682,"04-2029":0.4522753676,"06-2029":0.4497372828,"08-2029":0.4461872587,"10-2029":0.4350342589,"12-2029":0.4421029281,"02-2030":0.4385692643,"04-2030":0.4460996895,"06-2030":0.4360204082,"08-2030":0.4242555323,"10-2030":0.4185503686,"12-2030":0.4000169401},"percentile_25":{"02-2020":0.0342860861,"04-2020":0.0352425181,"06-2020":0.0367365151,"08-2020":0.0368001471,"10-2020":0.0396433277,"12-2020":0.0380956512,"02-2021":0.0358780936,"04-2021":0.0338192512,"06-2021":0.0297954671,"08-2021":0.0245322642,"10-2021":0.0201821862,"12-2021":0.0185379919,"02-2022":0.0135158402,"04-2022":0.011174219,"06-2022":0.0100776522,"08-2022":0.0072992701,"10-2022":0.0040160643,"12-2022":0.0037807587,"02-2023":0.0035786614,"04-2023":0.0026223776,"06-2023":0.0,"08-2023":0.0,"10-2023":0.0,"12-2023":0.0,"02-2024":0.0,"04-2024":0.0,"06-2024":0.0,"08-2024":0.0,"10-2024":0.0,"12-2024":0.0,"02-2025":0.0,"04-2025":0.0,"06-2025":0.0,"08-2025":0.0,"10-2025":0.0,"12-2025":0.0,"02-2026":0.0,"04-2026":0.0,"06-2026":0.0,"08-2026":0.0,"10-2026":0.0,"12-2026":0.0,"02-2027":0.0,"04-2027":0.0,"06-2027":0.0,"08-2027":0.0,"10-2027":0.0,"12-2027":0.0,"02-2028":0.0,"04-2028":0.0,"06-2028":0.0,"08-2028":0.0,"10-2028":0.0,"12-2028":0.0,"02-2029":0.0,"04-2029":0.0,"06-2029":0.0,"08-2029":0.0,"10-2029":0.0,"12-2029":0.0,"02-2030":0.0,"04-2030":0.0,"06-2030":0.0,"08-2030":0.0,"10-2030":0.0,"12-2030":0.0},"percentile_75":{"02-2020":0.1127998639,"04-2020":0.1317111685,"06-2020":0.1621398366,"08-2020":0.1704391057,"10-2020":0.1779067852,"12-2020":0.1918739156,"02-2021":0.1912779191,"04-2021":0.1778852333,"06-2021":0.1812119598,"08-2021":0.1550671551,"10-2021":0.1311990115,"12-2021":0.1055603166,"02-2022":0.0887483995,"04-2022":0.0786768444,"06-2022":0.0697975614,"08-2022":0.0708937198,"10-2022":0.0829242157,"12-2022":0.084825894,"02-2023":0.0908532303,"04-2023":0.1080923727,"06-2023":0.1291405647,"08-2023":0.1775379541,"10-2023":0.2199725391,"12-2023":0.2828947368,"02-2024":0.3564561534,"04-2024":0.4436922876,"06-2024":0.5397887531,"08-2024":0.6433260911,"10-2024":0.7004716981,"12-2024":0.7236315244,"02-2025":0.7266249284,"04-2025":0.7075421717,"06-2025":0.7170124454,"08-2025":0.6972596229,"10-2025":0.6889055598,"12-2025":0.6648624536,"02-2026":0.6544451872,"04-2026":0.655115733,"06-2026":0.6523576026,"08-2026":0.6439623582,"10-2026":0.6412858359,"12-2026":0.6295781641,"02-2027":0.6235960216,"04-2027":0.6113797221,"06-2027":0.6065724446,"08-2027":0.5892681427,"10-2027":0.5744709324,"12-2027":0.5718745382,"02-2028":0.5689401179,"04-2028":0.5605735728,"06-2028":0.553676887,"08-2028":0.5396201639,"10-2028":0.5366004507,"12-2028":0.5248419404,"02-2029":0.5217818196,"04-2029":0.5120063366,"06-2029":0.5039550151,"08-2029":0.5101408451,"10-2029":0.5065743945,"12-2029":0.5035962302,"02-2030":0.4877173192,"04-2030":0.4971136715,"06-2030":0.5021543342,"08-2030":0.490142331,"10-2030":0.4719242698,"12-2030":0.4649875569}}