{"median":{"02-2020":0.0599696356,"04-2020":0.0572599532,"06-2020":0.0527646052,"08-2020":0.0478789838,"10-2020":0.0447272727,"12-2020":0.04172729,"02-2021":0.0412037037,"04-2021":0.0329357549,"06-2021":0.0296256249,"08-2021":0.0233463035,"10-2021":0.022531517,"12-2021":0.0183561016,"02-2022":0.0137743006,"04-2022":0.011627907,"06-2022":0.0116054593,"08-2022":0.0108136544,"10-2022":0.0077825725,"12-2022":0.0073261056,"02-2023":0.0040650407,"04-2023":0.0038168495,"06-2023":0.0037389578,"08-2023":0.0037951894,"10-2023":0.0039955977,"12-2023":0.0090504922,"02-2024":0.0114152557,"04-2024":0.0113842552,"06-2024":0.0115214507,"08-2024":0.0114083285,"10-2024":0.0149983148,"12-2024":0.015296423,"02-2025":0.0201742702,"04-2025":0.026131763,"06-2025":0.0297313425,"08-2025":0.0350012189,"10-2025":0.041084855,"12-2025":0.0462778731,"02-2026":0.0553442907,"04-2026":0.0559372569,"06-2026":0.0627442969,"08-2026":0.0704429508,"10-2026":0.0812124678,"12-2026":0.110949374,"02-2027":0.1128421754,"04-2027":0.1339764886,"06-2027":0.152563232,"08-2027":0.2018776389,"10-2027":0.2131806588,"12-2027":0.2428451973,"02-2028":0.279713267,"04-2028":0.3030798156,"06-2028":0.3232662923,"08-2028":0.3546446244,"10-2028":0.3707089502,"12-2028":0.3663606161,"02-2029":0.3667845118,"04-2029":0.3731946127,"06-2029":0.3594374013,"08-2029":0.3653014272,"10-2029":0.3691425624,"12-2029":0.3658432916,"02-2030":0.3633996212,"04-2030":0.356572837,"06-2030":0.3687516188,"08-2030":0.3609755783,"10-2030":0.3669270833,"12-2030":0.3483347793},"percentile_25":{"02-2020":0.0311003352,"04-2020":0.0299625468,"06-2020":0.028866346,"08-2020":0.0228573907,"10-2020":0.0222975554,"12-2020":0.0184343434,"02-2021":0.0139423581,"04-2021":0.0109789845,"06-2021":0.0078431373,"08-2021":0.0073732906,"10-2021":0.0038986797,"12-2021":0.0037595567,"02-2022":0.0,"04-2022":0.0,"06-2022":0.0,"08-2022":0.0,"10-2022":0.0,"12-2022":0.0,"02-2023":0.0,"04-2023":0.0,"06-2023":0.0,"08-2023":0.0,"10-2023":0.0,"12-2023":0.0,"02-2024":0.0,"04-2024":0.0,"06-2024":0.0,"08-2024":0.0,"10-2024":0.0,"12-2024":0.0,"02-2025":0.0,"04-2025":0.0,"06-2025":0.0,"08-2025":0.0,"10-2025":0.0,"12-2025":0.0,"02-2026":0.0,"04-2026":0.0,"06-2026":0.0,"08-2026":0.0,"10-2026":0.0,"12-2026":0.0,"02-2027":0.0,"04-2027":0.0,"06-2027":0.0,"08-2027":0.0,"10-2027":0.0,"12-2027":0.0,"02-2028":0.0,"04-2028":0.0,"06-2028":0.0,"08-2028":0.0,"10-2028":0.0,"12-2028":0.0,"02-2029":0.0,"04-2029":0.0,"06-2029":0.0,"08-2029":0.0,"10-2029":0.0,"12-2029":0.0,"02-2030":0.0,"04-2030":0.0,"06-2030":0.0,"08-2030":0.0,"10-2030":0.0,"12-2030":0.0},"percentile_75":{"02-2020":0.1002016129,"04-2020":0.095469268,"06-2020":0.0980148423,"08-2020":0.097874289,"10-2020":0.0922036801,"12-2020":0.0926640927,"02-2021":0.0822199673,"04-2021":0.0690826685,"06-2021":0.0641754079,"08-2021":0.0549847793,"10-2021":0.0499532211,"12-2021":0.0484404751,"02-2022":0.0443207547,"04-2022":0.0406918865,"06-2022":0.0372172615,"08-2022":0.0369614551,"10-2022":0.0398238605,"12-2022":0.0514243019,"02-2023":0.060070922,"04-2023":0.0709398685,"06-2023":0.0920276222,"08-2023":0.1110041696,"10-2023":0.1450531358,"12-2023":0.1912236836,"02-2024":0.2332995951,"04-2024":0.2798881037,"06-2024":0.350462963,"08-2024":0.4024981809,"10-2024":0.47000369,"12-2024":0.5548345777,"02-2025":0.6436861768,"04-2025":0.6663288633,"06-2025":0.6908121196,"08-2025":0.6814900032,"10-2025":0.659312578,"12-2025":0.6586235751,"02-2026":0.6403633534,"04-2026":0.6322510765,"06-2026":0.6360326595,"08-2026":0.6363636364,"10-2026":0.6252248201,"12-2026":0.6141349625,"02-2027":0.6048646475,"04-2027":0.5974576271,"06-2027":0.5759786873,"08-2027":0.5785998268,"10-2027":0.5714300688,"12-2027":0.5570955262,"02-2028":0.5438490986,"04-2028":0.5337892651,"06-2028":0.541218638,"08-2028":0.5201806297,"10-2028":0.5158209537,"12-2028":0.5126353791,"02-2029":0.4893047112,"04-2029":0.488416955,"06-2029":0.491395757,"08-2029":0.464514652,"10-2029":0.4656520081,"12-2029":0.4719376474,"02-2030":0.4675647549,"04-2030":0.4700362016,"06-2030":0.4770682423,"08-2030":0.4521603815,"10-2030":0.4516233291,"12-2030":0.4359185108}}