{"median":{"02-2020":0.065166107,"04-2020":0.0700431524,"06-2020":0.0773470434,"08-2020":0.079298419,"10-2020":0.0808706975,"12-2020":0.0847431167,"02-2021":0.0815967719,"04-2021":0.0764737783,"06-2021":0.0722163541,"08-2021":0.0640788048,"10-2021":0.055563723,"12-2021":0.0489862638,"02-2022":0.0411227884,"04-2022":0.0357148481,"06-2022":0.0295456317,"08-2022":0.0240487859,"10-2022":0.0203810368,"12-2022":0.0154739457,"02-2023":0.0148156277,"04-2023":0.0116054593,"06-2023":0.0106574962,"08-2023":0.0079894112,"10-2023":0.0075189033,"12-2023":0.0145743184,"02-2024":0.0183516513,"04-2024":0.0229171222,"06-2024":0.0248276903,"08-2024":0.02999703,"10-2024":0.0367988809,"12-2024":0.0448244414,"02-2025":0.0506463261,"04-2025":0.0649131274,"06-2025":0.0798550725,"08-2025":0.0818160598,"10-2025":0.0880438113,"12-2025":0.0937892576,"02-2026":0.1153899546,"04-2026":0.1274661509,"06-2026":0.1479661152,"08-2026":0.16113292,"10-2026":0.1745413039,"12-2026":0.1949188064,"02-2027":0.2491858506,"04-2027":0.2913065973,"06-2027":0.3683722655,"08-2027":0.4181487387,"10-2027":0.4507218156,"12-2027":0.465794378,"02-2028":0.473975394,"04-2028":0.4683333333,"06-2028":0.4518596241,"08-2028":0.4588477114,"10-2028":0.4455555556,"12-2028":0.4258027148,"02-2029":0.4260542573,"04-2029":0.4080925218,"06-2029":0.4095071929,"08-2029":0.4056198786,"10-2029":0.4091774989,"12-2029":0.4157890847,"02-2030":0.4135972605,"04-2030":0.4115427303,"06-2030":0.4219132638,"08-2030":0.4184900285,"10-2030":0.4101694915,"12-2030":0.3919657159},"percentile_25":{"02-2020":0.0342860861,"04-2020":0.0352425181,"06-2020":0.0367365151,"08-2020":0.0368001471,"10-2020":0.0396433277,"12-2020":0.0380956512,"02-2021":0.0358780936,"04-2021":0.0338192512,"06-2021":0.0297954671,"08-2021":0.0245322642,"10-2021":0.0201821862,"12-2021":0.0185379919,"02-2022":0.0135158402,"04-2022":0.011174219,"06-2022":0.010056548,"08-2022":0.0073260073,"10-2022":0.0040445018,"12-2022":0.0036630037,"02-2023":0.0035367675,"04-2023":0.0,"06-2023":0.0,"08-2023":0.0,"10-2023":0.0,"12-2023":0.0,"02-2024":0.0,"04-2024":0.0,"06-2024":0.0,"08-2024":0.0,"10-2024":0.0,"12-2024":0.0,"02-2025":0.0,"04-2025":0.0,"06-2025":0.0,"08-2025":0.0,"10-2025":0.0,"12-2025":0.0,"02-2026":0.0,"04-2026":0.0,"06-2026":0.0,"08-2026":0.0,"10-2026":0.0,"12-2026":0.0,"02-2027":0.0,"04-2027":0.0,"06-2027":0.0,"08-2027":0.0,"10-2027":0.0,"12-2027":0.0,"02-2028":0.0,"04-2028":0.0,"06-2028":0.0,"08-2028":0.0,"10-2028":0.0,"12-2028":0.0,"02-2029":0.0,"04-2029":0.0,"06-2029":0.0,"08-2029":0.0,"10-2029":0.0,"12-2029":0.0,"02-2030":0.0,"04-2030":0.0,"06-2030":0.0,"08-2030":0.0,"10-2030":0.0,"12-2030":0.0},"percentile_75":{"02-2020":0.1127998639,"04-2020":0.1317111685,"06-2020":0.1621398366,"08-2020":0.1704391057,"10-2020":0.1779067852,"12-2020":0.1918739156,"02-2021":0.1912779191,"04-2021":0.1778852333,"06-2021":0.1812119598,"08-2021":0.1550671551,"10-2021":0.1311990115,"12-2021":0.1055603166,"02-2022":0.0887483995,"04-2022":0.0786768444,"06-2022":0.0718770332,"08-2022":0.0635208387,"10-2022":0.0630952381,"12-2022":0.0541785714,"02-2023":0.0539943377,"04-2023":0.0563465312,"06-2023":0.0644361472,"08-2023":0.072948617,"10-2023":0.0865090297,"12-2023":0.1189717641,"02-2024":0.1460921325,"04-2024":0.1895034083,"06-2024":0.262012678,"08-2024":0.3455340349,"10-2024":0.4363866656,"12-2024":0.5238916256,"02-2025":0.6365507256,"04-2025":0.6924989513,"06-2025":0.7025406385,"08-2025":0.7043512044,"10-2025":0.6910023565,"12-2025":0.6825255205,"02-2026":0.6779411765,"04-2026":0.6752954098,"06-2026":0.6642388976,"08-2026":0.6571882715,"10-2026":0.6496089245,"12-2026":0.6576923077,"02-2027":0.6291871921,"04-2027":0.6191949221,"06-2027":0.6089806899,"08-2027":0.5999503334,"10-2027":0.5958825847,"12-2027":0.5775839793,"02-2028":0.5746239576,"04-2028":0.5646611849,"06-2028":0.5565432115,"08-2028":0.5506401721,"10-2028":0.5420754199,"12-2028":0.5367592593,"02-2029":0.5298880597,"04-2029":0.5129491768,"06-2029":0.5,"08-2029":0.493652112,"10-2029":0.4942827443,"12-2029":0.4853094667,"02-2030":0.4827998124,"04-2030":0.4875764269,"06-2030":0.4865412934,"08-2030":0.4813873195,"10-2030":0.4715491343,"12-2030":0.4582475828}}