{"median":{"02-2020":0.0599696356,"04-2020":0.0572599532,"06-2020":0.0527646052,"08-2020":0.0478789838,"10-2020":0.0447272727,"12-2020":0.04172729,"02-2021":0.0412037037,"04-2021":0.0329357549,"06-2021":0.0296256249,"08-2021":0.0233463035,"10-2021":0.022531517,"12-2021":0.0183561016,"02-2022":0.0137743006,"04-2022":0.011627907,"06-2022":0.0116054593,"08-2022":0.0096672868,"10-2022":0.0077831617,"12-2022":0.0073264005,"02-2023":0.0038387857,"04-2023":0.0035594401,"06-2023":0.0,"08-2023":0.0,"10-2023":0.0,"12-2023":0.0,"02-2024":0.0,"04-2024":0.0,"06-2024":0.0,"08-2024":0.0,"10-2024":0.0,"12-2024":0.0,"02-2025":0.0,"04-2025":0.0,"06-2025":0.0,"08-2025":0.0,"10-2025":0.0,"12-2025":0.0,"02-2026":0.0,"04-2026":0.0,"06-2026":0.0,"08-2026":0.0,"10-2026":0.0,"12-2026":0.0,"02-2027":0.0,"04-2027":0.0,"06-2027":0.0,"08-2027":0.0,"10-2027":0.0,"12-2027":0.0,"02-2028":0.0,"04-2028":0.0,"06-2028":0.0,"08-2028":0.0,"10-2028":0.0,"12-2028":0.0,"02-2029":0.0,"04-2029":0.0,"06-2029":0.0,"08-2029":0.0,"10-2029":0.0,"12-2029":0.0,"02-2030":0.0,"04-2030":0.0,"06-2030":0.0,"08-2030":0.0,"10-2030":0.0,"12-2030":0.0},"percentile_25":{"02-2020":0.0311003352,"04-2020":0.0299625468,"06-2020":0.028866346,"08-2020":0.0228573907,"10-2020":0.0222975554,"12-2020":0.0184343434,"02-2021":0.0139423581,"04-2021":0.0109789845,"06-2021":0.0078431373,"08-2021":0.0073732906,"10-2021":0.0038986797,"12-2021":0.0037595567,"02-2022":0.0,"04-2022":0.0,"06-2022":0.0,"08-2022":0.0,"10-2022":0.0,"12-2022":0.0,"02-2023":0.0,"04-2023":0.0,"06-2023":0.0,"08-2023":0.0,"10-2023":0.0,"12-2023":0.0,"02-2024":0.0,"04-2024":0.0,"06-2024":0.0,"08-2024":0.0,"10-2024":0.0,"12-2024":0.0,"02-2025":0.0,"04-2025":0.0,"06-2025":0.0,"08-2025":0.0,"10-2025":0.0,"12-2025":0.0,"02-2026":0.0,"04-2026":0.0,"06-2026":0.0,"08-2026":0.0,"10-2026":0.0,"12-2026":0.0,"02-2027":0.0,"04-2027":0.0,"06-2027":0.0,"08-2027":0.0,"10-2027":0.0,"12-2027":0.0,"02-2028":0.0,"04-2028":0.0,"06-2028":0.0,"08-2028":0.0,"10-2028":0.0,"12-2028":0.0,"02-2029":0.0,"04-2029":0.0,"06-2029":0.0,"08-2029":0.0,"10-2029":0.0,"12-2029":0.0,"02-2030":0.0,"04-2030":0.0,"06-2030":0.0,"08-2030":0.0,"10-2030":0.0,"12-2030":0.0},"percentile_75":{"02-2020":0.1002016129,"04-2020":0.095469268,"06-2020":0.0980148423,"08-2020":0.097874289,"10-2020":0.0922036801,"12-2020":0.0926640927,"02-2021":0.0822199673,"04-2021":0.0690826685,"06-2021":0.0641754079,"08-2021":0.0549847793,"10-2021":0.0499532211,"12-2021":0.0484404751,"02-2022":0.0443207547,"04-2022":0.0406918865,"06-2022":0.0384632586,"08-2022":0.0324623937,"10-2022":0.0317475435,"12-2022":0.0305059959,"02-2023":0.0281060606,"04-2023":0.0269176636,"06-2023":0.023526936,"08-2023":0.0275882353,"10-2023":0.0299384205,"12-2023":0.0397545629,"02-2024":0.0471969948,"04-2024":0.0674680378,"06-2024":0.0864915313,"08-2024":0.1129127528,"10-2024":0.1300529146,"12-2024":0.1615187493,"02-2025":0.205023851,"04-2025":0.2461019164,"06-2025":0.3290210573,"08-2025":0.4124761194,"10-2025":0.5310892418,"12-2025":0.6147223802,"02-2026":0.6240012484,"04-2026":0.6292942382,"06-2026":0.6478416462,"08-2026":0.6427610442,"10-2026":0.6512455267,"12-2026":0.6331309952,"02-2027":0.6273892774,"04-2027":0.6204278813,"06-2027":0.6015362816,"08-2027":0.5742846027,"10-2027":0.5666205387,"12-2027":0.5596279009,"02-2028":0.5588299847,"04-2028":0.5616450904,"06-2028":0.5491178669,"08-2028":0.5438927748,"10-2028":0.5334039627,"12-2028":0.5205879778,"02-2029":0.5156904327,"04-2029":0.5026712042,"06-2029":0.4899031237,"08-2029":0.4795214735,"10-2029":0.475202958,"12-2029":0.4887840004,"02-2030":0.4891417343,"04-2030":0.4833272925,"06-2030":0.4954250597,"08-2030":0.4686134987,"10-2030":0.4664769754,"12-2030":0.4497483925}}