{"median":{"02-2020":0.0599696356,"04-2020":0.0572599532,"06-2020":0.0527646052,"08-2020":0.0478789838,"10-2020":0.0447272727,"12-2020":0.04172729,"02-2021":0.0412372887,"04-2021":0.03844294,"06-2021":0.0367496999,"08-2021":0.0397688061,"10-2021":0.0436257563,"12-2021":0.0497878831,"02-2022":0.0636205534,"04-2022":0.0770215288,"06-2022":0.0943796156,"08-2022":0.1369902557,"10-2022":0.1497126437,"12-2022":0.1874776091,"02-2023":0.2158820379,"04-2023":0.2698286546,"06-2023":0.3268115942,"08-2023":0.4022138195,"10-2023":0.4736757083,"12-2023":0.5285376974,"02-2024":0.5671453546,"04-2024":0.589621558,"06-2024":0.6018163526,"08-2024":0.6234564692,"10-2024":0.6194124625,"12-2024":0.5953930016,"02-2025":0.587060746,"04-2025":0.5831648284,"06-2025":0.5765008961,"08-2025":0.5630666591,"10-2025":0.5507982307,"12-2025":0.5516497134,"02-2026":0.5390720391,"04-2026":0.5375387837,"06-2026":0.5358510987,"08-2026":0.512131643,"10-2026":0.4984041155,"12-2026":0.4964026915,"02-2027":0.5,"04-2027":0.4868419193,"06-2027":0.4764223257,"08-2027":0.4652761032,"10-2027":0.4634353741,"12-2027":0.4597064191,"02-2028":0.4467967205,"04-2028":0.4481582156,"06-2028":0.434145363,"08-2028":0.4277464164,"10-2028":0.4171463502,"12-2028":0.4187362878,"02-2029":0.4052125518,"04-2029":0.4042946749,"06-2029":0.3980220849,"08-2029":0.4029638152,"10-2029":0.3981601207,"12-2029":0.4053741748,"02-2030":0.4056028806,"04-2030":0.4147730083,"06-2030":0.4102598518,"08-2030":0.4151624549,"10-2030":0.4066856859,"12-2030":0.3924528302},"percentile_25":{"02-2020":0.0311003352,"04-2020":0.0299625468,"06-2020":0.028866346,"08-2020":0.0228573907,"10-2020":0.0222975554,"12-2020":0.0184343434,"02-2021":0.01478878,"04-2021":0.0111318399,"06-2021":0.0100682346,"08-2021":0.0076849396,"10-2021":0.0076268257,"12-2021":0.0076045627,"02-2022":0.007442795,"04-2022":0.0078668383,"06-2022":0.0110817036,"08-2022":0.0118021346,"10-2022":0.0173257849,"12-2022":0.0178472252,"02-2023":0.018691784,"04-2023":0.0255292286,"06-2023":0.0264718902,"08-2023":0.0297697566,"10-2023":0.0341415141,"12-2023":0.0430747049,"02-2024":0.0464535068,"04-2024":0.052231188,"06-2024":0.0591848839,"08-2024":0.0591336942,"10-2024":0.071913006,"12-2024":0.0833671702,"02-2025":0.1048916208,"04-2025":0.1124339008,"06-2025":0.1326622083,"08-2025":0.1523923119,"10-2025":0.1762820513,"12-2025":0.2074961459,"02-2026":0.2232533497,"04-2026":0.2316079721,"06-2026":0.2608695652,"08-2026":0.2846709758,"10-2026":0.2950649351,"12-2026":0.3062906437,"02-2027":0.3143656716,"04-2027":0.3423277864,"06-2027":0.35465968,"08-2027":0.3575015124,"10-2027":0.3610283729,"12-2027":0.3697525776,"02-2028":0.3722665217,"04-2028":0.3624316395,"06-2028":0.3548269638,"08-2028":0.3492078172,"10-2028":0.3342424242,"12-2028":0.3476033375,"02-2029":0.3296900161,"04-2029":0.3236451613,"06-2029":0.3088168998,"08-2029":0.3149602538,"10-2029":0.3267860184,"12-2029":0.3309916527,"02-2030":0.3394160584,"04-2030":0.3512328118,"06-2030":0.3519481696,"08-2030":0.3476945716,"10-2030":0.3533341658,"12-2030":0.3357562606},"percentile_75":{"02-2020":0.1002016129,"04-2020":0.095469268,"06-2020":0.0980148423,"08-2020":0.097874289,"10-2020":0.0922036801,"12-2020":0.0926640927,"02-2021":0.0855549655,"04-2021":0.0890308114,"06-2021":0.1031006154,"08-2021":0.1090277778,"10-2021":0.1216838347,"12-2021":0.1594322344,"02-2022":0.2016311813,"04-2022":0.2464487998,"06-2022":0.3058066933,"08-2022":0.3836658087,"10-2022":0.4589228183,"12-2022":0.5490104095,"02-2023":0.6311207139,"04-2023":0.6882240698,"06-2023":0.7154806386,"08-2023":0.7121392377,"10-2023":0.7172284644,"12-2023":0.7225513319,"02-2024":0.6921481481,"04-2024":0.7054930928,"06-2024":0.6922188283,"08-2024":0.6912622109,"10-2024":0.6848128243,"12-2024":0.6831254704,"02-2025":0.6605972441,"04-2025":0.641509434,"06-2025":0.6353790614,"08-2025":0.6272233202,"10-2025":0.6211585166,"12-2025":0.60832569,"02-2026":0.5965027978,"04-2026":0.5937538298,"06-2026":0.5877931734,"08-2026":0.5828275067,"10-2026":0.5781466536,"12-2026":0.5706740443,"02-2027":0.5511301209,"04-2027":0.5444839858,"06-2027":0.5334039627,"08-2027":0.5175272909,"10-2027":0.5203090045,"12-2027":0.5144561138,"02-2028":0.5,"04-2028":0.5020561279,"06-2028":0.493136833,"08-2028":0.4825149527,"10-2028":0.4723037964,"12-2028":0.4576065891,"02-2029":0.4601271329,"04-2029":0.4531318504,"06-2029":0.4557177616,"08-2029":0.4504420138,"10-2029":0.4476724102,"12-2029":0.452361301,"02-2030":0.4546243687,"04-2030":0.4703735966,"06-2030":0.4716921543,"08-2030":0.4651398601,"10-2030":0.456445993,"12-2030":0.4474539012}}