{"median":{"02-2020":0.065166107,"04-2020":0.0700431524,"06-2020":0.0773470434,"08-2020":0.079298419,"10-2020":0.0808706975,"12-2020":0.0847431167,"02-2021":0.0815967719,"04-2021":0.0764737783,"06-2021":0.0722163541,"08-2021":0.0640788048,"10-2021":0.055563723,"12-2021":0.0489862638,"02-2022":0.0411227884,"04-2022":0.0357148481,"06-2022":0.0295456317,"08-2022":0.0240487859,"10-2022":0.0203810368,"12-2022":0.0154739457,"02-2023":0.0150098564,"04-2023":0.0116280817,"06-2023":0.0094513803,"08-2023":0.0077369729,"10-2023":0.0071429483,"12-2023":0.004000064,"02-2024":0.0036766694,"04-2024":0.0017667845,"06-2024":0.0,"08-2024":0.0,"10-2024":0.0,"12-2024":0.0,"02-2025":0.0,"04-2025":0.0,"06-2025":0.0,"08-2025":0.0,"10-2025":0.0,"12-2025":0.0,"02-2026":0.0,"04-2026":0.0,"06-2026":0.0,"08-2026":0.0,"10-2026":0.0,"12-2026":0.0,"02-2027":0.0,"04-2027":0.0,"06-2027":0.0,"08-2027":0.0,"10-2027":0.0,"12-2027":0.0,"02-2028":0.0,"04-2028":0.0,"06-2028":0.0,"08-2028":0.0,"10-2028":0.0,"12-2028":0.0,"02-2029":0.0,"04-2029":0.0,"06-2029":0.0,"08-2029":0.0,"10-2029":0.0,"12-2029":0.0,"02-2030":0.0,"04-2030":0.0,"06-2030":0.0,"08-2030":0.0,"10-2030":0.0,"12-2030":0.0},"percentile_25":{"02-2020":0.0342860861,"04-2020":0.0352425181,"06-2020":0.0367365151,"08-2020":0.0368001471,"10-2020":0.0396433277,"12-2020":0.0380956512,"02-2021":0.0358780936,"04-2021":0.0338192512,"06-2021":0.0297954671,"08-2021":0.0245322642,"10-2021":0.0201821862,"12-2021":0.0185379919,"02-2022":0.0135158402,"04-2022":0.011174219,"06-2022":0.010056548,"08-2022":0.0073260073,"10-2022":0.0040445018,"12-2022":0.0036630037,"02-2023":0.0035273697,"04-2023":0.0,"06-2023":0.0,"08-2023":0.0,"10-2023":0.0,"12-2023":0.0,"02-2024":0.0,"04-2024":0.0,"06-2024":0.0,"08-2024":0.0,"10-2024":0.0,"12-2024":0.0,"02-2025":0.0,"04-2025":0.0,"06-2025":0.0,"08-2025":0.0,"10-2025":0.0,"12-2025":0.0,"02-2026":0.0,"04-2026":0.0,"06-2026":0.0,"08-2026":0.0,"10-2026":0.0,"12-2026":0.0,"02-2027":0.0,"04-2027":0.0,"06-2027":0.0,"08-2027":0.0,"10-2027":0.0,"12-2027":0.0,"02-2028":0.0,"04-2028":0.0,"06-2028":0.0,"08-2028":0.0,"10-2028":0.0,"12-2028":0.0,"02-2029":0.0,"04-2029":0.0,"06-2029":0.0,"08-2029":0.0,"10-2029":0.0,"12-2029":0.0,"02-2030":0.0,"04-2030":0.0,"06-2030":0.0,"08-2030":0.0,"10-2030":0.0,"12-2030":0.0},"percentile_75":{"02-2020":0.1127998639,"04-2020":0.1317111685,"06-2020":0.1621398366,"08-2020":0.1704391057,"10-2020":0.1779067852,"12-2020":0.1918739156,"02-2021":0.1912779191,"04-2021":0.1778852333,"06-2021":0.1812119598,"08-2021":0.1550671551,"10-2021":0.1311990115,"12-2021":0.1055603166,"02-2022":0.0887483995,"04-2022":0.0786768444,"06-2022":0.0718770332,"08-2022":0.0635208387,"10-2022":0.0630952381,"12-2022":0.0541785714,"02-2023":0.0456313207,"04-2023":0.0409856889,"06-2023":0.0384615385,"08-2023":0.0381679389,"10-2023":0.0391342197,"12-2023":0.0345493277,"02-2024":0.0308288611,"04-2024":0.0294178202,"06-2024":0.0258664438,"08-2024":0.0264935989,"10-2024":0.0226629503,"12-2024":0.0228369603,"02-2025":0.0190114068,"04-2025":0.0160199882,"06-2025":0.0142097264,"08-2025":0.0108630236,"10-2025":0.0106101045,"12-2025":0.0076408997,"02-2026":0.0074696741,"04-2026":0.0074696741,"06-2026":0.0071237926,"08-2026":0.003857378,"10-2026":0.0037629451,"12-2026":0.0037038573,"02-2027":0.0036439108,"04-2027":0.0036298001,"06-2027":0.0037383571,"08-2027":0.007155704,"10-2027":0.0072202166,"12-2027":0.007361245,"02-2028":0.0107742462,"04-2028":0.0150849151,"06-2028":0.0186130195,"08-2028":0.0186310986,"10-2028":0.0270403009,"12-2028":0.032488345,"02-2029":0.0415438036,"04-2029":0.056175368,"06-2029":0.0719260714,"08-2029":0.100111921,"10-2029":0.131098096,"12-2029":0.1637450258,"02-2030":0.1981897241,"04-2030":0.2767663388,"06-2030":0.3517857143,"08-2030":0.3963581443,"10-2030":0.4332369514,"12-2030":0.433136347}}