{"median":{"02-2020":0.065166107,"04-2020":0.0700431524,"06-2020":0.0773470434,"08-2020":0.079298419,"10-2020":0.0808706975,"12-2020":0.0847431167,"02-2021":0.0815967719,"04-2021":0.0764737783,"06-2021":0.0722163541,"08-2021":0.0640788048,"10-2021":0.055563723,"12-2021":0.0489862638,"02-2022":0.0411227884,"04-2022":0.0357148481,"06-2022":0.0295456317,"08-2022":0.0240487859,"10-2022":0.0203810368,"12-2022":0.0154739457,"02-2023":0.0150098564,"04-2023":0.0116280817,"06-2023":0.0103850991,"08-2023":0.0076192964,"10-2023":0.0073809783,"12-2023":0.0071692877,"02-2024":0.00390625,"04-2024":0.0037466322,"06-2024":0.0037749288,"08-2024":0.0073677069,"10-2024":0.0074078139,"12-2024":0.0075192221,"02-2025":0.0094508469,"04-2025":0.0146528011,"06-2025":0.0237335835,"08-2025":0.0284447141,"10-2025":0.0322566863,"12-2025":0.0379374641,"02-2026":0.0447787874,"04-2026":0.0522515528,"06-2026":0.0567349823,"08-2026":0.0647083372,"10-2026":0.0768229167,"12-2026":0.0818991546,"02-2027":0.0974053622,"04-2027":0.1205007825,"06-2027":0.1219283788,"08-2027":0.1353201374,"10-2027":0.1410628019,"12-2027":0.1526223304,"02-2028":0.1594988616,"04-2028":0.1684027778,"06-2028":0.2032598339,"08-2028":0.2468530505,"10-2028":0.287011633,"12-2028":0.3103424179,"02-2029":0.3552763244,"04-2029":0.3894840748,"06-2029":0.3777586865,"08-2029":0.39181942,"10-2029":0.3837122837,"12-2029":0.3925925926,"02-2030":0.3864406576,"04-2030":0.4036925912,"06-2030":0.4133558473,"08-2030":0.3996017157,"10-2030":0.3727397688,"12-2030":0.3633699634},"percentile_25":{"02-2020":0.0342860861,"04-2020":0.0352425181,"06-2020":0.0367365151,"08-2020":0.0368001471,"10-2020":0.0396433277,"12-2020":0.0380956512,"02-2021":0.0358780936,"04-2021":0.0338192512,"06-2021":0.0297954671,"08-2021":0.0245322642,"10-2021":0.0201821862,"12-2021":0.0185379919,"02-2022":0.0135158402,"04-2022":0.011174219,"06-2022":0.010056548,"08-2022":0.0073260073,"10-2022":0.0040445018,"12-2022":0.0036630037,"02-2023":0.0035273697,"04-2023":0.0,"06-2023":0.0,"08-2023":0.0,"10-2023":0.0,"12-2023":0.0,"02-2024":0.0,"04-2024":0.0,"06-2024":0.0,"08-2024":0.0,"10-2024":0.0,"12-2024":0.0,"02-2025":0.0,"04-2025":0.0,"06-2025":0.0,"08-2025":0.0,"10-2025":0.0,"12-2025":0.0,"02-2026":0.0,"04-2026":0.0,"06-2026":0.0,"08-2026":0.0,"10-2026":0.0,"12-2026":0.0,"02-2027":0.0,"04-2027":0.0,"06-2027":0.0,"08-2027":0.0,"10-2027":0.0,"12-2027":0.0,"02-2028":0.0,"04-2028":0.0,"06-2028":0.0,"08-2028":0.0,"10-2028":0.0,"12-2028":0.0,"02-2029":0.0,"04-2029":0.0,"06-2029":0.0,"08-2029":0.0,"10-2029":0.0,"12-2029":0.0,"02-2030":0.0,"04-2030":0.0,"06-2030":0.0,"08-2030":0.0,"10-2030":0.0,"12-2030":0.0},"percentile_75":{"02-2020":0.1127998639,"04-2020":0.1317111685,"06-2020":0.1621398366,"08-2020":0.1704391057,"10-2020":0.1779067852,"12-2020":0.1918739156,"02-2021":0.1912779191,"04-2021":0.1778852333,"06-2021":0.1812119598,"08-2021":0.1550671551,"10-2021":0.1311990115,"12-2021":0.1055603166,"02-2022":0.0887483995,"04-2022":0.0786768444,"06-2022":0.0718770332,"08-2022":0.0635208387,"10-2022":0.0630952381,"12-2022":0.0541785714,"02-2023":0.0456313207,"04-2023":0.0409856889,"06-2023":0.0391522989,"08-2023":0.0414079267,"10-2023":0.0417909902,"12-2023":0.0446991845,"02-2024":0.0557471264,"04-2024":0.0710707533,"06-2024":0.0864031068,"08-2024":0.1043345543,"10-2024":0.1416925466,"12-2024":0.1605660377,"02-2025":0.2251417536,"04-2025":0.2826588305,"06-2025":0.3726055421,"08-2025":0.4964783566,"10-2025":0.5449196072,"12-2025":0.6157043045,"02-2026":0.6736205593,"04-2026":0.675629905,"06-2026":0.6703018084,"08-2026":0.6609150273,"10-2026":0.6549597669,"12-2026":0.6559425761,"02-2027":0.6440480274,"04-2027":0.6544710695,"06-2027":0.6362839222,"08-2027":0.6198200654,"10-2027":0.616000196,"12-2027":0.5959869185,"02-2028":0.6061851045,"04-2028":0.5922251395,"06-2028":0.5832304527,"08-2028":0.575171386,"10-2028":0.5672922389,"12-2028":0.5633934202,"02-2029":0.5344655247,"04-2029":0.5268493151,"06-2029":0.5189909297,"08-2029":0.5212056462,"10-2029":0.5210232038,"12-2029":0.5183211726,"02-2030":0.5079381359,"04-2030":0.4986162362,"06-2030":0.5030142775,"08-2030":0.4946496127,"10-2030":0.4842572626,"12-2030":0.4668183158}}