{"median":{"02-2020":0.0599696356,"04-2020":0.0572599532,"06-2020":0.0527646052,"08-2020":0.0478789838,"10-2020":0.0447272727,"12-2020":0.04172729,"02-2021":0.0412037037,"04-2021":0.0329357549,"06-2021":0.0282722812,"08-2021":0.0238098987,"10-2021":0.0235352028,"12-2021":0.0253205128,"02-2022":0.024601265,"04-2022":0.027385537,"06-2022":0.0372352715,"08-2022":0.0431347698,"10-2022":0.044764933,"12-2022":0.0480611324,"02-2023":0.0599492645,"04-2023":0.0725833744,"06-2023":0.0893332177,"08-2023":0.1107015371,"10-2023":0.1290932162,"12-2023":0.1503351341,"02-2024":0.1811527522,"04-2024":0.2201007187,"06-2024":0.2767215781,"08-2024":0.3309824504,"10-2024":0.3511549951,"12-2024":0.3878660249,"02-2025":0.4512680748,"04-2025":0.5095818815,"06-2025":0.5420289855,"08-2025":0.5585784314,"10-2025":0.5554253785,"12-2025":0.5395660932,"02-2026":0.5439203354,"04-2026":0.5340659341,"06-2026":0.5303492916,"08-2026":0.5217332188,"10-2026":0.507874504,"12-2026":0.5073545317,"02-2027":0.4918751308,"04-2027":0.4913478235,"06-2027":0.4821089236,"08-2027":0.4714866434,"10-2027":0.4732947146,"12-2027":0.4585095928,"02-2028":0.4618161622,"04-2028":0.439844358,"06-2028":0.433460076,"08-2028":0.4330243916,"10-2028":0.4297972558,"12-2028":0.4205634905,"02-2029":0.4153818786,"04-2029":0.4010596886,"06-2029":0.3965681375,"08-2029":0.4003166285,"10-2029":0.3967161584,"12-2029":0.397761194,"02-2030":0.4011089011,"04-2030":0.4121240602,"06-2030":0.409665375,"08-2030":0.4034794812,"10-2030":0.3937782076,"12-2030":0.3760656753},"percentile_25":{"02-2020":0.0311003352,"04-2020":0.0299625468,"06-2020":0.028866346,"08-2020":0.0228573907,"10-2020":0.0222975554,"12-2020":0.0184343434,"02-2021":0.0139423581,"04-2021":0.0109789845,"06-2021":0.0077750838,"08-2021":0.0066064089,"10-2021":0.0038949385,"12-2021":0.0037700383,"02-2022":0.0,"04-2022":0.0,"06-2022":0.0,"08-2022":0.0,"10-2022":0.0,"12-2022":0.0,"02-2023":0.0,"04-2023":0.0,"06-2023":0.0,"08-2023":0.0,"10-2023":0.0,"12-2023":0.0,"02-2024":0.0,"04-2024":0.0,"06-2024":0.0,"08-2024":0.0,"10-2024":0.0,"12-2024":0.0,"02-2025":0.0,"04-2025":0.0,"06-2025":0.0,"08-2025":0.0,"10-2025":0.0,"12-2025":0.0,"02-2026":0.0,"04-2026":0.0,"06-2026":0.0,"08-2026":0.0,"10-2026":0.0,"12-2026":0.0,"02-2027":0.0,"04-2027":0.0,"06-2027":0.0,"08-2027":0.0,"10-2027":0.0,"12-2027":0.0,"02-2028":0.0,"04-2028":0.0,"06-2028":0.0,"08-2028":0.0,"10-2028":0.0,"12-2028":0.0,"02-2029":0.0,"04-2029":0.0,"06-2029":0.0,"08-2029":0.0,"10-2029":0.0,"12-2029":0.0,"02-2030":0.0,"04-2030":0.0,"06-2030":0.0,"08-2030":0.0,"10-2030":0.0,"12-2030":0.0},"percentile_75":{"02-2020":0.1002016129,"04-2020":0.095469268,"06-2020":0.0980148423,"08-2020":0.097874289,"10-2020":0.0922036801,"12-2020":0.0926640927,"02-2021":0.0822199673,"04-2021":0.0690826685,"06-2021":0.0630252101,"08-2021":0.0624478829,"10-2021":0.0724637681,"12-2021":0.0800079281,"02-2022":0.0955955589,"04-2022":0.1124009708,"06-2022":0.137473725,"08-2022":0.1748655934,"10-2022":0.2140950925,"12-2022":0.2669956584,"02-2023":0.3434103812,"04-2023":0.4137774861,"06-2023":0.5320874862,"08-2023":0.6447378862,"10-2023":0.6897553782,"12-2023":0.7352464183,"02-2024":0.725422833,"04-2024":0.7326251647,"06-2024":0.7184093517,"08-2024":0.6992549308,"10-2024":0.6823335198,"12-2024":0.6792994417,"02-2025":0.6822853073,"04-2025":0.6669642857,"06-2025":0.6488709559,"08-2025":0.6358567083,"10-2025":0.6340667192,"12-2025":0.6233657839,"02-2026":0.6114341085,"04-2026":0.6114756407,"06-2026":0.6052466555,"08-2026":0.5818062289,"10-2026":0.5848345023,"12-2026":0.5756201935,"02-2027":0.5603646169,"04-2027":0.5488872218,"06-2027":0.5496405751,"08-2027":0.5329012652,"10-2027":0.532150129,"12-2027":0.5220030298,"02-2028":0.518260201,"04-2028":0.5137882773,"06-2028":0.5115339142,"08-2028":0.4987541528,"10-2028":0.4946714671,"12-2028":0.4825785198,"02-2029":0.481678487,"04-2029":0.4696417037,"06-2029":0.4613309353,"08-2029":0.4578752006,"10-2029":0.4607894774,"12-2029":0.4560111094,"02-2030":0.4682632841,"04-2030":0.4767136302,"06-2030":0.4642423185,"08-2030":0.4572257213,"10-2030":0.452102456,"12-2030":0.4424590756}}