{"median":{"02-2020":0.0599696356,"04-2020":0.0572599532,"06-2020":0.0542236797,"08-2020":0.0578064863,"10-2020":0.0547474425,"12-2020":0.0558884462,"02-2021":0.0633665851,"04-2021":0.0721294268,"06-2021":0.0875509369,"08-2021":0.1044172932,"10-2021":0.1263269074,"12-2021":0.1589371854,"02-2022":0.1953244217,"04-2022":0.2350059737,"06-2022":0.2757286806,"08-2022":0.3408730159,"10-2022":0.3946798727,"12-2022":0.4572162349,"02-2023":0.5297349709,"04-2023":0.5633885409,"06-2023":0.606799687,"08-2023":0.6052490975,"10-2023":0.6035859937,"12-2023":0.6187542675,"02-2024":0.6069349569,"04-2024":0.5992292156,"06-2024":0.5999984918,"08-2024":0.6040441176,"10-2024":0.5941494198,"12-2024":0.5802664842,"02-2025":0.5695970696,"04-2025":0.5599252375,"06-2025":0.5537306896,"08-2025":0.5495507246,"10-2025":0.538313338,"12-2025":0.5203706498,"02-2026":0.517234564,"04-2026":0.5100135372,"06-2026":0.5138253242,"08-2026":0.5066326531,"10-2026":0.5,"12-2026":0.4826341542,"02-2027":0.4727041728,"04-2027":0.4670103093,"06-2027":0.4630506007,"08-2027":0.4566340927,"10-2027":0.4521270576,"12-2027":0.4422064777,"02-2028":0.4326334776,"04-2028":0.4311907455,"06-2028":0.4236466558,"08-2028":0.4192903672,"10-2028":0.4100335249,"12-2028":0.4112293144,"02-2029":0.4033742119,"04-2029":0.4073324611,"06-2029":0.4047994191,"08-2029":0.4017373209,"10-2029":0.401459854,"12-2029":0.4014875028,"02-2030":0.4010778567,"04-2030":0.4215007921,"06-2030":0.4224589414,"08-2030":0.4168590039,"10-2030":0.4057011704,"12-2030":0.4049533452},"percentile_25":{"02-2020":0.0311003352,"04-2020":0.0299625468,"06-2020":0.0281774009,"08-2020":0.024702381,"10-2020":0.024691358,"12-2020":0.0238337987,"02-2021":0.0208247661,"04-2021":0.0204320988,"06-2021":0.0192307692,"08-2021":0.0228359499,"10-2021":0.0261470985,"12-2021":0.0266938899,"02-2022":0.0307812477,"04-2022":0.0419265419,"06-2022":0.0588675214,"08-2022":0.0738482385,"10-2022":0.0823567112,"12-2022":0.087254902,"02-2023":0.099217759,"04-2023":0.1160657484,"06-2023":0.1365942029,"08-2023":0.152031404,"10-2023":0.1603755447,"12-2023":0.1699761905,"02-2024":0.1972508591,"04-2024":0.2143612144,"06-2024":0.2164141414,"08-2024":0.2514073115,"10-2024":0.2676893779,"12-2024":0.3032814408,"02-2025":0.3445227273,"04-2025":0.3544722507,"06-2025":0.390061204,"08-2025":0.4124207304,"10-2025":0.4415201676,"12-2025":0.4566192117,"02-2026":0.4521724423,"04-2026":0.436903626,"06-2026":0.4355285429,"08-2026":0.4240487062,"10-2026":0.4100183606,"12-2026":0.4166061706,"02-2027":0.4148769894,"04-2027":0.4119701003,"06-2027":0.3969289442,"08-2027":0.399609375,"10-2027":0.3908362383,"12-2027":0.3887660371,"02-2028":0.3853420687,"04-2028":0.3794066891,"06-2028":0.3741258741,"08-2028":0.3702974628,"10-2028":0.3578599067,"12-2028":0.3594353706,"02-2029":0.3526136364,"04-2029":0.3570728291,"06-2029":0.3536821829,"08-2029":0.3491604361,"10-2029":0.3543291121,"12-2029":0.3558552255,"02-2030":0.3513860943,"04-2030":0.3586702606,"06-2030":0.3618801913,"08-2030":0.352260523,"10-2030":0.3454651217,"12-2030":0.3368240188},"percentile_75":{"02-2020":0.1002016129,"04-2020":0.095469268,"06-2020":0.0991744757,"08-2020":0.103615169,"10-2020":0.1128855355,"12-2020":0.1270491803,"02-2021":0.1420779221,"04-2021":0.1577696652,"06-2021":0.1954143426,"08-2021":0.246177437,"10-2021":0.3033176006,"12-2021":0.3816217116,"02-2022":0.463648215,"04-2022":0.5411222493,"06-2022":0.6364565466,"08-2022":0.6968138394,"10-2022":0.7144128916,"12-2022":0.7258152174,"02-2023":0.7295096636,"04-2023":0.7492185546,"06-2023":0.7326921631,"08-2023":0.7118746656,"10-2023":0.7063185444,"12-2023":0.7017834596,"02-2024":0.6839871152,"04-2024":0.6833646069,"06-2024":0.658902439,"08-2024":0.6543609382,"10-2024":0.6562843676,"12-2024":0.6423304846,"02-2025":0.6383387889,"04-2025":0.6233481733,"06-2025":0.6128110975,"08-2025":0.6114341085,"10-2025":0.5988636364,"12-2025":0.5903573377,"02-2026":0.5779067297,"04-2026":0.5768947655,"06-2026":0.5621232814,"08-2026":0.5601809138,"10-2026":0.542102468,"12-2026":0.5275008195,"02-2027":0.5257395313,"04-2027":0.5037043226,"06-2027":0.5063139213,"08-2027":0.5134774921,"10-2027":0.5023281581,"12-2027":0.4918906205,"02-2028":0.4893140423,"04-2028":0.4852124183,"06-2028":0.4732635289,"08-2028":0.4694793805,"10-2028":0.4576100515,"12-2028":0.4607472537,"02-2029":0.4536363636,"04-2029":0.4530845091,"06-2029":0.4461238837,"08-2029":0.4456235698,"10-2029":0.4489825101,"12-2029":0.4472971957,"02-2030":0.4491998755,"04-2030":0.4623056653,"06-2030":0.4603863888,"08-2030":0.4615384615,"10-2030":0.4529143312,"12-2030":0.445513957}}