{"median":{"02-2020":0.065166107,"04-2020":0.0700431524,"06-2020":0.0773470434,"08-2020":0.079298419,"10-2020":0.0808706975,"12-2020":0.0847431167,"02-2021":0.0851851852,"04-2021":0.0898417794,"06-2021":0.0933066719,"08-2021":0.1073015925,"10-2021":0.1235539654,"12-2021":0.1458498024,"02-2022":0.1772423025,"04-2022":0.2057387057,"06-2022":0.2404738956,"08-2022":0.3013394691,"10-2022":0.337585693,"12-2022":0.4026088132,"02-2023":0.4778933294,"04-2023":0.5230145741,"06-2023":0.5819113293,"08-2023":0.6107368851,"10-2023":0.6141300965,"12-2023":0.6156661601,"02-2024":0.6122208437,"04-2024":0.6125068493,"06-2024":0.6124077609,"08-2024":0.6096518528,"10-2024":0.6056562281,"12-2024":0.5899280576,"02-2025":0.5869145543,"04-2025":0.5719860902,"06-2025":0.5605228105,"08-2025":0.5476388889,"10-2025":0.5467533645,"12-2025":0.5324640436,"02-2026":0.5252710875,"04-2026":0.5200657895,"06-2026":0.509765774,"08-2026":0.5,"10-2026":0.4907063197,"12-2026":0.4769230769,"02-2027":0.4726244555,"04-2027":0.4716981132,"06-2027":0.4693092622,"08-2027":0.4643449752,"10-2027":0.4560715384,"12-2027":0.4458226026,"02-2028":0.4351020026,"04-2028":0.4314757482,"06-2028":0.4236111111,"08-2028":0.4209579705,"10-2028":0.4168241154,"12-2028":0.4105154233,"02-2029":0.409354572,"04-2029":0.4011484124,"06-2029":0.3966253979,"08-2029":0.397110972,"10-2029":0.3962962963,"12-2029":0.4033290368,"02-2030":0.411963434,"04-2030":0.4219499275,"06-2030":0.4204168413,"08-2030":0.4215544437,"10-2030":0.410502815,"12-2030":0.405062575},"percentile_25":{"02-2020":0.0342860861,"04-2020":0.0352425181,"06-2020":0.0367365151,"08-2020":0.0368001471,"10-2020":0.0396433277,"12-2020":0.0380956512,"02-2021":0.0359928058,"04-2021":0.0364037682,"06-2021":0.033274755,"08-2021":0.0362318841,"10-2021":0.0371807967,"12-2021":0.0398214286,"02-2022":0.048,"04-2022":0.0525932401,"06-2022":0.0662137922,"08-2022":0.0741108368,"10-2022":0.0847341199,"12-2022":0.1006000747,"02-2023":0.1126843445,"04-2023":0.1177802024,"06-2023":0.1301533865,"08-2023":0.1700486295,"10-2023":0.2050814629,"12-2023":0.2249740092,"02-2024":0.2678890029,"04-2024":0.3086427824,"06-2024":0.3418710287,"08-2024":0.3686692096,"10-2024":0.404463526,"12-2024":0.4292878392,"02-2025":0.4409136691,"04-2025":0.4569641099,"06-2025":0.4749817776,"08-2025":0.4709430507,"10-2025":0.4513888889,"12-2025":0.4624767728,"02-2026":0.454953435,"04-2026":0.4600303951,"06-2026":0.444340796,"08-2026":0.4222948172,"10-2026":0.4188001813,"12-2026":0.411650361,"02-2027":0.4069196429,"04-2027":0.4013821852,"06-2027":0.4022776435,"08-2027":0.3960585906,"10-2027":0.3928986068,"12-2027":0.3912439662,"02-2028":0.3860188088,"04-2028":0.3797337165,"06-2028":0.3757939557,"08-2028":0.3737843698,"10-2028":0.3684147977,"12-2028":0.3663589658,"02-2029":0.3627946128,"04-2029":0.3579415954,"06-2029":0.350801455,"08-2029":0.3537783344,"10-2029":0.3482805636,"12-2029":0.3517228834,"02-2030":0.3557070034,"04-2030":0.3680049069,"06-2030":0.3667036459,"08-2030":0.3691087475,"10-2030":0.3512328118,"12-2030":0.3548475306},"percentile_75":{"02-2020":0.1127998639,"04-2020":0.1317111685,"06-2020":0.1621398366,"08-2020":0.1704391057,"10-2020":0.1779067852,"12-2020":0.1918739156,"02-2021":0.2028022545,"04-2021":0.2258624233,"06-2021":0.2500202758,"08-2021":0.2766324402,"10-2021":0.3145818802,"12-2021":0.3655709671,"02-2022":0.4425755624,"04-2022":0.5058207764,"06-2022":0.5835619122,"08-2022":0.6711538462,"10-2022":0.7059171066,"12-2022":0.7060155642,"02-2023":0.7376766167,"04-2023":0.7190622255,"06-2023":0.7078664365,"08-2023":0.699398178,"10-2023":0.7119425855,"12-2023":0.7022101473,"02-2024":0.6876256549,"04-2024":0.6907184955,"06-2024":0.6810314685,"08-2024":0.666967509,"10-2024":0.6619329344,"12-2024":0.6448557164,"02-2025":0.6409125485,"04-2025":0.6326349432,"06-2025":0.6133097166,"08-2025":0.607571165,"10-2025":0.5914491505,"12-2025":0.5919544741,"02-2026":0.5878588491,"04-2026":0.5733114026,"06-2026":0.5648654989,"08-2026":0.5574097876,"10-2026":0.5419314381,"12-2026":0.5302625903,"02-2027":0.5290384005,"04-2027":0.5131448449,"06-2027":0.511198027,"08-2027":0.512372572,"10-2027":0.5037985075,"12-2027":0.4942074738,"02-2028":0.48470214,"04-2028":0.4768037071,"06-2028":0.4648809524,"08-2028":0.4668699187,"10-2028":0.4709481695,"12-2028":0.460263623,"02-2029":0.4510434454,"04-2029":0.4387302114,"06-2029":0.4442309305,"08-2029":0.4400352113,"10-2029":0.446983017,"12-2029":0.4527378577,"02-2030":0.4513820164,"04-2030":0.4650790045,"06-2030":0.4614711471,"08-2030":0.462564796,"10-2030":0.4556666667,"12-2030":0.4449281101}}