{"median":{"02-2020":0.0599696356,"04-2020":0.0572599532,"06-2020":0.0527646052,"08-2020":0.0478789838,"10-2020":0.0447272727,"12-2020":0.04172729,"02-2021":0.0412037037,"04-2021":0.0329357549,"06-2021":0.0296256249,"08-2021":0.0233463035,"10-2021":0.022531517,"12-2021":0.0183561016,"02-2022":0.0137743006,"04-2022":0.011627907,"06-2022":0.0116054593,"08-2022":0.0096672868,"10-2022":0.0077831617,"12-2022":0.0073264005,"02-2023":0.0038684864,"04-2023":0.0035792035,"06-2023":0.0,"08-2023":0.0,"10-2023":0.0,"12-2023":0.0,"02-2024":0.0,"04-2024":0.0,"06-2024":0.0,"08-2024":0.0,"10-2024":0.0,"12-2024":0.0,"02-2025":0.0,"04-2025":0.0,"06-2025":0.0,"08-2025":0.0,"10-2025":0.0,"12-2025":0.0,"02-2026":0.0,"04-2026":0.0,"06-2026":0.0,"08-2026":0.0,"10-2026":0.0,"12-2026":0.0,"02-2027":0.0,"04-2027":0.0,"06-2027":0.0,"08-2027":0.0,"10-2027":0.0,"12-2027":0.0,"02-2028":0.0,"04-2028":0.0,"06-2028":0.0,"08-2028":0.0,"10-2028":0.0,"12-2028":0.0,"02-2029":0.0,"04-2029":0.0,"06-2029":0.0,"08-2029":0.0,"10-2029":0.0,"12-2029":0.0,"02-2030":0.0,"04-2030":0.0,"06-2030":0.0,"08-2030":0.0,"10-2030":0.0,"12-2030":0.0},"percentile_25":{"02-2020":0.0311003352,"04-2020":0.0299625468,"06-2020":0.028866346,"08-2020":0.0228573907,"10-2020":0.0222975554,"12-2020":0.0184343434,"02-2021":0.0139423581,"04-2021":0.0109789845,"06-2021":0.0078431373,"08-2021":0.0073732906,"10-2021":0.0038986797,"12-2021":0.0037595567,"02-2022":0.0,"04-2022":0.0,"06-2022":0.0,"08-2022":0.0,"10-2022":0.0,"12-2022":0.0,"02-2023":0.0,"04-2023":0.0,"06-2023":0.0,"08-2023":0.0,"10-2023":0.0,"12-2023":0.0,"02-2024":0.0,"04-2024":0.0,"06-2024":0.0,"08-2024":0.0,"10-2024":0.0,"12-2024":0.0,"02-2025":0.0,"04-2025":0.0,"06-2025":0.0,"08-2025":0.0,"10-2025":0.0,"12-2025":0.0,"02-2026":0.0,"04-2026":0.0,"06-2026":0.0,"08-2026":0.0,"10-2026":0.0,"12-2026":0.0,"02-2027":0.0,"04-2027":0.0,"06-2027":0.0,"08-2027":0.0,"10-2027":0.0,"12-2027":0.0,"02-2028":0.0,"04-2028":0.0,"06-2028":0.0,"08-2028":0.0,"10-2028":0.0,"12-2028":0.0,"02-2029":0.0,"04-2029":0.0,"06-2029":0.0,"08-2029":0.0,"10-2029":0.0,"12-2029":0.0,"02-2030":0.0,"04-2030":0.0,"06-2030":0.0,"08-2030":0.0,"10-2030":0.0,"12-2030":0.0},"percentile_75":{"02-2020":0.1002016129,"04-2020":0.095469268,"06-2020":0.0980148423,"08-2020":0.097874289,"10-2020":0.0922036801,"12-2020":0.0926640927,"02-2021":0.0822199673,"04-2021":0.0690826685,"06-2021":0.0641754079,"08-2021":0.0549847793,"10-2021":0.0499532211,"12-2021":0.0484404751,"02-2022":0.0443207547,"04-2022":0.0406918865,"06-2022":0.0384632586,"08-2022":0.0324623937,"10-2022":0.0317475435,"12-2022":0.0305059959,"02-2023":0.0268789732,"04-2023":0.0236689164,"06-2023":0.0210976282,"08-2023":0.0194934005,"10-2023":0.0144840315,"12-2023":0.0152246402,"02-2024":0.0153414323,"04-2024":0.0140737399,"06-2024":0.0077072153,"08-2024":0.0047998538,"10-2024":0.0073937914,"12-2024":0.0072995639,"02-2025":0.0073803775,"04-2025":0.0050729539,"06-2025":0.004811492,"08-2025":0.0039448194,"10-2025":0.0086001061,"12-2025":0.0087890625,"02-2026":0.0118582677,"04-2026":0.0146824175,"06-2026":0.0199622532,"08-2026":0.0231854839,"10-2026":0.0300417135,"12-2026":0.0271266503,"02-2027":0.0271505376,"04-2027":0.0371429145,"06-2027":0.045752532,"08-2027":0.050166308,"10-2027":0.0555591916,"12-2027":0.0646826581,"02-2028":0.07571165,"04-2028":0.0907863675,"06-2028":0.0938628039,"08-2028":0.1250820583,"10-2028":0.1545665943,"12-2028":0.1979875894,"02-2029":0.2246443625,"04-2029":0.2800797448,"06-2029":0.312635428,"08-2029":0.3910786821,"10-2029":0.4329196217,"12-2029":0.4375564164,"02-2030":0.4375564164,"04-2030":0.4400383574,"06-2030":0.4405459574,"08-2030":0.4467534816,"10-2030":0.4374144845,"12-2030":0.4251795136}}