{"median":{"02-2020":0.0599696356,"04-2020":0.0572599532,"06-2020":0.0527646052,"08-2020":0.0478789838,"10-2020":0.0447272727,"12-2020":0.04172729,"02-2021":0.0412037037,"04-2021":0.0329357549,"06-2021":0.0296256249,"08-2021":0.0233463035,"10-2021":0.022531517,"12-2021":0.0183561016,"02-2022":0.0137743006,"04-2022":0.011627907,"06-2022":0.0116054593,"08-2022":0.0096672868,"10-2022":0.0077831617,"12-2022":0.0073264005,"02-2023":0.0038684864,"04-2023":0.0035792035,"06-2023":0.0,"08-2023":0.0,"10-2023":0.0,"12-2023":0.0,"02-2024":0.0,"04-2024":0.0,"06-2024":0.0,"08-2024":0.0,"10-2024":0.0,"12-2024":0.0,"02-2025":0.0,"04-2025":0.0,"06-2025":0.0,"08-2025":0.0,"10-2025":0.0,"12-2025":0.0,"02-2026":0.0,"04-2026":0.0,"06-2026":0.0,"08-2026":0.0,"10-2026":0.0,"12-2026":0.0,"02-2027":0.0,"04-2027":0.0,"06-2027":0.0,"08-2027":0.0,"10-2027":0.0,"12-2027":0.0,"02-2028":0.0,"04-2028":0.0,"06-2028":0.0,"08-2028":0.0,"10-2028":0.0,"12-2028":0.0,"02-2029":0.0,"04-2029":0.0,"06-2029":0.0,"08-2029":0.0,"10-2029":0.0,"12-2029":0.0,"02-2030":0.0,"04-2030":0.0,"06-2030":0.0,"08-2030":0.0,"10-2030":0.0,"12-2030":0.0},"percentile_25":{"02-2020":0.0311003352,"04-2020":0.0299625468,"06-2020":0.028866346,"08-2020":0.0228573907,"10-2020":0.0222975554,"12-2020":0.0184343434,"02-2021":0.0139423581,"04-2021":0.0109789845,"06-2021":0.0078431373,"08-2021":0.0073732906,"10-2021":0.0038986797,"12-2021":0.0037595567,"02-2022":0.0,"04-2022":0.0,"06-2022":0.0,"08-2022":0.0,"10-2022":0.0,"12-2022":0.0,"02-2023":0.0,"04-2023":0.0,"06-2023":0.0,"08-2023":0.0,"10-2023":0.0,"12-2023":0.0,"02-2024":0.0,"04-2024":0.0,"06-2024":0.0,"08-2024":0.0,"10-2024":0.0,"12-2024":0.0,"02-2025":0.0,"04-2025":0.0,"06-2025":0.0,"08-2025":0.0,"10-2025":0.0,"12-2025":0.0,"02-2026":0.0,"04-2026":0.0,"06-2026":0.0,"08-2026":0.0,"10-2026":0.0,"12-2026":0.0,"02-2027":0.0,"04-2027":0.0,"06-2027":0.0,"08-2027":0.0,"10-2027":0.0,"12-2027":0.0,"02-2028":0.0,"04-2028":0.0,"06-2028":0.0,"08-2028":0.0,"10-2028":0.0,"12-2028":0.0,"02-2029":0.0,"04-2029":0.0,"06-2029":0.0,"08-2029":0.0,"10-2029":0.0,"12-2029":0.0,"02-2030":0.0,"04-2030":0.0,"06-2030":0.0,"08-2030":0.0,"10-2030":0.0,"12-2030":0.0},"percentile_75":{"02-2020":0.1002016129,"04-2020":0.095469268,"06-2020":0.0980148423,"08-2020":0.097874289,"10-2020":0.0922036801,"12-2020":0.0926640927,"02-2021":0.0822199673,"04-2021":0.0690826685,"06-2021":0.0641754079,"08-2021":0.0549847793,"10-2021":0.0499532211,"12-2021":0.0484404751,"02-2022":0.0443207547,"04-2022":0.0406918865,"06-2022":0.0384632586,"08-2022":0.0324623937,"10-2022":0.0317475435,"12-2022":0.0305059959,"02-2023":0.0268789732,"04-2023":0.0236689164,"06-2023":0.0210976282,"08-2023":0.0196348992,"10-2023":0.0160794145,"12-2023":0.020286257,"02-2024":0.0208006279,"04-2024":0.0225991114,"06-2024":0.0266274779,"08-2024":0.0311642367,"10-2024":0.0442822651,"12-2024":0.0550509315,"02-2025":0.0700575504,"04-2025":0.0795729094,"06-2025":0.1010086264,"08-2025":0.1206794762,"10-2025":0.1704946263,"12-2025":0.1993055556,"02-2026":0.2756485849,"04-2026":0.3648931096,"06-2026":0.4133748196,"08-2026":0.4706524927,"10-2026":0.557275724,"12-2026":0.6111660841,"02-2027":0.5985295975,"04-2027":0.6180574485,"06-2027":0.5950772201,"08-2027":0.5932994063,"10-2027":0.5930096184,"12-2027":0.5816617522,"02-2028":0.5599789703,"04-2028":0.5570840296,"06-2028":0.5486623362,"08-2028":0.5438662221,"10-2028":0.5450374532,"12-2028":0.5338884847,"02-2029":0.525,"04-2029":0.5137005851,"06-2029":0.4955578448,"08-2029":0.4897920432,"10-2029":0.4931015303,"12-2029":0.4970583039,"02-2030":0.4887863617,"04-2030":0.4785848128,"06-2030":0.4837794918,"08-2030":0.468692132,"10-2030":0.4599785891,"12-2030":0.4481756757}}