{"median":{"02-2020":0.065166107,"04-2020":0.0700431524,"06-2020":0.0773470434,"08-2020":0.079298419,"10-2020":0.0808706975,"12-2020":0.0847431167,"02-2021":0.0815967719,"04-2021":0.0764737783,"06-2021":0.0722163541,"08-2021":0.0640788048,"10-2021":0.055563723,"12-2021":0.0489862638,"02-2022":0.0411227884,"04-2022":0.0357148481,"06-2022":0.0295456317,"08-2022":0.0240487859,"10-2022":0.0203810368,"12-2022":0.0154739457,"02-2023":0.0150098564,"04-2023":0.0116280817,"06-2023":0.0094513803,"08-2023":0.0077369729,"10-2023":0.0071429483,"12-2023":0.004000064,"02-2024":0.0036766694,"04-2024":0.0017667845,"06-2024":0.0,"08-2024":0.0,"10-2024":0.0,"12-2024":0.0,"02-2025":0.0,"04-2025":0.0,"06-2025":0.0,"08-2025":0.0,"10-2025":0.0,"12-2025":0.0,"02-2026":0.0,"04-2026":0.0,"06-2026":0.0,"08-2026":0.0,"10-2026":0.0,"12-2026":0.0,"02-2027":0.0,"04-2027":0.0,"06-2027":0.0,"08-2027":0.0,"10-2027":0.0,"12-2027":0.0,"02-2028":0.0,"04-2028":0.0,"06-2028":0.0,"08-2028":0.0,"10-2028":0.0,"12-2028":0.0,"02-2029":0.0,"04-2029":0.0,"06-2029":0.0,"08-2029":0.0,"10-2029":0.0,"12-2029":0.0,"02-2030":0.0,"04-2030":0.0,"06-2030":0.0,"08-2030":0.0,"10-2030":0.0,"12-2030":0.0},"percentile_25":{"02-2020":0.0342860861,"04-2020":0.0352425181,"06-2020":0.0367365151,"08-2020":0.0368001471,"10-2020":0.0396433277,"12-2020":0.0380956512,"02-2021":0.0358780936,"04-2021":0.0338192512,"06-2021":0.0297954671,"08-2021":0.0245322642,"10-2021":0.0201821862,"12-2021":0.0185379919,"02-2022":0.0135158402,"04-2022":0.011174219,"06-2022":0.010056548,"08-2022":0.0073260073,"10-2022":0.0040445018,"12-2022":0.0036630037,"02-2023":0.0035273697,"04-2023":0.0,"06-2023":0.0,"08-2023":0.0,"10-2023":0.0,"12-2023":0.0,"02-2024":0.0,"04-2024":0.0,"06-2024":0.0,"08-2024":0.0,"10-2024":0.0,"12-2024":0.0,"02-2025":0.0,"04-2025":0.0,"06-2025":0.0,"08-2025":0.0,"10-2025":0.0,"12-2025":0.0,"02-2026":0.0,"04-2026":0.0,"06-2026":0.0,"08-2026":0.0,"10-2026":0.0,"12-2026":0.0,"02-2027":0.0,"04-2027":0.0,"06-2027":0.0,"08-2027":0.0,"10-2027":0.0,"12-2027":0.0,"02-2028":0.0,"04-2028":0.0,"06-2028":0.0,"08-2028":0.0,"10-2028":0.0,"12-2028":0.0,"02-2029":0.0,"04-2029":0.0,"06-2029":0.0,"08-2029":0.0,"10-2029":0.0,"12-2029":0.0,"02-2030":0.0,"04-2030":0.0,"06-2030":0.0,"08-2030":0.0,"10-2030":0.0,"12-2030":0.0},"percentile_75":{"02-2020":0.1127998639,"04-2020":0.1317111685,"06-2020":0.1621398366,"08-2020":0.1704391057,"10-2020":0.1779067852,"12-2020":0.1918739156,"02-2021":0.1912779191,"04-2021":0.1778852333,"06-2021":0.1812119598,"08-2021":0.1550671551,"10-2021":0.1311990115,"12-2021":0.1055603166,"02-2022":0.0887483995,"04-2022":0.0786768444,"06-2022":0.0718770332,"08-2022":0.0635208387,"10-2022":0.0630952381,"12-2022":0.0541785714,"02-2023":0.0456313207,"04-2023":0.0409856889,"06-2023":0.0384615385,"08-2023":0.0381679389,"10-2023":0.0391342197,"12-2023":0.0345493277,"02-2024":0.0308288611,"04-2024":0.0294178202,"06-2024":0.0258664438,"08-2024":0.0264935989,"10-2024":0.0226629503,"12-2024":0.0228369603,"02-2025":0.0190114068,"04-2025":0.0160199882,"06-2025":0.0140371911,"08-2025":0.0120785037,"10-2025":0.0112150713,"12-2025":0.0152091255,"02-2026":0.015565608,"04-2026":0.0145325689,"06-2026":0.0193081017,"08-2026":0.0254088431,"10-2026":0.0318592114,"12-2026":0.0397298456,"02-2027":0.0572050761,"04-2027":0.0596860532,"06-2027":0.083510071,"08-2027":0.1098013521,"10-2027":0.1382347015,"12-2027":0.1905635056,"02-2028":0.2408915468,"04-2028":0.2838047269,"06-2028":0.3915226999,"08-2028":0.5046062633,"10-2028":0.5937431087,"12-2028":0.5849349635,"02-2029":0.5923826243,"04-2029":0.5887041611,"06-2029":0.5776515152,"08-2029":0.5487162373,"10-2029":0.5591696535,"12-2029":0.5416805666,"02-2030":0.5525932401,"04-2030":0.5416277031,"06-2030":0.5478205745,"08-2030":0.5496957404,"10-2030":0.5407564725,"12-2030":0.5188158431}}