{"median":{"02-2020":0.065166107,"04-2020":0.0700431524,"06-2020":0.0773470434,"08-2020":0.079298419,"10-2020":0.0808706975,"12-2020":0.0847431167,"02-2021":0.0815967719,"04-2021":0.0764737783,"06-2021":0.0722163541,"08-2021":0.0640788048,"10-2021":0.055563723,"12-2021":0.0489862638,"02-2022":0.041260408,"04-2022":0.0378923799,"06-2022":0.0384757677,"08-2022":0.039909366,"10-2022":0.0495082173,"12-2022":0.0546132339,"02-2023":0.0701873225,"04-2023":0.0817430025,"06-2023":0.0967755357,"08-2023":0.1230271597,"10-2023":0.1490600671,"12-2023":0.172775264,"02-2024":0.2302101733,"04-2024":0.2765931373,"06-2024":0.3234541899,"08-2024":0.4064814021,"10-2024":0.4329193094,"12-2024":0.5232622725,"02-2025":0.5688736682,"04-2025":0.5823279159,"06-2025":0.5890395221,"08-2025":0.5805877971,"10-2025":0.5809074646,"12-2025":0.5746904885,"02-2026":0.5626006069,"04-2026":0.5581444487,"06-2026":0.5627756278,"08-2026":0.5553607638,"10-2026":0.5357306927,"12-2026":0.5302629078,"02-2027":0.5248703907,"04-2027":0.5182301658,"06-2027":0.5171070065,"08-2027":0.5027164459,"10-2027":0.5026254447,"12-2027":0.4847528713,"02-2028":0.4770580297,"04-2028":0.477726926,"06-2028":0.4665476377,"08-2028":0.4575790622,"10-2028":0.4446455505,"12-2028":0.439471494,"02-2029":0.4428207968,"04-2029":0.4364566651,"06-2029":0.423639683,"08-2029":0.4112666991,"10-2029":0.4145584319,"12-2029":0.4185271847,"02-2030":0.4233031674,"04-2030":0.4293277395,"06-2030":0.4190304166,"08-2030":0.4174050233,"10-2030":0.4099694618,"12-2030":0.3965911572},"percentile_25":{"02-2020":0.0342860861,"04-2020":0.0352425181,"06-2020":0.0367365151,"08-2020":0.0368001471,"10-2020":0.0396433277,"12-2020":0.0380956512,"02-2021":0.0358780936,"04-2021":0.0338192512,"06-2021":0.0297954671,"08-2021":0.0245322642,"10-2021":0.0201821862,"12-2021":0.0185379919,"02-2022":0.0139057751,"04-2022":0.0112178388,"06-2022":0.0081336238,"08-2022":0.0076854452,"10-2022":0.0081549693,"12-2022":0.0079065975,"02-2023":0.0077834936,"04-2023":0.0074673511,"06-2023":0.0077072146,"08-2023":0.0116758242,"10-2023":0.0117192823,"12-2023":0.0151230349,"02-2024":0.0154447009,"04-2024":0.0208787067,"06-2024":0.0229662078,"08-2024":0.0243971482,"10-2024":0.0219114219,"12-2024":0.0296170365,"02-2025":0.0383166216,"04-2025":0.0444614392,"06-2025":0.0448235975,"08-2025":0.0503112238,"10-2025":0.0616563246,"12-2025":0.0814745196,"02-2026":0.0952075106,"04-2026":0.1161385839,"06-2026":0.12560118,"08-2026":0.1560419115,"10-2026":0.1669344305,"12-2026":0.1529235624,"02-2027":0.1637894614,"04-2027":0.1957198444,"06-2027":0.212998713,"08-2027":0.2063443492,"10-2027":0.2225194133,"12-2027":0.2554530843,"02-2028":0.248422299,"04-2028":0.269431551,"06-2028":0.2911811888,"08-2028":0.3136413135,"10-2028":0.3186806764,"12-2028":0.3415787511,"02-2029":0.3367716929,"04-2029":0.3492212567,"06-2029":0.347027198,"08-2029":0.3300163506,"10-2029":0.3363095238,"12-2029":0.3273362805,"02-2030":0.3169558034,"04-2030":0.3272352647,"06-2030":0.3189051223,"08-2030":0.3245162094,"10-2030":0.3453840606,"12-2030":0.3295943347},"percentile_75":{"02-2020":0.1127998639,"04-2020":0.1317111685,"06-2020":0.1621398366,"08-2020":0.1704391057,"10-2020":0.1779067852,"12-2020":0.1918739156,"02-2021":0.1912779191,"04-2021":0.1778852333,"06-2021":0.1812119598,"08-2021":0.1550671551,"10-2021":0.1311990115,"12-2021":0.1055603166,"02-2022":0.0982086691,"04-2022":0.0986814308,"06-2022":0.1073420854,"08-2022":0.1208488705,"10-2022":0.1506662629,"12-2022":0.2045082998,"02-2023":0.2613797816,"04-2023":0.3251103663,"06-2023":0.4046223958,"08-2023":0.5039998525,"10-2023":0.6074691975,"12-2023":0.6602949682,"02-2024":0.7102272727,"04-2024":0.7228746322,"06-2024":0.7199825876,"08-2024":0.7096926714,"10-2024":0.7171162938,"12-2024":0.7037190625,"02-2025":0.7031731981,"04-2025":0.6857126131,"06-2025":0.6696305995,"08-2025":0.6684555812,"10-2025":0.6609285411,"12-2025":0.6533481317,"02-2026":0.6515998163,"04-2026":0.6294151294,"06-2026":0.6241195891,"08-2026":0.6063840435,"10-2026":0.5980197886,"12-2026":0.60126159,"02-2027":0.5960384615,"04-2027":0.5745489546,"06-2027":0.5710905813,"08-2027":0.5632728059,"10-2027":0.567929439,"12-2027":0.5553013393,"02-2028":0.5380449875,"04-2028":0.5379123615,"06-2028":0.5227036652,"08-2028":0.5126697029,"10-2028":0.5052736512,"12-2028":0.5004578755,"02-2029":0.4986933798,"04-2029":0.4944128905,"06-2029":0.4896580127,"08-2029":0.4824183427,"10-2029":0.4807597258,"12-2029":0.4832027791,"02-2030":0.4845842142,"04-2030":0.4910068476,"06-2030":0.4720833734,"08-2030":0.4733842903,"10-2030":0.4614885528,"12-2030":0.4518294071}}