{"median":{"02-2020":0.0677462888,"04-2020":0.0747394898,"06-2020":0.0880613027,"08-2020":0.0950570342,"10-2020":0.0990328324,"12-2020":0.1035069513,"02-2021":0.1102602108,"04-2021":0.1229040672,"06-2021":0.125708061,"08-2021":0.1370072956,"10-2021":0.15911707,"12-2021":0.1824759164,"02-2022":0.2142093433,"04-2022":0.257821106,"06-2022":0.3144818119,"08-2022":0.378275846,"10-2022":0.4386951405,"12-2022":0.5203041568,"02-2023":0.563565791,"04-2023":0.6150871194,"06-2023":0.6252272727,"08-2023":0.6261531365,"10-2023":0.6223056003,"12-2023":0.6039835165,"02-2024":0.6046443043,"04-2024":0.5919847632,"06-2024":0.597752809,"08-2024":0.5919326241,"10-2024":0.5840511672,"12-2024":0.5883484163,"02-2025":0.5772296118,"04-2025":0.5569226738,"06-2025":0.555944441,"08-2025":0.5333351624,"10-2025":0.5321444972,"12-2025":0.5194916425,"02-2026":0.512358419,"04-2026":0.5119089364,"06-2026":0.5071685509,"08-2026":0.5017362995,"10-2026":0.4880679829,"12-2026":0.4787412874,"02-2027":0.4725569194,"04-2027":0.4619770864,"06-2027":0.4475621234,"08-2027":0.4341361141,"10-2027":0.4378439888,"12-2027":0.4403125392,"02-2028":0.4361302192,"04-2028":0.4463155515,"06-2028":0.4401257862,"08-2028":0.4381823957,"10-2028":0.4212406015,"12-2028":0.4075425477,"02-2029":0.4006751227,"04-2029":0.3886890488,"06-2029":0.3868817204,"08-2029":0.3791242541,"10-2029":0.3758313405,"12-2029":0.3749539352,"02-2030":0.3774201988,"04-2030":0.381712963,"06-2030":0.3685915362,"08-2030":0.3589438855,"10-2030":0.3562271062,"12-2030":0.3492856065},"percentile_25":{"02-2020":0.0388754191,"04-2020":0.0373866652,"06-2020":0.0428648604,"08-2020":0.0431450941,"10-2020":0.0432428242,"12-2020":0.0440337224,"02-2021":0.0443979667,"04-2021":0.0466505029,"06-2021":0.0416273585,"08-2021":0.0431372549,"10-2021":0.0437162805,"12-2021":0.0472118486,"02-2022":0.0584757552,"04-2022":0.0667488481,"06-2022":0.0704873477,"08-2022":0.0848181852,"10-2022":0.0966082317,"12-2022":0.1016936332,"02-2023":0.1231437377,"04-2023":0.1353908828,"06-2023":0.1516247379,"08-2023":0.1839454405,"10-2023":0.1970158467,"12-2023":0.2418964789,"02-2024":0.3059388707,"04-2024":0.3345566647,"06-2024":0.3678966947,"08-2024":0.4084249084,"10-2024":0.4203058473,"12-2024":0.4320457041,"02-2025":0.474784489,"04-2025":0.4798501873,"06-2025":0.47002504,"08-2025":0.4603984655,"10-2025":0.4650078641,"12-2025":0.4493881119,"02-2026":0.4501051001,"04-2026":0.4593084153,"06-2026":0.4438652439,"08-2026":0.4356872294,"10-2026":0.4247006061,"12-2026":0.4233468837,"02-2027":0.4118256435,"04-2027":0.4016605166,"06-2027":0.3915257006,"08-2027":0.3875611431,"10-2027":0.3845594757,"12-2027":0.3830659697,"02-2028":0.3795454545,"04-2028":0.3918315083,"06-2028":0.3867389629,"08-2028":0.3785859511,"10-2028":0.3666097801,"12-2028":0.3607672556,"02-2029":0.3561536265,"04-2029":0.3390816167,"06-2029":0.3327216139,"08-2029":0.3349780702,"10-2029":0.3310446238,"12-2029":0.3288019503,"02-2030":0.324890497,"04-2030":0.3304611592,"06-2030":0.3241523342,"08-2030":0.3178886241,"10-2030":0.3146967765,"12-2030":0.308582859},"percentile_75":{"02-2020":0.1061500406,"04-2020":0.1197397564,"06-2020":0.1457822361,"08-2020":0.1594301221,"10-2020":0.1731688659,"12-2020":0.1903728814,"02-2021":0.2089297984,"04-2021":0.225968476,"06-2021":0.2539437536,"08-2021":0.3067462747,"10-2021":0.3546158883,"12-2021":0.4077788575,"02-2022":0.4811223873,"04-2022":0.5418644844,"06-2022":0.6356349964,"08-2022":0.7072270795,"10-2022":0.7268518519,"12-2022":0.7434370696,"02-2023":0.7326566563,"04-2023":0.7419192119,"06-2023":0.7270309478,"08-2023":0.7095323741,"10-2023":0.700729927,"12-2023":0.6833308881,"02-2024":0.6611580632,"04-2024":0.6592943032,"06-2024":0.6547395886,"08-2024":0.6393480066,"10-2024":0.6395776334,"12-2024":0.6364524148,"02-2025":0.6298603974,"04-2025":0.6161273839,"06-2025":0.6148100711,"08-2025":0.6059206579,"10-2025":0.5942020153,"12-2025":0.578583631,"02-2026":0.5641197921,"04-2026":0.5541573453,"06-2026":0.5583950233,"08-2026":0.5492647059,"10-2026":0.5408936985,"12-2026":0.5333992095,"02-2027":0.5232084787,"04-2027":0.5122818319,"06-2027":0.5055919841,"08-2027":0.4981776397,"10-2027":0.4884655649,"12-2027":0.4962127416,"02-2028":0.4904214559,"04-2028":0.5,"06-2028":0.4985955056,"08-2028":0.4905483776,"10-2028":0.4709729122,"12-2028":0.4547897754,"02-2029":0.4470047779,"04-2029":0.4342829065,"06-2029":0.4326241135,"08-2029":0.4240751335,"10-2029":0.4186466292,"12-2029":0.4163759407,"02-2030":0.4176221805,"04-2030":0.4095893527,"06-2030":0.4046099388,"08-2030":0.4069849317,"10-2030":0.4038103052,"12-2030":0.4007031535}}