{"median":{"02-2020":0.0579159213,"04-2020":0.0579430362,"06-2020":0.0588095444,"08-2020":0.0537430003,"10-2020":0.0511884709,"12-2020":0.0451440451,"02-2021":0.0425944252,"04-2021":0.0365641711,"06-2021":0.0346771284,"08-2021":0.0315997504,"10-2021":0.028296802,"12-2021":0.0251422293,"02-2022":0.0218124341,"04-2022":0.0181168933,"06-2022":0.0116980845,"08-2022":0.0081302156,"10-2022":0.0068421053,"12-2022":0.0039292883,"02-2023":0.0035211704,"04-2023":0.0,"06-2023":0.0,"08-2023":0.0,"10-2023":0.0,"12-2023":0.0,"02-2024":0.0,"04-2024":0.0,"06-2024":0.0,"08-2024":0.0,"10-2024":0.0,"12-2024":0.0,"02-2025":0.0,"04-2025":0.0,"06-2025":0.0,"08-2025":0.0,"10-2025":0.0,"12-2025":0.0,"02-2026":0.0,"04-2026":0.0,"06-2026":0.0,"08-2026":0.0,"10-2026":0.0,"12-2026":0.0,"02-2027":0.0,"04-2027":0.0,"06-2027":0.0,"08-2027":0.0,"10-2027":0.0,"12-2027":0.0,"02-2028":0.0,"04-2028":0.0,"06-2028":0.0,"08-2028":0.0,"10-2028":0.0,"12-2028":0.0,"02-2029":0.0,"04-2029":0.0,"06-2029":0.0,"08-2029":0.0,"10-2029":0.0,"12-2029":0.0,"02-2030":0.0,"04-2030":0.0,"06-2030":0.0,"08-2030":0.0,"10-2030":0.0,"12-2030":0.0},"percentile_25":{"02-2020":0.0364092881,"04-2020":0.0332720588,"06-2020":0.0304018445,"08-2020":0.0302488209,"10-2020":0.0263241319,"12-2020":0.0248172043,"02-2021":0.0206914345,"04-2021":0.0155193056,"06-2021":0.0119053199,"08-2021":0.0081055931,"10-2021":0.0038835389,"12-2021":0.0035608235,"02-2022":0.0,"04-2022":0.0,"06-2022":0.0,"08-2022":0.0,"10-2022":0.0,"12-2022":0.0,"02-2023":0.0,"04-2023":0.0,"06-2023":0.0,"08-2023":0.0,"10-2023":0.0,"12-2023":0.0,"02-2024":0.0,"04-2024":0.0,"06-2024":0.0,"08-2024":0.0,"10-2024":0.0,"12-2024":0.0,"02-2025":0.0,"04-2025":0.0,"06-2025":0.0,"08-2025":0.0,"10-2025":0.0,"12-2025":0.0,"02-2026":0.0,"04-2026":0.0,"06-2026":0.0,"08-2026":0.0,"10-2026":0.0,"12-2026":0.0,"02-2027":0.0,"04-2027":0.0,"06-2027":0.0,"08-2027":0.0,"10-2027":0.0,"12-2027":0.0,"02-2028":0.0,"04-2028":0.0,"06-2028":0.0,"08-2028":0.0,"10-2028":0.0,"12-2028":0.0,"02-2029":0.0,"04-2029":0.0,"06-2029":0.0,"08-2029":0.0,"10-2029":0.0,"12-2029":0.0,"02-2030":0.0,"04-2030":0.0,"06-2030":0.0,"08-2030":0.0,"10-2030":0.0,"12-2030":0.0},"percentile_75":{"02-2020":0.0934036305,"04-2020":0.0896915584,"06-2020":0.0975218887,"08-2020":0.1017400568,"10-2020":0.1078376004,"12-2020":0.1056499854,"02-2021":0.0950603813,"04-2021":0.0879264556,"06-2021":0.0880681818,"08-2021":0.0825789451,"10-2021":0.0775252525,"12-2021":0.0760197897,"02-2022":0.0706716729,"04-2022":0.063849784,"06-2022":0.06322663,"08-2022":0.0614342436,"10-2022":0.0579290471,"12-2022":0.0557215074,"02-2023":0.058555768,"04-2023":0.0682415916,"06-2023":0.0763185137,"08-2023":0.088636198,"10-2023":0.1026538778,"12-2023":0.1439456372,"02-2024":0.1773121899,"04-2024":0.2254908539,"06-2024":0.2890699803,"08-2024":0.3581761006,"10-2024":0.4250564521,"12-2024":0.5004175422,"02-2025":0.5912742553,"04-2025":0.6580833289,"06-2025":0.6611691542,"08-2025":0.6883830455,"10-2025":0.658782349,"12-2025":0.6556837979,"02-2026":0.6504117127,"04-2026":0.6328806503,"06-2026":0.631006006,"08-2026":0.6201956074,"10-2026":0.6129341243,"12-2026":0.610793045,"02-2027":0.611090975,"04-2027":0.6028368794,"06-2027":0.5967824836,"08-2027":0.572070045,"10-2027":0.5609546703,"12-2027":0.5665014384,"02-2028":0.5529634581,"04-2028":0.5370659994,"06-2028":0.5407357941,"08-2028":0.5287376417,"10-2028":0.510560038,"12-2028":0.500862069,"02-2029":0.4811310554,"04-2029":0.4740971928,"06-2029":0.4615333665,"08-2029":0.4503870083,"10-2029":0.4437269373,"12-2029":0.4273650569,"02-2030":0.4291912626,"04-2030":0.415644063,"06-2030":0.4060763959,"08-2030":0.3992868205,"10-2030":0.4028908741,"12-2030":0.3930749129}}