{"median":{"02-2020":0.0579159213,"04-2020":0.0579430362,"06-2020":0.0588095444,"08-2020":0.0537430003,"10-2020":0.0511884709,"12-2020":0.0451440451,"02-2021":0.0470801364,"04-2021":0.0448637317,"06-2021":0.0446396233,"08-2021":0.0501817902,"10-2021":0.0592449577,"12-2021":0.0661255411,"02-2022":0.0848997494,"04-2022":0.0952553423,"06-2022":0.1188679245,"08-2022":0.1483632367,"10-2022":0.1772442372,"12-2022":0.2070124513,"02-2023":0.2481477416,"04-2023":0.3068070941,"06-2023":0.3723052877,"08-2023":0.4271924257,"10-2023":0.496846787,"12-2023":0.5423763179,"02-2024":0.5674397545,"04-2024":0.5785874668,"06-2024":0.592172182,"08-2024":0.5936259172,"10-2024":0.5870287031,"12-2024":0.5832994901,"02-2025":0.576413147,"04-2025":0.5719794535,"06-2025":0.5492587853,"08-2025":0.5413557214,"10-2025":0.5376487913,"12-2025":0.5328467153,"02-2026":0.5271713336,"04-2026":0.5190119564,"06-2026":0.5036766186,"08-2026":0.5071759259,"10-2026":0.5090993872,"12-2026":0.4946036881,"02-2027":0.4742008541,"04-2027":0.4616807342,"06-2027":0.4565124798,"08-2027":0.4459144953,"10-2027":0.4442516419,"12-2027":0.4374609131,"02-2028":0.4406586578,"04-2028":0.4505244755,"06-2028":0.442895635,"08-2028":0.4390243902,"10-2028":0.4240862573,"12-2028":0.4150280359,"02-2029":0.4025350277,"04-2029":0.3989409871,"06-2029":0.3868107984,"08-2029":0.3799203494,"10-2029":0.3696776368,"12-2029":0.3661691542,"02-2030":0.3653895556,"04-2030":0.361168951,"06-2030":0.3541951194,"08-2030":0.3516835782,"10-2030":0.3462955792,"12-2030":0.3515920939},"percentile_25":{"02-2020":0.0364092881,"04-2020":0.0332720588,"06-2020":0.0304018445,"08-2020":0.0302488209,"10-2020":0.0263241319,"12-2020":0.0248172043,"02-2021":0.0178578213,"04-2021":0.0154593246,"06-2021":0.014266751,"08-2021":0.008040419,"10-2021":0.0075690937,"12-2021":0.0039801113,"02-2022":0.0038724864,"04-2022":0.0039565826,"06-2022":0.0063337054,"08-2022":0.0075552739,"10-2022":0.010265453,"12-2022":0.0126610851,"02-2023":0.0114334352,"04-2023":0.0115368391,"06-2023":0.0115911224,"08-2023":0.0185903984,"10-2023":0.0180021919,"12-2023":0.0190312866,"02-2024":0.0179856115,"04-2024":0.02629662,"06-2024":0.0284499802,"08-2024":0.0307764091,"10-2024":0.0411608621,"12-2024":0.0374906367,"02-2025":0.0360603137,"04-2025":0.0451624857,"06-2025":0.0473400994,"08-2025":0.0527074091,"10-2025":0.0537728027,"12-2025":0.0483278604,"02-2026":0.0461538462,"04-2026":0.0497137363,"06-2026":0.0726227795,"08-2026":0.0728095672,"10-2026":0.0864136374,"12-2026":0.1109018722,"02-2027":0.1383507684,"04-2027":0.1519178858,"06-2027":0.1681102936,"08-2027":0.1890070003,"10-2027":0.195240448,"12-2027":0.2018746131,"02-2028":0.1880804954,"04-2028":0.2208877596,"06-2028":0.2081695677,"08-2028":0.2506651243,"10-2028":0.2457542458,"12-2028":0.2533816425,"02-2029":0.2869791667,"04-2029":0.3045694132,"06-2029":0.2821977926,"08-2029":0.2800122425,"10-2029":0.2701482914,"12-2029":0.2701982652,"02-2030":0.2574074074,"04-2030":0.2563135676,"06-2030":0.2656176574,"08-2030":0.2644218881,"10-2030":0.2705786786,"12-2030":0.2588714477},"percentile_75":{"02-2020":0.0934036305,"04-2020":0.0896915584,"06-2020":0.0975218887,"08-2020":0.1017400568,"10-2020":0.1078376004,"12-2020":0.1056499854,"02-2021":0.1029995331,"04-2021":0.1052088687,"06-2021":0.1216882816,"08-2021":0.1444872555,"10-2021":0.1636822895,"12-2021":0.1976747855,"02-2022":0.2566507177,"04-2022":0.3091961214,"06-2022":0.3973305471,"08-2022":0.4703592621,"10-2022":0.5436046512,"12-2022":0.6410801964,"02-2023":0.6929149798,"04-2023":0.6970892433,"06-2023":0.7086380409,"08-2023":0.7026785714,"10-2023":0.7095884725,"12-2023":0.7128215208,"02-2024":0.6911540679,"04-2024":0.6864453481,"06-2024":0.6817091476,"08-2024":0.6580337287,"10-2024":0.6568763491,"12-2024":0.6439087408,"02-2025":0.6449551942,"04-2025":0.6384224009,"06-2025":0.627421981,"08-2025":0.6191688645,"10-2025":0.6182755389,"12-2025":0.6039466874,"02-2026":0.6009090909,"04-2026":0.5824876163,"06-2026":0.5813847709,"08-2026":0.5696935649,"10-2026":0.5697665699,"12-2026":0.5508937438,"02-2027":0.5349278974,"04-2027":0.5324014164,"06-2027":0.5283086796,"08-2027":0.5019122368,"10-2027":0.5174282879,"12-2027":0.5004385965,"02-2028":0.5036169594,"04-2028":0.5044268232,"06-2028":0.4964280324,"08-2028":0.4870136519,"10-2028":0.4760179194,"12-2028":0.4654449832,"02-2029":0.4616773119,"04-2029":0.4519552546,"06-2029":0.4410678394,"08-2029":0.4405611302,"10-2029":0.423044792,"12-2029":0.4190198573,"02-2030":0.4135490758,"04-2030":0.4083529323,"06-2030":0.408541541,"08-2030":0.401303082,"10-2030":0.3987752737,"12-2030":0.3963698682}}