{"median":{"02-2020":0.0677462888,"04-2020":0.0747394898,"06-2020":0.0880613027,"08-2020":0.0950570342,"10-2020":0.0990328324,"12-2020":0.1035069513,"02-2021":0.1036502697,"04-2021":0.1001792115,"06-2021":0.0980705009,"08-2021":0.0876861118,"10-2021":0.0769242149,"12-2021":0.0660606061,"02-2022":0.0596423828,"04-2022":0.0556473047,"06-2022":0.0491045804,"08-2022":0.0424019608,"10-2022":0.0387620192,"12-2022":0.0370898359,"02-2023":0.0302588303,"04-2023":0.0294500253,"06-2023":0.0301327886,"08-2023":0.0278562722,"10-2023":0.0292505548,"12-2023":0.0359095363,"02-2024":0.041509434,"04-2024":0.0562656642,"06-2024":0.0720923876,"08-2024":0.0963552687,"10-2024":0.1155695316,"12-2024":0.1471667088,"02-2025":0.180284623,"04-2025":0.2182513541,"06-2025":0.2624880383,"08-2025":0.3185148185,"10-2025":0.3843958713,"12-2025":0.460485354,"02-2026":0.5225941663,"04-2026":0.5854971844,"06-2026":0.5777290722,"08-2026":0.5685851381,"10-2026":0.5610561283,"12-2026":0.553015627,"02-2027":0.5551604809,"04-2027":0.5435421979,"06-2027":0.535218254,"08-2027":0.532185008,"10-2027":0.524254069,"12-2027":0.5203069378,"02-2028":0.504615903,"04-2028":0.5017008574,"06-2028":0.4891976667,"08-2028":0.4918914436,"10-2028":0.4702706338,"12-2028":0.4510815562,"02-2029":0.4375085636,"04-2029":0.4314640852,"06-2029":0.4172146841,"08-2029":0.4197461739,"10-2029":0.3898983316,"12-2029":0.3820353708,"02-2030":0.3784862043,"04-2030":0.377718517,"06-2030":0.3604170569,"08-2030":0.3476266911,"10-2030":0.3575465149,"12-2030":0.3605445117},"percentile_25":{"02-2020":0.0388754191,"04-2020":0.0373866652,"06-2020":0.0428648604,"08-2020":0.0431450941,"10-2020":0.0432428242,"12-2020":0.0440337224,"02-2021":0.0436689286,"04-2021":0.0390625,"06-2021":0.036900369,"08-2021":0.030104196,"10-2021":0.0219298246,"12-2021":0.0181825343,"02-2022":0.0142432942,"04-2022":0.0112058994,"06-2022":0.006983855,"08-2022":0.0039215686,"10-2022":0.0037418246,"12-2022":0.0035414144,"02-2023":0.0,"04-2023":0.0,"06-2023":0.0,"08-2023":0.0,"10-2023":0.0,"12-2023":0.0,"02-2024":0.0,"04-2024":0.0,"06-2024":0.0,"08-2024":0.0,"10-2024":0.0,"12-2024":0.0,"02-2025":0.0,"04-2025":0.0,"06-2025":0.0,"08-2025":0.0,"10-2025":0.0,"12-2025":0.0,"02-2026":0.0,"04-2026":0.0,"06-2026":0.0,"08-2026":0.0,"10-2026":0.0,"12-2026":0.0,"02-2027":0.0,"04-2027":0.0,"06-2027":0.0,"08-2027":0.0,"10-2027":0.0,"12-2027":0.0,"02-2028":0.0,"04-2028":0.0,"06-2028":0.0,"08-2028":0.0,"10-2028":0.0,"12-2028":0.0,"02-2029":0.0,"04-2029":0.0,"06-2029":0.0,"08-2029":0.0,"10-2029":0.0,"12-2029":0.0,"02-2030":0.0,"04-2030":0.0,"06-2030":0.0,"08-2030":0.0,"10-2030":0.0,"12-2030":0.0},"percentile_75":{"02-2020":0.1061500406,"04-2020":0.1197397564,"06-2020":0.1457822361,"08-2020":0.1594301221,"10-2020":0.1731688659,"12-2020":0.1903728814,"02-2021":0.1907943765,"04-2021":0.1799740032,"06-2021":0.1766941033,"08-2021":0.1723459663,"10-2021":0.1701766304,"12-2021":0.1574377045,"02-2022":0.1508076656,"04-2022":0.1331261596,"06-2022":0.1230225989,"08-2022":0.1061217095,"10-2022":0.1085859274,"12-2022":0.1021503885,"02-2023":0.0910977704,"04-2023":0.1035490777,"06-2023":0.1118722962,"08-2023":0.1379758059,"10-2023":0.1636287625,"12-2023":0.2094462228,"02-2024":0.2653233049,"04-2024":0.325197697,"06-2024":0.4133577344,"08-2024":0.5196805007,"10-2024":0.6068983225,"12-2024":0.6869956379,"02-2025":0.7123755119,"04-2025":0.7017935464,"06-2025":0.6982421875,"08-2025":0.6888813651,"10-2025":0.6823326483,"12-2025":0.6893811916,"02-2026":0.6775966184,"04-2026":0.6765313571,"06-2026":0.6661703112,"08-2026":0.6548042705,"10-2026":0.6471671486,"12-2026":0.6390179678,"02-2027":0.642923986,"04-2027":0.6357320502,"06-2027":0.6164041795,"08-2027":0.6079044621,"10-2027":0.5980235445,"12-2027":0.5938004648,"02-2028":0.5800915487,"04-2028":0.5682416268,"06-2028":0.5662041473,"08-2028":0.5621936275,"10-2028":0.5515019299,"12-2028":0.5293604968,"02-2029":0.524107811,"04-2029":0.5089788709,"06-2029":0.492906746,"08-2029":0.4927611562,"10-2029":0.4842082256,"12-2029":0.4777375748,"02-2030":0.4646014384,"04-2030":0.4516281513,"06-2030":0.4404741384,"08-2030":0.4363086158,"10-2030":0.4269506179,"12-2030":0.4200424575}}