{"median":{"02-2020":0.0677462888,"04-2020":0.0747394898,"06-2020":0.0880613027,"08-2020":0.0950570342,"10-2020":0.0990328324,"12-2020":0.1035069513,"02-2021":0.1036502697,"04-2021":0.1001792115,"06-2021":0.0963552687,"08-2021":0.0910705647,"10-2021":0.0865400327,"12-2021":0.0859388113,"02-2022":0.0984931278,"04-2022":0.1153121445,"06-2022":0.1286340852,"08-2022":0.1581306728,"10-2022":0.1808540245,"12-2022":0.2079056408,"02-2023":0.2478373702,"04-2023":0.2881258697,"06-2023":0.3355119826,"08-2023":0.3787693639,"10-2023":0.4513773589,"12-2023":0.502688172,"02-2024":0.5664506154,"04-2024":0.5844362745,"06-2024":0.5857104701,"08-2024":0.5903458749,"10-2024":0.6018882433,"12-2024":0.5972935354,"02-2025":0.5810457516,"04-2025":0.5853288569,"06-2025":0.5680597822,"08-2025":0.5701696043,"10-2025":0.5614847861,"12-2025":0.5463759214,"02-2026":0.5437956204,"04-2026":0.5395897213,"06-2026":0.5284366577,"08-2026":0.5199298909,"10-2026":0.5105482629,"12-2026":0.5051542658,"02-2027":0.4956744308,"04-2027":0.4893074581,"06-2027":0.4697796295,"08-2027":0.4591317329,"10-2027":0.4680338183,"12-2027":0.4736918413,"02-2028":0.4629910022,"04-2028":0.4693534536,"06-2028":0.457977208,"08-2028":0.4440674457,"10-2028":0.4413899961,"12-2028":0.425640606,"02-2029":0.4161678595,"04-2029":0.4047561516,"06-2029":0.401384083,"08-2029":0.3999898289,"10-2029":0.3924606846,"12-2029":0.3876752613,"02-2030":0.3814042332,"04-2030":0.3761282474,"06-2030":0.3716128865,"08-2030":0.3667946206,"10-2030":0.3617021277,"12-2030":0.3509524284},"percentile_25":{"02-2020":0.0388754191,"04-2020":0.0373866652,"06-2020":0.0428648604,"08-2020":0.0431450941,"10-2020":0.0432428242,"12-2020":0.0440337224,"02-2021":0.0436689286,"04-2021":0.0390625,"06-2021":0.0362607881,"08-2021":0.0293052003,"10-2021":0.0246311578,"12-2021":0.0207143454,"02-2022":0.0147082334,"04-2022":0.0144950044,"06-2022":0.0156084656,"08-2022":0.0192513369,"10-2022":0.021798419,"12-2022":0.0322690217,"02-2023":0.0306027782,"04-2023":0.0369352869,"06-2023":0.0485380117,"08-2023":0.0490986967,"10-2023":0.0652136503,"12-2023":0.0746656908,"02-2024":0.0747967966,"04-2024":0.0847868217,"06-2024":0.098880209,"08-2024":0.1273024585,"10-2024":0.1303809995,"12-2024":0.14851726,"02-2025":0.1507974316,"04-2025":0.1624741649,"06-2025":0.1700939895,"08-2025":0.1901465624,"10-2025":0.2294510344,"12-2025":0.2742633023,"02-2026":0.2943733596,"04-2026":0.3178497715,"06-2026":0.3745080475,"08-2026":0.423937645,"10-2026":0.4232078508,"12-2026":0.4362728651,"02-2027":0.4216284987,"04-2027":0.3930003573,"06-2027":0.3616168306,"08-2027":0.3572633267,"10-2027":0.3790626571,"12-2027":0.3897359385,"02-2028":0.3875350631,"04-2028":0.3964882574,"06-2028":0.3813164894,"08-2028":0.3774514635,"10-2028":0.3638870321,"12-2028":0.3564331067,"02-2029":0.352800923,"04-2029":0.3518388996,"06-2029":0.3354611812,"08-2029":0.3251085557,"10-2029":0.3233773269,"12-2029":0.3187175105,"02-2030":0.3071892655,"04-2030":0.315515687,"06-2030":0.3115972977,"08-2030":0.3124127564,"10-2030":0.2893337504,"12-2030":0.2866016283},"percentile_75":{"02-2020":0.1061500406,"04-2020":0.1197397564,"06-2020":0.1457822361,"08-2020":0.1594301221,"10-2020":0.1731688659,"12-2020":0.1903728814,"02-2021":0.1907943765,"04-2021":0.1799740032,"06-2021":0.1771000229,"08-2021":0.1866879086,"10-2021":0.2010602825,"12-2021":0.2096672135,"02-2022":0.2346257984,"04-2022":0.2753526886,"06-2022":0.3307731594,"08-2022":0.4132191338,"10-2022":0.4938782768,"12-2022":0.5790823212,"02-2023":0.6581116252,"04-2023":0.6963591289,"06-2023":0.7215225564,"08-2023":0.7168246114,"10-2023":0.722027972,"12-2023":0.7018353345,"02-2024":0.6937631713,"04-2024":0.6840738727,"06-2024":0.6713698993,"08-2024":0.6751730104,"10-2024":0.6786616162,"12-2024":0.6633486377,"02-2025":0.6596542347,"04-2025":0.6450381679,"06-2025":0.6312065149,"08-2025":0.6334661355,"10-2025":0.6309633632,"12-2025":0.6203581367,"02-2026":0.6130791132,"04-2026":0.6058471644,"06-2026":0.5875584204,"08-2026":0.5831866253,"10-2026":0.5779228856,"12-2026":0.5676823177,"02-2027":0.5547785829,"04-2027":0.5518281971,"06-2027":0.5487071173,"08-2027":0.5299306986,"10-2027":0.5257030739,"12-2027":0.5344984326,"02-2028":0.5198555957,"04-2028":0.5276549686,"06-2028":0.5097545572,"08-2028":0.4966216216,"10-2028":0.4907212104,"12-2028":0.4802064961,"02-2029":0.4661614599,"04-2029":0.450385707,"06-2029":0.4521153008,"08-2029":0.4466171918,"10-2029":0.4512177478,"12-2029":0.442646383,"02-2030":0.4356714457,"04-2030":0.4321501014,"06-2030":0.4187211094,"08-2030":0.4149117094,"10-2030":0.4050814957,"12-2030":0.4}}