{"median":{"02-2020":0.0677462888,"04-2020":0.0747394898,"06-2020":0.0880613027,"08-2020":0.0950570342,"10-2020":0.0990328324,"12-2020":0.1035069513,"02-2021":0.1036502697,"04-2021":0.1001792115,"06-2021":0.0980705009,"08-2021":0.0876861118,"10-2021":0.0769242149,"12-2021":0.0660606061,"02-2022":0.0650497512,"04-2022":0.0634509502,"06-2022":0.0648903554,"08-2022":0.0739368115,"10-2022":0.0856243525,"12-2022":0.1118055556,"02-2023":0.1371804903,"04-2023":0.1619569006,"06-2023":0.2119860975,"08-2023":0.2599929133,"10-2023":0.2925472747,"12-2023":0.3685162663,"02-2024":0.4032380663,"04-2024":0.481379086,"06-2024":0.543739752,"08-2024":0.587959388,"10-2024":0.5986890303,"12-2024":0.5964094078,"02-2025":0.603542443,"04-2025":0.5825949767,"06-2025":0.5808631212,"08-2025":0.5913226777,"10-2025":0.5815391482,"12-2025":0.5711564082,"02-2026":0.5567430801,"04-2026":0.5567553178,"06-2026":0.5471237195,"08-2026":0.5347005248,"10-2026":0.5294515727,"12-2026":0.5185825627,"02-2027":0.5077221228,"04-2027":0.5047675277,"06-2027":0.4954208754,"08-2027":0.4915516756,"10-2027":0.4945237239,"12-2027":0.4874021909,"02-2028":0.4780999652,"04-2028":0.4711327463,"06-2028":0.4704793028,"08-2028":0.4550326328,"10-2028":0.4406896552,"12-2028":0.4258309372,"02-2029":0.4183621659,"04-2029":0.4099829677,"06-2029":0.4006921367,"08-2029":0.3962773224,"10-2029":0.3887167752,"12-2029":0.3886988012,"02-2030":0.3817512322,"04-2030":0.3689849767,"06-2030":0.3629761434,"08-2030":0.3616900842,"10-2030":0.3613380282,"12-2030":0.3633015247},"percentile_25":{"02-2020":0.0388754191,"04-2020":0.0373866652,"06-2020":0.0428648604,"08-2020":0.0431450941,"10-2020":0.0432428242,"12-2020":0.0440337224,"02-2021":0.0436689286,"04-2021":0.0390625,"06-2021":0.036900369,"08-2021":0.030104196,"10-2021":0.0219298246,"12-2021":0.0181825343,"02-2022":0.0116752404,"04-2022":0.0142878704,"06-2022":0.0076263315,"08-2022":0.0040681658,"10-2022":0.0035735557,"12-2022":0.0,"02-2023":0.0,"04-2023":0.0,"06-2023":0.0,"08-2023":0.0,"10-2023":0.0,"12-2023":0.0,"02-2024":0.0,"04-2024":0.0,"06-2024":0.0,"08-2024":0.0,"10-2024":0.0,"12-2024":0.0,"02-2025":0.0,"04-2025":0.0,"06-2025":0.0,"08-2025":0.0,"10-2025":0.0,"12-2025":0.0,"02-2026":0.0,"04-2026":0.0,"06-2026":0.0,"08-2026":0.0,"10-2026":0.0,"12-2026":0.0,"02-2027":0.0,"04-2027":0.0,"06-2027":0.0,"08-2027":0.0,"10-2027":0.0,"12-2027":0.0,"02-2028":0.0,"04-2028":0.0,"06-2028":0.0,"08-2028":0.0,"10-2028":0.0,"12-2028":0.0,"02-2029":0.0,"04-2029":0.0,"06-2029":0.0,"08-2029":0.0,"10-2029":0.0,"12-2029":0.0,"02-2030":0.0,"04-2030":0.0,"06-2030":0.0,"08-2030":0.0,"10-2030":0.0,"12-2030":0.0},"percentile_75":{"02-2020":0.1061500406,"04-2020":0.1197397564,"06-2020":0.1457822361,"08-2020":0.1594301221,"10-2020":0.1731688659,"12-2020":0.1903728814,"02-2021":0.1907943765,"04-2021":0.1799740032,"06-2021":0.1766941033,"08-2021":0.1723459663,"10-2021":0.1701766304,"12-2021":0.1574377045,"02-2022":0.1571823244,"04-2022":0.1591462124,"06-2022":0.1734605018,"08-2022":0.1972828019,"10-2022":0.2310819262,"12-2022":0.2957196828,"02-2023":0.3718728871,"04-2023":0.4304672676,"06-2023":0.5235969388,"08-2023":0.6325886353,"10-2023":0.7068182137,"12-2023":0.7198348585,"02-2024":0.7232587554,"04-2024":0.7340277778,"06-2024":0.7401775413,"08-2024":0.7292148818,"10-2024":0.7117211469,"12-2024":0.6944120674,"02-2025":0.6846139399,"04-2025":0.6660818515,"06-2025":0.6609677917,"08-2025":0.6577814088,"10-2025":0.642982018,"12-2025":0.6425262356,"02-2026":0.6282762293,"04-2026":0.6204216812,"06-2026":0.6126050828,"08-2026":0.5964896215,"10-2026":0.5864128516,"12-2026":0.5780261278,"02-2027":0.5752830329,"04-2027":0.567563371,"06-2027":0.553203405,"08-2027":0.5510948905,"10-2027":0.5459391343,"12-2027":0.5388076601,"02-2028":0.5296686839,"04-2028":0.5257843137,"06-2028":0.5334459459,"08-2028":0.5161255944,"10-2028":0.4936688651,"12-2028":0.4862637363,"02-2029":0.4768946666,"04-2029":0.4661449016,"06-2029":0.458604217,"08-2029":0.4559712912,"10-2029":0.4422779639,"12-2029":0.432102084,"02-2030":0.4211901705,"04-2030":0.427605419,"06-2030":0.4278254021,"08-2030":0.4211373964,"10-2030":0.4166259915,"12-2030":0.4139446676}}