{"median":{"02-2020":0.0677462888,"04-2020":0.0747394898,"06-2020":0.0880613027,"08-2020":0.0950570342,"10-2020":0.0990328324,"12-2020":0.1035069513,"02-2021":0.1036502697,"04-2021":0.1001792115,"06-2021":0.0980705009,"08-2021":0.0876861118,"10-2021":0.0769242149,"12-2021":0.0660606061,"02-2022":0.0596423828,"04-2022":0.0556473047,"06-2022":0.0491045804,"08-2022":0.0424019608,"10-2022":0.0387620192,"12-2022":0.0370898359,"02-2023":0.02975458,"04-2023":0.0294780272,"06-2023":0.024455516,"08-2023":0.0182491475,"10-2023":0.0174833725,"12-2023":0.0118110236,"02-2024":0.0117189288,"04-2024":0.0073295477,"06-2024":0.0040010243,"08-2024":0.0,"10-2024":0.0,"12-2024":0.0,"02-2025":0.0,"04-2025":0.0,"06-2025":0.0,"08-2025":0.0,"10-2025":0.0,"12-2025":0.0,"02-2026":0.0,"04-2026":0.0,"06-2026":0.0,"08-2026":0.0,"10-2026":0.0,"12-2026":0.0,"02-2027":0.0,"04-2027":0.0,"06-2027":0.0,"08-2027":0.0,"10-2027":0.0,"12-2027":0.0,"02-2028":0.0,"04-2028":0.0,"06-2028":0.0,"08-2028":0.0,"10-2028":0.0,"12-2028":0.0,"02-2029":0.0,"04-2029":0.0,"06-2029":0.0,"08-2029":0.0,"10-2029":0.0,"12-2029":0.0,"02-2030":0.0,"04-2030":0.0,"06-2030":0.0,"08-2030":0.0,"10-2030":0.0,"12-2030":0.0},"percentile_25":{"02-2020":0.0388754191,"04-2020":0.0373866652,"06-2020":0.0428648604,"08-2020":0.0431450941,"10-2020":0.0432428242,"12-2020":0.0440337224,"02-2021":0.0436689286,"04-2021":0.0390625,"06-2021":0.036900369,"08-2021":0.030104196,"10-2021":0.0219298246,"12-2021":0.0181825343,"02-2022":0.0142432942,"04-2022":0.0112058994,"06-2022":0.006983855,"08-2022":0.0039215686,"10-2022":0.0037418246,"12-2022":0.0035414144,"02-2023":0.0,"04-2023":0.0,"06-2023":0.0,"08-2023":0.0,"10-2023":0.0,"12-2023":0.0,"02-2024":0.0,"04-2024":0.0,"06-2024":0.0,"08-2024":0.0,"10-2024":0.0,"12-2024":0.0,"02-2025":0.0,"04-2025":0.0,"06-2025":0.0,"08-2025":0.0,"10-2025":0.0,"12-2025":0.0,"02-2026":0.0,"04-2026":0.0,"06-2026":0.0,"08-2026":0.0,"10-2026":0.0,"12-2026":0.0,"02-2027":0.0,"04-2027":0.0,"06-2027":0.0,"08-2027":0.0,"10-2027":0.0,"12-2027":0.0,"02-2028":0.0,"04-2028":0.0,"06-2028":0.0,"08-2028":0.0,"10-2028":0.0,"12-2028":0.0,"02-2029":0.0,"04-2029":0.0,"06-2029":0.0,"08-2029":0.0,"10-2029":0.0,"12-2029":0.0,"02-2030":0.0,"04-2030":0.0,"06-2030":0.0,"08-2030":0.0,"10-2030":0.0,"12-2030":0.0},"percentile_75":{"02-2020":0.1061500406,"04-2020":0.1197397564,"06-2020":0.1457822361,"08-2020":0.1594301221,"10-2020":0.1731688659,"12-2020":0.1903728814,"02-2021":0.1907943765,"04-2021":0.1799740032,"06-2021":0.1766941033,"08-2021":0.1723459663,"10-2021":0.1701766304,"12-2021":0.1574377045,"02-2022":0.1508076656,"04-2022":0.1331261596,"06-2022":0.1230225989,"08-2022":0.1061217095,"10-2022":0.1085859274,"12-2022":0.1021503885,"02-2023":0.0920998467,"04-2023":0.0816558306,"06-2023":0.0833002864,"08-2023":0.0735785953,"10-2023":0.0687289562,"12-2023":0.0652044396,"02-2024":0.0578255675,"04-2024":0.0570367133,"06-2024":0.0594906178,"08-2024":0.0564478086,"10-2024":0.0571658018,"12-2024":0.05717012,"02-2025":0.0562361671,"04-2025":0.0530635017,"06-2025":0.0515273973,"08-2025":0.0425679584,"10-2025":0.0425610941,"12-2025":0.0411653282,"02-2026":0.0435079239,"04-2026":0.0439812436,"06-2026":0.0636139084,"08-2026":0.0730767799,"10-2026":0.089252732,"12-2026":0.1221068594,"02-2027":0.1655262868,"04-2027":0.2173436308,"06-2027":0.2815934066,"08-2027":0.3758869758,"10-2027":0.4791666667,"12-2027":0.5851379609,"02-2028":0.6486894336,"04-2028":0.6547979798,"06-2028":0.6824455206,"08-2028":0.6516823768,"10-2028":0.6537096397,"12-2028":0.6391666667,"02-2029":0.6215965347,"04-2029":0.6118589,"06-2029":0.614530922,"08-2029":0.6005016722,"10-2029":0.5913902872,"12-2029":0.5651852533,"02-2030":0.5709837113,"04-2030":0.559895893,"06-2030":0.542798177,"08-2030":0.5257851856,"10-2030":0.5146134002,"12-2030":0.4987704918}}