{"median":{"02-2020":0.0579159213,"04-2020":0.0579430362,"06-2020":0.0588095444,"08-2020":0.0537430003,"10-2020":0.0511884709,"12-2020":0.0451440451,"02-2021":0.0425944252,"04-2021":0.0365641711,"06-2021":0.0346771284,"08-2021":0.0315997504,"10-2021":0.028296802,"12-2021":0.0251422293,"02-2022":0.0218124341,"04-2022":0.0181168933,"06-2022":0.0116980845,"08-2022":0.0081302156,"10-2022":0.0068421053,"12-2022":0.0039292883,"02-2023":0.0037878788,"04-2023":0.0,"06-2023":0.0,"08-2023":0.0,"10-2023":0.0,"12-2023":0.0,"02-2024":0.0,"04-2024":0.0,"06-2024":0.0,"08-2024":0.0,"10-2024":0.0,"12-2024":0.0,"02-2025":0.0,"04-2025":0.0,"06-2025":0.0,"08-2025":0.0,"10-2025":0.0,"12-2025":0.0,"02-2026":0.0,"04-2026":0.0,"06-2026":0.0,"08-2026":0.0,"10-2026":0.0,"12-2026":0.0,"02-2027":0.0,"04-2027":0.0,"06-2027":0.0,"08-2027":0.0,"10-2027":0.0,"12-2027":0.0,"02-2028":0.0,"04-2028":0.0,"06-2028":0.0,"08-2028":0.0,"10-2028":0.0,"12-2028":0.0,"02-2029":0.0,"04-2029":0.0,"06-2029":0.0,"08-2029":0.0,"10-2029":0.0,"12-2029":0.0,"02-2030":0.0,"04-2030":0.0,"06-2030":0.0,"08-2030":0.0,"10-2030":0.0,"12-2030":0.0},"percentile_25":{"02-2020":0.0364092881,"04-2020":0.0332720588,"06-2020":0.0304018445,"08-2020":0.0302488209,"10-2020":0.0263241319,"12-2020":0.0248172043,"02-2021":0.0206914345,"04-2021":0.0155193056,"06-2021":0.0119053199,"08-2021":0.0081055931,"10-2021":0.0038835389,"12-2021":0.0035608235,"02-2022":0.0,"04-2022":0.0,"06-2022":0.0,"08-2022":0.0,"10-2022":0.0,"12-2022":0.0,"02-2023":0.0,"04-2023":0.0,"06-2023":0.0,"08-2023":0.0,"10-2023":0.0,"12-2023":0.0,"02-2024":0.0,"04-2024":0.0,"06-2024":0.0,"08-2024":0.0,"10-2024":0.0,"12-2024":0.0,"02-2025":0.0,"04-2025":0.0,"06-2025":0.0,"08-2025":0.0,"10-2025":0.0,"12-2025":0.0,"02-2026":0.0,"04-2026":0.0,"06-2026":0.0,"08-2026":0.0,"10-2026":0.0,"12-2026":0.0,"02-2027":0.0,"04-2027":0.0,"06-2027":0.0,"08-2027":0.0,"10-2027":0.0,"12-2027":0.0,"02-2028":0.0,"04-2028":0.0,"06-2028":0.0,"08-2028":0.0,"10-2028":0.0,"12-2028":0.0,"02-2029":0.0,"04-2029":0.0,"06-2029":0.0,"08-2029":0.0,"10-2029":0.0,"12-2029":0.0,"02-2030":0.0,"04-2030":0.0,"06-2030":0.0,"08-2030":0.0,"10-2030":0.0,"12-2030":0.0},"percentile_75":{"02-2020":0.0934036305,"04-2020":0.0896915584,"06-2020":0.0975218887,"08-2020":0.1017400568,"10-2020":0.1078376004,"12-2020":0.1056499854,"02-2021":0.0950603813,"04-2021":0.0879264556,"06-2021":0.0880681818,"08-2021":0.0825789451,"10-2021":0.0775252525,"12-2021":0.0760197897,"02-2022":0.0706716729,"04-2022":0.063849784,"06-2022":0.06322663,"08-2022":0.0614342436,"10-2022":0.0579290471,"12-2022":0.0557215074,"02-2023":0.054607721,"04-2023":0.0492426604,"06-2023":0.0520833333,"08-2023":0.0582411746,"10-2023":0.059528606,"12-2023":0.0633264775,"02-2024":0.0825077399,"04-2024":0.1053308824,"06-2024":0.1454563336,"08-2024":0.1835718275,"10-2024":0.2421551832,"12-2024":0.3125023413,"02-2025":0.3717323896,"04-2025":0.4678571429,"06-2025":0.5557179257,"08-2025":0.6351357323,"10-2025":0.6470377141,"12-2025":0.6549794597,"02-2026":0.6740039538,"04-2026":0.6541666667,"06-2026":0.6381661565,"08-2026":0.6322516232,"10-2026":0.6254789272,"12-2026":0.609635926,"02-2027":0.5977846313,"04-2027":0.594084848,"06-2027":0.5884978992,"08-2027":0.5894361834,"10-2027":0.5846951603,"12-2027":0.595270388,"02-2028":0.5727503827,"04-2028":0.5540519448,"06-2028":0.5443028256,"08-2028":0.528927333,"10-2028":0.5263746803,"12-2028":0.4936011905,"02-2029":0.4899702374,"04-2029":0.4675110273,"06-2029":0.4653920715,"08-2029":0.4574381211,"10-2029":0.4471782581,"12-2029":0.4367147923,"02-2030":0.4292255892,"04-2030":0.4160682397,"06-2030":0.418467558,"08-2030":0.4174743692,"10-2030":0.3985545739,"12-2030":0.3766636589}}