{"median":{"02-2020":0.0579159213,"04-2020":0.0579430362,"06-2020":0.0588095444,"08-2020":0.0537430003,"10-2020":0.0511884709,"12-2020":0.0451440451,"02-2021":0.0425944252,"04-2021":0.0365641711,"06-2021":0.0346771284,"08-2021":0.0315997504,"10-2021":0.028296802,"12-2021":0.0251422293,"02-2022":0.0218124341,"04-2022":0.0181168933,"06-2022":0.0116980845,"08-2022":0.0081302156,"10-2022":0.0068421053,"12-2022":0.0039292883,"02-2023":0.0037878788,"04-2023":0.0,"06-2023":0.0,"08-2023":0.0,"10-2023":0.0,"12-2023":0.0,"02-2024":0.0,"04-2024":0.0,"06-2024":0.0,"08-2024":0.0,"10-2024":0.0,"12-2024":0.0,"02-2025":0.0,"04-2025":0.0,"06-2025":0.0,"08-2025":0.0,"10-2025":0.0,"12-2025":0.0,"02-2026":0.0,"04-2026":0.0,"06-2026":0.0,"08-2026":0.0,"10-2026":0.0,"12-2026":0.0,"02-2027":0.0,"04-2027":0.0,"06-2027":0.0,"08-2027":0.0,"10-2027":0.0,"12-2027":0.0,"02-2028":0.0,"04-2028":0.0,"06-2028":0.0,"08-2028":0.0,"10-2028":0.0,"12-2028":0.0,"02-2029":0.0,"04-2029":0.0,"06-2029":0.0,"08-2029":0.0,"10-2029":0.0,"12-2029":0.0,"02-2030":0.0,"04-2030":0.0,"06-2030":0.0,"08-2030":0.0,"10-2030":0.0,"12-2030":0.0},"percentile_25":{"02-2020":0.0364092881,"04-2020":0.0332720588,"06-2020":0.0304018445,"08-2020":0.0302488209,"10-2020":0.0263241319,"12-2020":0.0248172043,"02-2021":0.0206914345,"04-2021":0.0155193056,"06-2021":0.0119053199,"08-2021":0.0081055931,"10-2021":0.0038835389,"12-2021":0.0035608235,"02-2022":0.0,"04-2022":0.0,"06-2022":0.0,"08-2022":0.0,"10-2022":0.0,"12-2022":0.0,"02-2023":0.0,"04-2023":0.0,"06-2023":0.0,"08-2023":0.0,"10-2023":0.0,"12-2023":0.0,"02-2024":0.0,"04-2024":0.0,"06-2024":0.0,"08-2024":0.0,"10-2024":0.0,"12-2024":0.0,"02-2025":0.0,"04-2025":0.0,"06-2025":0.0,"08-2025":0.0,"10-2025":0.0,"12-2025":0.0,"02-2026":0.0,"04-2026":0.0,"06-2026":0.0,"08-2026":0.0,"10-2026":0.0,"12-2026":0.0,"02-2027":0.0,"04-2027":0.0,"06-2027":0.0,"08-2027":0.0,"10-2027":0.0,"12-2027":0.0,"02-2028":0.0,"04-2028":0.0,"06-2028":0.0,"08-2028":0.0,"10-2028":0.0,"12-2028":0.0,"02-2029":0.0,"04-2029":0.0,"06-2029":0.0,"08-2029":0.0,"10-2029":0.0,"12-2029":0.0,"02-2030":0.0,"04-2030":0.0,"06-2030":0.0,"08-2030":0.0,"10-2030":0.0,"12-2030":0.0},"percentile_75":{"02-2020":0.0934036305,"04-2020":0.0896915584,"06-2020":0.0975218887,"08-2020":0.1017400568,"10-2020":0.1078376004,"12-2020":0.1056499854,"02-2021":0.0950603813,"04-2021":0.0879264556,"06-2021":0.0880681818,"08-2021":0.0825789451,"10-2021":0.0775252525,"12-2021":0.0760197897,"02-2022":0.0706716729,"04-2022":0.063849784,"06-2022":0.06322663,"08-2022":0.0614342436,"10-2022":0.0579290471,"12-2022":0.0557215074,"02-2023":0.054607721,"04-2023":0.0492426604,"06-2023":0.0508359594,"08-2023":0.0494144437,"10-2023":0.0499011247,"12-2023":0.0442068966,"02-2024":0.0377954094,"04-2024":0.0354774536,"06-2024":0.0319347319,"08-2024":0.0252166847,"10-2024":0.0218906487,"12-2024":0.0197108936,"02-2025":0.0193423203,"04-2025":0.0229779412,"06-2025":0.0240400099,"08-2025":0.0267431488,"10-2025":0.0309072134,"12-2025":0.039520633,"02-2026":0.0487541797,"04-2026":0.0582915361,"06-2026":0.0775442571,"08-2026":0.0916023166,"10-2026":0.1180270112,"12-2026":0.1524725275,"02-2027":0.1880717123,"04-2027":0.2212239123,"06-2027":0.2779558405,"08-2027":0.3669828365,"10-2027":0.4598708487,"12-2027":0.5786654621,"02-2028":0.5996546523,"04-2028":0.5785779979,"06-2028":0.5764448052,"08-2028":0.5749339789,"10-2028":0.5452988903,"12-2028":0.536129386,"02-2029":0.5333383288,"04-2029":0.5178370899,"06-2029":0.5093849104,"08-2029":0.4842007058,"10-2029":0.478398334,"12-2029":0.470135232,"02-2030":0.4677029372,"04-2030":0.4421670264,"06-2030":0.4427500253,"08-2030":0.4284301347,"10-2030":0.4115222206,"12-2030":0.4043577075}}