{"median":{"02-2020":0.0677462888,"04-2020":0.0747394898,"06-2020":0.0880613027,"08-2020":0.0950570342,"10-2020":0.0990328324,"12-2020":0.1035069513,"02-2021":0.1036502697,"04-2021":0.1001792115,"06-2021":0.0980705009,"08-2021":0.0876861118,"10-2021":0.0769242149,"12-2021":0.0660606061,"02-2022":0.0596423828,"04-2022":0.0556473047,"06-2022":0.0493012759,"08-2022":0.0467980296,"10-2022":0.0439270254,"12-2022":0.046971229,"02-2023":0.0483754838,"04-2023":0.0506163458,"06-2023":0.0592363261,"08-2023":0.0726209358,"10-2023":0.0918900396,"12-2023":0.1156516105,"02-2024":0.1418161275,"04-2024":0.1809287037,"06-2024":0.2283929234,"08-2024":0.2890234153,"10-2024":0.3396770473,"12-2024":0.4073754754,"02-2025":0.4638493505,"04-2025":0.5272183647,"06-2025":0.5639105661,"08-2025":0.5823073135,"10-2025":0.5888695316,"12-2025":0.5939828364,"02-2026":0.5880940681,"04-2026":0.5812219789,"06-2026":0.5801379763,"08-2026":0.5604395604,"10-2026":0.5456321751,"12-2026":0.5494611678,"02-2027":0.5367441105,"04-2027":0.5389952918,"06-2027":0.5144250726,"08-2027":0.5160272254,"10-2027":0.5164253267,"12-2027":0.5035714286,"02-2028":0.4973861943,"04-2028":0.4879545455,"06-2028":0.4867299885,"08-2028":0.4789926902,"10-2028":0.4616846739,"12-2028":0.4457799905,"02-2029":0.427827381,"04-2029":0.4166530149,"06-2029":0.4178737056,"08-2029":0.4129136029,"10-2029":0.4055463437,"12-2029":0.3941769317,"02-2030":0.3952621102,"04-2030":0.3856797792,"06-2030":0.3725813626,"08-2030":0.3679563492,"10-2030":0.3629546653,"12-2030":0.3593765865},"percentile_25":{"02-2020":0.0388754191,"04-2020":0.0373866652,"06-2020":0.0428648604,"08-2020":0.0431450941,"10-2020":0.0432428242,"12-2020":0.0440337224,"02-2021":0.0436689286,"04-2021":0.0390625,"06-2021":0.036900369,"08-2021":0.030104196,"10-2021":0.0219298246,"12-2021":0.0181825343,"02-2022":0.0142432942,"04-2022":0.0112058994,"06-2022":0.006983855,"08-2022":0.00390625,"10-2022":0.0036332836,"12-2022":0.0,"02-2023":0.0,"04-2023":0.0,"06-2023":0.0,"08-2023":0.0,"10-2023":0.0,"12-2023":0.0,"02-2024":0.0,"04-2024":0.0,"06-2024":0.0,"08-2024":0.0,"10-2024":0.0,"12-2024":0.0,"02-2025":0.0,"04-2025":0.0,"06-2025":0.0,"08-2025":0.0,"10-2025":0.0,"12-2025":0.0,"02-2026":0.0,"04-2026":0.0,"06-2026":0.0,"08-2026":0.0,"10-2026":0.0,"12-2026":0.0,"02-2027":0.0,"04-2027":0.0,"06-2027":0.0,"08-2027":0.0,"10-2027":0.0,"12-2027":0.0,"02-2028":0.0,"04-2028":0.0,"06-2028":0.0,"08-2028":0.0,"10-2028":0.0,"12-2028":0.0,"02-2029":0.0,"04-2029":0.0,"06-2029":0.0,"08-2029":0.0,"10-2029":0.0,"12-2029":0.0,"02-2030":0.0,"04-2030":0.0,"06-2030":0.0,"08-2030":0.0,"10-2030":0.0,"12-2030":0.0},"percentile_75":{"02-2020":0.1061500406,"04-2020":0.1197397564,"06-2020":0.1457822361,"08-2020":0.1594301221,"10-2020":0.1731688659,"12-2020":0.1903728814,"02-2021":0.1907943765,"04-2021":0.1799740032,"06-2021":0.1766941033,"08-2021":0.1723459663,"10-2021":0.1701766304,"12-2021":0.1574377045,"02-2022":0.1508076656,"04-2022":0.1331261596,"06-2022":0.1217632274,"08-2022":0.1182781154,"10-2022":0.1165429374,"12-2022":0.1336167279,"02-2023":0.1522727273,"04-2023":0.1785858179,"06-2023":0.223412421,"08-2023":0.2800582785,"10-2023":0.3322959889,"12-2023":0.4200759289,"02-2024":0.5111328363,"04-2024":0.599381173,"06-2024":0.6838875936,"08-2024":0.7039596273,"10-2024":0.7107849715,"12-2024":0.7175923173,"02-2025":0.7179957452,"04-2025":0.716949345,"06-2025":0.7104933836,"08-2025":0.6888778322,"10-2025":0.6806642066,"12-2025":0.664530371,"02-2026":0.670620361,"04-2026":0.655115733,"06-2026":0.6378123799,"08-2026":0.6244995087,"10-2026":0.6165092517,"12-2026":0.6087540777,"02-2027":0.6044161063,"04-2027":0.6045886627,"06-2027":0.5889325094,"08-2027":0.5772521032,"10-2027":0.5733045213,"12-2027":0.558137866,"02-2028":0.5532434693,"04-2028":0.547657064,"06-2028":0.5546375708,"08-2028":0.5335034014,"10-2028":0.5248462572,"12-2028":0.5123595106,"02-2029":0.4920421318,"04-2029":0.4801175808,"06-2029":0.4705003328,"08-2029":0.4755244755,"10-2029":0.4623480791,"12-2029":0.4522743321,"02-2030":0.4514633498,"04-2030":0.4374514007,"06-2030":0.4323038642,"08-2030":0.4258217993,"10-2030":0.4158999425,"12-2030":0.4128888353}}