{"median":{"02-2020":0.0579159213,"04-2020":0.0579430362,"06-2020":0.0588095444,"08-2020":0.0537430003,"10-2020":0.0511884709,"12-2020":0.0451440451,"02-2021":0.0425944252,"04-2021":0.0365641711,"06-2021":0.0346771284,"08-2021":0.0315997504,"10-2021":0.028296802,"12-2021":0.0251422293,"02-2022":0.0218124341,"04-2022":0.0181168933,"06-2022":0.0117692308,"08-2022":0.0081302156,"10-2022":0.0040249433,"12-2022":0.0038314739,"02-2023":0.0,"04-2023":0.0,"06-2023":0.0,"08-2023":0.0,"10-2023":0.0,"12-2023":0.0,"02-2024":0.0,"04-2024":0.0,"06-2024":0.0,"08-2024":0.0,"10-2024":0.0,"12-2024":0.0,"02-2025":0.0,"04-2025":0.0,"06-2025":0.0,"08-2025":0.0,"10-2025":0.0,"12-2025":0.0,"02-2026":0.0,"04-2026":0.0,"06-2026":0.0,"08-2026":0.0,"10-2026":0.0,"12-2026":0.0,"02-2027":0.0,"04-2027":0.0,"06-2027":0.0,"08-2027":0.0,"10-2027":0.0,"12-2027":0.0,"02-2028":0.0,"04-2028":0.0,"06-2028":0.0,"08-2028":0.0,"10-2028":0.0,"12-2028":0.0,"02-2029":0.0,"04-2029":0.0,"06-2029":0.0,"08-2029":0.0,"10-2029":0.0,"12-2029":0.0,"02-2030":0.0,"04-2030":0.0,"06-2030":0.0,"08-2030":0.0,"10-2030":0.0,"12-2030":0.0},"percentile_25":{"02-2020":0.0364092881,"04-2020":0.0332720588,"06-2020":0.0304018445,"08-2020":0.0302488209,"10-2020":0.0263241319,"12-2020":0.0248172043,"02-2021":0.0206914345,"04-2021":0.0155193056,"06-2021":0.0119053199,"08-2021":0.0081055931,"10-2021":0.0038835389,"12-2021":0.0035608235,"02-2022":0.0,"04-2022":0.0,"06-2022":0.0,"08-2022":0.0,"10-2022":0.0,"12-2022":0.0,"02-2023":0.0,"04-2023":0.0,"06-2023":0.0,"08-2023":0.0,"10-2023":0.0,"12-2023":0.0,"02-2024":0.0,"04-2024":0.0,"06-2024":0.0,"08-2024":0.0,"10-2024":0.0,"12-2024":0.0,"02-2025":0.0,"04-2025":0.0,"06-2025":0.0,"08-2025":0.0,"10-2025":0.0,"12-2025":0.0,"02-2026":0.0,"04-2026":0.0,"06-2026":0.0,"08-2026":0.0,"10-2026":0.0,"12-2026":0.0,"02-2027":0.0,"04-2027":0.0,"06-2027":0.0,"08-2027":0.0,"10-2027":0.0,"12-2027":0.0,"02-2028":0.0,"04-2028":0.0,"06-2028":0.0,"08-2028":0.0,"10-2028":0.0,"12-2028":0.0,"02-2029":0.0,"04-2029":0.0,"06-2029":0.0,"08-2029":0.0,"10-2029":0.0,"12-2029":0.0,"02-2030":0.0,"04-2030":0.0,"06-2030":0.0,"08-2030":0.0,"10-2030":0.0,"12-2030":0.0},"percentile_75":{"02-2020":0.0934036305,"04-2020":0.0896915584,"06-2020":0.0975218887,"08-2020":0.1017400568,"10-2020":0.1078376004,"12-2020":0.1056499854,"02-2021":0.0950603813,"04-2021":0.0879264556,"06-2021":0.0880681818,"08-2021":0.0825789451,"10-2021":0.0775252525,"12-2021":0.0760197897,"02-2022":0.0706716729,"04-2022":0.063849784,"06-2022":0.0640308157,"08-2022":0.0662990196,"10-2022":0.0733462726,"12-2022":0.0905828662,"02-2023":0.101643986,"04-2023":0.1160391357,"06-2023":0.1420155993,"08-2023":0.1897739976,"10-2023":0.2144661355,"12-2023":0.2749679253,"02-2024":0.355200557,"04-2024":0.4298251748,"06-2024":0.5134885623,"08-2024":0.6003829169,"10-2024":0.6535087719,"12-2024":0.6845002474,"02-2025":0.6935767833,"04-2025":0.6708514725,"06-2025":0.6657673861,"08-2025":0.6594360501,"10-2025":0.6491684942,"12-2025":0.6426503095,"02-2026":0.6448802316,"04-2026":0.6435463659,"06-2026":0.6275742994,"08-2026":0.6038813206,"10-2026":0.601459854,"12-2026":0.5844862571,"02-2027":0.5816934404,"04-2027":0.55651341,"06-2027":0.5536677801,"08-2027":0.557066238,"10-2027":0.5578452025,"12-2027":0.5420409248,"02-2028":0.5368421053,"04-2028":0.527496799,"06-2028":0.5255183413,"08-2028":0.5109713157,"10-2028":0.511553888,"12-2028":0.4931619111,"02-2029":0.4710703116,"04-2029":0.4614574388,"06-2029":0.4571144843,"08-2029":0.4351778656,"10-2029":0.4290788798,"12-2029":0.4257217335,"02-2030":0.4218270112,"04-2030":0.421182406,"06-2030":0.4042799306,"08-2030":0.3946825131,"10-2030":0.3891371712,"12-2030":0.3841191745}}