{"median":{"02-2020":0.0579159213,"04-2020":0.0579430362,"06-2020":0.0588095444,"08-2020":0.0537430003,"10-2020":0.0511884709,"12-2020":0.0451440451,"02-2021":0.0425944252,"04-2021":0.0365641711,"06-2021":0.0349654624,"08-2021":0.032580493,"10-2021":0.032967033,"12-2021":0.0347121917,"02-2022":0.0403664154,"04-2022":0.0421832884,"06-2022":0.0532089749,"08-2022":0.064398893,"10-2022":0.0789473684,"12-2022":0.0927445046,"02-2023":0.1102215602,"04-2023":0.128490264,"06-2023":0.1535111032,"08-2023":0.1765384615,"10-2023":0.1993520341,"12-2023":0.230192081,"02-2024":0.274321934,"04-2024":0.3143914934,"06-2024":0.3269519954,"08-2024":0.378013468,"10-2024":0.4257946355,"12-2024":0.5009016257,"02-2025":0.5427509294,"04-2025":0.5549415993,"06-2025":0.5534308745,"08-2025":0.5471969069,"10-2025":0.5394020274,"12-2025":0.5412414966,"02-2026":0.5149961422,"04-2026":0.5162856672,"06-2026":0.5078869232,"08-2026":0.4999585206,"10-2026":0.4814997736,"12-2026":0.4651979566,"02-2027":0.4775669408,"04-2027":0.4688761152,"06-2027":0.453058693,"08-2027":0.4456534595,"10-2027":0.4346438361,"12-2027":0.4407651072,"02-2028":0.4409795524,"04-2028":0.4384025626,"06-2028":0.4390060841,"08-2028":0.4290522876,"10-2028":0.4169503685,"12-2028":0.4049017696,"02-2029":0.3929824561,"04-2029":0.3729996466,"06-2029":0.3625511234,"08-2029":0.3621630045,"10-2029":0.3581824918,"12-2029":0.3615591398,"02-2030":0.365664381,"04-2030":0.3532406113,"06-2030":0.3345936133,"08-2030":0.3345238095,"10-2030":0.3246729101,"12-2030":0.3141714743},"percentile_25":{"02-2020":0.0364092881,"04-2020":0.0332720588,"06-2020":0.0304018445,"08-2020":0.0302488209,"10-2020":0.0263241319,"12-2020":0.0248172043,"02-2021":0.0206914345,"04-2021":0.0155193056,"06-2021":0.0119053199,"08-2021":0.008016891,"10-2021":0.0039296778,"12-2021":0.0033697752,"02-2022":0.0,"04-2022":0.0,"06-2022":0.0,"08-2022":0.0,"10-2022":0.0,"12-2022":0.0,"02-2023":0.0,"04-2023":0.0,"06-2023":0.0,"08-2023":0.0,"10-2023":0.0,"12-2023":0.0,"02-2024":0.0,"04-2024":0.0,"06-2024":0.0,"08-2024":0.0,"10-2024":0.0,"12-2024":0.0,"02-2025":0.0,"04-2025":0.0,"06-2025":0.0,"08-2025":0.0,"10-2025":0.0,"12-2025":0.0,"02-2026":0.0,"04-2026":0.0,"06-2026":0.0,"08-2026":0.0,"10-2026":0.0,"12-2026":0.0,"02-2027":0.0,"04-2027":0.0,"06-2027":0.0,"08-2027":0.0,"10-2027":0.0,"12-2027":0.0,"02-2028":0.0,"04-2028":0.0,"06-2028":0.0,"08-2028":0.0,"10-2028":0.0,"12-2028":0.0,"02-2029":0.0,"04-2029":0.0,"06-2029":0.0,"08-2029":0.0,"10-2029":0.0,"12-2029":0.0,"02-2030":0.0,"04-2030":0.0,"06-2030":0.0,"08-2030":0.0,"10-2030":0.0,"12-2030":0.0},"percentile_75":{"02-2020":0.0934036305,"04-2020":0.0896915584,"06-2020":0.0975218887,"08-2020":0.1017400568,"10-2020":0.1078376004,"12-2020":0.1056499854,"02-2021":0.0950603813,"04-2021":0.0879264556,"06-2021":0.0853231051,"08-2021":0.0889093307,"10-2021":0.0947161781,"12-2021":0.1087773782,"02-2022":0.1262288786,"04-2022":0.1486984127,"06-2022":0.1855335968,"08-2022":0.2405086903,"10-2022":0.2962996872,"12-2022":0.3555279356,"02-2023":0.4436090226,"04-2023":0.5268268896,"06-2023":0.6171270528,"08-2023":0.6890550338,"10-2023":0.6866290118,"12-2023":0.6981704897,"02-2024":0.7003620162,"04-2024":0.7,"06-2024":0.6747480014,"08-2024":0.6834113984,"10-2024":0.6803619372,"12-2024":0.677948686,"02-2025":0.6642401644,"04-2025":0.648720529,"06-2025":0.6437303007,"08-2025":0.6346863469,"10-2025":0.6268745178,"12-2025":0.6195294295,"02-2026":0.6097761464,"04-2026":0.5946448307,"06-2026":0.591334866,"08-2026":0.5790517962,"10-2026":0.5674962006,"12-2026":0.5563727135,"02-2027":0.5565268775,"04-2027":0.541990417,"06-2027":0.5246911904,"08-2027":0.5243939394,"10-2027":0.5248070247,"12-2027":0.5182481752,"02-2028":0.5094701077,"04-2028":0.4964652642,"06-2028":0.5023316526,"08-2028":0.4986462094,"10-2028":0.4874315929,"12-2028":0.4678800366,"02-2029":0.4477318971,"04-2029":0.4486975781,"06-2029":0.4407800548,"08-2029":0.4273983316,"10-2029":0.4211496267,"12-2029":0.4229390681,"02-2030":0.4187567945,"04-2030":0.4191379946,"06-2030":0.407442348,"08-2030":0.3853390773,"10-2030":0.3828718852,"12-2030":0.3859987807}}