{"median":{"02-2020":0.0579159213,"04-2020":0.0579430362,"06-2020":0.0588095444,"08-2020":0.0537430003,"10-2020":0.0511884709,"12-2020":0.0451440451,"02-2021":0.0425944252,"04-2021":0.0365641711,"06-2021":0.0346771284,"08-2021":0.0315997504,"10-2021":0.028296802,"12-2021":0.0251422293,"02-2022":0.022600874,"04-2022":0.0186932215,"06-2022":0.0164541369,"08-2022":0.0125,"10-2022":0.0138179562,"12-2022":0.0114945055,"02-2023":0.0145502646,"04-2023":0.0188028169,"06-2023":0.0219437833,"08-2023":0.0246443089,"10-2023":0.0329142344,"12-2023":0.0384280956,"02-2024":0.0410314245,"04-2024":0.0503269171,"06-2024":0.0603372854,"08-2024":0.0673858205,"10-2024":0.0814485231,"12-2024":0.1170371599,"02-2025":0.1491468343,"04-2025":0.1892593034,"06-2025":0.2158133683,"08-2025":0.2486938745,"10-2025":0.3173813507,"12-2025":0.369097042,"02-2026":0.4134854506,"04-2026":0.466487918,"06-2026":0.4926070885,"08-2026":0.4992159498,"10-2026":0.4904034322,"12-2026":0.4779651383,"02-2027":0.4681668357,"04-2027":0.4499123948,"06-2027":0.4415279842,"08-2027":0.4413753774,"10-2027":0.4346960139,"12-2027":0.4348328779,"02-2028":0.4483881183,"04-2028":0.4319367589,"06-2028":0.4364210997,"08-2028":0.4118205349,"10-2028":0.3957667333,"12-2028":0.3821013289,"02-2029":0.3685664336,"04-2029":0.3577794852,"06-2029":0.3519091847,"08-2029":0.3520945518,"10-2029":0.3321718931,"12-2029":0.3358188987,"02-2030":0.3165686168,"04-2030":0.3118164615,"06-2030":0.312383829,"08-2030":0.3087197053,"10-2030":0.3063898668,"12-2030":0.3015940224},"percentile_25":{"02-2020":0.0364092881,"04-2020":0.0332720588,"06-2020":0.0304018445,"08-2020":0.0302488209,"10-2020":0.0263241319,"12-2020":0.0248172043,"02-2021":0.0206914345,"04-2021":0.0155193056,"06-2021":0.0119053199,"08-2021":0.0081055931,"10-2021":0.0038835389,"12-2021":0.0035608235,"02-2022":0.0,"04-2022":0.0,"06-2022":0.0,"08-2022":0.0,"10-2022":0.0,"12-2022":0.0,"02-2023":0.0,"04-2023":0.0,"06-2023":0.0,"08-2023":0.0,"10-2023":0.0,"12-2023":0.0,"02-2024":0.0,"04-2024":0.0,"06-2024":0.0,"08-2024":0.0,"10-2024":0.0,"12-2024":0.0,"02-2025":0.0,"04-2025":0.0,"06-2025":0.0,"08-2025":0.0,"10-2025":0.0,"12-2025":0.0,"02-2026":0.0,"04-2026":0.0,"06-2026":0.0,"08-2026":0.0,"10-2026":0.0,"12-2026":0.0,"02-2027":0.0,"04-2027":0.0,"06-2027":0.0,"08-2027":0.0,"10-2027":0.0,"12-2027":0.0,"02-2028":0.0,"04-2028":0.0,"06-2028":0.0,"08-2028":0.0,"10-2028":0.0,"12-2028":0.0,"02-2029":0.0,"04-2029":0.0,"06-2029":0.0,"08-2029":0.0,"10-2029":0.0,"12-2029":0.0,"02-2030":0.0,"04-2030":0.0,"06-2030":0.0,"08-2030":0.0,"10-2030":0.0,"12-2030":0.0},"percentile_75":{"02-2020":0.0934036305,"04-2020":0.0896915584,"06-2020":0.0975218887,"08-2020":0.1017400568,"10-2020":0.1078376004,"12-2020":0.1056499854,"02-2021":0.0950603813,"04-2021":0.0879264556,"06-2021":0.0880681818,"08-2021":0.0825789451,"10-2021":0.0775252525,"12-2021":0.0760197897,"02-2022":0.0778351369,"04-2022":0.0871491923,"06-2022":0.1002525253,"08-2022":0.1213452612,"10-2022":0.1452507263,"12-2022":0.1856833643,"02-2023":0.2519845141,"04-2023":0.3104189818,"06-2023":0.3759900573,"08-2023":0.4483980324,"10-2023":0.5138508035,"12-2023":0.6101476933,"02-2024":0.6793283582,"04-2024":0.7227648517,"06-2024":0.7048595617,"08-2024":0.6981303602,"10-2024":0.6871327485,"12-2024":0.6936144609,"02-2025":0.6799165935,"04-2025":0.6553670558,"06-2025":0.668152239,"08-2025":0.6563031463,"10-2025":0.6437143937,"12-2025":0.6360106007,"02-2026":0.6235654994,"04-2026":0.6170281009,"06-2026":0.6038679571,"08-2026":0.5924727846,"10-2026":0.5698499581,"12-2026":0.5763695555,"02-2027":0.5751958282,"04-2027":0.5672650262,"06-2027":0.5565857044,"08-2027":0.5359054416,"10-2027":0.5355338542,"12-2027":0.542934224,"02-2028":0.5327586207,"04-2028":0.5134394866,"06-2028":0.5222545096,"08-2028":0.5081188725,"10-2028":0.4811645998,"12-2028":0.4635991377,"02-2029":0.4545652781,"04-2029":0.4426739095,"06-2029":0.4440346932,"08-2029":0.435426787,"10-2029":0.4270072993,"12-2029":0.4210535736,"02-2030":0.4167372881,"04-2030":0.4122496336,"06-2030":0.4022531055,"08-2030":0.3935216132,"10-2030":0.3851941613,"12-2030":0.3706870624}}