{"median":{"02-2020":0.0579159213,"04-2020":0.0579430362,"06-2020":0.0576923077,"08-2020":0.0576164986,"10-2020":0.0607689801,"12-2020":0.0646321652,"02-2021":0.0758441655,"04-2021":0.0821145361,"06-2021":0.0925508644,"08-2021":0.1161037348,"10-2021":0.1398113208,"12-2021":0.1708406603,"02-2022":0.222524716,"04-2022":0.2624264845,"06-2022":0.311761811,"08-2022":0.381004902,"10-2022":0.424028777,"12-2022":0.4943681319,"02-2023":0.5400249536,"04-2023":0.5898641658,"06-2023":0.6055592992,"08-2023":0.6145038168,"10-2023":0.6280189856,"12-2023":0.6200775194,"02-2024":0.613101194,"04-2024":0.6086241419,"06-2024":0.6035725678,"08-2024":0.5942009954,"10-2024":0.5811503972,"12-2024":0.5719211823,"02-2025":0.5714259052,"04-2025":0.5603921569,"06-2025":0.5517747955,"08-2025":0.547255814,"10-2025":0.5404499243,"12-2025":0.5317846958,"02-2026":0.5232288037,"04-2026":0.5079372929,"06-2026":0.5089128452,"08-2026":0.5037457912,"10-2026":0.4911660777,"12-2026":0.4818688249,"02-2027":0.4703826912,"04-2027":0.4675283198,"06-2027":0.4627982075,"08-2027":0.4452175807,"10-2027":0.4417420814,"12-2027":0.4479007889,"02-2028":0.4402264738,"04-2028":0.4499938807,"06-2028":0.4477644781,"08-2028":0.4332095145,"10-2028":0.4213277095,"12-2028":0.402637486,"02-2029":0.3952968328,"04-2029":0.387983694,"06-2029":0.3895576389,"08-2029":0.3761828526,"10-2029":0.3790647623,"12-2029":0.3730078421,"02-2030":0.3666707462,"04-2030":0.3687574709,"06-2030":0.3704998705,"08-2030":0.3619218548,"10-2030":0.3600778547,"12-2030":0.3551136364},"percentile_25":{"02-2020":0.0364092881,"04-2020":0.0332720588,"06-2020":0.029688799,"08-2020":0.0305876527,"10-2020":0.0318095208,"12-2020":0.0323236265,"02-2021":0.032667165,"04-2021":0.0345027167,"06-2021":0.0357750011,"08-2021":0.0357503471,"10-2021":0.0440546772,"12-2021":0.0503616532,"02-2022":0.0625251697,"04-2022":0.062468424,"06-2022":0.067371788,"08-2022":0.0762830503,"10-2022":0.0848379791,"12-2022":0.1192958988,"02-2023":0.1473790058,"04-2023":0.1813459079,"06-2023":0.1990121233,"08-2023":0.214213187,"10-2023":0.2255751696,"12-2023":0.2547668998,"02-2024":0.2779959316,"04-2024":0.3423892304,"06-2024":0.3968506572,"08-2024":0.4207940809,"10-2024":0.4702380952,"12-2024":0.4867669268,"02-2025":0.4868466921,"04-2025":0.489667762,"06-2025":0.4656572887,"08-2025":0.4761133603,"10-2025":0.4603466074,"12-2025":0.4646505161,"02-2026":0.4564887153,"04-2026":0.440663848,"06-2026":0.4256573614,"08-2026":0.4188463758,"10-2026":0.4121911923,"12-2026":0.4129886168,"02-2027":0.4013455671,"04-2027":0.3955282751,"06-2027":0.386369007,"08-2027":0.3906514057,"10-2027":0.3902006573,"12-2027":0.3938055457,"02-2028":0.3905264411,"04-2028":0.399144412,"06-2028":0.3979193358,"08-2028":0.3792435857,"10-2028":0.3655058999,"12-2028":0.3540869432,"02-2029":0.3423756309,"04-2029":0.345998903,"06-2029":0.3377152949,"08-2029":0.334213615,"10-2029":0.3309273346,"12-2029":0.3189071567,"02-2030":0.3161257739,"04-2030":0.3135266458,"06-2030":0.3188007645,"08-2030":0.3186789712,"10-2030":0.3134935853,"12-2030":0.3052254758},"percentile_75":{"02-2020":0.0934036305,"04-2020":0.0896915584,"06-2020":0.0988636364,"08-2020":0.1086327029,"10-2020":0.125,"12-2020":0.135858878,"02-2021":0.1566834943,"04-2021":0.1922642575,"06-2021":0.2351420298,"08-2021":0.2881762931,"10-2021":0.3441654915,"12-2021":0.4153262868,"02-2022":0.4944691098,"04-2022":0.5820965126,"06-2022":0.6513578598,"08-2022":0.7261772653,"10-2022":0.7295915461,"12-2022":0.7455330341,"02-2023":0.7402393368,"04-2023":0.7253291136,"06-2023":0.7234402761,"08-2023":0.7119194172,"10-2023":0.6997538527,"12-2023":0.6891014403,"02-2024":0.6765439667,"04-2024":0.6658220721,"06-2024":0.6565751858,"08-2024":0.6508828051,"10-2024":0.6431915463,"12-2024":0.6323776314,"02-2025":0.6246615523,"04-2025":0.6144570863,"06-2025":0.6084058514,"08-2025":0.5922876577,"10-2025":0.5981112826,"12-2025":0.5880999686,"02-2026":0.5746483102,"04-2026":0.5656097944,"06-2026":0.5599788221,"08-2026":0.5560400616,"10-2026":0.5443664308,"12-2026":0.5268211137,"02-2027":0.524577573,"04-2027":0.518321805,"06-2027":0.5068656716,"08-2027":0.4990780217,"10-2027":0.5,"12-2027":0.5022002504,"02-2028":0.4945141889,"04-2028":0.4954250597,"06-2028":0.4812094229,"08-2028":0.4797952905,"10-2028":0.4674463925,"12-2028":0.4635543185,"02-2029":0.4478070175,"04-2029":0.4345633865,"06-2029":0.4236762644,"08-2029":0.4282291191,"10-2029":0.4252806165,"12-2029":0.4158355906,"02-2030":0.4249342026,"04-2030":0.4180747672,"06-2030":0.4110560575,"08-2030":0.4085717051,"10-2030":0.4034326846,"12-2030":0.403377193}}