{"median":{"02-2020":0.0566861663,"04-2020":0.0525254669,"06-2020":0.0527475075,"08-2020":0.0525330179,"10-2020":0.0487806595,"12-2020":0.0491184658,"02-2021":0.0433868093,"04-2021":0.0404964504,"06-2021":0.0343289689,"08-2021":0.0316205534,"10-2021":0.0288070722,"12-2021":0.0275663206,"02-2022":0.0263766676,"04-2022":0.024590577,"06-2022":0.0190158055,"08-2022":0.0167244969,"10-2022":0.0115411932,"12-2022":0.0080776497,"02-2023":0.008257568,"04-2023":0.0056585408,"06-2023":0.0037808399,"08-2023":0.0,"10-2023":0.0,"12-2023":0.0,"02-2024":0.0,"04-2024":0.0,"06-2024":0.0,"08-2024":0.0,"10-2024":0.0,"12-2024":0.0,"02-2025":0.0,"04-2025":0.0,"06-2025":0.0,"08-2025":0.0,"10-2025":0.0,"12-2025":0.0,"02-2026":0.0,"04-2026":0.0,"06-2026":0.0,"08-2026":0.0,"10-2026":0.0,"12-2026":0.0,"02-2027":0.0,"04-2027":0.0,"06-2027":0.0,"08-2027":0.0,"10-2027":0.0,"12-2027":0.0,"02-2028":0.0,"04-2028":0.0,"06-2028":0.0,"08-2028":0.0,"10-2028":0.0,"12-2028":0.0,"02-2029":0.0,"04-2029":0.0,"06-2029":0.0,"08-2029":0.0,"10-2029":0.0,"12-2029":0.0,"02-2030":0.0,"04-2030":0.0,"06-2030":0.0,"08-2030":0.0,"10-2030":0.0,"12-2030":0.0},"percentile_25":{"02-2020":0.0365483361,"04-2020":0.0332304527,"06-2020":0.0311298077,"08-2020":0.0275339339,"10-2020":0.0267187161,"12-2020":0.0234610123,"02-2021":0.020084147,"04-2021":0.0169500579,"06-2021":0.0122577487,"08-2021":0.008266129,"10-2021":0.007384762,"12-2021":0.0038835389,"02-2022":0.0,"04-2022":0.0,"06-2022":0.0,"08-2022":0.0,"10-2022":0.0,"12-2022":0.0,"02-2023":0.0,"04-2023":0.0,"06-2023":0.0,"08-2023":0.0,"10-2023":0.0,"12-2023":0.0,"02-2024":0.0,"04-2024":0.0,"06-2024":0.0,"08-2024":0.0,"10-2024":0.0,"12-2024":0.0,"02-2025":0.0,"04-2025":0.0,"06-2025":0.0,"08-2025":0.0,"10-2025":0.0,"12-2025":0.0,"02-2026":0.0,"04-2026":0.0,"06-2026":0.0,"08-2026":0.0,"10-2026":0.0,"12-2026":0.0,"02-2027":0.0,"04-2027":0.0,"06-2027":0.0,"08-2027":0.0,"10-2027":0.0,"12-2027":0.0,"02-2028":0.0,"04-2028":0.0,"06-2028":0.0,"08-2028":0.0,"10-2028":0.0,"12-2028":0.0,"02-2029":0.0,"04-2029":0.0,"06-2029":0.0,"08-2029":0.0,"10-2029":0.0,"12-2029":0.0,"02-2030":0.0,"04-2030":0.0,"06-2030":0.0,"08-2030":0.0,"10-2030":0.0,"12-2030":0.0},"percentile_75":{"02-2020":0.0910901847,"04-2020":0.0910726765,"06-2020":0.0949974159,"08-2020":0.103087443,"10-2020":0.0991848298,"12-2020":0.1071770662,"02-2021":0.1043950056,"04-2021":0.0968836183,"06-2021":0.0963926519,"08-2021":0.0868217751,"10-2021":0.0910431567,"12-2021":0.0848719341,"02-2022":0.0738675489,"04-2022":0.0791819853,"06-2022":0.0813253012,"08-2022":0.0782787894,"10-2022":0.0807487764,"12-2022":0.0773773471,"02-2023":0.0786647993,"04-2023":0.0875699301,"06-2023":0.1102292381,"08-2023":0.1284283715,"10-2023":0.1449914627,"12-2023":0.1795998949,"02-2024":0.2187755331,"04-2024":0.2649644309,"06-2024":0.3385803408,"08-2024":0.4037364009,"10-2024":0.4678766926,"12-2024":0.5443500277,"02-2025":0.5902939823,"04-2025":0.6301580241,"06-2025":0.6471881221,"08-2025":0.665747549,"10-2025":0.6642534116,"12-2025":0.6557593308,"02-2026":0.6498755685,"04-2026":0.6373718737,"06-2026":0.6353818283,"08-2026":0.6329787234,"10-2026":0.6313499918,"12-2026":0.6123188406,"02-2027":0.6020673487,"04-2027":0.5905290362,"06-2027":0.5741502627,"08-2027":0.5627201112,"10-2027":0.5634263774,"12-2027":0.555952381,"02-2028":0.5370237391,"04-2028":0.535237447,"06-2028":0.5223057644,"08-2028":0.5117278555,"10-2028":0.5114356884,"12-2028":0.5048465769,"02-2029":0.4969094576,"04-2029":0.4805183037,"06-2029":0.4643089233,"08-2029":0.4571814923,"10-2029":0.4439757054,"12-2029":0.4448717949,"02-2030":0.4354424071,"04-2030":0.4338454595,"06-2030":0.4225872574,"08-2030":0.4094637414,"10-2030":0.4102251978,"12-2030":0.4168403177}}