{"median":{"02-2020":0.0595744681,"04-2020":0.0654997766,"06-2020":0.0718414222,"08-2020":0.0755772006,"10-2020":0.0786752855,"12-2020":0.0916348601,"02-2021":0.0926265563,"04-2021":0.095140291,"06-2021":0.0924371885,"08-2021":0.0935392544,"10-2021":0.0840201311,"12-2021":0.0731467806,"02-2022":0.0638745458,"04-2022":0.0628114618,"06-2022":0.0584504294,"08-2022":0.0563418193,"10-2022":0.0543971147,"12-2022":0.0517439468,"02-2023":0.0520033282,"04-2023":0.0483501169,"06-2023":0.0441774194,"08-2023":0.0357854297,"10-2023":0.0324573515,"12-2023":0.0333626229,"02-2024":0.0330454545,"04-2024":0.0329181896,"06-2024":0.0307130014,"08-2024":0.0289354577,"10-2024":0.026933416,"12-2024":0.0227744166,"02-2025":0.0246470758,"04-2025":0.025552891,"06-2025":0.0244458653,"08-2025":0.0238440089,"10-2025":0.0193903319,"12-2025":0.0167709444,"02-2026":0.0190213068,"04-2026":0.0223949066,"06-2026":0.0248676471,"08-2026":0.0272424018,"10-2026":0.0259995813,"12-2026":0.0267148336,"02-2027":0.0315009418,"04-2027":0.0368005049,"06-2027":0.0406640603,"08-2027":0.0459229391,"10-2027":0.0532708974,"12-2027":0.0674736842,"02-2028":0.0914480019,"04-2028":0.1105563053,"06-2028":0.145848333,"08-2028":0.1937600644,"10-2028":0.2499087628,"12-2028":0.3256044284,"02-2029":0.4203713466,"04-2029":0.4810178367,"06-2029":0.5091699605,"08-2029":0.5168496378,"10-2029":0.5036231884,"12-2029":0.499922904,"02-2030":0.4891368559,"04-2030":0.4880916031,"06-2030":0.4528006716,"08-2030":0.4489527497,"10-2030":0.4387219121,"12-2030":0.4263942841},"percentile_25":{"02-2020":0.0392156863,"04-2020":0.0382776169,"06-2020":0.0401835483,"08-2020":0.0417422653,"10-2020":0.0421963277,"12-2020":0.040371043,"02-2021":0.0407598464,"04-2021":0.0402534299,"06-2021":0.0371546402,"08-2021":0.0310386112,"10-2021":0.0260497827,"12-2021":0.0231437481,"02-2022":0.0159840637,"04-2022":0.0138264587,"06-2022":0.0112047441,"08-2022":0.0077907499,"10-2022":0.0039920635,"12-2022":0.0038722277,"02-2023":0.0037878788,"04-2023":0.0,"06-2023":0.0,"08-2023":0.0,"10-2023":0.0,"12-2023":0.0,"02-2024":0.0,"04-2024":0.0,"06-2024":0.0,"08-2024":0.0,"10-2024":0.0,"12-2024":0.0,"02-2025":0.0,"04-2025":0.0,"06-2025":0.0,"08-2025":0.0,"10-2025":0.0,"12-2025":0.0,"02-2026":0.0,"04-2026":0.0,"06-2026":0.0,"08-2026":0.0,"10-2026":0.0,"12-2026":0.0,"02-2027":0.0,"04-2027":0.0,"06-2027":0.0,"08-2027":0.0,"10-2027":0.0,"12-2027":0.0,"02-2028":0.0,"04-2028":0.0,"06-2028":0.0,"08-2028":0.0,"10-2028":0.0,"12-2028":0.0,"02-2029":0.0,"04-2029":0.0,"06-2029":0.0,"08-2029":0.0,"10-2029":0.0,"12-2029":0.0,"02-2030":0.0,"04-2030":0.0,"06-2030":0.0,"08-2030":0.0,"10-2030":0.0,"12-2030":0.0},"percentile_75":{"02-2020":0.1027151477,"04-2020":0.1143579152,"06-2020":0.1377204885,"08-2020":0.1576925494,"10-2020":0.1715895041,"12-2020":0.1904202279,"02-2021":0.2014449514,"04-2021":0.2001893939,"06-2021":0.2099236641,"08-2021":0.2003875969,"10-2021":0.1924235403,"12-2021":0.1944179516,"02-2022":0.1817801339,"04-2022":0.1767775027,"06-2022":0.1785714286,"08-2022":0.1685084578,"10-2022":0.1645194635,"12-2022":0.1623540638,"02-2023":0.1549757959,"04-2023":0.1512434933,"06-2023":0.1540198907,"08-2023":0.1521725303,"10-2023":0.1424731183,"12-2023":0.1484467281,"02-2024":0.133233741,"04-2024":0.1354110085,"06-2024":0.1434023991,"08-2024":0.131402842,"10-2024":0.1281548717,"12-2024":0.1341365462,"02-2025":0.1314198015,"04-2025":0.125166113,"06-2025":0.1312227881,"08-2025":0.1320403343,"10-2025":0.1251173709,"12-2025":0.1275324235,"02-2026":0.1520234408,"04-2026":0.1741410763,"06-2026":0.2108662372,"08-2026":0.2411742158,"10-2026":0.2932942708,"12-2026":0.3681509257,"02-2027":0.4683443836,"04-2027":0.5661437247,"06-2027":0.6449313738,"08-2027":0.690741961,"10-2027":0.7026434832,"12-2027":0.7053658081,"02-2028":0.7018440407,"04-2028":0.6938743626,"06-2028":0.6941975063,"08-2028":0.6845359866,"10-2028":0.666967509,"12-2028":0.6681918205,"02-2029":0.657767372,"04-2029":0.6481665886,"06-2029":0.6228428262,"08-2029":0.6306304334,"10-2029":0.6189128482,"12-2029":0.6072439265,"02-2030":0.5925824176,"04-2030":0.5743284493,"06-2030":0.5609261738,"08-2030":0.5549666274,"10-2030":0.5521363894,"12-2030":0.5614170792}}