{"median":{"02-2020":0.0566861663,"04-2020":0.0525254669,"06-2020":0.0527475075,"08-2020":0.0525330179,"10-2020":0.0487806595,"12-2020":0.0491184658,"02-2021":0.0433868093,"04-2021":0.0404964504,"06-2021":0.0343289689,"08-2021":0.0316205534,"10-2021":0.0288070722,"12-2021":0.0275663206,"02-2022":0.0263766676,"04-2022":0.024590577,"06-2022":0.0190158055,"08-2022":0.0167244969,"10-2022":0.0115411932,"12-2022":0.0080776497,"02-2023":0.0077973006,"04-2023":0.0056820688,"06-2023":0.0038684864,"08-2023":0.0,"10-2023":0.0,"12-2023":0.0,"02-2024":0.0,"04-2024":0.0,"06-2024":0.0,"08-2024":0.0,"10-2024":0.0,"12-2024":0.0,"02-2025":0.0,"04-2025":0.0,"06-2025":0.0,"08-2025":0.0,"10-2025":0.0,"12-2025":0.0,"02-2026":0.0,"04-2026":0.0,"06-2026":0.0,"08-2026":0.0,"10-2026":0.0,"12-2026":0.0,"02-2027":0.0,"04-2027":0.0,"06-2027":0.0,"08-2027":0.0,"10-2027":0.0,"12-2027":0.0,"02-2028":0.0,"04-2028":0.0,"06-2028":0.0,"08-2028":0.0,"10-2028":0.0,"12-2028":0.0,"02-2029":0.0,"04-2029":0.0,"06-2029":0.0,"08-2029":0.0,"10-2029":0.0,"12-2029":0.0,"02-2030":0.0,"04-2030":0.0,"06-2030":0.0,"08-2030":0.0,"10-2030":0.0,"12-2030":0.0},"percentile_25":{"02-2020":0.0365483361,"04-2020":0.0332304527,"06-2020":0.0311298077,"08-2020":0.0275339339,"10-2020":0.0267187161,"12-2020":0.0234610123,"02-2021":0.020084147,"04-2021":0.0169500579,"06-2021":0.0122577487,"08-2021":0.008266129,"10-2021":0.007384762,"12-2021":0.0038835389,"02-2022":0.0,"04-2022":0.0,"06-2022":0.0,"08-2022":0.0,"10-2022":0.0,"12-2022":0.0,"02-2023":0.0,"04-2023":0.0,"06-2023":0.0,"08-2023":0.0,"10-2023":0.0,"12-2023":0.0,"02-2024":0.0,"04-2024":0.0,"06-2024":0.0,"08-2024":0.0,"10-2024":0.0,"12-2024":0.0,"02-2025":0.0,"04-2025":0.0,"06-2025":0.0,"08-2025":0.0,"10-2025":0.0,"12-2025":0.0,"02-2026":0.0,"04-2026":0.0,"06-2026":0.0,"08-2026":0.0,"10-2026":0.0,"12-2026":0.0,"02-2027":0.0,"04-2027":0.0,"06-2027":0.0,"08-2027":0.0,"10-2027":0.0,"12-2027":0.0,"02-2028":0.0,"04-2028":0.0,"06-2028":0.0,"08-2028":0.0,"10-2028":0.0,"12-2028":0.0,"02-2029":0.0,"04-2029":0.0,"06-2029":0.0,"08-2029":0.0,"10-2029":0.0,"12-2029":0.0,"02-2030":0.0,"04-2030":0.0,"06-2030":0.0,"08-2030":0.0,"10-2030":0.0,"12-2030":0.0},"percentile_75":{"02-2020":0.0910901847,"04-2020":0.0910726765,"06-2020":0.0949974159,"08-2020":0.103087443,"10-2020":0.0991848298,"12-2020":0.1071770662,"02-2021":0.1043950056,"04-2021":0.0968836183,"06-2021":0.0963926519,"08-2021":0.0868217751,"10-2021":0.0910431567,"12-2021":0.0848719341,"02-2022":0.0738675489,"04-2022":0.0791819853,"06-2022":0.0813253012,"08-2022":0.0782787894,"10-2022":0.0807487764,"12-2022":0.0773773471,"02-2023":0.0719146316,"04-2023":0.0789163003,"06-2023":0.0837193748,"08-2023":0.0717767296,"10-2023":0.0708689512,"12-2023":0.0757843152,"02-2024":0.0729708888,"04-2024":0.0688745256,"06-2024":0.0712168267,"08-2024":0.0776062417,"10-2024":0.0807044592,"12-2024":0.0763428175,"02-2025":0.0754345464,"04-2025":0.0793581252,"06-2025":0.0837014134,"08-2025":0.0979032905,"10-2025":0.1188499471,"12-2025":0.1574797844,"02-2026":0.186996337,"04-2026":0.2123757354,"06-2026":0.2554121152,"08-2026":0.3025020509,"10-2026":0.381799695,"12-2026":0.4385345925,"02-2027":0.5049151788,"04-2027":0.5908969513,"06-2027":0.6354935611,"08-2027":0.6393464783,"10-2027":0.6407567604,"12-2027":0.6255896732,"02-2028":0.6016154177,"04-2028":0.6025096525,"06-2028":0.6046023204,"08-2028":0.6196223623,"10-2028":0.6058078157,"12-2028":0.5919271964,"02-2029":0.5753404204,"04-2029":0.565257902,"06-2029":0.5571460805,"08-2029":0.5401520181,"10-2029":0.5411756252,"12-2029":0.5242440042,"02-2030":0.5173873555,"04-2030":0.5061800159,"06-2030":0.4969633074,"08-2030":0.4779874049,"10-2030":0.4807781349,"12-2030":0.478654174}}