{"median":{"02-2020":0.0566861663,"04-2020":0.0525254669,"06-2020":0.0527475075,"08-2020":0.0525330179,"10-2020":0.0487806595,"12-2020":0.0491184658,"02-2021":0.0433868093,"04-2021":0.0404964504,"06-2021":0.0346153846,"08-2021":0.0346905347,"10-2021":0.0374292468,"12-2021":0.0345946592,"02-2022":0.0397935829,"04-2022":0.0432445068,"06-2022":0.0492922648,"08-2022":0.0588201406,"10-2022":0.0670634921,"12-2022":0.0836129754,"02-2023":0.0973830916,"04-2023":0.1110795992,"06-2023":0.1378378809,"08-2023":0.1625266498,"10-2023":0.1979659988,"12-2023":0.2391003717,"02-2024":0.2793391911,"04-2024":0.3258228307,"06-2024":0.3815935187,"08-2024":0.4341077303,"10-2024":0.4653955623,"12-2024":0.5277507236,"02-2025":0.5512700058,"04-2025":0.5515911011,"06-2025":0.5514508491,"08-2025":0.548043361,"10-2025":0.5559259259,"12-2025":0.5512069922,"02-2026":0.5277671756,"04-2026":0.5130941901,"06-2026":0.5129845148,"08-2026":0.4991166078,"10-2026":0.4972720708,"12-2026":0.483681708,"02-2027":0.4788721916,"04-2027":0.4740612585,"06-2027":0.466139907,"08-2027":0.4570052843,"10-2027":0.4452212568,"12-2027":0.4434738602,"02-2028":0.4315066703,"04-2028":0.4116585262,"06-2028":0.4096691759,"08-2028":0.4098342145,"10-2028":0.4093270658,"12-2028":0.403368361,"02-2029":0.3949327207,"04-2029":0.3854895105,"06-2029":0.378067287,"08-2029":0.3769440256,"10-2029":0.3745454545,"12-2029":0.3696489617,"02-2030":0.3655543196,"04-2030":0.3575838115,"06-2030":0.3548079955,"08-2030":0.3633213429,"10-2030":0.3609689913,"12-2030":0.3527924892},"percentile_25":{"02-2020":0.0365483361,"04-2020":0.0332304527,"06-2020":0.0311298077,"08-2020":0.0275339339,"10-2020":0.0267187161,"12-2020":0.0234610123,"02-2021":0.020084147,"04-2021":0.0169500579,"06-2021":0.0121827787,"08-2021":0.008040419,"10-2021":0.0073555676,"12-2021":0.0038022814,"02-2022":0.0,"04-2022":0.0,"06-2022":0.0,"08-2022":0.0,"10-2022":0.0,"12-2022":0.0,"02-2023":0.0,"04-2023":0.0,"06-2023":0.0,"08-2023":0.0,"10-2023":0.0,"12-2023":0.0,"02-2024":0.0,"04-2024":0.0,"06-2024":0.0,"08-2024":0.0,"10-2024":0.0,"12-2024":0.0,"02-2025":0.0,"04-2025":0.0,"06-2025":0.0,"08-2025":0.0,"10-2025":0.0,"12-2025":0.0,"02-2026":0.0,"04-2026":0.0,"06-2026":0.0,"08-2026":0.0,"10-2026":0.0,"12-2026":0.0,"02-2027":0.0,"04-2027":0.0,"06-2027":0.0,"08-2027":0.0,"10-2027":0.0,"12-2027":0.0,"02-2028":0.0,"04-2028":0.0,"06-2028":0.0,"08-2028":0.0,"10-2028":0.0,"12-2028":0.0,"02-2029":0.0,"04-2029":0.0,"06-2029":0.0,"08-2029":0.0,"10-2029":0.0,"12-2029":0.0,"02-2030":0.0,"04-2030":0.0,"06-2030":0.0,"08-2030":0.0,"10-2030":0.0,"12-2030":0.0},"percentile_75":{"02-2020":0.0910901847,"04-2020":0.0910726765,"06-2020":0.0949974159,"08-2020":0.103087443,"10-2020":0.0991848298,"12-2020":0.1071770662,"02-2021":0.1043950056,"04-2021":0.0968836183,"06-2021":0.0951847066,"08-2021":0.0943709637,"10-2021":0.1011730205,"12-2021":0.1171658986,"02-2022":0.1375738189,"04-2022":0.1632002801,"06-2022":0.1972945961,"08-2022":0.249246988,"10-2022":0.318747501,"12-2022":0.4116423451,"02-2023":0.4868115461,"04-2023":0.5378893663,"06-2023":0.6281839623,"08-2023":0.6852036299,"10-2023":0.7040700389,"12-2023":0.7063297151,"02-2024":0.7135985804,"04-2024":0.706876862,"06-2024":0.7128807646,"08-2024":0.694980695,"10-2024":0.6660160735,"12-2024":0.6590278884,"02-2025":0.6459881442,"04-2025":0.6349259562,"06-2025":0.6412930677,"08-2025":0.6341240425,"10-2025":0.6260921549,"12-2025":0.6201324195,"02-2026":0.614957265,"04-2026":0.6040989011,"06-2026":0.5882334582,"08-2026":0.575880418,"10-2026":0.5711839136,"12-2026":0.5640037594,"02-2027":0.5470381546,"04-2027":0.5346729285,"06-2027":0.528522296,"08-2027":0.5303987529,"10-2027":0.5168833636,"12-2027":0.5073665577,"02-2028":0.4946948322,"04-2028":0.4909388857,"06-2028":0.4841543443,"08-2028":0.4635225885,"10-2028":0.4635681699,"12-2028":0.4547979798,"02-2029":0.4490731546,"04-2029":0.4453273306,"06-2029":0.4439158403,"08-2029":0.4398554934,"10-2029":0.4373319892,"12-2029":0.4368813406,"02-2030":0.4321152704,"04-2030":0.4290688115,"06-2030":0.4210526316,"08-2030":0.4180859979,"10-2030":0.4114089184,"12-2030":0.4196354321}}