{"median":{"02-2020":0.0595744681,"04-2020":0.0654997766,"06-2020":0.0718414222,"08-2020":0.0755772006,"10-2020":0.0786752855,"12-2020":0.0916348601,"02-2021":0.0926265563,"04-2021":0.095140291,"06-2021":0.0924371885,"08-2021":0.0935392544,"10-2021":0.0840201311,"12-2021":0.0731467806,"02-2022":0.0638745458,"04-2022":0.0628114618,"06-2022":0.0584504294,"08-2022":0.0563418193,"10-2022":0.0543971147,"12-2022":0.0517439468,"02-2023":0.0520033282,"04-2023":0.0483501169,"06-2023":0.0441774194,"08-2023":0.0357854297,"10-2023":0.0324573515,"12-2023":0.0333626229,"02-2024":0.0330454545,"04-2024":0.0329181896,"06-2024":0.0307130014,"08-2024":0.0289354577,"10-2024":0.026933416,"12-2024":0.0227744166,"02-2025":0.0246470758,"04-2025":0.025552891,"06-2025":0.0244458653,"08-2025":0.0238440089,"10-2025":0.0193903319,"12-2025":0.0167709444,"02-2026":0.0151081085,"04-2026":0.0130210523,"06-2026":0.0105451086,"08-2026":0.0111088338,"10-2026":0.0091661,"12-2026":0.0077392892,"02-2027":0.005276623,"04-2027":0.0051380823,"06-2027":0.0,"08-2027":0.0,"10-2027":0.0,"12-2027":0.0,"02-2028":0.0,"04-2028":0.0,"06-2028":0.0,"08-2028":0.0,"10-2028":0.0,"12-2028":0.0,"02-2029":0.0,"04-2029":0.0,"06-2029":0.0,"08-2029":0.0,"10-2029":0.0,"12-2029":0.0,"02-2030":0.0,"04-2030":0.0,"06-2030":0.0,"08-2030":0.0,"10-2030":0.0,"12-2030":0.0},"percentile_25":{"02-2020":0.0392156863,"04-2020":0.0382776169,"06-2020":0.0401835483,"08-2020":0.0417422653,"10-2020":0.0421963277,"12-2020":0.040371043,"02-2021":0.0407598464,"04-2021":0.0402534299,"06-2021":0.0371546402,"08-2021":0.0310386112,"10-2021":0.0260497827,"12-2021":0.0231437481,"02-2022":0.0159840637,"04-2022":0.0138264587,"06-2022":0.0112047441,"08-2022":0.0077907499,"10-2022":0.0039920635,"12-2022":0.0038722277,"02-2023":0.0037878788,"04-2023":0.0,"06-2023":0.0,"08-2023":0.0,"10-2023":0.0,"12-2023":0.0,"02-2024":0.0,"04-2024":0.0,"06-2024":0.0,"08-2024":0.0,"10-2024":0.0,"12-2024":0.0,"02-2025":0.0,"04-2025":0.0,"06-2025":0.0,"08-2025":0.0,"10-2025":0.0,"12-2025":0.0,"02-2026":0.0,"04-2026":0.0,"06-2026":0.0,"08-2026":0.0,"10-2026":0.0,"12-2026":0.0,"02-2027":0.0,"04-2027":0.0,"06-2027":0.0,"08-2027":0.0,"10-2027":0.0,"12-2027":0.0,"02-2028":0.0,"04-2028":0.0,"06-2028":0.0,"08-2028":0.0,"10-2028":0.0,"12-2028":0.0,"02-2029":0.0,"04-2029":0.0,"06-2029":0.0,"08-2029":0.0,"10-2029":0.0,"12-2029":0.0,"02-2030":0.0,"04-2030":0.0,"06-2030":0.0,"08-2030":0.0,"10-2030":0.0,"12-2030":0.0},"percentile_75":{"02-2020":0.1027151477,"04-2020":0.1143579152,"06-2020":0.1377204885,"08-2020":0.1576925494,"10-2020":0.1715895041,"12-2020":0.1904202279,"02-2021":0.2014449514,"04-2021":0.2001893939,"06-2021":0.2099236641,"08-2021":0.2003875969,"10-2021":0.1924235403,"12-2021":0.1944179516,"02-2022":0.1817801339,"04-2022":0.1767775027,"06-2022":0.1785714286,"08-2022":0.1685084578,"10-2022":0.1645194635,"12-2022":0.1623540638,"02-2023":0.1549757959,"04-2023":0.1512434933,"06-2023":0.1540198907,"08-2023":0.1521725303,"10-2023":0.1424731183,"12-2023":0.1484467281,"02-2024":0.133233741,"04-2024":0.1354110085,"06-2024":0.1434023991,"08-2024":0.131402842,"10-2024":0.1281548717,"12-2024":0.1341365462,"02-2025":0.1314198015,"04-2025":0.125166113,"06-2025":0.1312227881,"08-2025":0.1320403343,"10-2025":0.1251173709,"12-2025":0.1275324235,"02-2026":0.1331292477,"04-2026":0.1426124806,"06-2026":0.1467051784,"08-2026":0.1407726515,"10-2026":0.150418684,"12-2026":0.145838533,"02-2027":0.1495090016,"04-2027":0.1547974258,"06-2027":0.154987928,"08-2027":0.1531830621,"10-2027":0.152733376,"12-2027":0.1677472659,"02-2028":0.1711518157,"04-2028":0.1778756293,"06-2028":0.1919610934,"08-2028":0.1954794593,"10-2028":0.1950757576,"12-2028":0.2001845018,"02-2029":0.203093872,"04-2029":0.2038896173,"06-2029":0.2006369002,"08-2029":0.2124365775,"10-2029":0.2273948877,"12-2029":0.265497138,"02-2030":0.3335227273,"04-2030":0.3755685977,"06-2030":0.4772035256,"08-2030":0.5953863899,"10-2030":0.6570866299,"12-2030":0.7060126134}}