{"median":{"02-2020":0.0595744681,"04-2020":0.0654997766,"06-2020":0.0718414222,"08-2020":0.0755772006,"10-2020":0.0786752855,"12-2020":0.0916348601,"02-2021":0.0926265563,"04-2021":0.095140291,"06-2021":0.0924371885,"08-2021":0.0935392544,"10-2021":0.0840201311,"12-2021":0.0731467806,"02-2022":0.0638745458,"04-2022":0.0628114618,"06-2022":0.0584504294,"08-2022":0.0563418193,"10-2022":0.0543971147,"12-2022":0.0517439468,"02-2023":0.0479135452,"04-2023":0.0525254669,"06-2023":0.061120332,"08-2023":0.0685096349,"10-2023":0.0788040427,"12-2023":0.0973399912,"02-2024":0.1251321589,"04-2024":0.1466339367,"06-2024":0.1781770556,"08-2024":0.1994166215,"10-2024":0.2440278412,"12-2024":0.3023372078,"02-2025":0.3556394577,"04-2025":0.4207107843,"06-2025":0.5018667006,"08-2025":0.5616481653,"10-2025":0.5722189638,"12-2025":0.5774490574,"02-2026":0.5822808169,"04-2026":0.5804753309,"06-2026":0.5796196696,"08-2026":0.5620309519,"10-2026":0.5522350613,"12-2026":0.543312584,"02-2027":0.5411106234,"04-2027":0.5297401879,"06-2027":0.5194385124,"08-2027":0.52035777,"10-2027":0.5034754779,"12-2027":0.4858903021,"02-2028":0.4869708418,"04-2028":0.4853383459,"06-2028":0.4794007491,"08-2028":0.4730753299,"10-2028":0.4591911765,"12-2028":0.4564486465,"02-2029":0.4486842105,"04-2029":0.4402109918,"06-2029":0.4307950192,"08-2029":0.4208700604,"10-2029":0.4116515837,"12-2029":0.4116462929,"02-2030":0.4019216261,"04-2030":0.3918935269,"06-2030":0.3913824271,"08-2030":0.3854753643,"10-2030":0.3863145521,"12-2030":0.3798021488},"percentile_25":{"02-2020":0.0392156863,"04-2020":0.0382776169,"06-2020":0.0401835483,"08-2020":0.0417422653,"10-2020":0.0421963277,"12-2020":0.040371043,"02-2021":0.0407598464,"04-2021":0.0402534299,"06-2021":0.0371546402,"08-2021":0.0310386112,"10-2021":0.0260497827,"12-2021":0.0231437481,"02-2022":0.0159840637,"04-2022":0.0138264587,"06-2022":0.0112047441,"08-2022":0.0077907499,"10-2022":0.0039920635,"12-2022":0.0038722277,"02-2023":0.0037700383,"04-2023":0.0,"06-2023":0.0,"08-2023":0.0,"10-2023":0.0,"12-2023":0.0,"02-2024":0.0,"04-2024":0.0,"06-2024":0.0,"08-2024":0.0,"10-2024":0.0,"12-2024":0.0,"02-2025":0.0,"04-2025":0.0,"06-2025":0.0,"08-2025":0.0,"10-2025":0.0,"12-2025":0.0,"02-2026":0.0,"04-2026":0.0,"06-2026":0.0,"08-2026":0.0,"10-2026":0.0,"12-2026":0.0,"02-2027":0.0,"04-2027":0.0,"06-2027":0.0,"08-2027":0.0,"10-2027":0.0,"12-2027":0.0,"02-2028":0.0,"04-2028":0.0,"06-2028":0.0,"08-2028":0.0,"10-2028":0.0,"12-2028":0.0,"02-2029":0.0,"04-2029":0.0,"06-2029":0.0,"08-2029":0.0,"10-2029":0.0,"12-2029":0.0,"02-2030":0.0,"04-2030":0.0,"06-2030":0.0,"08-2030":0.0,"10-2030":0.0,"12-2030":0.0},"percentile_75":{"02-2020":0.1027151477,"04-2020":0.1143579152,"06-2020":0.1377204885,"08-2020":0.1576925494,"10-2020":0.1715895041,"12-2020":0.1904202279,"02-2021":0.2014449514,"04-2021":0.2001893939,"06-2021":0.2099236641,"08-2021":0.2003875969,"10-2021":0.1924235403,"12-2021":0.1944179516,"02-2022":0.1817801339,"04-2022":0.1767775027,"06-2022":0.1785714286,"08-2022":0.1685084578,"10-2022":0.1645194635,"12-2022":0.1623540638,"02-2023":0.1704703557,"04-2023":0.1857720088,"06-2023":0.2102663528,"08-2023":0.2479243697,"10-2023":0.2771581028,"12-2023":0.3605457043,"02-2024":0.4396357914,"04-2024":0.5214016126,"06-2024":0.6099991456,"08-2024":0.6776449357,"10-2024":0.7073139939,"12-2024":0.7126077764,"02-2025":0.6981477324,"04-2025":0.688640316,"06-2025":0.6892991881,"08-2025":0.6757313717,"10-2025":0.6727120163,"12-2025":0.6736268805,"02-2026":0.664606455,"04-2026":0.6608866042,"06-2026":0.6532652392,"08-2026":0.6431277056,"10-2026":0.6385647855,"12-2026":0.6235346491,"02-2027":0.6072202637,"04-2027":0.6064726273,"06-2027":0.5910281342,"08-2027":0.5927547545,"10-2027":0.5800026797,"12-2027":0.5668910184,"02-2028":0.5685332742,"04-2028":0.5502604198,"06-2028":0.5429553265,"08-2028":0.5420019342,"10-2028":0.5385897223,"12-2028":0.5198041086,"02-2029":0.5074032865,"04-2029":0.5008561644,"06-2029":0.4937102453,"08-2029":0.4760529507,"10-2029":0.4782264478,"12-2029":0.4732597623,"02-2030":0.4614741699,"04-2030":0.4594352489,"06-2030":0.453052422,"08-2030":0.4428419951,"10-2030":0.4438756162,"12-2030":0.4480950342}}