{"median":{"02-2020":0.0566861663,"04-2020":0.0525254669,"06-2020":0.0527475075,"08-2020":0.0525330179,"10-2020":0.0487806595,"12-2020":0.0491184658,"02-2021":0.0433868093,"04-2021":0.0404964504,"06-2021":0.0343289689,"08-2021":0.0316205534,"10-2021":0.0288070722,"12-2021":0.0275663206,"02-2022":0.0263766676,"04-2022":0.024590577,"06-2022":0.0190510059,"08-2022":0.0153258955,"10-2022":0.015048015,"12-2022":0.0138233204,"02-2023":0.0135276148,"04-2023":0.0133837457,"06-2023":0.0114545296,"08-2023":0.0114731929,"10-2023":0.0120183315,"12-2023":0.0137729295,"02-2024":0.0132367136,"04-2024":0.0189291971,"06-2024":0.0152671756,"08-2024":0.0212805494,"10-2024":0.022733882,"12-2024":0.0275096525,"02-2025":0.0342640699,"04-2025":0.0360068872,"06-2025":0.0417211044,"08-2025":0.0417814308,"10-2025":0.0472310365,"12-2025":0.0436226622,"02-2026":0.0384563938,"04-2026":0.0345949535,"06-2026":0.0356026786,"08-2026":0.0390483259,"10-2026":0.0368986138,"12-2026":0.0421071177,"02-2027":0.0511221011,"04-2027":0.0649801587,"06-2027":0.0673837033,"08-2027":0.0695479575,"10-2027":0.0762575453,"12-2027":0.0673758865,"02-2028":0.0744210442,"04-2028":0.0915584416,"06-2028":0.106832857,"08-2028":0.1163335998,"10-2028":0.1228484777,"12-2028":0.1373805788,"02-2029":0.1512864997,"04-2029":0.147547488,"06-2029":0.1583623693,"08-2029":0.1717189817,"10-2029":0.1778310105,"12-2029":0.1812845987,"02-2030":0.1996650471,"04-2030":0.2178581136,"06-2030":0.2393344066,"08-2030":0.2325307125,"10-2030":0.2425588941,"12-2030":0.2410136618},"percentile_25":{"02-2020":0.0365483361,"04-2020":0.0332304527,"06-2020":0.0311298077,"08-2020":0.0275339339,"10-2020":0.0267187161,"12-2020":0.0234610123,"02-2021":0.020084147,"04-2021":0.0169500579,"06-2021":0.0122577487,"08-2021":0.008266129,"10-2021":0.007384762,"12-2021":0.0038835389,"02-2022":0.0,"04-2022":0.0,"06-2022":0.0,"08-2022":0.0,"10-2022":0.0,"12-2022":0.0,"02-2023":0.0,"04-2023":0.0,"06-2023":0.0,"08-2023":0.0,"10-2023":0.0,"12-2023":0.0,"02-2024":0.0,"04-2024":0.0,"06-2024":0.0,"08-2024":0.0,"10-2024":0.0,"12-2024":0.0,"02-2025":0.0,"04-2025":0.0,"06-2025":0.0,"08-2025":0.0,"10-2025":0.0,"12-2025":0.0,"02-2026":0.0,"04-2026":0.0,"06-2026":0.0,"08-2026":0.0,"10-2026":0.0,"12-2026":0.0,"02-2027":0.0,"04-2027":0.0,"06-2027":0.0,"08-2027":0.0,"10-2027":0.0,"12-2027":0.0,"02-2028":0.0,"04-2028":0.0,"06-2028":0.0,"08-2028":0.0,"10-2028":0.0,"12-2028":0.0,"02-2029":0.0,"04-2029":0.0,"06-2029":0.0,"08-2029":0.0,"10-2029":0.0,"12-2029":0.0,"02-2030":0.0,"04-2030":0.0,"06-2030":0.0,"08-2030":0.0,"10-2030":0.0,"12-2030":0.0},"percentile_75":{"02-2020":0.0910901847,"04-2020":0.0910726765,"06-2020":0.0949974159,"08-2020":0.103087443,"10-2020":0.0991848298,"12-2020":0.1071770662,"02-2021":0.1043950056,"04-2021":0.0968836183,"06-2021":0.0963926519,"08-2021":0.0868217751,"10-2021":0.0910431567,"12-2021":0.0848719341,"02-2022":0.0738675489,"04-2022":0.0791819853,"06-2022":0.0819977979,"08-2022":0.089710966,"10-2022":0.0972018573,"12-2022":0.1043307379,"02-2023":0.1149382507,"04-2023":0.1336759713,"06-2023":0.1862310515,"08-2023":0.2371915433,"10-2023":0.278573838,"12-2023":0.3272698745,"02-2024":0.4009163133,"04-2024":0.4870640714,"06-2024":0.5945380854,"08-2024":0.6515193626,"10-2024":0.6695205479,"12-2024":0.6830665876,"02-2025":0.6626936362,"04-2025":0.6691534104,"06-2025":0.6609837013,"08-2025":0.6679666466,"10-2025":0.6654195364,"12-2025":0.6496457778,"02-2026":0.6312829468,"04-2026":0.6151559454,"06-2026":0.6116180049,"08-2026":0.6050327736,"10-2026":0.6009259259,"12-2026":0.6003984064,"02-2027":0.5858374384,"04-2027":0.5714300688,"06-2027":0.5631605802,"08-2027":0.5554580385,"10-2027":0.5493616051,"12-2027":0.5285868094,"02-2028":0.5173396976,"04-2028":0.5130133431,"06-2028":0.499138756,"08-2028":0.492962231,"10-2028":0.4884498824,"12-2028":0.4844525393,"02-2029":0.4778903943,"04-2029":0.4733954107,"06-2029":0.4657343819,"08-2029":0.4549389368,"10-2029":0.4445465686,"12-2029":0.4404295204,"02-2030":0.4365803027,"04-2030":0.4226696026,"06-2030":0.4173830893,"08-2030":0.4132365858,"10-2030":0.4083684515,"12-2030":0.4189586357}}