{"median":{"02-2020":0.0595744681,"04-2020":0.0654997766,"06-2020":0.0718414222,"08-2020":0.0755772006,"10-2020":0.0786752855,"12-2020":0.0916348601,"02-2021":0.0926265563,"04-2021":0.095140291,"06-2021":0.0924371885,"08-2021":0.0935392544,"10-2021":0.0840201311,"12-2021":0.0731467806,"02-2022":0.0638745458,"04-2022":0.0628114618,"06-2022":0.0584504294,"08-2022":0.0563418193,"10-2022":0.0543971147,"12-2022":0.0517439468,"02-2023":0.0520033282,"04-2023":0.0483501169,"06-2023":0.0441774194,"08-2023":0.0357854297,"10-2023":0.0324573515,"12-2023":0.0333626229,"02-2024":0.0341586725,"04-2024":0.039225338,"06-2024":0.0373759305,"08-2024":0.0378181298,"10-2024":0.0415954416,"12-2024":0.0523255814,"02-2025":0.0701976103,"04-2025":0.0776960784,"06-2025":0.1070279325,"08-2025":0.129589562,"10-2025":0.1631299735,"12-2025":0.2085518102,"02-2026":0.26594313,"04-2026":0.3253968254,"06-2026":0.42569624,"08-2026":0.5008896797,"10-2026":0.5547981017,"12-2026":0.5568181818,"02-2027":0.5491386991,"04-2027":0.5662044269,"06-2027":0.5693157276,"08-2027":0.5444195088,"10-2027":0.5360328638,"12-2027":0.5422570654,"02-2028":0.5255153092,"04-2028":0.5089008552,"06-2028":0.4963365539,"08-2028":0.4925356506,"10-2028":0.4940420352,"12-2028":0.4864864865,"02-2029":0.4741611291,"04-2029":0.4651049667,"06-2029":0.4691818069,"08-2029":0.4571878237,"10-2029":0.437942482,"12-2029":0.4354811855,"02-2030":0.4325090899,"04-2030":0.4236420424,"06-2030":0.4106386395,"08-2030":0.3973783919,"10-2030":0.3968503937,"12-2030":0.3966328798},"percentile_25":{"02-2020":0.0392156863,"04-2020":0.0382776169,"06-2020":0.0401835483,"08-2020":0.0417422653,"10-2020":0.0421963277,"12-2020":0.040371043,"02-2021":0.0407598464,"04-2021":0.0402534299,"06-2021":0.0371546402,"08-2021":0.0310386112,"10-2021":0.0260497827,"12-2021":0.0231437481,"02-2022":0.0159840637,"04-2022":0.0138264587,"06-2022":0.0112047441,"08-2022":0.0077907499,"10-2022":0.0039920635,"12-2022":0.0038722277,"02-2023":0.0037878788,"04-2023":0.0,"06-2023":0.0,"08-2023":0.0,"10-2023":0.0,"12-2023":0.0,"02-2024":0.0,"04-2024":0.0,"06-2024":0.0,"08-2024":0.0,"10-2024":0.0,"12-2024":0.0,"02-2025":0.0,"04-2025":0.0,"06-2025":0.0,"08-2025":0.0,"10-2025":0.0,"12-2025":0.0,"02-2026":0.0,"04-2026":0.0,"06-2026":0.0,"08-2026":0.0,"10-2026":0.0,"12-2026":0.0,"02-2027":0.0,"04-2027":0.0,"06-2027":0.0,"08-2027":0.0,"10-2027":0.0,"12-2027":0.0,"02-2028":0.0,"04-2028":0.0,"06-2028":0.0,"08-2028":0.0,"10-2028":0.0,"12-2028":0.0,"02-2029":0.0,"04-2029":0.0,"06-2029":0.0,"08-2029":0.0,"10-2029":0.0,"12-2029":0.0,"02-2030":0.0,"04-2030":0.0,"06-2030":0.0,"08-2030":0.0,"10-2030":0.0,"12-2030":0.0},"percentile_75":{"02-2020":0.1027151477,"04-2020":0.1143579152,"06-2020":0.1377204885,"08-2020":0.1576925494,"10-2020":0.1715895041,"12-2020":0.1904202279,"02-2021":0.2014449514,"04-2021":0.2001893939,"06-2021":0.2099236641,"08-2021":0.2003875969,"10-2021":0.1924235403,"12-2021":0.1944179516,"02-2022":0.1817801339,"04-2022":0.1767775027,"06-2022":0.1785714286,"08-2022":0.1685084578,"10-2022":0.1645194635,"12-2022":0.1623540638,"02-2023":0.1549757959,"04-2023":0.1512434933,"06-2023":0.1540198907,"08-2023":0.1521725303,"10-2023":0.1424731183,"12-2023":0.1484467281,"02-2024":0.1562251155,"04-2024":0.1725105189,"06-2024":0.1971369267,"08-2024":0.2428421188,"10-2024":0.3033695307,"12-2024":0.3819471359,"02-2025":0.4817307692,"04-2025":0.5398429068,"06-2025":0.6358391608,"08-2025":0.7011358648,"10-2025":0.7061963333,"12-2025":0.7207353002,"02-2026":0.7062394128,"04-2026":0.7133775713,"06-2026":0.6939943928,"08-2026":0.6900603144,"10-2026":0.6751824818,"12-2026":0.665776987,"02-2027":0.6499087905,"04-2027":0.6386695906,"06-2027":0.6375814863,"08-2027":0.6420355089,"10-2027":0.6354562291,"12-2027":0.6237405459,"02-2028":0.6046248024,"04-2028":0.5931773359,"06-2028":0.5773488562,"08-2028":0.5677620066,"10-2028":0.5630268199,"12-2028":0.5539191869,"02-2029":0.5563661011,"04-2029":0.5452916518,"06-2029":0.5366162382,"08-2029":0.5205429058,"10-2029":0.5107194767,"12-2029":0.5041377154,"02-2030":0.4918493977,"04-2030":0.4856197223,"06-2030":0.4791159215,"08-2030":0.4705894684,"10-2030":0.4717939855,"12-2030":0.4687507797}}