{"median":{"02-2020":0.0566861663,"04-2020":0.0525254669,"06-2020":0.0527475075,"08-2020":0.0525330179,"10-2020":0.0487806595,"12-2020":0.0491184658,"02-2021":0.0433868093,"04-2021":0.0404964504,"06-2021":0.0343289689,"08-2021":0.0316205534,"10-2021":0.0288070722,"12-2021":0.0275663206,"02-2022":0.0254078466,"04-2022":0.0248673204,"06-2022":0.0231784622,"08-2022":0.0220445736,"10-2022":0.0218742529,"12-2022":0.0206043956,"02-2023":0.0247727041,"04-2023":0.0229486617,"06-2023":0.0304771856,"08-2023":0.0387022398,"10-2023":0.0484173001,"12-2023":0.0619069002,"02-2024":0.075431744,"04-2024":0.0838463325,"06-2024":0.0873109607,"08-2024":0.0949972623,"10-2024":0.1233053809,"12-2024":0.1289430849,"02-2025":0.1480370093,"04-2025":0.1700855532,"06-2025":0.1942864313,"08-2025":0.2290019763,"10-2025":0.2930135769,"12-2025":0.3385668277,"02-2026":0.4052238806,"04-2026":0.4229377104,"06-2026":0.480942029,"08-2026":0.5046614671,"10-2026":0.4903432681,"12-2026":0.4782648148,"02-2027":0.4703417989,"04-2027":0.4498570261,"06-2027":0.4457065585,"08-2027":0.4234614183,"10-2027":0.4266734509,"12-2027":0.4250543524,"02-2028":0.4045454545,"04-2028":0.4064991578,"06-2028":0.3913707743,"08-2028":0.3773217247,"10-2028":0.3681238707,"12-2028":0.3686431624,"02-2029":0.377909389,"04-2029":0.3796239097,"06-2029":0.3659965069,"08-2029":0.3590780142,"10-2029":0.3529478458,"12-2029":0.3398393961,"02-2030":0.3531123087,"04-2030":0.3472342264,"06-2030":0.3381294964,"08-2030":0.3351648352,"10-2030":0.3387562888,"12-2030":0.3511836925},"percentile_25":{"02-2020":0.0365483361,"04-2020":0.0332304527,"06-2020":0.0311298077,"08-2020":0.0275339339,"10-2020":0.0267187161,"12-2020":0.0234610123,"02-2021":0.020084147,"04-2021":0.0169500579,"06-2021":0.0122577487,"08-2021":0.008266129,"10-2021":0.007384762,"12-2021":0.0038835389,"02-2022":0.0,"04-2022":0.0,"06-2022":0.0,"08-2022":0.0,"10-2022":0.0,"12-2022":0.0,"02-2023":0.0,"04-2023":0.0,"06-2023":0.0,"08-2023":0.0,"10-2023":0.0,"12-2023":0.0,"02-2024":0.0,"04-2024":0.0,"06-2024":0.0,"08-2024":0.0,"10-2024":0.0,"12-2024":0.0,"02-2025":0.0,"04-2025":0.0,"06-2025":0.0,"08-2025":0.0,"10-2025":0.0,"12-2025":0.0,"02-2026":0.0,"04-2026":0.0,"06-2026":0.0,"08-2026":0.0,"10-2026":0.0,"12-2026":0.0,"02-2027":0.0,"04-2027":0.0,"06-2027":0.0,"08-2027":0.0,"10-2027":0.0,"12-2027":0.0,"02-2028":0.0,"04-2028":0.0,"06-2028":0.0,"08-2028":0.0,"10-2028":0.0,"12-2028":0.0,"02-2029":0.0,"04-2029":0.0,"06-2029":0.0,"08-2029":0.0,"10-2029":0.0,"12-2029":0.0,"02-2030":0.0,"04-2030":0.0,"06-2030":0.0,"08-2030":0.0,"10-2030":0.0,"12-2030":0.0},"percentile_75":{"02-2020":0.0910901847,"04-2020":0.0910726765,"06-2020":0.0949974159,"08-2020":0.103087443,"10-2020":0.0991848298,"12-2020":0.1071770662,"02-2021":0.1043950056,"04-2021":0.0968836183,"06-2021":0.0963926519,"08-2021":0.0868217751,"10-2021":0.0910431567,"12-2021":0.0848719341,"02-2022":0.0777664673,"04-2022":0.0909992785,"06-2022":0.1013250033,"08-2022":0.1296569666,"10-2022":0.1571238069,"12-2022":0.193844697,"02-2023":0.250753012,"04-2023":0.3195057471,"06-2023":0.3993780974,"08-2023":0.466916996,"10-2023":0.5443155213,"12-2023":0.6180673535,"02-2024":0.6616943867,"04-2024":0.6858851675,"06-2024":0.6800154129,"08-2024":0.6785604451,"10-2024":0.6672794118,"12-2024":0.6644979647,"02-2025":0.669668658,"04-2025":0.6557521382,"06-2025":0.6457483189,"08-2025":0.6267371451,"10-2025":0.6214213004,"12-2025":0.6310851927,"02-2026":0.6171221538,"04-2026":0.6095789095,"06-2026":0.5976216924,"08-2026":0.5959869185,"10-2026":0.5910570549,"12-2026":0.5765449256,"02-2027":0.5554799669,"04-2027":0.5530431978,"06-2027":0.5438094125,"08-2027":0.5247191836,"10-2027":0.5269950288,"12-2027":0.5135379061,"02-2028":0.5105663784,"04-2028":0.493844697,"06-2028":0.4852657005,"08-2028":0.4737442096,"10-2028":0.4758324821,"12-2028":0.4659262522,"02-2029":0.4741957525,"04-2029":0.4565649985,"06-2029":0.4495141383,"08-2029":0.4498059244,"10-2029":0.4440393372,"12-2029":0.4322631712,"02-2030":0.4269441325,"04-2030":0.4287012987,"06-2030":0.4123431897,"08-2030":0.4149971853,"10-2030":0.4110750078,"12-2030":0.4186074375}}