{"median":{"02-2020":0.0566861663,"04-2020":0.0525254669,"06-2020":0.0527475075,"08-2020":0.0525330179,"10-2020":0.0487806595,"12-2020":0.0491184658,"02-2021":0.0468855685,"04-2021":0.0426362994,"06-2021":0.0437377474,"08-2021":0.0495943984,"10-2021":0.0556004436,"12-2021":0.06640625,"02-2022":0.0757272612,"04-2022":0.0970904586,"06-2022":0.1026614046,"08-2022":0.1230262716,"10-2022":0.1417936164,"12-2022":0.1782344824,"02-2023":0.2111488156,"04-2023":0.2519267461,"06-2023":0.3003952569,"08-2023":0.3619015735,"10-2023":0.3985386256,"12-2023":0.4692226891,"02-2024":0.4997764364,"04-2024":0.5514082397,"06-2024":0.5681305197,"08-2024":0.5768154149,"10-2024":0.5754604872,"12-2024":0.5771678967,"02-2025":0.5740651801,"04-2025":0.5618566262,"06-2025":0.5612446845,"08-2025":0.5451153324,"10-2025":0.5330656174,"12-2025":0.5330745697,"02-2026":0.5216062336,"04-2026":0.5038610614,"06-2026":0.4981479195,"08-2026":0.4850343945,"10-2026":0.4901451075,"12-2026":0.4728055783,"02-2027":0.4643581938,"04-2027":0.4536579171,"06-2027":0.4506318504,"08-2027":0.4473059215,"10-2027":0.4421434943,"12-2027":0.4298459622,"02-2028":0.4217666259,"04-2028":0.4119755429,"06-2028":0.4156541994,"08-2028":0.4152565758,"10-2028":0.4084067895,"12-2028":0.4083782072,"02-2029":0.4010718724,"04-2029":0.4043878657,"06-2029":0.3963937622,"08-2029":0.3916319565,"10-2029":0.3871380471,"12-2029":0.3815565729,"02-2030":0.3782814209,"04-2030":0.3781481733,"06-2030":0.3794326241,"08-2030":0.3794796269,"10-2030":0.3694210732,"12-2030":0.3566602598},"percentile_25":{"02-2020":0.0365483361,"04-2020":0.0332304527,"06-2020":0.0311298077,"08-2020":0.0275339339,"10-2020":0.0267187161,"12-2020":0.0234610123,"02-2021":0.0197240952,"04-2021":0.0183350325,"06-2021":0.0121335053,"08-2021":0.0119880478,"10-2021":0.010134777,"12-2021":0.0075544774,"02-2022":0.0038722277,"04-2022":0.0038949385,"06-2022":0.0038205329,"08-2022":0.0040379591,"10-2022":0.0038174512,"12-2022":0.0037772387,"02-2023":0.0066583807,"04-2023":0.0038986797,"06-2023":0.0038875419,"08-2023":0.0055762082,"10-2023":0.0057251908,"12-2023":0.0030364372,"02-2024":0.0030612245,"04-2024":0.0028301887,"06-2024":0.0028846154,"08-2024":0.0056390977,"10-2024":0.008490566,"12-2024":0.0083643123,"02-2025":0.0104529617,"04-2025":0.0104895105,"06-2025":0.0114733698,"08-2025":0.0088907528,"10-2025":0.0136127549,"12-2025":0.0140377915,"02-2026":0.0169216975,"04-2026":0.0191316937,"06-2026":0.0172413793,"08-2026":0.0180946902,"10-2026":0.0153455861,"12-2026":0.0123694993,"02-2027":0.0151844811,"04-2027":0.0122964722,"06-2027":0.0112786701,"08-2027":0.0103454391,"10-2027":0.0102059925,"12-2027":0.0065613738,"02-2028":0.0095021028,"04-2028":0.0095785441,"06-2028":0.0094769257,"08-2028":0.0094507101,"10-2028":0.0093955224,"12-2028":0.0149445365,"02-2029":0.0155477408,"04-2029":0.0155945283,"06-2029":0.0192153474,"08-2029":0.0246017259,"10-2029":0.023406517,"12-2029":0.0312044491,"02-2030":0.0327272727,"04-2030":0.0329873079,"06-2030":0.0303825182,"08-2030":0.0280258939,"10-2030":0.018938021,"12-2030":0.0192535463},"percentile_75":{"02-2020":0.0910901847,"04-2020":0.0910726765,"06-2020":0.0949974159,"08-2020":0.103087443,"10-2020":0.0991848298,"12-2020":0.1071770662,"02-2021":0.1070919458,"04-2021":0.1120943953,"06-2021":0.1266233252,"08-2021":0.1480596479,"10-2021":0.1721618357,"12-2021":0.2182648598,"02-2022":0.2674058555,"04-2022":0.3168174424,"06-2022":0.3930107527,"08-2022":0.4643003663,"10-2022":0.5182002315,"12-2022":0.6203308824,"02-2023":0.6799992428,"04-2023":0.7028111323,"06-2023":0.6917687722,"08-2023":0.6970563999,"10-2023":0.6894854586,"12-2023":0.6980406746,"02-2024":0.6962808108,"04-2024":0.6769836463,"06-2024":0.6660628195,"08-2024":0.663313143,"10-2024":0.6578561193,"12-2024":0.6574764719,"02-2025":0.6441864295,"04-2025":0.6308396529,"06-2025":0.6250832373,"08-2025":0.6169438669,"10-2025":0.6195375595,"12-2025":0.6089792234,"02-2026":0.5991386162,"04-2026":0.5752955083,"06-2026":0.5735717351,"08-2026":0.5682522214,"10-2026":0.5568484614,"12-2026":0.5492801772,"02-2027":0.5558712121,"04-2027":0.5342342076,"06-2027":0.5244673413,"08-2027":0.5147890979,"10-2027":0.5041028661,"12-2027":0.4906986805,"02-2028":0.5017763519,"04-2028":0.4856497343,"06-2028":0.480616336,"08-2028":0.4742325984,"10-2028":0.4697288323,"12-2028":0.4626346271,"02-2029":0.4570591518,"04-2029":0.4590909091,"06-2029":0.4480117082,"08-2029":0.4392133205,"10-2029":0.4363334034,"12-2029":0.4359646373,"02-2030":0.4341037065,"04-2030":0.4300268817,"06-2030":0.4255546645,"08-2030":0.4198513663,"10-2030":0.4183682619,"12-2030":0.4225617858}}