{"median":{"02-2020":0.0595744681,"04-2020":0.0654997766,"06-2020":0.0718414222,"08-2020":0.0755772006,"10-2020":0.0786752855,"12-2020":0.0916348601,"02-2021":0.0926265563,"04-2021":0.095140291,"06-2021":0.0924371885,"08-2021":0.0935392544,"10-2021":0.0840201311,"12-2021":0.0731467806,"02-2022":0.0638745458,"04-2022":0.0628114618,"06-2022":0.0584504294,"08-2022":0.0563418193,"10-2022":0.0543971147,"12-2022":0.0517439468,"02-2023":0.0520033282,"04-2023":0.0483501169,"06-2023":0.0442672065,"08-2023":0.0376764113,"10-2023":0.0340301003,"12-2023":0.0368389423,"02-2024":0.0364280583,"04-2024":0.0404662905,"06-2024":0.0514150943,"08-2024":0.0691549217,"10-2024":0.0983158918,"12-2024":0.1277692308,"02-2025":0.1485782797,"04-2025":0.1662124008,"06-2025":0.1973460502,"08-2025":0.2567046173,"10-2025":0.2980453972,"12-2025":0.3878604651,"02-2026":0.4718946067,"04-2026":0.5460453459,"06-2026":0.5691320755,"08-2026":0.5721977767,"10-2026":0.5743504699,"12-2026":0.544047831,"02-2027":0.5300724455,"04-2027":0.521189181,"06-2027":0.5262717187,"08-2027":0.5214059637,"10-2027":0.5249173827,"12-2027":0.5083294293,"02-2028":0.4890771082,"04-2028":0.4834696558,"06-2028":0.4742647059,"08-2028":0.4745737425,"10-2028":0.4785932297,"12-2028":0.459628803,"02-2029":0.4432170492,"04-2029":0.4416550621,"06-2029":0.4334759774,"08-2029":0.4201899626,"10-2029":0.4235125716,"12-2029":0.4222527473,"02-2030":0.4112394958,"04-2030":0.3925739005,"06-2030":0.3868569373,"08-2030":0.3789879451,"10-2030":0.3859338061,"12-2030":0.371355398},"percentile_25":{"02-2020":0.0392156863,"04-2020":0.0382776169,"06-2020":0.0401835483,"08-2020":0.0417422653,"10-2020":0.0421963277,"12-2020":0.040371043,"02-2021":0.0407598464,"04-2021":0.0402534299,"06-2021":0.0371546402,"08-2021":0.0310386112,"10-2021":0.0260497827,"12-2021":0.0231437481,"02-2022":0.0159840637,"04-2022":0.0138264587,"06-2022":0.0112047441,"08-2022":0.0077907499,"10-2022":0.0039920635,"12-2022":0.0038722277,"02-2023":0.0037878788,"04-2023":0.0,"06-2023":0.0,"08-2023":0.0,"10-2023":0.0,"12-2023":0.0,"02-2024":0.0,"04-2024":0.0,"06-2024":0.0,"08-2024":0.0,"10-2024":0.0,"12-2024":0.0,"02-2025":0.0,"04-2025":0.0,"06-2025":0.0,"08-2025":0.0,"10-2025":0.0,"12-2025":0.0,"02-2026":0.0,"04-2026":0.0,"06-2026":0.0,"08-2026":0.0,"10-2026":0.0,"12-2026":0.0,"02-2027":0.0,"04-2027":0.0,"06-2027":0.0,"08-2027":0.0,"10-2027":0.0,"12-2027":0.0,"02-2028":0.0,"04-2028":0.0,"06-2028":0.0,"08-2028":0.0,"10-2028":0.0,"12-2028":0.0,"02-2029":0.0,"04-2029":0.0,"06-2029":0.0,"08-2029":0.0,"10-2029":0.0,"12-2029":0.0,"02-2030":0.0,"04-2030":0.0,"06-2030":0.0,"08-2030":0.0,"10-2030":0.0,"12-2030":0.0},"percentile_75":{"02-2020":0.1027151477,"04-2020":0.1143579152,"06-2020":0.1377204885,"08-2020":0.1576925494,"10-2020":0.1715895041,"12-2020":0.1904202279,"02-2021":0.2014449514,"04-2021":0.2001893939,"06-2021":0.2099236641,"08-2021":0.2003875969,"10-2021":0.1924235403,"12-2021":0.1944179516,"02-2022":0.1817801339,"04-2022":0.1767775027,"06-2022":0.1785714286,"08-2022":0.1685084578,"10-2022":0.1645194635,"12-2022":0.1623540638,"02-2023":0.1549757959,"04-2023":0.1512434933,"06-2023":0.1585701372,"08-2023":0.1686352927,"10-2023":0.1688247012,"12-2023":0.206745507,"02-2024":0.2532042416,"04-2024":0.2838069154,"06-2024":0.3460182072,"08-2024":0.4407471724,"10-2024":0.4989704093,"12-2024":0.5846231268,"02-2025":0.661592644,"04-2025":0.6936671292,"06-2025":0.6986806078,"08-2025":0.7004601521,"10-2025":0.6879186728,"12-2025":0.6844448257,"02-2026":0.6713296062,"04-2026":0.6710351905,"06-2026":0.6679841897,"08-2026":0.6572028603,"10-2026":0.6568675889,"12-2026":0.6388299753,"02-2027":0.6276175923,"04-2027":0.6136161343,"06-2027":0.606938386,"08-2027":0.5965909091,"10-2027":0.5987598384,"12-2027":0.590614647,"02-2028":0.5826890825,"04-2028":0.5736260454,"06-2028":0.558137866,"08-2028":0.5431726513,"10-2028":0.5455377955,"12-2028":0.5446180556,"02-2029":0.532207956,"04-2029":0.5214700997,"06-2029":0.5077917303,"08-2029":0.5087732444,"10-2029":0.4891055636,"12-2029":0.4969046095,"02-2030":0.4875661029,"04-2030":0.482296798,"06-2030":0.4654424523,"08-2030":0.4482856563,"10-2030":0.4473033987,"12-2030":0.4532775924}}