{"median":{"02-2020":0.0566861663,"04-2020":0.0525254669,"06-2020":0.0527475075,"08-2020":0.0525330179,"10-2020":0.0487806595,"12-2020":0.0491184658,"02-2021":0.0433868093,"04-2021":0.0404964504,"06-2021":0.0343289689,"08-2021":0.0316205534,"10-2021":0.0288070722,"12-2021":0.0275663206,"02-2022":0.0263766676,"04-2022":0.024590577,"06-2022":0.0190158055,"08-2022":0.0167244969,"10-2022":0.0115411932,"12-2022":0.0080776497,"02-2023":0.0077973006,"04-2023":0.0056820688,"06-2023":0.0038463814,"08-2023":0.0,"10-2023":0.0,"12-2023":0.0,"02-2024":0.0,"04-2024":0.0,"06-2024":0.0,"08-2024":0.0,"10-2024":0.0,"12-2024":0.0,"02-2025":0.0,"04-2025":0.0,"06-2025":0.0,"08-2025":0.0,"10-2025":0.0,"12-2025":0.0,"02-2026":0.0,"04-2026":0.0,"06-2026":0.0,"08-2026":0.0,"10-2026":0.0,"12-2026":0.0,"02-2027":0.0,"04-2027":0.0,"06-2027":0.0,"08-2027":0.0,"10-2027":0.0,"12-2027":0.0,"02-2028":0.0,"04-2028":0.0,"06-2028":0.0,"08-2028":0.0,"10-2028":0.0,"12-2028":0.0,"02-2029":0.0,"04-2029":0.0,"06-2029":0.0,"08-2029":0.0,"10-2029":0.0,"12-2029":0.0,"02-2030":0.0,"04-2030":0.0,"06-2030":0.0,"08-2030":0.0,"10-2030":0.0,"12-2030":0.0},"percentile_25":{"02-2020":0.0365483361,"04-2020":0.0332304527,"06-2020":0.0311298077,"08-2020":0.0275339339,"10-2020":0.0267187161,"12-2020":0.0234610123,"02-2021":0.020084147,"04-2021":0.0169500579,"06-2021":0.0122577487,"08-2021":0.008266129,"10-2021":0.007384762,"12-2021":0.0038835389,"02-2022":0.0,"04-2022":0.0,"06-2022":0.0,"08-2022":0.0,"10-2022":0.0,"12-2022":0.0,"02-2023":0.0,"04-2023":0.0,"06-2023":0.0,"08-2023":0.0,"10-2023":0.0,"12-2023":0.0,"02-2024":0.0,"04-2024":0.0,"06-2024":0.0,"08-2024":0.0,"10-2024":0.0,"12-2024":0.0,"02-2025":0.0,"04-2025":0.0,"06-2025":0.0,"08-2025":0.0,"10-2025":0.0,"12-2025":0.0,"02-2026":0.0,"04-2026":0.0,"06-2026":0.0,"08-2026":0.0,"10-2026":0.0,"12-2026":0.0,"02-2027":0.0,"04-2027":0.0,"06-2027":0.0,"08-2027":0.0,"10-2027":0.0,"12-2027":0.0,"02-2028":0.0,"04-2028":0.0,"06-2028":0.0,"08-2028":0.0,"10-2028":0.0,"12-2028":0.0,"02-2029":0.0,"04-2029":0.0,"06-2029":0.0,"08-2029":0.0,"10-2029":0.0,"12-2029":0.0,"02-2030":0.0,"04-2030":0.0,"06-2030":0.0,"08-2030":0.0,"10-2030":0.0,"12-2030":0.0},"percentile_75":{"02-2020":0.0910901847,"04-2020":0.0910726765,"06-2020":0.0949974159,"08-2020":0.103087443,"10-2020":0.0991848298,"12-2020":0.1071770662,"02-2021":0.1043950056,"04-2021":0.0968836183,"06-2021":0.0963926519,"08-2021":0.0868217751,"10-2021":0.0910431567,"12-2021":0.0848719341,"02-2022":0.0738675489,"04-2022":0.0791819853,"06-2022":0.0813253012,"08-2022":0.0782787894,"10-2022":0.0807487764,"12-2022":0.0773773471,"02-2023":0.0719146316,"04-2023":0.0789163003,"06-2023":0.0835656557,"08-2023":0.0849892524,"10-2023":0.0825234375,"12-2023":0.1002350202,"02-2024":0.1117502261,"04-2024":0.135966736,"06-2024":0.1739620081,"08-2024":0.2304034327,"10-2024":0.287957702,"12-2024":0.3426699991,"02-2025":0.4447368421,"04-2025":0.5341543291,"06-2025":0.5929378635,"08-2025":0.6393728223,"10-2025":0.6409455474,"12-2025":0.6326880419,"02-2026":0.6296891711,"04-2026":0.6439929329,"06-2026":0.6578371654,"08-2026":0.6476409254,"10-2026":0.6345757619,"12-2026":0.6174676322,"02-2027":0.6044664133,"04-2027":0.600743249,"06-2027":0.5817299649,"08-2027":0.5800096575,"10-2027":0.5734782609,"12-2027":0.5669878952,"02-2028":0.5514974282,"04-2028":0.5490238928,"06-2028":0.540489893,"08-2028":0.5308754209,"10-2028":0.5389618538,"12-2028":0.5150907836,"02-2029":0.5110364142,"04-2029":0.5009398496,"06-2029":0.4798853594,"08-2029":0.4813830143,"10-2029":0.4738293344,"12-2029":0.4499484809,"02-2030":0.4485609103,"04-2030":0.4447194719,"06-2030":0.4420024925,"08-2030":0.4365451622,"10-2030":0.4217868988,"12-2030":0.4207129495}}