{"median":{"02-2020":0.0595744681,"04-2020":0.0654997766,"06-2020":0.0718414222,"08-2020":0.0755772006,"10-2020":0.0786752855,"12-2020":0.0916348601,"02-2021":0.0926265563,"04-2021":0.095140291,"06-2021":0.0924371885,"08-2021":0.0935392544,"10-2021":0.0840201311,"12-2021":0.0731467806,"02-2022":0.0638745458,"04-2022":0.0628114618,"06-2022":0.0584504294,"08-2022":0.0563418193,"10-2022":0.0543971147,"12-2022":0.0517439468,"02-2023":0.0520033282,"04-2023":0.0483501169,"06-2023":0.0441774194,"08-2023":0.0357854297,"10-2023":0.0324573515,"12-2023":0.0333626229,"02-2024":0.0330454545,"04-2024":0.0329181896,"06-2024":0.0307130014,"08-2024":0.0289354577,"10-2024":0.026933416,"12-2024":0.0227744166,"02-2025":0.0246470758,"04-2025":0.025552891,"06-2025":0.0229278182,"08-2025":0.0245887338,"10-2025":0.023272946,"12-2025":0.0256250669,"02-2026":0.0286926002,"04-2026":0.0345490716,"06-2026":0.0451118503,"08-2026":0.0572755418,"10-2026":0.0629375607,"12-2026":0.0834716733,"02-2027":0.1120730438,"04-2027":0.1355804868,"06-2027":0.1706249295,"08-2027":0.2055494032,"10-2027":0.2387503948,"12-2027":0.296083255,"02-2028":0.3761581556,"04-2028":0.4339957707,"06-2028":0.534364221,"08-2028":0.5543297381,"10-2028":0.5539029875,"12-2028":0.5365368483,"02-2029":0.5284511785,"04-2029":0.5087528517,"06-2029":0.4914300826,"08-2029":0.5034906855,"10-2029":0.4837691984,"12-2029":0.492287234,"02-2030":0.4725877193,"04-2030":0.4586447255,"06-2030":0.437013122,"08-2030":0.4301101478,"10-2030":0.4260452115,"12-2030":0.4194410536},"percentile_25":{"02-2020":0.0392156863,"04-2020":0.0382776169,"06-2020":0.0401835483,"08-2020":0.0417422653,"10-2020":0.0421963277,"12-2020":0.040371043,"02-2021":0.0407598464,"04-2021":0.0402534299,"06-2021":0.0371546402,"08-2021":0.0310386112,"10-2021":0.0260497827,"12-2021":0.0231437481,"02-2022":0.0159840637,"04-2022":0.0138264587,"06-2022":0.0112047441,"08-2022":0.0077907499,"10-2022":0.0039920635,"12-2022":0.0038722277,"02-2023":0.0037878788,"04-2023":0.0,"06-2023":0.0,"08-2023":0.0,"10-2023":0.0,"12-2023":0.0,"02-2024":0.0,"04-2024":0.0,"06-2024":0.0,"08-2024":0.0,"10-2024":0.0,"12-2024":0.0,"02-2025":0.0,"04-2025":0.0,"06-2025":0.0,"08-2025":0.0,"10-2025":0.0,"12-2025":0.0,"02-2026":0.0,"04-2026":0.0,"06-2026":0.0,"08-2026":0.0,"10-2026":0.0,"12-2026":0.0,"02-2027":0.0,"04-2027":0.0,"06-2027":0.0,"08-2027":0.0,"10-2027":0.0,"12-2027":0.0,"02-2028":0.0,"04-2028":0.0,"06-2028":0.0,"08-2028":0.0,"10-2028":0.0,"12-2028":0.0,"02-2029":0.0,"04-2029":0.0,"06-2029":0.0,"08-2029":0.0,"10-2029":0.0,"12-2029":0.0,"02-2030":0.0,"04-2030":0.0,"06-2030":0.0,"08-2030":0.0,"10-2030":0.0,"12-2030":0.0},"percentile_75":{"02-2020":0.1027151477,"04-2020":0.1143579152,"06-2020":0.1377204885,"08-2020":0.1576925494,"10-2020":0.1715895041,"12-2020":0.1904202279,"02-2021":0.2014449514,"04-2021":0.2001893939,"06-2021":0.2099236641,"08-2021":0.2003875969,"10-2021":0.1924235403,"12-2021":0.1944179516,"02-2022":0.1817801339,"04-2022":0.1767775027,"06-2022":0.1785714286,"08-2022":0.1685084578,"10-2022":0.1645194635,"12-2022":0.1623540638,"02-2023":0.1549757959,"04-2023":0.1512434933,"06-2023":0.1540198907,"08-2023":0.1521725303,"10-2023":0.1424731183,"12-2023":0.1484467281,"02-2024":0.133233741,"04-2024":0.1354110085,"06-2024":0.1434023991,"08-2024":0.131402842,"10-2024":0.1281548717,"12-2024":0.1341365462,"02-2025":0.1314198015,"04-2025":0.125166113,"06-2025":0.1287181583,"08-2025":0.1398074128,"10-2025":0.1604201786,"12-2025":0.185515873,"02-2026":0.2416481379,"04-2026":0.2914020954,"06-2026":0.360926271,"08-2026":0.4520162215,"10-2026":0.5357604945,"12-2026":0.6244714988,"02-2027":0.6754967105,"04-2027":0.6942158656,"06-2027":0.7123707745,"08-2027":0.720979021,"10-2027":0.7125122758,"12-2027":0.6994222689,"02-2028":0.6942460317,"04-2028":0.6889596806,"06-2028":0.6732697344,"08-2028":0.6652652832,"10-2028":0.6535964839,"12-2028":0.6413528421,"02-2029":0.630126022,"04-2029":0.6167581134,"06-2029":0.6094397266,"08-2029":0.5918681569,"10-2029":0.5851934236,"12-2029":0.5749193748,"02-2030":0.5589939024,"04-2030":0.5586101399,"06-2030":0.5435064935,"08-2030":0.5400887612,"10-2030":0.5343959021,"12-2030":0.5269198082}}