{"median":{"02-2020":0.0595744681,"04-2020":0.0654997766,"06-2020":0.0718414222,"08-2020":0.0755772006,"10-2020":0.0786752855,"12-2020":0.0916348601,"02-2021":0.0926265563,"04-2021":0.095140291,"06-2021":0.0924371885,"08-2021":0.0935392544,"10-2021":0.0840201311,"12-2021":0.0731467806,"02-2022":0.067826806,"04-2022":0.0708360656,"06-2022":0.0768850048,"08-2022":0.0760555234,"10-2022":0.0791316527,"12-2022":0.098788021,"02-2023":0.1174712644,"04-2023":0.1335955711,"06-2023":0.1705831693,"08-2023":0.1946045089,"10-2023":0.2316091954,"12-2023":0.2861976507,"02-2024":0.3480698212,"04-2024":0.4088482124,"06-2024":0.4836691087,"08-2024":0.5407147969,"10-2024":0.5701216971,"12-2024":0.5796697626,"02-2025":0.5709620237,"04-2025":0.5817424505,"06-2025":0.5722996516,"08-2025":0.5730132043,"10-2025":0.5534326094,"12-2025":0.5465228106,"02-2026":0.5336120401,"04-2026":0.5203305785,"06-2026":0.5234454208,"08-2026":0.5191786647,"10-2026":0.5066047249,"12-2026":0.506427311,"02-2027":0.5,"04-2027":0.4819028822,"06-2027":0.4845757335,"08-2027":0.476653343,"10-2027":0.4681293149,"12-2027":0.4535679194,"02-2028":0.4395010132,"04-2028":0.4442309819,"06-2028":0.4339714173,"08-2028":0.4375143106,"10-2028":0.4300905943,"12-2028":0.4275188012,"02-2029":0.4210526316,"04-2029":0.4161951645,"06-2029":0.4119547978,"08-2029":0.4072077922,"10-2029":0.4021556948,"12-2029":0.4057492323,"02-2030":0.3892779245,"04-2030":0.3886078202,"06-2030":0.3815613441,"08-2030":0.3919559525,"10-2030":0.3876874137,"12-2030":0.3914657007},"percentile_25":{"02-2020":0.0392156863,"04-2020":0.0382776169,"06-2020":0.0401835483,"08-2020":0.0417422653,"10-2020":0.0421963277,"12-2020":0.040371043,"02-2021":0.0407598464,"04-2021":0.0402534299,"06-2021":0.0371546402,"08-2021":0.0310386112,"10-2021":0.0260497827,"12-2021":0.0231437481,"02-2022":0.0167342114,"04-2022":0.0148288869,"06-2022":0.0126736416,"08-2022":0.0112676354,"10-2022":0.0074488668,"12-2022":0.0073598729,"02-2023":0.0077223504,"04-2023":0.0066510354,"06-2023":0.0071158427,"08-2023":0.0073747693,"10-2023":0.0063879251,"12-2023":0.0110865408,"02-2024":0.0111843192,"04-2024":0.0174174747,"06-2024":0.0145948946,"08-2024":0.0150177375,"10-2024":0.0145537769,"12-2024":0.014612624,"02-2025":0.0192277528,"04-2025":0.0193303328,"06-2025":0.0186532549,"08-2025":0.0301899593,"10-2025":0.0326686944,"12-2025":0.0301899593,"02-2026":0.0324580846,"04-2026":0.0317340067,"06-2026":0.0388941468,"08-2026":0.0461789262,"10-2026":0.0596391651,"12-2026":0.0584573337,"02-2027":0.0662029024,"04-2027":0.0704991817,"06-2027":0.0658947254,"08-2027":0.0550525146,"10-2027":0.0610881404,"12-2027":0.0595317726,"02-2028":0.0610850898,"04-2028":0.0707246475,"06-2028":0.075279464,"08-2028":0.0902898299,"10-2028":0.1068692636,"12-2028":0.1066513495,"02-2029":0.0953245325,"04-2029":0.1074213079,"06-2029":0.1159323116,"08-2029":0.1339556429,"10-2029":0.1439541465,"12-2029":0.1596706865,"02-2030":0.171010755,"04-2030":0.1831892847,"06-2030":0.1955054495,"08-2030":0.204611229,"10-2030":0.2159472764,"12-2030":0.2588249634},"percentile_75":{"02-2020":0.1027151477,"04-2020":0.1143579152,"06-2020":0.1377204885,"08-2020":0.1576925494,"10-2020":0.1715895041,"12-2020":0.1904202279,"02-2021":0.2014449514,"04-2021":0.2001893939,"06-2021":0.2099236641,"08-2021":0.2003875969,"10-2021":0.1924235403,"12-2021":0.1944179516,"02-2022":0.1926955596,"04-2022":0.2102315927,"06-2022":0.2381653543,"08-2022":0.2671634889,"10-2022":0.3080668757,"12-2022":0.3867938112,"02-2023":0.4586477987,"04-2023":0.5361451049,"06-2023":0.6271209633,"08-2023":0.6849926199,"10-2023":0.702955163,"12-2023":0.6825105898,"02-2024":0.6833815626,"04-2024":0.6801846436,"06-2024":0.6808525136,"08-2024":0.6848146718,"10-2024":0.677604746,"12-2024":0.661781142,"02-2025":0.6593380615,"04-2025":0.658204709,"06-2025":0.6440247802,"08-2025":0.6357369975,"10-2025":0.6251417417,"12-2025":0.620639493,"02-2026":0.611899418,"04-2026":0.6148880895,"06-2026":0.6052994484,"08-2026":0.6002057613,"10-2026":0.5805771365,"12-2026":0.5610795455,"02-2027":0.5539715719,"04-2027":0.5556265364,"06-2027":0.551929304,"08-2027":0.5372543121,"10-2027":0.5311164384,"12-2027":0.5235592606,"02-2028":0.518218396,"04-2028":0.5085002201,"06-2028":0.5126827485,"08-2028":0.49521437,"10-2028":0.4893515153,"12-2028":0.4807559785,"02-2029":0.474230185,"04-2029":0.4661290323,"06-2029":0.4664351852,"08-2029":0.4566396814,"10-2029":0.4556564389,"12-2029":0.4548084009,"02-2030":0.4582179372,"04-2030":0.446414596,"06-2030":0.4382511069,"08-2030":0.437982388,"10-2030":0.437665636,"12-2030":0.4446472019}}