{"median":{"02-2020":0.0595744681,"04-2020":0.0654997766,"06-2020":0.0718414222,"08-2020":0.0755772006,"10-2020":0.0786752855,"12-2020":0.0916348601,"02-2021":0.0926265563,"04-2021":0.095140291,"06-2021":0.0924371885,"08-2021":0.0935392544,"10-2021":0.0840201311,"12-2021":0.0731467806,"02-2022":0.0638745458,"04-2022":0.0628114618,"06-2022":0.0585690027,"08-2022":0.0592881521,"10-2022":0.0614341627,"12-2022":0.0600394255,"02-2023":0.0678481919,"04-2023":0.0810263705,"06-2023":0.0898134864,"08-2023":0.1056352578,"10-2023":0.1332001431,"12-2023":0.1677385337,"02-2024":0.2098338807,"04-2024":0.2690850816,"06-2024":0.3309954751,"08-2024":0.3943600598,"10-2024":0.438802343,"12-2024":0.5167910448,"02-2025":0.5381274131,"04-2025":0.5593231162,"06-2025":0.5703227931,"08-2025":0.580541948,"10-2025":0.5800585556,"12-2025":0.5634570995,"02-2026":0.5687739464,"04-2026":0.5488147605,"06-2026":0.5419945212,"08-2026":0.5502727929,"10-2026":0.5444969032,"12-2026":0.5285947712,"02-2027":0.5172963918,"04-2027":0.508533775,"06-2027":0.5026138176,"08-2027":0.4854014599,"10-2027":0.4857338564,"12-2027":0.4803847552,"02-2028":0.4674310378,"04-2028":0.4665385891,"06-2028":0.4543913713,"08-2028":0.443196005,"10-2028":0.4425076363,"12-2028":0.435199121,"02-2029":0.416511772,"04-2029":0.4288346822,"06-2029":0.4186662751,"08-2029":0.4073000622,"10-2029":0.3989051095,"12-2029":0.3984126984,"02-2030":0.394866969,"04-2030":0.3902430438,"06-2030":0.3841920799,"08-2030":0.3872712366,"10-2030":0.3797759316,"12-2030":0.3850422027},"percentile_25":{"02-2020":0.0392156863,"04-2020":0.0382776169,"06-2020":0.0401835483,"08-2020":0.0417422653,"10-2020":0.0421963277,"12-2020":0.040371043,"02-2021":0.0407598464,"04-2021":0.0402534299,"06-2021":0.0371546402,"08-2021":0.0310386112,"10-2021":0.0260497827,"12-2021":0.0231437481,"02-2022":0.0159840637,"04-2022":0.0138264587,"06-2022":0.0112676354,"08-2022":0.0076849396,"10-2022":0.0040900307,"12-2022":0.0038572914,"02-2023":0.0037630245,"04-2023":0.0025510204,"06-2023":0.0,"08-2023":0.0,"10-2023":0.0,"12-2023":0.0,"02-2024":0.0,"04-2024":0.0,"06-2024":0.0,"08-2024":0.0,"10-2024":0.0,"12-2024":0.0,"02-2025":0.0,"04-2025":0.0,"06-2025":0.0,"08-2025":0.0,"10-2025":0.0,"12-2025":0.0,"02-2026":0.0,"04-2026":0.0,"06-2026":0.0,"08-2026":0.0,"10-2026":0.0,"12-2026":0.0,"02-2027":0.0,"04-2027":0.0,"06-2027":0.0,"08-2027":0.0,"10-2027":0.0,"12-2027":0.0,"02-2028":0.0,"04-2028":0.0,"06-2028":0.0,"08-2028":0.0,"10-2028":0.0,"12-2028":0.0,"02-2029":0.0,"04-2029":0.0,"06-2029":0.0,"08-2029":0.0,"10-2029":0.0,"12-2029":0.0,"02-2030":0.0,"04-2030":0.0,"06-2030":0.0,"08-2030":0.0,"10-2030":0.0,"12-2030":0.0},"percentile_75":{"02-2020":0.1027151477,"04-2020":0.1143579152,"06-2020":0.1377204885,"08-2020":0.1576925494,"10-2020":0.1715895041,"12-2020":0.1904202279,"02-2021":0.2014449514,"04-2021":0.2001893939,"06-2021":0.2099236641,"08-2021":0.2003875969,"10-2021":0.1924235403,"12-2021":0.1944179516,"02-2022":0.1817801339,"04-2022":0.1767775027,"06-2022":0.1786366006,"08-2022":0.1826666564,"10-2022":0.2046390013,"12-2022":0.2298081596,"02-2023":0.2607127064,"04-2023":0.3198164774,"06-2023":0.3993184847,"08-2023":0.4793650794,"10-2023":0.5545690895,"12-2023":0.6332720588,"02-2024":0.6849204847,"04-2024":0.7088815789,"06-2024":0.726138662,"08-2024":0.7218587986,"10-2024":0.7125115329,"12-2024":0.7073143864,"02-2025":0.6837544882,"04-2025":0.6729042756,"06-2025":0.665786385,"08-2025":0.6631509937,"10-2025":0.6550142864,"12-2025":0.6660808824,"02-2026":0.6401123596,"04-2026":0.6353579261,"06-2026":0.6201860402,"08-2026":0.6106953572,"10-2026":0.6038971808,"12-2026":0.5994274809,"02-2027":0.5850314742,"04-2027":0.5739826753,"06-2027":0.5601106118,"08-2027":0.5492835968,"10-2027":0.5552621357,"12-2027":0.5426961335,"02-2028":0.53577852,"04-2028":0.5200666364,"06-2028":0.5143374741,"08-2028":0.5103710296,"10-2028":0.4963805781,"12-2028":0.494539547,"02-2029":0.4911796358,"04-2029":0.4752968364,"06-2029":0.4822816105,"08-2029":0.4668478261,"10-2029":0.464664311,"12-2029":0.4724027335,"02-2030":0.4488912787,"04-2030":0.4442393875,"06-2030":0.4425064599,"08-2030":0.4332074133,"10-2030":0.4300242457,"12-2030":0.437937327}}