{"median":{"02-2010":0.390785751,"04-2010":0.3812103686,"06-2010":0.3732246696,"08-2010":0.3762352941,"10-2010":0.372215641,"12-2010":0.3726780186,"02-2011":0.3451158368,"04-2011":0.299205023,"06-2011":0.2484735358,"08-2011":0.213740458,"10-2011":0.1865956698,"12-2011":0.169428278,"02-2012":0.1559467681,"04-2012":0.1307823129,"06-2012":0.1140486395,"08-2012":0.1060915275,"10-2012":0.1002008032,"12-2012":0.0951397088,"02-2013":0.0888330942,"04-2013":0.0819318824,"06-2013":0.0751374239,"08-2013":0.0712657233,"10-2013":0.0714298325,"12-2013":0.0749449339,"02-2014":0.0706679396,"04-2014":0.0651938398,"06-2014":0.057495109,"08-2014":0.0545087719,"10-2014":0.0573780129,"12-2014":0.0605449658,"02-2015":0.0561124498,"04-2015":0.052,"06-2015":0.0503146865,"08-2015":0.0475164204,"10-2015":0.046001058,"12-2015":0.0475350907,"02-2016":0.0423402868,"04-2016":0.0422383315,"06-2016":0.0399744617,"08-2016":0.0396925403,"10-2016":0.0387112887,"12-2016":0.0421447591,"02-2017":0.0421511628,"04-2017":0.0408542599,"06-2017":0.0368928075,"08-2017":0.040242915,"10-2017":0.0383797054,"12-2017":0.0424716756,"02-2018":0.0413251366,"04-2018":0.0413383958,"06-2018":0.0407347183,"08-2018":0.0410041928,"10-2018":0.0446679412,"12-2018":0.0505265397,"02-2019":0.0510638298,"04-2019":0.0475249388,"06-2019":0.0475903901,"08-2019":0.0501046025,"10-2019":0.0535688946,"12-2019":0.0585973265},"percentile_25":{"02-2010":0.3073500779,"04-2010":0.3010805903,"06-2010":0.2888307733,"08-2010":0.2878997764,"10-2010":0.2917545181,"12-2010":0.2944990466,"02-2011":0.2737522124,"04-2011":0.235357346,"06-2011":0.2024793388,"08-2011":0.1740125605,"10-2011":0.153998475,"12-2011":0.1300104214,"02-2012":0.1088907541,"04-2012":0.0901287554,"06-2012":0.0756804714,"08-2012":0.0699475963,"10-2012":0.0668107675,"12-2012":0.0669881773,"02-2013":0.0582791774,"04-2013":0.0515021459,"06-2013":0.0453311753,"08-2013":0.0423728814,"10-2013":0.0425945048,"12-2013":0.0390271493,"02-2014":0.0360725772,"04-2014":0.0349035757,"06-2014":0.0345291591,"08-2014":0.0337299154,"10-2014":0.0316031897,"12-2014":0.0293504902,"02-2015":0.0281508019,"04-2015":0.0252114082,"06-2015":0.0244234842,"08-2015":0.0207041989,"10-2015":0.0220264317,"12-2015":0.0186253674,"02-2016":0.0170221935,"04-2016":0.0171490408,"06-2016":0.0153698792,"08-2016":0.0134230194,"10-2016":0.0156557565,"12-2016":0.0161321298,"02-2017":0.0155614112,"04-2017":0.0128495364,"06-2017":0.0166845327,"08-2017":0.0160650282,"10-2017":0.017057801,"12-2017":0.0196657403,"02-2018":0.0189053953,"04-2018":0.0188321018,"06-2018":0.0196850394,"08-2018":0.0210529103,"10-2018":0.0230131456,"12-2018":0.0244649079,"02-2019":0.026065956,"04-2019":0.0248705463,"06-2019":0.0279444444,"08-2019":0.0298827059,"10-2019":0.0326546801,"12-2019":0.0364318301},"percentile_75":{"02-2010":0.4405266344,"04-2010":0.4417060213,"06-2010":0.436146009,"08-2010":0.4273671466,"10-2010":0.433786976,"12-2010":0.4329131653,"02-2011":0.394582648,"04-2011":0.3433130699,"06-2011":0.2921528935,"08-2011":0.25,"10-2011":0.2300779221,"12-2011":0.2120233051,"02-2012":0.1870527307,"04-2012":0.1640384002,"06-2012":0.1453179713,"08-2012":0.1335877863,"10-2012":0.1315995378,"12-2012":0.1329427083,"02-2013":0.1285300644,"04-2013":0.1183374141,"06-2013":0.1090290822,"08-2013":0.1050744496,"10-2013":0.1111111111,"12-2013":0.1134697094,"02-2014":0.107616946,"04-2014":0.0970005102,"06-2014":0.0945308657,"08-2014":0.0960384615,"10-2014":0.0932421811,"12-2014":0.0926032307,"02-2015":0.090460747,"04-2015":0.0858473563,"06-2015":0.0818006215,"08-2015":0.0795794393,"10-2015":0.0769579832,"12-2015":0.0765895206,"02-2016":0.0722676159,"04-2016":0.0739304927,"06-2016":0.0724004804,"08-2016":0.0779489644,"10-2016":0.0846815835,"12-2016":0.0873048669,"02-2017":0.0873362445,"04-2017":0.0833333333,"06-2017":0.0800999392,"08-2017":0.0836815359,"10-2017":0.0835987026,"12-2017":0.0895547485,"02-2018":0.0877133534,"04-2018":0.0800474973,"06-2018":0.0789202974,"08-2018":0.0778688525,"10-2018":0.0803680825,"12-2018":0.0862460815,"02-2019":0.0825958968,"04-2019":0.0820329277,"06-2019":0.0789754368,"08-2019":0.0807975113,"10-2019":0.0855271723,"12-2019":0.0919105835}}