{"median":{"02-2020":0.0552415136,"04-2020":0.0486817419,"06-2020":0.0442804428,"08-2020":0.0456222506,"10-2020":0.0435475809,"12-2020":0.0469417735,"02-2021":0.0371135598,"04-2021":0.032064257,"06-2021":0.0280562249,"08-2021":0.0243774759,"10-2021":0.024,"12-2021":0.0224362559,"02-2022":0.0193941216,"04-2022":0.0166355399,"06-2022":0.0156865157,"08-2022":0.0123216274,"10-2022":0.0137455169,"12-2022":0.0121529201,"02-2023":0.0123203805,"04-2023":0.0137112223,"06-2023":0.0116747426,"08-2023":0.0120530528,"10-2023":0.0153855258,"12-2023":0.0147156286,"02-2024":0.0136981033,"04-2024":0.013340456,"06-2024":0.0144016961,"08-2024":0.0147544534,"10-2024":0.0162550818,"12-2024":0.0142257934,"02-2025":0.0159402242,"04-2025":0.0192911958,"06-2025":0.0244435022,"08-2025":0.0282407996,"10-2025":0.0302640236,"12-2025":0.0374418605,"02-2026":0.0393002028,"04-2026":0.0433006072,"06-2026":0.0571507095,"08-2026":0.0670411985,"10-2026":0.0821093431,"12-2026":0.1013907889,"02-2027":0.1155666881,"04-2027":0.1423909257,"06-2027":0.1633711911,"08-2027":0.1998678123,"10-2027":0.2218336539,"12-2027":0.2328062804,"02-2028":0.285290499,"04-2028":0.2938238089,"06-2028":0.313614082,"08-2028":0.3274310325,"10-2028":0.3299192707,"12-2028":0.3432221859,"02-2029":0.3322911591,"04-2029":0.3021628499,"06-2029":0.2633587786,"08-2029":0.2714822614,"10-2029":0.2858600932,"12-2029":0.2917859036,"02-2030":0.287597356,"04-2030":0.3213615653,"06-2030":0.3079916659,"08-2030":0.3156465289,"10-2030":0.310926702,"12-2030":0.3126879612},"percentile_25":{"02-2020":0.0336404027,"04-2020":0.0321935484,"06-2020":0.0285770498,"08-2020":0.0241710044,"10-2020":0.0227311281,"12-2020":0.0193807117,"02-2021":0.0126588983,"04-2021":0.0111733002,"06-2021":0.0074285168,"08-2021":0.0040080641,"10-2021":0.0039370079,"12-2021":0.0025510204,"02-2022":0.0,"04-2022":0.0,"06-2022":0.0,"08-2022":0.0,"10-2022":0.0,"12-2022":0.0,"02-2023":0.0,"04-2023":0.0,"06-2023":0.0,"08-2023":0.0,"10-2023":0.0,"12-2023":0.0,"02-2024":0.0,"04-2024":0.0,"06-2024":0.0,"08-2024":0.0,"10-2024":0.0,"12-2024":0.0,"02-2025":0.0,"04-2025":0.0,"06-2025":0.0,"08-2025":0.0,"10-2025":0.0,"12-2025":0.0,"02-2026":0.0,"04-2026":0.0,"06-2026":0.0,"08-2026":0.0,"10-2026":0.0,"12-2026":0.0,"02-2027":0.0,"04-2027":0.0,"06-2027":0.0,"08-2027":0.0,"10-2027":0.0,"12-2027":0.0,"02-2028":0.0,"04-2028":0.0,"06-2028":0.0,"08-2028":0.0,"10-2028":0.0,"12-2028":0.0,"02-2029":0.0,"04-2029":0.0,"06-2029":0.0,"08-2029":0.0,"10-2029":0.0,"12-2029":0.0,"02-2030":0.0,"04-2030":0.0,"06-2030":0.0,"08-2030":0.0,"10-2030":0.0,"12-2030":0.0},"percentile_75":{"02-2020":0.0885725629,"04-2020":0.0811360449,"06-2020":0.0809906749,"08-2020":0.0807810316,"10-2020":0.0867246241,"12-2020":0.0875715649,"02-2021":0.0833134608,"04-2021":0.0789411206,"06-2021":0.0749702867,"08-2021":0.0850480271,"10-2021":0.0925821932,"12-2021":0.0980748663,"02-2022":0.0951140873,"04-2022":0.0905511811,"06-2022":0.0864039956,"08-2022":0.0849986938,"10-2022":0.0870929444,"12-2022":0.0975703543,"02-2023":0.0990666574,"04-2023":0.1084570842,"06-2023":0.1346233615,"08-2023":0.1797960156,"10-2023":0.2292975126,"12-2023":0.2749588012,"02-2024":0.3401332603,"04-2024":0.4301616915,"06-2024":0.5164078784,"08-2024":0.6102910117,"10-2024":0.6553178344,"12-2024":0.6977096953,"02-2025":0.6949194628,"04-2025":0.6971130078,"06-2025":0.6786428052,"08-2025":0.6800252708,"10-2025":0.6689104478,"12-2025":0.6628205128,"02-2026":0.6565730337,"04-2026":0.6564474278,"06-2026":0.6339142949,"08-2026":0.6312739883,"10-2026":0.6096743295,"12-2026":0.6058191198,"02-2027":0.5915788051,"04-2027":0.5692384342,"06-2027":0.5737017463,"08-2027":0.5735579115,"10-2027":0.54630181,"12-2027":0.5428020286,"02-2028":0.5298752834,"04-2028":0.5197018211,"06-2028":0.5255492781,"08-2028":0.5144145553,"10-2028":0.5077956989,"12-2028":0.4982136834,"02-2029":0.4914704836,"04-2029":0.4859883439,"06-2029":0.4641264516,"08-2029":0.462593985,"10-2029":0.4521725165,"12-2029":0.4481477512,"02-2030":0.4287038771,"04-2030":0.4203671174,"06-2030":0.4160583942,"08-2030":0.4231129358,"10-2030":0.4262263969,"12-2030":0.4235801139}}