{"median":{"02-2020":0.0552415136,"04-2020":0.0486817419,"06-2020":0.0442804428,"08-2020":0.0456222506,"10-2020":0.0435475809,"12-2020":0.0469417735,"02-2021":0.0371135598,"04-2021":0.032064257,"06-2021":0.0280562249,"08-2021":0.0243774759,"10-2021":0.024,"12-2021":0.0224362559,"02-2022":0.0233940352,"04-2022":0.0204931801,"06-2022":0.0220000644,"08-2022":0.0268518519,"10-2022":0.0277564349,"12-2022":0.0348539326,"02-2023":0.0338140755,"04-2023":0.0433025568,"06-2023":0.0550965251,"08-2023":0.0622206113,"10-2023":0.0937552549,"12-2023":0.1066163087,"02-2024":0.1201583192,"04-2024":0.1329864217,"06-2024":0.1559864958,"08-2024":0.2119479554,"10-2024":0.2652439024,"12-2024":0.2987654321,"02-2025":0.3168323222,"04-2025":0.3414230557,"06-2025":0.4052788421,"08-2025":0.4561968183,"10-2025":0.4641347344,"12-2025":0.4866556081,"02-2026":0.4915506541,"04-2026":0.4973309609,"06-2026":0.4936625471,"08-2026":0.4831460674,"10-2026":0.4898138081,"12-2026":0.4569364751,"02-2027":0.4610041354,"04-2027":0.447487712,"06-2027":0.4701540436,"08-2027":0.4419292048,"10-2027":0.4304126132,"12-2027":0.4158638165,"02-2028":0.4058835546,"04-2028":0.397164787,"06-2028":0.3878850129,"08-2028":0.3906716584,"10-2028":0.3836662325,"12-2028":0.3794396322,"02-2029":0.3844209559,"04-2029":0.3734205776,"06-2029":0.3709848485,"08-2029":0.3501597861,"10-2029":0.3443914956,"12-2029":0.3543780687,"02-2030":0.3597894789,"04-2030":0.3574035454,"06-2030":0.3368665078,"08-2030":0.3267967665,"10-2030":0.328534505,"12-2030":0.3304160795},"percentile_25":{"02-2020":0.0336404027,"04-2020":0.0321935484,"06-2020":0.0285770498,"08-2020":0.0241710044,"10-2020":0.0227311281,"12-2020":0.0193807117,"02-2021":0.0126588983,"04-2021":0.0111733002,"06-2021":0.0074285168,"08-2021":0.0040080641,"10-2021":0.0039370079,"12-2021":0.0025510204,"02-2022":0.0,"04-2022":0.0,"06-2022":0.0,"08-2022":0.0,"10-2022":0.0,"12-2022":0.0,"02-2023":0.0,"04-2023":0.0,"06-2023":0.0,"08-2023":0.0,"10-2023":0.0,"12-2023":0.0,"02-2024":0.0,"04-2024":0.0,"06-2024":0.0,"08-2024":0.0,"10-2024":0.0,"12-2024":0.0,"02-2025":0.0,"04-2025":0.0,"06-2025":0.0,"08-2025":0.0,"10-2025":0.0,"12-2025":0.0,"02-2026":0.0,"04-2026":0.0,"06-2026":0.0,"08-2026":0.0,"10-2026":0.0,"12-2026":0.0,"02-2027":0.0,"04-2027":0.0,"06-2027":0.0,"08-2027":0.0,"10-2027":0.0,"12-2027":0.0,"02-2028":0.0,"04-2028":0.0,"06-2028":0.0,"08-2028":0.0,"10-2028":0.0,"12-2028":0.0,"02-2029":0.0,"04-2029":0.0,"06-2029":0.0,"08-2029":0.0,"10-2029":0.0,"12-2029":0.0,"02-2030":0.0,"04-2030":0.0,"06-2030":0.0,"08-2030":0.0,"10-2030":0.0,"12-2030":0.0},"percentile_75":{"02-2020":0.0885725629,"04-2020":0.0811360449,"06-2020":0.0809906749,"08-2020":0.0807810316,"10-2020":0.0867246241,"12-2020":0.0875715649,"02-2021":0.0833134608,"04-2021":0.0789411206,"06-2021":0.0749702867,"08-2021":0.0850480271,"10-2021":0.0925821932,"12-2021":0.0980748663,"02-2022":0.1016180156,"04-2022":0.1168170782,"06-2022":0.1339464321,"08-2022":0.1797451703,"10-2022":0.2214514535,"12-2022":0.2762187163,"02-2023":0.329398028,"04-2023":0.3962458173,"06-2023":0.4790318864,"08-2023":0.6096177089,"10-2023":0.6412220026,"12-2023":0.6725167411,"02-2024":0.6795503289,"04-2024":0.6792176217,"06-2024":0.6768285966,"08-2024":0.674200353,"10-2024":0.6545282248,"12-2024":0.6532197819,"02-2025":0.6563259109,"04-2025":0.6515796402,"06-2025":0.6549972914,"08-2025":0.6492496562,"10-2025":0.6335313081,"12-2025":0.6231552163,"02-2026":0.6124790919,"04-2026":0.6070242656,"06-2026":0.5929177188,"08-2026":0.5742312176,"10-2026":0.5797338704,"12-2026":0.5687368625,"02-2027":0.5574050363,"04-2027":0.5420067493,"06-2027":0.5316773273,"08-2027":0.5286363636,"10-2027":0.5175236528,"12-2027":0.5216289705,"02-2028":0.5137339419,"04-2028":0.5041912356,"06-2028":0.4828625372,"08-2028":0.4700229376,"10-2028":0.4781798551,"12-2028":0.4641196827,"02-2029":0.4540800496,"04-2029":0.4511271802,"06-2029":0.4448339249,"08-2029":0.4439632089,"10-2029":0.4330090104,"12-2029":0.4316871744,"02-2030":0.4256088739,"04-2030":0.4212589116,"06-2030":0.4197200369,"08-2030":0.4097379448,"10-2030":0.4140682318,"12-2030":0.4170150502}}