{"median":{"02-2020":0.0552415136,"04-2020":0.0486817419,"06-2020":0.0442804428,"08-2020":0.0456222506,"10-2020":0.0435475809,"12-2020":0.0469417735,"02-2021":0.0371135598,"04-2021":0.032064257,"06-2021":0.0280562249,"08-2021":0.0243774759,"10-2021":0.024,"12-2021":0.0224362559,"02-2022":0.0193941216,"04-2022":0.0166355399,"06-2022":0.0156865157,"08-2022":0.0123216274,"10-2022":0.0137455169,"12-2022":0.0121529201,"02-2023":0.0152170454,"04-2023":0.0094945055,"06-2023":0.0056988154,"08-2023":0.0058869702,"10-2023":0.0038762019,"12-2023":0.0037950801,"02-2024":0.0,"04-2024":0.0,"06-2024":0.0,"08-2024":0.0,"10-2024":0.0,"12-2024":0.0,"02-2025":0.0,"04-2025":0.0,"06-2025":0.0,"08-2025":0.0,"10-2025":0.0,"12-2025":0.0,"02-2026":0.0,"04-2026":0.0,"06-2026":0.0,"08-2026":0.0,"10-2026":0.0,"12-2026":0.0,"02-2027":0.0,"04-2027":0.0,"06-2027":0.0,"08-2027":0.0,"10-2027":0.0,"12-2027":0.0,"02-2028":0.0,"04-2028":0.0,"06-2028":0.0,"08-2028":0.0,"10-2028":0.0,"12-2028":0.0,"02-2029":0.0,"04-2029":0.0,"06-2029":0.0,"08-2029":0.0,"10-2029":0.0,"12-2029":0.0,"02-2030":0.0,"04-2030":0.0,"06-2030":0.0,"08-2030":0.0,"10-2030":0.0,"12-2030":0.0},"percentile_25":{"02-2020":0.0336404027,"04-2020":0.0321935484,"06-2020":0.0285770498,"08-2020":0.0241710044,"10-2020":0.0227311281,"12-2020":0.0193807117,"02-2021":0.0126588983,"04-2021":0.0111733002,"06-2021":0.0074285168,"08-2021":0.0040080641,"10-2021":0.0039370079,"12-2021":0.0025510204,"02-2022":0.0,"04-2022":0.0,"06-2022":0.0,"08-2022":0.0,"10-2022":0.0,"12-2022":0.0,"02-2023":0.0,"04-2023":0.0,"06-2023":0.0,"08-2023":0.0,"10-2023":0.0,"12-2023":0.0,"02-2024":0.0,"04-2024":0.0,"06-2024":0.0,"08-2024":0.0,"10-2024":0.0,"12-2024":0.0,"02-2025":0.0,"04-2025":0.0,"06-2025":0.0,"08-2025":0.0,"10-2025":0.0,"12-2025":0.0,"02-2026":0.0,"04-2026":0.0,"06-2026":0.0,"08-2026":0.0,"10-2026":0.0,"12-2026":0.0,"02-2027":0.0,"04-2027":0.0,"06-2027":0.0,"08-2027":0.0,"10-2027":0.0,"12-2027":0.0,"02-2028":0.0,"04-2028":0.0,"06-2028":0.0,"08-2028":0.0,"10-2028":0.0,"12-2028":0.0,"02-2029":0.0,"04-2029":0.0,"06-2029":0.0,"08-2029":0.0,"10-2029":0.0,"12-2029":0.0,"02-2030":0.0,"04-2030":0.0,"06-2030":0.0,"08-2030":0.0,"10-2030":0.0,"12-2030":0.0},"percentile_75":{"02-2020":0.0885725629,"04-2020":0.0811360449,"06-2020":0.0809906749,"08-2020":0.0807810316,"10-2020":0.0867246241,"12-2020":0.0875715649,"02-2021":0.0833134608,"04-2021":0.0789411206,"06-2021":0.0749702867,"08-2021":0.0850480271,"10-2021":0.0925821932,"12-2021":0.0980748663,"02-2022":0.0951140873,"04-2022":0.0905511811,"06-2022":0.0864039956,"08-2022":0.0849986938,"10-2022":0.0870929444,"12-2022":0.0975703543,"02-2023":0.087557924,"04-2023":0.0819523878,"06-2023":0.0835,"08-2023":0.0820217432,"10-2023":0.0816662346,"12-2023":0.096101936,"02-2024":0.1101641414,"04-2024":0.1247821113,"06-2024":0.1641691557,"08-2024":0.1998985287,"10-2024":0.25500858,"12-2024":0.3320597673,"02-2025":0.4329385565,"04-2025":0.513004573,"06-2025":0.6143467955,"08-2025":0.6882665094,"10-2025":0.7183462532,"12-2025":0.7132221497,"02-2026":0.6948766316,"04-2026":0.6812095849,"06-2026":0.669314624,"08-2026":0.676792528,"10-2026":0.667896679,"12-2026":0.6522222222,"02-2027":0.6309614168,"04-2027":0.6123533173,"06-2027":0.6147152293,"08-2027":0.6001865672,"10-2027":0.59181012,"12-2027":0.5742077465,"02-2028":0.5657874098,"04-2028":0.5632720021,"06-2028":0.550462963,"08-2028":0.5381813759,"10-2028":0.5344315611,"12-2028":0.5210862878,"02-2029":0.5078555299,"04-2029":0.5076986518,"06-2029":0.4963242867,"08-2029":0.4846304898,"10-2029":0.4741996234,"12-2029":0.4601832731,"02-2030":0.4561151252,"04-2030":0.4605115496,"06-2030":0.4473337361,"08-2030":0.4380973987,"10-2030":0.4357740419,"12-2030":0.4300797833}}