{"median":{"02-2009":0.3971354167,"04-2009":0.3979479571,"06-2009":0.4066504545,"08-2009":0.4029473317,"10-2009":0.4045568094,"12-2009":0.3961131909,"02-2010":0.3552235525,"04-2010":0.3032842049,"06-2010":0.2564121301,"08-2010":0.2228522886,"10-2010":0.2004016064,"12-2010":0.1859504132,"02-2011":0.1634170397,"04-2011":0.1422992601,"06-2011":0.1219245489,"08-2011":0.1204550956,"10-2011":0.1165052936,"12-2011":0.1126572225,"02-2012":0.1041597512,"04-2012":0.0951511898,"06-2012":0.0923709677,"08-2012":0.0835019763,"10-2012":0.0813344134,"12-2012":0.083849476,"02-2013":0.0813480809,"04-2013":0.0738402678,"06-2013":0.0670886076,"08-2013":0.068562212,"10-2013":0.068,"12-2013":0.0691468254,"02-2014":0.066252872,"04-2014":0.0614883454,"06-2014":0.0601032092,"08-2014":0.0602750389,"10-2014":0.0595841785,"12-2014":0.0648748536,"02-2015":0.0600830287,"04-2015":0.0604754441,"06-2015":0.0562285272,"08-2015":0.058349546,"10-2015":0.0601349606,"12-2015":0.0674998023,"02-2016":0.0670955882,"04-2016":0.0601320737,"06-2016":0.0637490674,"08-2016":0.0663675402,"10-2016":0.0695418552,"12-2016":0.0760662919,"02-2017":0.0757272612,"04-2017":0.0727346939,"06-2017":0.0693877551,"08-2017":0.0689680711,"10-2017":0.0700098627,"12-2017":0.0743779494,"02-2018":0.0712948101,"04-2018":0.0695851003,"06-2018":0.0695022139,"08-2018":0.0692776156,"10-2018":0.0730191482,"12-2018":0.0882134972,"02-2019":0.0896794759,"04-2019":0.0854928018,"06-2019":0.0843387097,"08-2019":0.0872287283,"10-2019":0.0930635747,"12-2019":0.1013935425},"percentile_25":{"02-2009":0.3435865586,"04-2009":0.3478923038,"06-2009":0.3491388045,"08-2009":0.3433666216,"10-2009":0.3410087719,"12-2009":0.3440637276,"02-2010":0.3151628356,"04-2010":0.2774273346,"06-2010":0.2294904549,"08-2010":0.1893424314,"10-2010":0.1746881865,"12-2010":0.1518353175,"02-2011":0.1302753474,"04-2011":0.1078052933,"06-2011":0.0996015936,"08-2011":0.0859742629,"10-2011":0.0782787823,"12-2011":0.0759243028,"02-2012":0.0655117483,"04-2012":0.0551097691,"06-2012":0.0467596255,"08-2012":0.0500614839,"10-2012":0.0509722885,"12-2012":0.0501569038,"02-2013":0.0475168608,"04-2013":0.0429014644,"06-2013":0.0377384217,"08-2013":0.0376588652,"10-2013":0.0386733716,"12-2013":0.0401340218,"02-2014":0.0373086735,"04-2014":0.0353754941,"06-2014":0.0287864135,"08-2014":0.0286885246,"10-2014":0.027442308,"12-2014":0.0281319831,"02-2015":0.0279266499,"04-2015":0.025613748,"06-2015":0.026287782,"08-2015":0.0264942932,"10-2015":0.0251837137,"12-2015":0.0257852292,"02-2016":0.0239760956,"04-2016":0.0237626547,"06-2016":0.0204928275,"08-2016":0.0202239821,"10-2016":0.0219858156,"12-2016":0.0261564278,"02-2017":0.023715415,"04-2017":0.0249559501,"06-2017":0.0284608379,"08-2017":0.0280437566,"10-2017":0.0301666294,"12-2017":0.0315471698,"02-2018":0.0308554191,"04-2018":0.0312813497,"06-2018":0.0307696747,"08-2018":0.0358582677,"10-2018":0.0391773897,"12-2018":0.0455714683,"02-2019":0.0475719932,"04-2019":0.0491498633,"06-2019":0.0493828494,"08-2019":0.053553057,"10-2019":0.0524306814,"12-2019":0.0580085551},"percentile_75":{"02-2009":0.4556047198,"04-2009":0.4581956681,"06-2009":0.4558072396,"08-2009":0.4593065429,"10-2009":0.4423116046,"12-2009":0.4387299771,"02-2010":0.3964604236,"04-2010":0.3404484593,"06-2010":0.285443951,"08-2010":0.2542025862,"10-2010":0.2354234514,"12-2010":0.2261350026,"02-2011":0.2044916345,"04-2011":0.1779644269,"06-2011":0.1587833687,"08-2011":0.1510563878,"10-2011":0.1540750916,"12-2011":0.1602158432,"02-2012":0.1563096374,"04-2012":0.1391838917,"06-2012":0.1261637304,"08-2012":0.1211984488,"10-2012":0.12239819,"12-2012":0.1245193188,"02-2013":0.1223543978,"04-2013":0.1099121189,"06-2013":0.1060239557,"08-2013":0.1018920396,"10-2013":0.1037870803,"12-2013":0.1094107689,"02-2014":0.1072802198,"04-2014":0.1019252984,"06-2014":0.0951971581,"08-2014":0.1010338346,"10-2014":0.100507606,"12-2014":0.1082884994,"02-2015":0.1086141207,"04-2015":0.1034679089,"06-2015":0.1031152878,"08-2015":0.1021276596,"10-2015":0.1078134535,"12-2015":0.1191117881,"02-2016":0.1217053623,"04-2016":0.1191661924,"06-2016":0.1215742808,"08-2016":0.1232423682,"10-2016":0.1295927701,"12-2016":0.1295030838,"02-2017":0.1287189392,"04-2017":0.1229096521,"06-2017":0.121184685,"08-2017":0.1256443938,"10-2017":0.1318877551,"12-2017":0.1395293938,"02-2018":0.1447407889,"04-2018":0.1413154238,"06-2018":0.1361655773,"08-2018":0.1297118848,"10-2018":0.1326007154,"12-2018":0.139107662,"02-2019":0.1323657293,"04-2019":0.1248777079,"06-2019":0.1222326454,"08-2019":0.1236570799,"10-2019":0.1333969466,"12-2019":0.1512206986}}