{"median":{"02-2020":0.0562430478,"04-2020":0.0530333467,"06-2020":0.051615247,"08-2020":0.0516363326,"10-2020":0.0520784436,"12-2020":0.052119403,"02-2021":0.0498962656,"04-2021":0.0455488495,"06-2021":0.0461599917,"08-2021":0.0458122049,"10-2021":0.0453687822,"12-2021":0.0510647545,"02-2022":0.0455409609,"04-2022":0.0426356589,"06-2022":0.0469669118,"08-2022":0.0416535234,"10-2022":0.0376200376,"12-2022":0.0365873606,"02-2023":0.0344169518,"04-2023":0.0356507372,"06-2023":0.0294372161,"08-2023":0.0292286152,"10-2023":0.0344199719,"12-2023":0.0367496999,"02-2024":0.0458167331,"04-2024":0.06325,"06-2024":0.072433128,"08-2024":0.0726923077,"10-2024":0.0809414127,"12-2024":0.1011246064,"02-2025":0.1337513867,"04-2025":0.1622238806,"06-2025":0.1762563679,"08-2025":0.2243911439,"10-2025":0.244482976,"12-2025":0.2940524466,"02-2026":0.3399858156,"04-2026":0.352000058,"06-2026":0.3707659035,"08-2026":0.4345805459,"10-2026":0.4837768104,"12-2026":0.5018829192,"02-2027":0.5124742116,"04-2027":0.4990573152,"06-2027":0.485509154,"08-2027":0.4817865568,"10-2027":0.4824474931,"12-2027":0.4771865458,"02-2028":0.4770377585,"04-2028":0.4635175097,"06-2028":0.468688789,"08-2028":0.4535315985,"10-2028":0.4375937031,"12-2028":0.4235656527,"02-2029":0.4054794521,"04-2029":0.4128004808,"06-2029":0.4132739263,"08-2029":0.4066915423,"10-2029":0.4007874426,"12-2029":0.3996336996,"02-2030":0.3831952106,"04-2030":0.3757168381,"06-2030":0.3859073359,"08-2030":0.3609990692,"10-2030":0.3506224349,"12-2030":0.3491060875},"percentile_25":{"02-2020":0.030944666,"04-2020":0.0286749324,"06-2020":0.0260273205,"08-2020":0.0257018077,"10-2020":0.0250199589,"12-2020":0.0199203187,"02-2021":0.018192051,"04-2021":0.012145749,"06-2021":0.0116205534,"08-2021":0.0120162885,"10-2021":0.0112364244,"12-2021":0.0077007459,"02-2022":0.0039848108,"04-2022":0.0038986797,"06-2022":0.0037523847,"08-2022":0.0,"10-2022":0.0,"12-2022":0.0,"02-2023":0.0,"04-2023":0.0,"06-2023":0.0,"08-2023":0.0,"10-2023":0.0,"12-2023":0.0,"02-2024":0.0,"04-2024":0.0,"06-2024":0.0,"08-2024":0.0,"10-2024":0.0,"12-2024":0.0,"02-2025":0.0,"04-2025":0.0,"06-2025":0.0,"08-2025":0.0,"10-2025":0.0,"12-2025":0.0,"02-2026":0.0,"04-2026":0.0,"06-2026":0.0,"08-2026":0.0,"10-2026":0.0,"12-2026":0.0,"02-2027":0.0,"04-2027":0.0,"06-2027":0.0,"08-2027":0.0,"10-2027":0.0,"12-2027":0.0,"02-2028":0.0,"04-2028":0.0,"06-2028":0.0,"08-2028":0.0,"10-2028":0.0,"12-2028":0.0,"02-2029":0.0,"04-2029":0.0,"06-2029":0.0,"08-2029":0.0,"10-2029":0.0,"12-2029":0.0,"02-2030":0.0,"04-2030":0.0,"06-2030":0.0,"08-2030":0.0,"10-2030":0.0,"12-2030":0.0},"percentile_75":{"02-2020":0.0877370518,"04-2020":0.0902714932,"06-2020":0.0864450128,"08-2020":0.0893538348,"10-2020":0.1020537848,"12-2020":0.1157069728,"02-2021":0.1165653629,"04-2021":0.1182107341,"06-2021":0.1121463513,"08-2021":0.1312139798,"10-2021":0.141690613,"12-2021":0.1499929658,"02-2022":0.1527642829,"04-2022":0.1485611284,"06-2022":0.1491412214,"08-2022":0.1630816057,"10-2022":0.1798792057,"12-2022":0.1911132638,"02-2023":0.1868305085,"04-2023":0.209298527,"06-2023":0.2260372572,"08-2023":0.2345602767,"10-2023":0.2554712217,"12-2023":0.2809477673,"02-2024":0.3113446318,"04-2024":0.3537881541,"06-2024":0.4094996619,"08-2024":0.4691378571,"10-2024":0.536263369,"12-2024":0.6176037398,"02-2025":0.6534639652,"04-2025":0.667,"06-2025":0.6695042203,"08-2025":0.6697761194,"10-2025":0.6581042243,"12-2025":0.6509147702,"02-2026":0.6387522361,"04-2026":0.6325380872,"06-2026":0.6415798367,"08-2026":0.6366830271,"10-2026":0.6374953149,"12-2026":0.6228851911,"02-2027":0.6161273839,"04-2027":0.6052740864,"06-2027":0.5994274809,"08-2027":0.5884896512,"10-2027":0.5741001184,"12-2027":0.5642533937,"02-2028":0.557185453,"04-2028":0.5479094077,"06-2028":0.5381985517,"08-2028":0.5338976087,"10-2028":0.5325591002,"12-2028":0.5320806939,"02-2029":0.5207361081,"04-2029":0.5053481928,"06-2029":0.4936958874,"08-2029":0.4892156863,"10-2029":0.4772591457,"12-2029":0.4690725941,"02-2030":0.4648915538,"04-2030":0.4570737688,"06-2030":0.4433902246,"08-2030":0.4461019164,"10-2030":0.4403773585,"12-2030":0.4358922435}}