{"median":{"02-2020":0.0562430478,"04-2020":0.0530333467,"06-2020":0.051615247,"08-2020":0.0516363326,"10-2020":0.0520784436,"12-2020":0.052119403,"02-2021":0.0498962656,"04-2021":0.0455488495,"06-2021":0.0461599917,"08-2021":0.0458122049,"10-2021":0.0453687822,"12-2021":0.0510647545,"02-2022":0.0455409609,"04-2022":0.0426356589,"06-2022":0.0469669118,"08-2022":0.0416535234,"10-2022":0.0376200376,"12-2022":0.0365873606,"02-2023":0.0360896818,"04-2023":0.0388814243,"06-2023":0.0409378999,"08-2023":0.0441176471,"10-2023":0.0600605463,"12-2023":0.0695475695,"02-2024":0.0877913753,"04-2024":0.094877002,"06-2024":0.1161195286,"08-2024":0.124715951,"10-2024":0.1483036891,"12-2024":0.1852630074,"02-2025":0.203222251,"04-2025":0.2416607406,"06-2025":0.3039269522,"08-2025":0.3663161058,"10-2025":0.4057397504,"12-2025":0.5000447247,"02-2026":0.4951567898,"04-2026":0.5000785261,"06-2026":0.5028449502,"08-2026":0.5147072341,"10-2026":0.4971910112,"12-2026":0.5064321772,"02-2027":0.4981362156,"04-2027":0.4847528713,"06-2027":0.4823073295,"08-2027":0.4808726446,"10-2027":0.4803720163,"12-2027":0.4756231336,"02-2028":0.4536874451,"04-2028":0.4475169607,"06-2028":0.4471525612,"08-2028":0.4285815272,"10-2028":0.4293602694,"12-2028":0.4201066192,"02-2029":0.4124112479,"04-2029":0.4058441986,"06-2029":0.404609539,"08-2029":0.3849249624,"10-2029":0.3897306397,"12-2029":0.3916287139,"02-2030":0.3821729521,"04-2030":0.3800010581,"06-2030":0.3805111027,"08-2030":0.382460849,"10-2030":0.3747014625,"12-2030":0.3720611492},"percentile_25":{"02-2020":0.030944666,"04-2020":0.0286749324,"06-2020":0.0260273205,"08-2020":0.0257018077,"10-2020":0.0250199589,"12-2020":0.0199203187,"02-2021":0.018192051,"04-2021":0.012145749,"06-2021":0.0116205534,"08-2021":0.0120162885,"10-2021":0.0112364244,"12-2021":0.0077007459,"02-2022":0.0039848108,"04-2022":0.0038986797,"06-2022":0.0037523847,"08-2022":0.0,"10-2022":0.0,"12-2022":0.0,"02-2023":0.0,"04-2023":0.0,"06-2023":0.0,"08-2023":0.0,"10-2023":0.0,"12-2023":0.0,"02-2024":0.0,"04-2024":0.0,"06-2024":0.0,"08-2024":0.0,"10-2024":0.0,"12-2024":0.0,"02-2025":0.0,"04-2025":0.0,"06-2025":0.0,"08-2025":0.0,"10-2025":0.0,"12-2025":0.0,"02-2026":0.0,"04-2026":0.0,"06-2026":0.0,"08-2026":0.0,"10-2026":0.0,"12-2026":0.0,"02-2027":0.0,"04-2027":0.0,"06-2027":0.0,"08-2027":0.0,"10-2027":0.0,"12-2027":0.0,"02-2028":0.0,"04-2028":0.0,"06-2028":0.0,"08-2028":0.0,"10-2028":0.0,"12-2028":0.0,"02-2029":0.0,"04-2029":0.0,"06-2029":0.0,"08-2029":0.0,"10-2029":0.0,"12-2029":0.0,"02-2030":0.0,"04-2030":0.0,"06-2030":0.0,"08-2030":0.0,"10-2030":0.0,"12-2030":0.0},"percentile_75":{"02-2020":0.0877370518,"04-2020":0.0902714932,"06-2020":0.0864450128,"08-2020":0.0893538348,"10-2020":0.1020537848,"12-2020":0.1157069728,"02-2021":0.1165653629,"04-2021":0.1182107341,"06-2021":0.1121463513,"08-2021":0.1312139798,"10-2021":0.141690613,"12-2021":0.1499929658,"02-2022":0.1527642829,"04-2022":0.1485611284,"06-2022":0.1491412214,"08-2022":0.1630816057,"10-2022":0.1798792057,"12-2022":0.1911132638,"02-2023":0.2167308832,"04-2023":0.2583448548,"06-2023":0.3218425511,"08-2023":0.391130884,"10-2023":0.4634331597,"12-2023":0.5550275482,"02-2024":0.6468364684,"04-2024":0.6663771544,"06-2024":0.6593460076,"08-2024":0.6578561893,"10-2024":0.6567169988,"12-2024":0.6476682859,"02-2025":0.6516798419,"04-2025":0.6564486692,"06-2025":0.6486653111,"08-2025":0.6442344238,"10-2025":0.644259542,"12-2025":0.6353466677,"02-2026":0.6284231495,"04-2026":0.626880023,"06-2026":0.6160100063,"08-2026":0.6107436953,"10-2026":0.6098352775,"12-2026":0.5957888773,"02-2027":0.582668807,"04-2027":0.5785855542,"06-2027":0.5620776656,"08-2027":0.570377071,"10-2027":0.5590824358,"12-2027":0.5569125294,"02-2028":0.5331475813,"04-2028":0.5248462572,"06-2028":0.5296390975,"08-2028":0.5155866093,"10-2028":0.5125527719,"12-2028":0.5071104269,"02-2029":0.5040487837,"04-2029":0.49246633,"06-2029":0.4961314848,"08-2029":0.4664800995,"10-2029":0.4652409523,"12-2029":0.464607518,"02-2030":0.4628237489,"04-2030":0.4550017542,"06-2030":0.4530154987,"08-2030":0.4427074764,"10-2030":0.4377708844,"12-2030":0.4456985986}}