{"median":{"02-2020":0.0562430478,"04-2020":0.0530333467,"06-2020":0.051615247,"08-2020":0.0516363326,"10-2020":0.0520784436,"12-2020":0.052119403,"02-2021":0.0498962656,"04-2021":0.0455488495,"06-2021":0.0461599917,"08-2021":0.0458122049,"10-2021":0.0453687822,"12-2021":0.0510647545,"02-2022":0.0455409609,"04-2022":0.0426356589,"06-2022":0.0469669118,"08-2022":0.0416535234,"10-2022":0.0376200376,"12-2022":0.0365873606,"02-2023":0.0344169518,"04-2023":0.0356507372,"06-2023":0.0294372161,"08-2023":0.0292286152,"10-2023":0.0344199719,"12-2023":0.0367496999,"02-2024":0.0390676631,"04-2024":0.0435987903,"06-2024":0.0439081468,"08-2024":0.0409698997,"10-2024":0.0446956365,"12-2024":0.0461465142,"02-2025":0.050558495,"04-2025":0.0601132139,"06-2025":0.0802130474,"08-2025":0.1036655465,"10-2025":0.1323327616,"12-2025":0.1639194139,"02-2026":0.1927937598,"04-2026":0.2046720575,"06-2026":0.2411060606,"08-2026":0.2638998783,"10-2026":0.2967077991,"12-2026":0.3533975424,"02-2027":0.3734535542,"04-2027":0.3972262076,"06-2027":0.4265873016,"08-2027":0.4840049562,"10-2027":0.4774118738,"12-2027":0.4850494297,"02-2028":0.488711594,"04-2028":0.4859871139,"06-2028":0.478097522,"08-2028":0.4769616349,"10-2028":0.466335263,"12-2028":0.4585515426,"02-2029":0.4327682445,"04-2029":0.4475194464,"06-2029":0.4258241758,"08-2029":0.4320416502,"10-2029":0.4148109244,"12-2029":0.4087929656,"02-2030":0.3989441931,"04-2030":0.3901649719,"06-2030":0.3856406586,"08-2030":0.3892281795,"10-2030":0.3887124326,"12-2030":0.3735472371},"percentile_25":{"02-2020":0.030944666,"04-2020":0.0286749324,"06-2020":0.0260273205,"08-2020":0.0257018077,"10-2020":0.0250199589,"12-2020":0.0199203187,"02-2021":0.018192051,"04-2021":0.012145749,"06-2021":0.0116205534,"08-2021":0.0120162885,"10-2021":0.0112364244,"12-2021":0.0077007459,"02-2022":0.0039848108,"04-2022":0.0038986797,"06-2022":0.0037523847,"08-2022":0.0,"10-2022":0.0,"12-2022":0.0,"02-2023":0.0,"04-2023":0.0,"06-2023":0.0,"08-2023":0.0,"10-2023":0.0,"12-2023":0.0,"02-2024":0.0,"04-2024":0.0,"06-2024":0.0,"08-2024":0.0,"10-2024":0.0,"12-2024":0.0,"02-2025":0.0,"04-2025":0.0,"06-2025":0.0,"08-2025":0.0,"10-2025":0.0,"12-2025":0.0,"02-2026":0.0,"04-2026":0.0,"06-2026":0.0,"08-2026":0.0,"10-2026":0.0,"12-2026":0.0,"02-2027":0.0,"04-2027":0.0,"06-2027":0.0,"08-2027":0.0,"10-2027":0.0,"12-2027":0.0,"02-2028":0.0,"04-2028":0.0,"06-2028":0.0,"08-2028":0.0,"10-2028":0.0,"12-2028":0.0,"02-2029":0.0,"04-2029":0.0,"06-2029":0.0,"08-2029":0.0,"10-2029":0.0,"12-2029":0.0,"02-2030":0.0,"04-2030":0.0,"06-2030":0.0,"08-2030":0.0,"10-2030":0.0,"12-2030":0.0},"percentile_75":{"02-2020":0.0877370518,"04-2020":0.0902714932,"06-2020":0.0864450128,"08-2020":0.0893538348,"10-2020":0.1020537848,"12-2020":0.1157069728,"02-2021":0.1165653629,"04-2021":0.1182107341,"06-2021":0.1121463513,"08-2021":0.1312139798,"10-2021":0.141690613,"12-2021":0.1499929658,"02-2022":0.1527642829,"04-2022":0.1485611284,"06-2022":0.1491412214,"08-2022":0.1630816057,"10-2022":0.1798792057,"12-2022":0.1911132638,"02-2023":0.1868305085,"04-2023":0.209298527,"06-2023":0.2260372572,"08-2023":0.2345602767,"10-2023":0.2554712217,"12-2023":0.2809477673,"02-2024":0.2752549441,"04-2024":0.27929374,"06-2024":0.2870295921,"08-2024":0.2909798535,"10-2024":0.3294312169,"12-2024":0.3586327906,"02-2025":0.3994994479,"04-2025":0.4358457403,"06-2025":0.5175697387,"08-2025":0.5763867781,"10-2025":0.6480429683,"12-2025":0.662835249,"02-2026":0.6565536086,"04-2026":0.6620159363,"06-2026":0.6639784946,"08-2026":0.6482954545,"10-2026":0.6439865739,"12-2026":0.6450525728,"02-2027":0.6450762492,"04-2027":0.6213636364,"06-2027":0.6269528021,"08-2027":0.6037979744,"10-2027":0.605712341,"12-2027":0.5992018729,"02-2028":0.6003690037,"04-2028":0.5940608524,"06-2028":0.5779693167,"08-2028":0.5626887077,"10-2028":0.553228022,"12-2028":0.5409015886,"02-2029":0.5418653138,"04-2029":0.5355847874,"06-2029":0.5280172414,"08-2029":0.5177723317,"10-2029":0.5064219637,"12-2029":0.4962755666,"02-2030":0.487771849,"04-2030":0.4858302547,"06-2030":0.4759682325,"08-2030":0.4811755146,"10-2030":0.4696103168,"12-2030":0.4556599069}}