{"median":{"02-2020":0.0538865312,"04-2020":0.0517584833,"06-2020":0.0472212693,"08-2020":0.0453610176,"10-2020":0.0408163265,"12-2020":0.0362291842,"02-2021":0.0281718654,"04-2021":0.0227285772,"06-2021":0.0156862745,"08-2021":0.0114286129,"10-2021":0.0075627609,"12-2021":0.0041933329,"02-2022":0.0036969714,"04-2022":0.0,"06-2022":0.0,"08-2022":0.0,"10-2022":0.0,"12-2022":0.0,"02-2023":0.0,"04-2023":0.0,"06-2023":0.0,"08-2023":0.0,"10-2023":0.0,"12-2023":0.0,"02-2024":0.0,"04-2024":0.0,"06-2024":0.0,"08-2024":0.0,"10-2024":0.0,"12-2024":0.0,"02-2025":0.0,"04-2025":0.0,"06-2025":0.0,"08-2025":0.0,"10-2025":0.0,"12-2025":0.0,"02-2026":0.0,"04-2026":0.0,"06-2026":0.0,"08-2026":0.0,"10-2026":0.0,"12-2026":0.0,"02-2027":0.0,"04-2027":0.0,"06-2027":0.0,"08-2027":0.0,"10-2027":0.0,"12-2027":0.0,"02-2028":0.0,"04-2028":0.0,"06-2028":0.0,"08-2028":0.0,"10-2028":0.0,"12-2028":0.0,"02-2029":0.0,"04-2029":0.0,"06-2029":0.0,"08-2029":0.0,"10-2029":0.0,"12-2029":0.0,"02-2030":0.0,"04-2030":0.0,"06-2030":0.0,"08-2030":0.0,"10-2030":0.0,"12-2030":0.0},"percentile_25":{"02-2020":0.0295751634,"04-2020":0.0282014134,"06-2020":0.025463105,"08-2020":0.0222433304,"10-2020":0.0189215266,"12-2020":0.0160493434,"02-2021":0.0128495364,"04-2021":0.007984127,"06-2021":0.004069289,"08-2021":0.0026223776,"10-2021":0.0,"12-2021":0.0,"02-2022":0.0,"04-2022":0.0,"06-2022":0.0,"08-2022":0.0,"10-2022":0.0,"12-2022":0.0,"02-2023":0.0,"04-2023":0.0,"06-2023":0.0,"08-2023":0.0,"10-2023":0.0,"12-2023":0.0,"02-2024":0.0,"04-2024":0.0,"06-2024":0.0,"08-2024":0.0,"10-2024":0.0,"12-2024":0.0,"02-2025":0.0,"04-2025":0.0,"06-2025":0.0,"08-2025":0.0,"10-2025":0.0,"12-2025":0.0,"02-2026":0.0,"04-2026":0.0,"06-2026":0.0,"08-2026":0.0,"10-2026":0.0,"12-2026":0.0,"02-2027":0.0,"04-2027":0.0,"06-2027":0.0,"08-2027":0.0,"10-2027":0.0,"12-2027":0.0,"02-2028":0.0,"04-2028":0.0,"06-2028":0.0,"08-2028":0.0,"10-2028":0.0,"12-2028":0.0,"02-2029":0.0,"04-2029":0.0,"06-2029":0.0,"08-2029":0.0,"10-2029":0.0,"12-2029":0.0,"02-2030":0.0,"04-2030":0.0,"06-2030":0.0,"08-2030":0.0,"10-2030":0.0,"12-2030":0.0},"percentile_75":{"02-2020":0.0858940758,"04-2020":0.0846153846,"06-2020":0.0794339623,"08-2020":0.0729485534,"10-2020":0.0692590853,"12-2020":0.062142323,"02-2021":0.0515375494,"04-2021":0.040694951,"06-2021":0.034484289,"08-2021":0.0281138211,"10-2021":0.0244655224,"12-2021":0.0231937603,"02-2022":0.0234913793,"04-2022":0.0220295387,"06-2022":0.0293130645,"08-2022":0.0293778044,"10-2022":0.0398425499,"12-2022":0.0504482072,"02-2023":0.0535505039,"04-2023":0.0619309833,"06-2023":0.0801775223,"08-2023":0.094357686,"10-2023":0.1132138114,"12-2023":0.1441136364,"02-2024":0.1638386575,"04-2024":0.2252851711,"06-2024":0.2658320577,"08-2024":0.3218390805,"10-2024":0.3341501338,"12-2024":0.4036585366,"02-2025":0.4536688522,"04-2025":0.5153958944,"06-2025":0.5793675523,"08-2025":0.6066784126,"10-2025":0.5891608636,"12-2025":0.6005791506,"02-2026":0.5997279885,"04-2026":0.5814762374,"06-2026":0.5743065309,"08-2026":0.5763289255,"10-2026":0.554198636,"12-2026":0.5498711815,"02-2027":0.5286057993,"04-2027":0.5374881839,"06-2027":0.5198589633,"08-2027":0.528968089,"10-2027":0.5050266036,"12-2027":0.5036631522,"02-2028":0.4981416185,"04-2028":0.4789679884,"06-2028":0.4655803824,"08-2028":0.4555302537,"10-2028":0.4500878675,"12-2028":0.4591589466,"02-2029":0.4557177616,"04-2029":0.4365022961,"06-2029":0.434394345,"08-2029":0.4244418741,"10-2029":0.4200187448,"12-2029":0.4145971302,"02-2030":0.411503596,"04-2030":0.4211129092,"06-2030":0.3965872156,"08-2030":0.3971247152,"10-2030":0.3835125448,"12-2030":0.3970895771}}