{"median":{"02-2020":0.0595306384,"04-2020":0.063266123,"06-2020":0.0743852459,"08-2020":0.0760304238,"10-2020":0.0714330709,"12-2020":0.0733224929,"02-2021":0.0721245209,"04-2021":0.0734496246,"06-2021":0.0681504486,"08-2021":0.0676680973,"10-2021":0.0692536174,"12-2021":0.0754804416,"02-2022":0.0880613027,"04-2022":0.0985688216,"06-2022":0.1127063041,"08-2022":0.1431073193,"10-2022":0.1696837514,"12-2022":0.2052565345,"02-2023":0.2600734976,"04-2023":0.2931283583,"06-2023":0.3511904762,"08-2023":0.4080684561,"10-2023":0.4476911977,"12-2023":0.5077181626,"02-2024":0.5391842883,"04-2024":0.5553405168,"06-2024":0.5747004933,"08-2024":0.5893587797,"10-2024":0.5861137975,"12-2024":0.588581134,"02-2025":0.5765336765,"04-2025":0.5724617168,"06-2025":0.5595166552,"08-2025":0.556590064,"10-2025":0.5549095607,"12-2025":0.5486296386,"02-2026":0.5330512074,"04-2026":0.5277423017,"06-2026":0.5203728855,"08-2026":0.51301403,"10-2026":0.51499388,"12-2026":0.4951180128,"02-2027":0.4912091455,"04-2027":0.4918432427,"06-2027":0.4820509521,"08-2027":0.468022968,"10-2027":0.4674071448,"12-2027":0.4532374101,"02-2028":0.4519412879,"04-2028":0.4394938763,"06-2028":0.4412288047,"08-2028":0.4363395225,"10-2028":0.431730599,"12-2028":0.4221104868,"02-2029":0.4165244596,"04-2029":0.410124269,"06-2029":0.4048081128,"08-2029":0.3922457338,"10-2029":0.4011045053,"12-2029":0.4014380561,"02-2030":0.3945107455,"04-2030":0.3978638535,"06-2030":0.3855942112,"08-2030":0.3847475549,"10-2030":0.3840885142,"12-2030":0.3869238076},"percentile_25":{"02-2020":0.0351578469,"04-2020":0.0369724422,"06-2020":0.0404161665,"08-2020":0.0375171572,"10-2020":0.0358210017,"12-2020":0.0343873031,"02-2021":0.0292530681,"04-2021":0.0267318159,"06-2021":0.023334513,"08-2021":0.0195122507,"10-2021":0.0162601626,"12-2021":0.0126186709,"02-2022":0.0138007055,"04-2022":0.0139426274,"06-2022":0.0154014919,"08-2022":0.0224025974,"10-2022":0.0255867014,"12-2022":0.0297856647,"02-2023":0.0338818406,"04-2023":0.0360333616,"06-2023":0.0366735537,"08-2023":0.0364988648,"10-2023":0.0416972309,"12-2023":0.0482032412,"02-2024":0.0554262505,"04-2024":0.0585552085,"06-2024":0.0635091115,"08-2024":0.0730232101,"10-2024":0.0677618738,"12-2024":0.0732078953,"02-2025":0.0731900452,"04-2025":0.0828958692,"06-2025":0.0981724318,"08-2025":0.1129652642,"10-2025":0.128149085,"12-2025":0.1395538479,"02-2026":0.18912798,"04-2026":0.2084166847,"06-2026":0.2305487214,"08-2026":0.2435504541,"10-2026":0.2783891458,"12-2026":0.3250448967,"02-2027":0.3172406082,"04-2027":0.3448463992,"06-2027":0.3590797336,"08-2027":0.3612342007,"10-2027":0.375430244,"12-2027":0.3708399975,"02-2028":0.3761929094,"04-2028":0.3716620287,"06-2028":0.3760558471,"08-2028":0.3668786978,"10-2028":0.3602447552,"12-2028":0.3488625919,"02-2029":0.3453554568,"04-2029":0.3296741453,"06-2029":0.3271474588,"08-2029":0.326543577,"10-2029":0.3283985216,"12-2029":0.3301878537,"02-2030":0.3306666667,"04-2030":0.3223838714,"06-2030":0.3270448158,"08-2030":0.3173201808,"10-2030":0.3145580473,"12-2030":0.3094903005},"percentile_75":{"02-2020":0.1034826212,"04-2020":0.1119475019,"06-2020":0.131372458,"08-2020":0.1403609099,"10-2020":0.1474867335,"12-2020":0.1440770483,"02-2021":0.1461369622,"04-2021":0.1471158231,"06-2021":0.1443150139,"08-2021":0.156961575,"10-2021":0.1709574836,"12-2021":0.2035039113,"02-2022":0.2554054054,"04-2022":0.2864089184,"06-2022":0.3641171329,"08-2022":0.4353584343,"10-2022":0.5051310709,"12-2022":0.5930048435,"02-2023":0.6547282374,"04-2023":0.6889620081,"06-2023":0.710654828,"08-2023":0.7096502877,"10-2023":0.7091346154,"12-2023":0.692033507,"02-2024":0.6708162067,"04-2024":0.6667684837,"06-2024":0.6682769427,"08-2024":0.6703398453,"10-2024":0.665747549,"12-2024":0.6604539211,"02-2025":0.6507089133,"04-2025":0.6397006668,"06-2025":0.6378573567,"08-2025":0.6193022145,"10-2025":0.6139867131,"12-2025":0.6059864685,"02-2026":0.6024981962,"04-2026":0.591642365,"06-2026":0.570623274,"08-2026":0.5729567308,"10-2026":0.5730844781,"12-2026":0.5706378811,"02-2027":0.555190428,"04-2027":0.5457080095,"06-2027":0.5439306966,"08-2027":0.5301153324,"10-2027":0.5214791126,"12-2027":0.517586791,"02-2028":0.5221330667,"04-2028":0.518923751,"06-2028":0.5025687643,"08-2028":0.4979239972,"10-2028":0.4949925441,"12-2028":0.4860841293,"02-2029":0.4676395766,"04-2029":0.4691684285,"06-2029":0.4602605155,"08-2029":0.4502665195,"10-2029":0.4538944827,"12-2029":0.4546214655,"02-2030":0.4545454545,"04-2030":0.4497453766,"06-2030":0.4494565217,"08-2030":0.4440332184,"10-2030":0.4423496025,"12-2030":0.4375797345}}