{"median":{"02-2020":0.0538865312,"04-2020":0.0517584833,"06-2020":0.0472212693,"08-2020":0.0453610176,"10-2020":0.0408163265,"12-2020":0.0362291842,"02-2021":0.0301729744,"04-2021":0.0247933884,"06-2021":0.0183160013,"08-2021":0.015885273,"10-2021":0.0156561169,"12-2021":0.0152425747,"02-2022":0.0160652935,"04-2022":0.0172250923,"06-2022":0.0209979514,"08-2022":0.0260715772,"10-2022":0.0322402776,"12-2022":0.0334868667,"02-2023":0.0341967701,"04-2023":0.044040404,"06-2023":0.0508006289,"08-2023":0.067318178,"10-2023":0.0826672132,"12-2023":0.0873365844,"02-2024":0.0981725605,"04-2024":0.1227778931,"06-2024":0.1461109173,"08-2024":0.1773668931,"10-2024":0.2157596372,"12-2024":0.2799282446,"02-2025":0.3257355788,"04-2025":0.3648357671,"06-2025":0.4044079291,"08-2025":0.4115747542,"10-2025":0.4311435289,"12-2025":0.4629172674,"02-2026":0.4858876117,"04-2026":0.5038262046,"06-2026":0.4971539362,"08-2026":0.4861104575,"10-2026":0.4814931163,"12-2026":0.4704831872,"02-2027":0.4599264118,"04-2027":0.4550561798,"06-2027":0.4423664386,"08-2027":0.4427049573,"10-2027":0.4327646866,"12-2027":0.4262473159,"02-2028":0.413986104,"04-2028":0.4045056051,"06-2028":0.4003891051,"08-2028":0.4006791648,"10-2028":0.3857677903,"12-2028":0.3900969054,"02-2029":0.3847865101,"04-2029":0.3770705773,"06-2029":0.3785275009,"08-2029":0.3784322171,"10-2029":0.3725813626,"12-2029":0.3638095238,"02-2030":0.3514569257,"04-2030":0.3567995223,"06-2030":0.3441662266,"08-2030":0.3472453472,"10-2030":0.3428043209,"12-2030":0.3440352021},"percentile_25":{"02-2020":0.0295751634,"04-2020":0.0282014134,"06-2020":0.025463105,"08-2020":0.0222433304,"10-2020":0.0189215266,"12-2020":0.0160493434,"02-2021":0.0125787815,"04-2021":0.007751938,"06-2021":0.0040941787,"08-2021":0.0,"10-2021":0.0,"12-2021":0.0,"02-2022":0.0,"04-2022":0.0,"06-2022":0.0,"08-2022":0.0,"10-2022":0.0,"12-2022":0.0,"02-2023":0.0,"04-2023":0.0,"06-2023":0.0,"08-2023":0.0,"10-2023":0.0,"12-2023":0.0,"02-2024":0.0,"04-2024":0.0,"06-2024":0.0,"08-2024":0.0,"10-2024":0.0,"12-2024":0.0,"02-2025":0.0,"04-2025":0.0,"06-2025":0.0,"08-2025":0.0,"10-2025":0.0,"12-2025":0.0,"02-2026":0.0,"04-2026":0.0,"06-2026":0.0,"08-2026":0.0,"10-2026":0.0,"12-2026":0.0,"02-2027":0.0,"04-2027":0.0,"06-2027":0.0,"08-2027":0.0,"10-2027":0.0,"12-2027":0.0,"02-2028":0.0,"04-2028":0.0,"06-2028":0.0,"08-2028":0.0,"10-2028":0.0,"12-2028":0.0,"02-2029":0.0,"04-2029":0.0,"06-2029":0.0,"08-2029":0.0,"10-2029":0.0,"12-2029":0.0,"02-2030":0.0,"04-2030":0.0,"06-2030":0.0,"08-2030":0.0,"10-2030":0.0,"12-2030":0.0},"percentile_75":{"02-2020":0.0858940758,"04-2020":0.0846153846,"06-2020":0.0794339623,"08-2020":0.0729485534,"10-2020":0.0692590853,"12-2020":0.062142323,"02-2021":0.0534725299,"04-2021":0.0534862976,"06-2021":0.050770751,"08-2021":0.0572611928,"10-2021":0.0673542664,"12-2021":0.0805575935,"02-2022":0.0987491637,"04-2022":0.1184072386,"06-2022":0.151859317,"08-2022":0.1814456227,"10-2022":0.2259392008,"12-2022":0.2707213262,"02-2023":0.3266717397,"04-2023":0.3809531407,"06-2023":0.4516958841,"08-2023":0.4950944882,"10-2023":0.5535373419,"12-2023":0.6237647905,"02-2024":0.6462320008,"04-2024":0.667,"06-2024":0.6776556777,"08-2024":0.6628671775,"10-2024":0.6602125176,"12-2024":0.653733912,"02-2025":0.6445515036,"04-2025":0.6434974388,"06-2025":0.6400274062,"08-2025":0.6281272023,"10-2025":0.619296741,"12-2025":0.6102488415,"02-2026":0.5983695652,"04-2026":0.5909053181,"06-2026":0.5979606955,"08-2026":0.5861895928,"10-2026":0.5773846374,"12-2026":0.5780945185,"02-2027":0.5633113311,"04-2027":0.5479724539,"06-2027":0.5316353927,"08-2027":0.524132379,"10-2027":0.5163936064,"12-2027":0.5093363003,"02-2028":0.5004355401,"04-2028":0.4926961927,"06-2028":0.4954924568,"08-2028":0.476780307,"10-2028":0.4658116671,"12-2028":0.4699089861,"02-2029":0.4629462436,"04-2029":0.4568449843,"06-2029":0.4601214575,"08-2029":0.4437948905,"10-2029":0.4542948517,"12-2029":0.4429366544,"02-2030":0.4298538961,"04-2030":0.431208411,"06-2030":0.4207105102,"08-2030":0.4086527824,"10-2030":0.4111876378,"12-2030":0.4174505778}}