{"median":{"02-2020":0.0595306384,"04-2020":0.063266123,"06-2020":0.0743852459,"08-2020":0.0760304238,"10-2020":0.0714330709,"12-2020":0.0733224929,"02-2021":0.0700347744,"04-2021":0.0615002758,"06-2021":0.0560975244,"08-2021":0.044090284,"10-2021":0.0296847033,"12-2021":0.0231660232,"02-2022":0.0200401606,"04-2022":0.0167336245,"06-2022":0.0221477607,"08-2022":0.0232116133,"10-2022":0.0288897168,"12-2022":0.0329956867,"02-2023":0.0410817924,"04-2023":0.0587086397,"06-2023":0.0753349094,"08-2023":0.0924470267,"10-2023":0.1009433962,"12-2023":0.1298864984,"02-2024":0.1473846154,"04-2024":0.1580290485,"06-2024":0.1927757271,"08-2024":0.2193675889,"10-2024":0.2652385364,"12-2024":0.2974922802,"02-2025":0.3335289907,"04-2025":0.3849268548,"06-2025":0.4168397192,"08-2025":0.4506898926,"10-2025":0.4807605449,"12-2025":0.509931667,"02-2026":0.4991638796,"04-2026":0.5009433962,"06-2026":0.5045925347,"08-2026":0.5036815892,"10-2026":0.5086354259,"12-2026":0.4934738543,"02-2027":0.4898914315,"04-2027":0.4937266617,"06-2027":0.480457043,"08-2027":0.4702662645,"10-2027":0.4635154062,"12-2027":0.4664475422,"02-2028":0.4414189645,"04-2028":0.4347277696,"06-2028":0.42856956,"08-2028":0.4192362429,"10-2028":0.4175192623,"12-2028":0.4231478281,"02-2029":0.4109320557,"04-2029":0.4036049139,"06-2029":0.3944992466,"08-2029":0.3749852298,"10-2029":0.3782351256,"12-2029":0.3881912442,"02-2030":0.3868104479,"04-2030":0.3794067284,"06-2030":0.3719939676,"08-2030":0.3788982003,"10-2030":0.3720356572,"12-2030":0.3621295695},"percentile_25":{"02-2020":0.0351578469,"04-2020":0.0369724422,"06-2020":0.0404161665,"08-2020":0.0375171572,"10-2020":0.0358210017,"12-2020":0.0343873031,"02-2021":0.0308583309,"04-2021":0.0267187161,"06-2021":0.0212095476,"08-2021":0.016394262,"10-2021":0.008359484,"12-2021":0.0075416573,"02-2022":0.0037951073,"04-2022":0.0026408451,"06-2022":0.0,"08-2022":0.0,"10-2022":0.0,"12-2022":0.0,"02-2023":0.0,"04-2023":0.0,"06-2023":0.0,"08-2023":0.0,"10-2023":0.0,"12-2023":0.0,"02-2024":0.0,"04-2024":0.0,"06-2024":0.0,"08-2024":0.0,"10-2024":0.0,"12-2024":0.0,"02-2025":0.0,"04-2025":0.0,"06-2025":0.0,"08-2025":0.0,"10-2025":0.0,"12-2025":0.0,"02-2026":0.0,"04-2026":0.0,"06-2026":0.0,"08-2026":0.0,"10-2026":0.0,"12-2026":0.0,"02-2027":0.0,"04-2027":0.0,"06-2027":0.0,"08-2027":0.0,"10-2027":0.0,"12-2027":0.0,"02-2028":0.0,"04-2028":0.0,"06-2028":0.0,"08-2028":0.0,"10-2028":0.0,"12-2028":0.0,"02-2029":0.0,"04-2029":0.0,"06-2029":0.0,"08-2029":0.0,"10-2029":0.0,"12-2029":0.0,"02-2030":0.0,"04-2030":0.0,"06-2030":0.0,"08-2030":0.0,"10-2030":0.0,"12-2030":0.0},"percentile_75":{"02-2020":0.1034826212,"04-2020":0.1119475019,"06-2020":0.131372458,"08-2020":0.1403609099,"10-2020":0.1474867335,"12-2020":0.1440770483,"02-2021":0.1359238735,"04-2021":0.1240572565,"06-2021":0.1134453782,"08-2021":0.1003164557,"10-2021":0.0802294463,"12-2021":0.0748460513,"02-2022":0.0768765381,"04-2022":0.0831766985,"06-2022":0.0989503479,"08-2022":0.1321710609,"10-2022":0.1579045954,"12-2022":0.1968029599,"02-2023":0.2547091359,"04-2023":0.3037851828,"06-2023":0.370714366,"08-2023":0.4647227772,"10-2023":0.5453659518,"12-2023":0.6187775072,"02-2024":0.6899224806,"04-2024":0.6613103693,"06-2024":0.6589574156,"08-2024":0.6631161893,"10-2024":0.6823851438,"12-2024":0.6872054031,"02-2025":0.668589772,"04-2025":0.6560453079,"06-2025":0.6450688301,"08-2025":0.6411762395,"10-2025":0.6325816817,"12-2025":0.6283865608,"02-2026":0.6159617862,"04-2026":0.6116114211,"06-2026":0.5983082707,"08-2026":0.5925214408,"10-2026":0.591532721,"12-2026":0.5841397059,"02-2027":0.5722815764,"04-2027":0.5717011996,"06-2027":0.5614119923,"08-2027":0.5488474285,"10-2027":0.5325691486,"12-2027":0.5272263451,"02-2028":0.5267071023,"04-2028":0.5150584795,"06-2028":0.5105976066,"08-2028":0.501394052,"10-2028":0.4878824969,"12-2028":0.4841162359,"02-2029":0.4809292374,"04-2029":0.4698481321,"06-2029":0.462717803,"08-2029":0.4558916693,"10-2029":0.4584760274,"12-2029":0.4452179782,"02-2030":0.4470325394,"04-2030":0.4431419529,"06-2030":0.4399404907,"08-2030":0.4391842782,"10-2030":0.431731886,"12-2030":0.4349682712}}