{"median":{"02-2020":0.0595306384,"04-2020":0.063266123,"06-2020":0.0743852459,"08-2020":0.0760304238,"10-2020":0.0714330709,"12-2020":0.0733224929,"02-2021":0.0700347744,"04-2021":0.0615002758,"06-2021":0.0560975244,"08-2021":0.0453700792,"10-2021":0.0291666667,"12-2021":0.0209666643,"02-2022":0.0147474199,"04-2022":0.0106197684,"06-2022":0.0071819073,"08-2022":0.0037879331,"10-2022":0.0,"12-2022":0.0,"02-2023":0.0,"04-2023":0.0,"06-2023":0.0,"08-2023":0.0,"10-2023":0.0,"12-2023":0.0,"02-2024":0.0,"04-2024":0.0,"06-2024":0.0,"08-2024":0.0,"10-2024":0.0,"12-2024":0.0,"02-2025":0.0,"04-2025":0.0,"06-2025":0.0,"08-2025":0.0,"10-2025":0.0,"12-2025":0.0,"02-2026":0.0,"04-2026":0.0,"06-2026":0.0,"08-2026":0.0,"10-2026":0.0,"12-2026":0.0,"02-2027":0.0,"04-2027":0.0,"06-2027":0.0,"08-2027":0.0,"10-2027":0.0,"12-2027":0.0,"02-2028":0.0,"04-2028":0.0,"06-2028":0.0,"08-2028":0.0,"10-2028":0.0,"12-2028":0.0,"02-2029":0.0,"04-2029":0.0,"06-2029":0.0,"08-2029":0.0,"10-2029":0.0,"12-2029":0.0,"02-2030":0.0,"04-2030":0.0,"06-2030":0.0,"08-2030":0.0,"10-2030":0.0,"12-2030":0.0},"percentile_25":{"02-2020":0.0351578469,"04-2020":0.0369724422,"06-2020":0.0404161665,"08-2020":0.0375171572,"10-2020":0.0358210017,"12-2020":0.0343873031,"02-2021":0.0308583309,"04-2021":0.0267187161,"06-2021":0.0212095476,"08-2021":0.0152837799,"10-2021":0.0082987552,"12-2021":0.006625817,"02-2022":0.0037735849,"04-2022":0.0,"06-2022":0.0,"08-2022":0.0,"10-2022":0.0,"12-2022":0.0,"02-2023":0.0,"04-2023":0.0,"06-2023":0.0,"08-2023":0.0,"10-2023":0.0,"12-2023":0.0,"02-2024":0.0,"04-2024":0.0,"06-2024":0.0,"08-2024":0.0,"10-2024":0.0,"12-2024":0.0,"02-2025":0.0,"04-2025":0.0,"06-2025":0.0,"08-2025":0.0,"10-2025":0.0,"12-2025":0.0,"02-2026":0.0,"04-2026":0.0,"06-2026":0.0,"08-2026":0.0,"10-2026":0.0,"12-2026":0.0,"02-2027":0.0,"04-2027":0.0,"06-2027":0.0,"08-2027":0.0,"10-2027":0.0,"12-2027":0.0,"02-2028":0.0,"04-2028":0.0,"06-2028":0.0,"08-2028":0.0,"10-2028":0.0,"12-2028":0.0,"02-2029":0.0,"04-2029":0.0,"06-2029":0.0,"08-2029":0.0,"10-2029":0.0,"12-2029":0.0,"02-2030":0.0,"04-2030":0.0,"06-2030":0.0,"08-2030":0.0,"10-2030":0.0,"12-2030":0.0},"percentile_75":{"02-2020":0.1034826212,"04-2020":0.1119475019,"06-2020":0.131372458,"08-2020":0.1403609099,"10-2020":0.1474867335,"12-2020":0.1440770483,"02-2021":0.1359238735,"04-2021":0.1240572565,"06-2021":0.1115177089,"08-2021":0.0897350484,"10-2021":0.0694588491,"12-2021":0.05,"02-2022":0.0414390166,"04-2022":0.0333333333,"06-2022":0.0268897638,"08-2022":0.0224014488,"10-2022":0.0188753498,"12-2022":0.0116872587,"02-2023":0.0078903851,"04-2023":0.0040983607,"06-2023":0.0049170873,"08-2023":0.0040781039,"10-2023":0.0040324564,"12-2023":0.004898588,"02-2024":0.0037038573,"04-2024":0.0045624071,"06-2024":0.0072271853,"08-2024":0.007353147,"10-2024":0.0082833208,"12-2024":0.0046209186,"02-2025":0.0049099522,"04-2025":0.0088121309,"06-2025":0.0198221344,"08-2025":0.0293411119,"10-2025":0.0261557995,"12-2025":0.024161232,"02-2026":0.01814923,"04-2026":0.0270534764,"06-2026":0.0419868651,"08-2026":0.0445686706,"10-2026":0.0555237016,"12-2026":0.0615269587,"02-2027":0.0604089219,"04-2027":0.0776455026,"06-2027":0.0898920977,"08-2027":0.1243181078,"10-2027":0.1416173501,"12-2027":0.1528053742,"02-2028":0.1853329367,"04-2028":0.2091789668,"06-2028":0.2304535051,"08-2028":0.2703861374,"10-2028":0.3246190346,"12-2028":0.3586309524,"02-2029":0.3533727788,"04-2029":0.3880564182,"06-2029":0.4068867925,"08-2029":0.4139899546,"10-2029":0.409567362,"12-2029":0.4288170171,"02-2030":0.3774319066,"04-2030":0.381365626,"06-2030":0.3849615971,"08-2030":0.3752216312,"10-2030":0.3786933979,"12-2030":0.3613170477}}