{"median":{"02-2020":0.0538865312,"04-2020":0.0517584833,"06-2020":0.0472212693,"08-2020":0.0453610176,"10-2020":0.0408163265,"12-2020":0.0362291842,"02-2021":0.0281718654,"04-2021":0.0227285772,"06-2021":0.0160652935,"08-2021":0.011451049,"10-2021":0.0077073866,"12-2021":0.0040651078,"02-2022":0.0036634461,"04-2022":0.0,"06-2022":0.0,"08-2022":0.0,"10-2022":0.0,"12-2022":0.0,"02-2023":0.0,"04-2023":0.0,"06-2023":0.0,"08-2023":0.0,"10-2023":0.0,"12-2023":0.0,"02-2024":0.0,"04-2024":0.0,"06-2024":0.0,"08-2024":0.0,"10-2024":0.0,"12-2024":0.0,"02-2025":0.0,"04-2025":0.0,"06-2025":0.0,"08-2025":0.0,"10-2025":0.0,"12-2025":0.0,"02-2026":0.0,"04-2026":0.0,"06-2026":0.0,"08-2026":0.0,"10-2026":0.0,"12-2026":0.0,"02-2027":0.0,"04-2027":0.0,"06-2027":0.0,"08-2027":0.0,"10-2027":0.0,"12-2027":0.0,"02-2028":0.0,"04-2028":0.0,"06-2028":0.0,"08-2028":0.0,"10-2028":0.0,"12-2028":0.0,"02-2029":0.0,"04-2029":0.0,"06-2029":0.0,"08-2029":0.0,"10-2029":0.0,"12-2029":0.0,"02-2030":0.0,"04-2030":0.0,"06-2030":0.0,"08-2030":0.0,"10-2030":0.0,"12-2030":0.0},"percentile_25":{"02-2020":0.0295751634,"04-2020":0.0282014134,"06-2020":0.025463105,"08-2020":0.0222433304,"10-2020":0.0189215266,"12-2020":0.0160493434,"02-2021":0.0128495364,"04-2021":0.007984127,"06-2021":0.0040941787,"08-2021":0.0037418246,"10-2021":0.0,"12-2021":0.0,"02-2022":0.0,"04-2022":0.0,"06-2022":0.0,"08-2022":0.0,"10-2022":0.0,"12-2022":0.0,"02-2023":0.0,"04-2023":0.0,"06-2023":0.0,"08-2023":0.0,"10-2023":0.0,"12-2023":0.0,"02-2024":0.0,"04-2024":0.0,"06-2024":0.0,"08-2024":0.0,"10-2024":0.0,"12-2024":0.0,"02-2025":0.0,"04-2025":0.0,"06-2025":0.0,"08-2025":0.0,"10-2025":0.0,"12-2025":0.0,"02-2026":0.0,"04-2026":0.0,"06-2026":0.0,"08-2026":0.0,"10-2026":0.0,"12-2026":0.0,"02-2027":0.0,"04-2027":0.0,"06-2027":0.0,"08-2027":0.0,"10-2027":0.0,"12-2027":0.0,"02-2028":0.0,"04-2028":0.0,"06-2028":0.0,"08-2028":0.0,"10-2028":0.0,"12-2028":0.0,"02-2029":0.0,"04-2029":0.0,"06-2029":0.0,"08-2029":0.0,"10-2029":0.0,"12-2029":0.0,"02-2030":0.0,"04-2030":0.0,"06-2030":0.0,"08-2030":0.0,"10-2030":0.0,"12-2030":0.0},"percentile_75":{"02-2020":0.0858940758,"04-2020":0.0846153846,"06-2020":0.0794339623,"08-2020":0.0729485534,"10-2020":0.0692590853,"12-2020":0.062142323,"02-2021":0.0515375494,"04-2021":0.040694951,"06-2021":0.036308651,"08-2021":0.0290920716,"10-2021":0.0227726379,"12-2021":0.0184389831,"02-2022":0.0159208262,"04-2022":0.0120241935,"06-2022":0.0112045112,"08-2022":0.0081943098,"10-2022":0.0077670785,"12-2022":0.005249086,"02-2023":0.0050446988,"04-2023":0.0039411765,"06-2023":0.0009615385,"08-2023":0.0008802817,"10-2023":0.0008680556,"12-2023":0.0035102973,"02-2024":0.0038586114,"04-2024":0.0038990402,"06-2024":0.0077714179,"08-2024":0.0063790516,"10-2024":0.0130164629,"12-2024":0.0161513014,"02-2025":0.0182855262,"04-2025":0.0246345766,"06-2025":0.0390749657,"08-2025":0.0441684326,"10-2025":0.0473786683,"12-2025":0.0519650882,"02-2026":0.0542646907,"04-2026":0.0634491088,"06-2026":0.0731509516,"08-2026":0.096738388,"10-2026":0.1131805937,"12-2026":0.1221294444,"02-2027":0.1343723966,"04-2027":0.1505514199,"06-2027":0.1725550435,"08-2027":0.1814720099,"10-2027":0.2031550059,"12-2027":0.2414545455,"02-2028":0.2980789664,"04-2028":0.3698989812,"06-2028":0.4252834042,"08-2028":0.3646845026,"10-2028":0.3950819672,"12-2028":0.3972851336,"02-2029":0.394471503,"04-2029":0.3860371639,"06-2029":0.3608501994,"08-2029":0.3541381746,"10-2029":0.3551820676,"12-2029":0.3594601963,"02-2030":0.3697766778,"04-2030":0.3675019261,"06-2030":0.3273232757,"08-2030":0.3474061959,"10-2030":0.3534989858,"12-2030":0.3634967457}}