{"median":{"02-2020":0.0595744681,"04-2020":0.0654997766,"06-2020":0.0718414222,"08-2020":0.0749859883,"10-2020":0.0766100386,"12-2020":0.081893924,"02-2021":0.0767156863,"04-2021":0.0708891077,"06-2021":0.0721541451,"08-2021":0.0595491388,"10-2021":0.0557768924,"12-2021":0.0510854796,"02-2022":0.0536794275,"04-2022":0.0571886847,"06-2022":0.0657269912,"08-2022":0.0784081104,"10-2022":0.0970511892,"12-2022":0.1126816446,"02-2023":0.1453676471,"04-2023":0.1691176471,"06-2023":0.2049881392,"08-2023":0.2594878893,"10-2023":0.281038961,"12-2023":0.3443630444,"02-2024":0.4061911082,"04-2024":0.4487017779,"06-2024":0.5292910047,"08-2024":0.5642179636,"10-2024":0.5901039765,"12-2024":0.5996031746,"02-2025":0.5828648822,"04-2025":0.5836542661,"06-2025":0.5758469471,"08-2025":0.5570230608,"10-2025":0.5623803579,"12-2025":0.5492198638,"02-2026":0.5458015267,"04-2026":0.5400574841,"06-2026":0.5352720393,"08-2026":0.5378636967,"10-2026":0.5211566629,"12-2026":0.5055970929,"02-2027":0.504615903,"04-2027":0.5036038372,"06-2027":0.4953668007,"08-2027":0.4878689948,"10-2027":0.4803448584,"12-2027":0.4703775212,"02-2028":0.4567267251,"04-2028":0.451394331,"06-2028":0.4501908397,"08-2028":0.4342956429,"10-2028":0.4374657033,"12-2028":0.431359669,"02-2029":0.4328849117,"04-2029":0.4321720667,"06-2029":0.4147381321,"08-2029":0.4111283043,"10-2029":0.4074074074,"12-2029":0.4068906456,"02-2030":0.3937782076,"04-2030":0.3958798587,"06-2030":0.39617506,"08-2030":0.393474281,"10-2030":0.3920158103,"12-2030":0.3882757227},"percentile_25":{"02-2020":0.0392156863,"04-2020":0.0382776169,"06-2020":0.0401835483,"08-2020":0.040669145,"10-2020":0.041144778,"12-2020":0.0388338632,"02-2021":0.0361110226,"04-2021":0.0307523617,"06-2021":0.0244187186,"08-2021":0.0204081633,"10-2021":0.0181653491,"12-2021":0.0144282841,"02-2022":0.0118929983,"04-2022":0.0081967213,"06-2022":0.0082391634,"08-2022":0.0121248499,"10-2022":0.0151662426,"12-2022":0.0158360716,"02-2023":0.0192316162,"04-2023":0.019498628,"06-2023":0.0220705836,"08-2023":0.0276426719,"10-2023":0.0312848825,"12-2023":0.0371017023,"02-2024":0.0433773585,"04-2024":0.0517687662,"06-2024":0.0537090767,"08-2024":0.0584380661,"10-2024":0.0600775194,"12-2024":0.0752789291,"02-2025":0.0839270568,"04-2025":0.0903825904,"06-2025":0.1067655101,"08-2025":0.1195881281,"10-2025":0.1362350268,"12-2025":0.1455417161,"02-2026":0.1514641756,"04-2026":0.1619466801,"06-2026":0.1696120117,"08-2026":0.1737051629,"10-2026":0.1828237825,"12-2026":0.1969858156,"02-2027":0.2187892506,"04-2027":0.2400529261,"06-2027":0.2392057114,"08-2027":0.2334384171,"10-2027":0.2391587006,"12-2027":0.2296181669,"02-2028":0.2387142251,"04-2028":0.2652489947,"06-2028":0.2796625881,"08-2028":0.2925453095,"10-2028":0.2864793657,"12-2028":0.2821717172,"02-2029":0.2989051095,"04-2029":0.3098578835,"06-2029":0.3206228165,"08-2029":0.3294013802,"10-2029":0.3317583366,"12-2029":0.3209643236,"02-2030":0.3260194006,"04-2030":0.3107015603,"06-2030":0.3163891942,"08-2030":0.3229390296,"10-2030":0.3218979435,"12-2030":0.3270044639},"percentile_75":{"02-2020":0.1027151477,"04-2020":0.1143579152,"06-2020":0.1377204885,"08-2020":0.149533195,"10-2020":0.1508730159,"12-2020":0.1581035923,"02-2021":0.1513183786,"04-2021":0.143564119,"06-2021":0.1335010748,"08-2021":0.129204075,"10-2021":0.1350016852,"12-2021":0.1370250232,"02-2022":0.1512819291,"04-2022":0.1642233456,"06-2022":0.2154392765,"08-2022":0.2619824163,"10-2022":0.3171206226,"12-2022":0.4147457078,"02-2023":0.4794876284,"04-2023":0.569129771,"06-2023":0.6380600358,"08-2023":0.6967717313,"10-2023":0.7170438218,"12-2023":0.7259920635,"02-2024":0.7207464876,"04-2024":0.7182321575,"06-2024":0.7034386068,"08-2024":0.6953526878,"10-2024":0.6842105263,"12-2024":0.6820451003,"02-2025":0.6735254149,"04-2025":0.6561614253,"06-2025":0.6534927271,"08-2025":0.646904566,"10-2025":0.6393480066,"12-2025":0.6243142346,"02-2026":0.6224293189,"04-2026":0.6180687981,"06-2026":0.6058928414,"08-2026":0.5979475716,"10-2026":0.5932049419,"12-2026":0.5828131868,"02-2027":0.5685228691,"04-2027":0.5607497974,"06-2027":0.5545515395,"08-2027":0.5430533342,"10-2027":0.5357253335,"12-2027":0.5223002462,"02-2028":0.5128709238,"04-2028":0.5073747681,"06-2028":0.5108714801,"08-2028":0.500502008,"10-2028":0.4889189758,"12-2028":0.4831649058,"02-2029":0.4837613936,"04-2029":0.4852147852,"06-2029":0.4727765015,"08-2029":0.4569837365,"10-2029":0.4532032928,"12-2029":0.4574463327,"02-2030":0.4529185217,"04-2030":0.4531378629,"06-2030":0.4469396583,"08-2030":0.43527063,"10-2030":0.4354044063,"12-2030":0.4383685726}}