{"median":{"02-2020":0.0561296912,"04-2020":0.0528378586,"06-2020":0.0488346883,"08-2020":0.0461545289,"10-2020":0.0449208897,"12-2020":0.0412528234,"02-2021":0.0357165354,"04-2021":0.0313730315,"06-2021":0.0230769231,"08-2021":0.0192696112,"10-2021":0.015476725,"12-2021":0.0127402892,"02-2022":0.0112570753,"04-2022":0.0078432579,"06-2022":0.0070944289,"08-2022":0.004132302,"10-2022":0.0040734718,"12-2022":0.0038170163,"02-2023":0.0037524641,"04-2023":0.0017793594,"06-2023":0.0,"08-2023":0.0,"10-2023":0.0,"12-2023":0.0,"02-2024":0.0,"04-2024":0.0,"06-2024":0.0,"08-2024":0.0,"10-2024":0.0,"12-2024":0.0,"02-2025":0.0,"04-2025":0.0,"06-2025":0.0,"08-2025":0.0,"10-2025":0.0,"12-2025":0.0,"02-2026":0.0,"04-2026":0.0,"06-2026":0.0,"08-2026":0.0,"10-2026":0.0,"12-2026":0.0,"02-2027":0.0,"04-2027":0.0,"06-2027":0.0,"08-2027":0.0,"10-2027":0.0,"12-2027":0.0,"02-2028":0.0,"04-2028":0.0,"06-2028":0.0,"08-2028":0.0,"10-2028":0.0,"12-2028":0.0,"02-2029":0.0,"04-2029":0.0,"06-2029":0.0,"08-2029":0.0,"10-2029":0.0,"12-2029":0.0,"02-2030":0.0,"04-2030":0.0,"06-2030":0.0,"08-2030":0.0,"10-2030":0.0,"12-2030":0.0},"percentile_25":{"02-2020":0.0358530038,"04-2020":0.0340224809,"06-2020":0.0305303269,"08-2020":0.0253969105,"10-2020":0.0242186235,"12-2020":0.0217652066,"02-2021":0.0169500579,"04-2021":0.0126186709,"06-2021":0.0084211641,"08-2021":0.0042283863,"10-2021":0.0040322581,"12-2021":0.0037278755,"02-2022":0.0,"04-2022":0.0,"06-2022":0.0,"08-2022":0.0,"10-2022":0.0,"12-2022":0.0,"02-2023":0.0,"04-2023":0.0,"06-2023":0.0,"08-2023":0.0,"10-2023":0.0,"12-2023":0.0,"02-2024":0.0,"04-2024":0.0,"06-2024":0.0,"08-2024":0.0,"10-2024":0.0,"12-2024":0.0,"02-2025":0.0,"04-2025":0.0,"06-2025":0.0,"08-2025":0.0,"10-2025":0.0,"12-2025":0.0,"02-2026":0.0,"04-2026":0.0,"06-2026":0.0,"08-2026":0.0,"10-2026":0.0,"12-2026":0.0,"02-2027":0.0,"04-2027":0.0,"06-2027":0.0,"08-2027":0.0,"10-2027":0.0,"12-2027":0.0,"02-2028":0.0,"04-2028":0.0,"06-2028":0.0,"08-2028":0.0,"10-2028":0.0,"12-2028":0.0,"02-2029":0.0,"04-2029":0.0,"06-2029":0.0,"08-2029":0.0,"10-2029":0.0,"12-2029":0.0,"02-2030":0.0,"04-2030":0.0,"06-2030":0.0,"08-2030":0.0,"10-2030":0.0,"12-2030":0.0},"percentile_75":{"02-2020":0.0891818937,"04-2020":0.0850168496,"06-2020":0.088146711,"08-2020":0.0901375501,"10-2020":0.084436103,"12-2020":0.0782008409,"02-2021":0.0718864469,"04-2021":0.0657638137,"06-2021":0.0601209677,"08-2021":0.0512316766,"10-2021":0.0460436511,"12-2021":0.0381493506,"02-2022":0.0341197012,"04-2022":0.028595067,"06-2022":0.0276954326,"08-2022":0.0239090102,"10-2022":0.0199603194,"12-2022":0.0182420603,"02-2023":0.0153256705,"04-2023":0.0144074999,"06-2023":0.0154718848,"08-2023":0.0197637795,"10-2023":0.0267491087,"12-2023":0.0319400968,"02-2024":0.0389693562,"04-2024":0.0444601589,"06-2024":0.0556108898,"08-2024":0.069037861,"10-2024":0.0861309077,"12-2024":0.09592563,"02-2025":0.1404138126,"04-2025":0.1753362595,"06-2025":0.2250996016,"08-2025":0.2811204637,"10-2025":0.3598484848,"12-2025":0.4659703504,"02-2026":0.4876575979,"04-2026":0.5264237998,"06-2026":0.5590540894,"08-2026":0.6106429463,"10-2026":0.6108004458,"12-2026":0.5965362762,"02-2027":0.5872428603,"04-2027":0.5896148417,"06-2027":0.5679142281,"08-2027":0.570872596,"10-2027":0.5620030919,"12-2027":0.5470315128,"02-2028":0.5320108145,"04-2028":0.5405160675,"06-2028":0.5401635947,"08-2028":0.5115758457,"10-2028":0.5141067413,"12-2028":0.4985849057,"02-2029":0.5004416961,"04-2029":0.4891692547,"06-2029":0.4820423337,"08-2029":0.4820899006,"10-2029":0.4723415897,"12-2029":0.4599984246,"02-2030":0.459092042,"04-2030":0.437665636,"06-2030":0.4295723559,"08-2030":0.4141791045,"10-2030":0.4205021748,"12-2030":0.4241819461}}