{"median":{"02-2020":0.0595744681,"04-2020":0.0654997766,"06-2020":0.0718414222,"08-2020":0.0749859883,"10-2020":0.0766100386,"12-2020":0.081893924,"02-2021":0.0767156863,"04-2021":0.0708891077,"06-2021":0.0704124947,"08-2021":0.0594795539,"10-2021":0.0503408337,"12-2021":0.0384048356,"02-2022":0.0332718327,"04-2022":0.0276135197,"06-2022":0.0229037663,"08-2022":0.0194175489,"10-2022":0.0186921765,"12-2022":0.0175588109,"02-2023":0.0195339326,"04-2023":0.0193053071,"06-2023":0.0254053805,"08-2023":0.027290552,"10-2023":0.0328100471,"12-2023":0.0354528536,"02-2024":0.0468120075,"04-2024":0.0549896246,"06-2024":0.0637065024,"08-2024":0.0764682434,"10-2024":0.0908948661,"12-2024":0.1117632368,"02-2025":0.1360112755,"04-2025":0.1658428214,"06-2025":0.2049814694,"08-2025":0.2501690955,"10-2025":0.2901941339,"12-2025":0.3444787986,"02-2026":0.4277884792,"04-2026":0.4594362745,"06-2026":0.4955747025,"08-2026":0.5181832395,"10-2026":0.5400162629,"12-2026":0.5268582297,"02-2027":0.5018518519,"04-2027":0.505306841,"06-2027":0.5121540966,"08-2027":0.5106184855,"10-2027":0.5053604932,"12-2027":0.4842424242,"02-2028":0.4827702168,"04-2028":0.4845310565,"06-2028":0.4747680139,"08-2028":0.4677456632,"10-2028":0.452764362,"12-2028":0.4502353832,"02-2029":0.4423852705,"04-2029":0.4300690521,"06-2029":0.4345646286,"08-2029":0.4349442379,"10-2029":0.4204767252,"12-2029":0.4116252277,"02-2030":0.4059401128,"04-2030":0.4010662053,"06-2030":0.3918966559,"08-2030":0.3886078202,"10-2030":0.3833517031,"12-2030":0.3882783883},"percentile_25":{"02-2020":0.0392156863,"04-2020":0.0382776169,"06-2020":0.0401835483,"08-2020":0.040669145,"10-2020":0.041144778,"12-2020":0.0388338632,"02-2021":0.0361110226,"04-2021":0.0307523617,"06-2021":0.0260731778,"08-2021":0.020284225,"10-2021":0.0161128385,"12-2021":0.01171875,"02-2022":0.0078125,"04-2022":0.0062813332,"06-2022":0.0037244334,"08-2022":0.0026408451,"10-2022":0.0,"12-2022":0.0,"02-2023":0.0,"04-2023":0.0,"06-2023":0.0,"08-2023":0.0,"10-2023":0.0,"12-2023":0.0,"02-2024":0.0,"04-2024":0.0,"06-2024":0.0,"08-2024":0.0,"10-2024":0.0,"12-2024":0.0,"02-2025":0.0,"04-2025":0.0,"06-2025":0.0,"08-2025":0.0,"10-2025":0.0,"12-2025":0.0,"02-2026":0.0,"04-2026":0.0,"06-2026":0.0,"08-2026":0.0,"10-2026":0.0,"12-2026":0.0,"02-2027":0.0,"04-2027":0.0,"06-2027":0.0,"08-2027":0.0,"10-2027":0.0,"12-2027":0.0,"02-2028":0.0,"04-2028":0.0,"06-2028":0.0,"08-2028":0.0,"10-2028":0.0,"12-2028":0.0,"02-2029":0.0,"04-2029":0.0,"06-2029":0.0,"08-2029":0.0,"10-2029":0.0,"12-2029":0.0,"02-2030":0.0,"04-2030":0.0,"06-2030":0.0,"08-2030":0.0,"10-2030":0.0,"12-2030":0.0},"percentile_75":{"02-2020":0.1027151477,"04-2020":0.1143579152,"06-2020":0.1377204885,"08-2020":0.149533195,"10-2020":0.1508730159,"12-2020":0.1581035923,"02-2021":0.1513183786,"04-2021":0.143564119,"06-2021":0.1339600622,"08-2021":0.1197244218,"10-2021":0.1112648221,"12-2021":0.0945161683,"02-2022":0.0836020839,"04-2022":0.0695451549,"06-2022":0.0618072452,"08-2022":0.0561910564,"10-2022":0.0518011856,"12-2022":0.0623340321,"02-2023":0.071431623,"04-2023":0.086695095,"06-2023":0.1084533439,"08-2023":0.140400951,"10-2023":0.1777155038,"12-2023":0.2110472542,"02-2024":0.2742259066,"04-2024":0.3297161172,"06-2024":0.3992424907,"08-2024":0.4670212766,"10-2024":0.5418756628,"12-2024":0.6261551846,"02-2025":0.6956416784,"04-2025":0.7070498841,"06-2025":0.7007309109,"08-2025":0.7035406404,"10-2025":0.6891220921,"12-2025":0.6939832553,"02-2026":0.6743537015,"04-2026":0.6692459116,"06-2026":0.6648418491,"08-2026":0.6561954117,"10-2026":0.6423771571,"12-2026":0.6330859741,"02-2027":0.6221552227,"04-2027":0.6203582146,"06-2027":0.5971501957,"08-2027":0.5849895397,"10-2027":0.5869913262,"12-2027":0.5729885288,"02-2028":0.5748773239,"04-2028":0.5627684708,"06-2028":0.5555555556,"08-2028":0.5416156046,"10-2028":0.5401766031,"12-2028":0.5350280389,"02-2029":0.5168137452,"04-2029":0.5079318605,"06-2029":0.5082843092,"08-2029":0.4923753064,"10-2029":0.4844067223,"12-2029":0.4765200198,"02-2030":0.4653920715,"04-2030":0.4576144269,"06-2030":0.441713972,"08-2030":0.4491141732,"10-2030":0.4435286935,"12-2030":0.4476102813}}