{"median":{"02-2020":0.0561296912,"04-2020":0.0528378586,"06-2020":0.0488346883,"08-2020":0.0461545289,"10-2020":0.0449208897,"12-2020":0.0412528234,"02-2021":0.0357165354,"04-2021":0.0313730315,"06-2021":0.0230769231,"08-2021":0.0192696112,"10-2021":0.015476725,"12-2021":0.0127402892,"02-2022":0.0112570753,"04-2022":0.0078432579,"06-2022":0.0070944289,"08-2022":0.004132302,"10-2022":0.0040734718,"12-2022":0.0038170163,"02-2023":0.0036563193,"04-2023":0.0,"06-2023":0.0,"08-2023":0.0,"10-2023":0.0,"12-2023":0.0,"02-2024":0.0,"04-2024":0.0,"06-2024":0.0,"08-2024":0.0,"10-2024":0.0,"12-2024":0.0,"02-2025":0.0,"04-2025":0.0,"06-2025":0.0,"08-2025":0.0,"10-2025":0.0,"12-2025":0.0,"02-2026":0.0,"04-2026":0.0,"06-2026":0.0,"08-2026":0.0,"10-2026":0.0,"12-2026":0.0,"02-2027":0.0,"04-2027":0.0,"06-2027":0.0,"08-2027":0.0,"10-2027":0.0,"12-2027":0.0,"02-2028":0.0,"04-2028":0.0,"06-2028":0.0,"08-2028":0.0,"10-2028":0.0,"12-2028":0.0,"02-2029":0.0,"04-2029":0.0,"06-2029":0.0,"08-2029":0.0,"10-2029":0.0,"12-2029":0.0,"02-2030":0.0,"04-2030":0.0,"06-2030":0.0,"08-2030":0.0,"10-2030":0.0,"12-2030":0.0},"percentile_25":{"02-2020":0.0358530038,"04-2020":0.0340224809,"06-2020":0.0305303269,"08-2020":0.0253969105,"10-2020":0.0242186235,"12-2020":0.0217652066,"02-2021":0.0169500579,"04-2021":0.0126186709,"06-2021":0.0084211641,"08-2021":0.0042283863,"10-2021":0.0040322581,"12-2021":0.0037278755,"02-2022":0.0,"04-2022":0.0,"06-2022":0.0,"08-2022":0.0,"10-2022":0.0,"12-2022":0.0,"02-2023":0.0,"04-2023":0.0,"06-2023":0.0,"08-2023":0.0,"10-2023":0.0,"12-2023":0.0,"02-2024":0.0,"04-2024":0.0,"06-2024":0.0,"08-2024":0.0,"10-2024":0.0,"12-2024":0.0,"02-2025":0.0,"04-2025":0.0,"06-2025":0.0,"08-2025":0.0,"10-2025":0.0,"12-2025":0.0,"02-2026":0.0,"04-2026":0.0,"06-2026":0.0,"08-2026":0.0,"10-2026":0.0,"12-2026":0.0,"02-2027":0.0,"04-2027":0.0,"06-2027":0.0,"08-2027":0.0,"10-2027":0.0,"12-2027":0.0,"02-2028":0.0,"04-2028":0.0,"06-2028":0.0,"08-2028":0.0,"10-2028":0.0,"12-2028":0.0,"02-2029":0.0,"04-2029":0.0,"06-2029":0.0,"08-2029":0.0,"10-2029":0.0,"12-2029":0.0,"02-2030":0.0,"04-2030":0.0,"06-2030":0.0,"08-2030":0.0,"10-2030":0.0,"12-2030":0.0},"percentile_75":{"02-2020":0.0891818937,"04-2020":0.0850168496,"06-2020":0.088146711,"08-2020":0.0901375501,"10-2020":0.084436103,"12-2020":0.0782008409,"02-2021":0.0718864469,"04-2021":0.0657638137,"06-2021":0.0601209677,"08-2021":0.0512316766,"10-2021":0.0460436511,"12-2021":0.0381493506,"02-2022":0.0341197012,"04-2022":0.028595067,"06-2022":0.0276954326,"08-2022":0.0239090102,"10-2022":0.0199603194,"12-2022":0.0182420603,"02-2023":0.0156713192,"04-2023":0.0116621067,"06-2023":0.0115950226,"08-2023":0.0115608229,"10-2023":0.0119420611,"12-2023":0.0126839168,"02-2024":0.0114835392,"04-2024":0.0152100941,"06-2024":0.0143957605,"08-2024":0.0183935783,"10-2024":0.0250288351,"12-2024":0.0303418581,"02-2025":0.0347042981,"04-2025":0.0380086399,"06-2025":0.0536403509,"08-2025":0.0659790875,"10-2025":0.0857147293,"12-2025":0.1034046547,"02-2026":0.1238794821,"04-2026":0.1475467502,"06-2026":0.1833166476,"08-2026":0.237469707,"10-2026":0.2937575732,"12-2026":0.3271604938,"02-2027":0.3729194715,"04-2027":0.3963705937,"06-2027":0.4421825232,"08-2027":0.502016129,"10-2027":0.537239734,"12-2027":0.5509316174,"02-2028":0.576043142,"04-2028":0.5501585653,"06-2028":0.5255681818,"08-2028":0.5289744506,"10-2028":0.5234251433,"12-2028":0.5059243412,"02-2029":0.5153985507,"04-2029":0.5120184244,"06-2029":0.5184836215,"08-2029":0.4936790756,"10-2029":0.4674676882,"12-2029":0.4664573213,"02-2030":0.4660430097,"04-2030":0.4369690011,"06-2030":0.4473708487,"08-2030":0.4453757144,"10-2030":0.4470323741,"12-2030":0.422145677}}