{"median":{"02-2020":0.0595744681,"04-2020":0.0654997766,"06-2020":0.0718414222,"08-2020":0.0749859883,"10-2020":0.0766100386,"12-2020":0.081893924,"02-2021":0.0767156863,"04-2021":0.0708891077,"06-2021":0.0704124947,"08-2021":0.0594795539,"10-2021":0.0503408337,"12-2021":0.0384048356,"02-2022":0.0332718327,"04-2022":0.0276135197,"06-2022":0.0238682737,"08-2022":0.0177972006,"10-2022":0.0146646075,"12-2022":0.011952381,"02-2023":0.0110906109,"04-2023":0.0080816327,"06-2023":0.0080646473,"08-2023":0.007491057,"10-2023":0.0041325137,"12-2023":0.0038314739,"02-2024":0.0035994044,"04-2024":0.0,"06-2024":0.0,"08-2024":0.0,"10-2024":0.0,"12-2024":0.0,"02-2025":0.0,"04-2025":0.0,"06-2025":0.0,"08-2025":0.0,"10-2025":0.0,"12-2025":0.0,"02-2026":0.0,"04-2026":0.0,"06-2026":0.0,"08-2026":0.0,"10-2026":0.0,"12-2026":0.0,"02-2027":0.0,"04-2027":0.0,"06-2027":0.0,"08-2027":0.0,"10-2027":0.0,"12-2027":0.0,"02-2028":0.0,"04-2028":0.0,"06-2028":0.0,"08-2028":0.0,"10-2028":0.0,"12-2028":0.0,"02-2029":0.0,"04-2029":0.0,"06-2029":0.0,"08-2029":0.0,"10-2029":0.0,"12-2029":0.0,"02-2030":0.0,"04-2030":0.0,"06-2030":0.0,"08-2030":0.0,"10-2030":0.0,"12-2030":0.0},"percentile_25":{"02-2020":0.0392156863,"04-2020":0.0382776169,"06-2020":0.0401835483,"08-2020":0.040669145,"10-2020":0.041144778,"12-2020":0.0388338632,"02-2021":0.0361110226,"04-2021":0.0307523617,"06-2021":0.0260731778,"08-2021":0.020284225,"10-2021":0.0161128385,"12-2021":0.01171875,"02-2022":0.0078125,"04-2022":0.0062813332,"06-2022":0.0037174721,"08-2022":0.0,"10-2022":0.0,"12-2022":0.0,"02-2023":0.0,"04-2023":0.0,"06-2023":0.0,"08-2023":0.0,"10-2023":0.0,"12-2023":0.0,"02-2024":0.0,"04-2024":0.0,"06-2024":0.0,"08-2024":0.0,"10-2024":0.0,"12-2024":0.0,"02-2025":0.0,"04-2025":0.0,"06-2025":0.0,"08-2025":0.0,"10-2025":0.0,"12-2025":0.0,"02-2026":0.0,"04-2026":0.0,"06-2026":0.0,"08-2026":0.0,"10-2026":0.0,"12-2026":0.0,"02-2027":0.0,"04-2027":0.0,"06-2027":0.0,"08-2027":0.0,"10-2027":0.0,"12-2027":0.0,"02-2028":0.0,"04-2028":0.0,"06-2028":0.0,"08-2028":0.0,"10-2028":0.0,"12-2028":0.0,"02-2029":0.0,"04-2029":0.0,"06-2029":0.0,"08-2029":0.0,"10-2029":0.0,"12-2029":0.0,"02-2030":0.0,"04-2030":0.0,"06-2030":0.0,"08-2030":0.0,"10-2030":0.0,"12-2030":0.0},"percentile_75":{"02-2020":0.1027151477,"04-2020":0.1143579152,"06-2020":0.1377204885,"08-2020":0.149533195,"10-2020":0.1508730159,"12-2020":0.1581035923,"02-2021":0.1513183786,"04-2021":0.143564119,"06-2021":0.1339600622,"08-2021":0.1197244218,"10-2021":0.1112648221,"12-2021":0.0945161683,"02-2022":0.0836020839,"04-2022":0.0695451549,"06-2022":0.0627542208,"08-2022":0.0530086319,"10-2022":0.045456517,"12-2022":0.0409722222,"02-2023":0.0359650109,"04-2023":0.0329683698,"06-2023":0.0288820039,"08-2023":0.0257363454,"10-2023":0.0241522916,"12-2023":0.0206202465,"02-2024":0.0162951266,"04-2024":0.0166576136,"06-2024":0.0149985702,"08-2024":0.0153846154,"10-2024":0.0180512524,"12-2024":0.0210401625,"02-2025":0.0240365613,"04-2025":0.0292925345,"06-2025":0.0343901826,"08-2025":0.0400609354,"10-2025":0.0507978723,"12-2025":0.0613036326,"02-2026":0.0822744256,"04-2026":0.1057440112,"06-2026":0.1259789738,"08-2026":0.1735027085,"10-2026":0.2112435868,"12-2026":0.2774522569,"02-2027":0.3564502165,"04-2027":0.4243741765,"06-2027":0.5269005848,"08-2027":0.5534542954,"10-2027":0.5657934585,"12-2027":0.5719771534,"02-2028":0.5837537617,"04-2028":0.5699870781,"06-2028":0.5725671255,"08-2028":0.5670498084,"10-2028":0.5486542166,"12-2028":0.5527073056,"02-2029":0.5307067481,"04-2029":0.5262417994,"06-2029":0.5160770866,"08-2029":0.5246516074,"10-2029":0.5112179487,"12-2029":0.4987288136,"02-2030":0.4846504377,"04-2030":0.4912087912,"06-2030":0.4671702603,"08-2030":0.4613707943,"10-2030":0.4537992832,"12-2030":0.4614052497}}