{"median":{"02-2020":0.0561296912,"04-2020":0.0528378586,"06-2020":0.0488346883,"08-2020":0.0461545289,"10-2020":0.0449208897,"12-2020":0.0412528234,"02-2021":0.0357165354,"04-2021":0.0313730315,"06-2021":0.0230769231,"08-2021":0.0192696112,"10-2021":0.015476725,"12-2021":0.0127402892,"02-2022":0.0112570753,"04-2022":0.0078432579,"06-2022":0.0071729741,"08-2022":0.0042194844,"10-2022":0.0041755291,"12-2022":0.0037593985,"02-2023":0.0037039069,"04-2023":0.0037523584,"06-2023":0.0037594516,"08-2023":0.0036978811,"10-2023":0.0,"12-2023":0.0,"02-2024":0.0,"04-2024":0.0,"06-2024":0.0,"08-2024":0.0,"10-2024":0.0,"12-2024":0.0,"02-2025":0.0,"04-2025":0.0,"06-2025":0.0,"08-2025":0.0,"10-2025":0.0,"12-2025":0.0,"02-2026":0.0,"04-2026":0.0,"06-2026":0.0,"08-2026":0.0,"10-2026":0.0,"12-2026":0.0,"02-2027":0.0018726592,"04-2027":0.0018587361,"06-2027":0.0018450185,"08-2027":0.0018656716,"10-2027":0.0035460993,"12-2027":0.0037174721,"02-2028":0.004048583,"04-2028":0.0040816327,"06-2028":0.0053571429,"08-2028":0.0035842294,"10-2028":0.0053571429,"12-2028":0.0035460993,"02-2029":0.0017730496,"04-2029":0.0017857143,"06-2029":0.0036105318,"08-2029":0.0054349258,"10-2029":0.0107576634,"12-2029":0.0126720901,"02-2030":0.0124242807,"04-2030":0.0124432105,"06-2030":0.0161684032,"08-2030":0.0144151139,"10-2030":0.0126550933,"12-2030":0.0126616799},"percentile_25":{"02-2020":0.0358530038,"04-2020":0.0340224809,"06-2020":0.0305303269,"08-2020":0.0253969105,"10-2020":0.0242186235,"12-2020":0.0217652066,"02-2021":0.0169500579,"04-2021":0.0126186709,"06-2021":0.0084211641,"08-2021":0.0042283863,"10-2021":0.0040322581,"12-2021":0.0037278755,"02-2022":0.0,"04-2022":0.0,"06-2022":0.0,"08-2022":0.0,"10-2022":0.0,"12-2022":0.0,"02-2023":0.0,"04-2023":0.0,"06-2023":0.0,"08-2023":0.0,"10-2023":0.0,"12-2023":0.0,"02-2024":0.0,"04-2024":0.0,"06-2024":0.0,"08-2024":0.0,"10-2024":0.0,"12-2024":0.0,"02-2025":0.0,"04-2025":0.0,"06-2025":0.0,"08-2025":0.0,"10-2025":0.0,"12-2025":0.0,"02-2026":0.0,"04-2026":0.0,"06-2026":0.0,"08-2026":0.0,"10-2026":0.0,"12-2026":0.0,"02-2027":0.0,"04-2027":0.0,"06-2027":0.0,"08-2027":0.0,"10-2027":0.0,"12-2027":0.0,"02-2028":0.0,"04-2028":0.0,"06-2028":0.0,"08-2028":0.0,"10-2028":0.0,"12-2028":0.0,"02-2029":0.0,"04-2029":0.0,"06-2029":0.0,"08-2029":0.0,"10-2029":0.0,"12-2029":0.0,"02-2030":0.0,"04-2030":0.0,"06-2030":0.0,"08-2030":0.0,"10-2030":0.0,"12-2030":0.0},"percentile_75":{"02-2020":0.0891818937,"04-2020":0.0850168496,"06-2020":0.088146711,"08-2020":0.0901375501,"10-2020":0.084436103,"12-2020":0.0782008409,"02-2021":0.0718864469,"04-2021":0.0657638137,"06-2021":0.0601209677,"08-2021":0.0512316766,"10-2021":0.0460436511,"12-2021":0.0381493506,"02-2022":0.0341197012,"04-2022":0.028595067,"06-2022":0.025458027,"08-2022":0.0251121683,"10-2022":0.0230938416,"12-2022":0.0256397638,"02-2023":0.0296885349,"04-2023":0.0337252922,"06-2023":0.0426771333,"08-2023":0.0500431406,"10-2023":0.0595827617,"12-2023":0.0683701857,"02-2024":0.089794472,"04-2024":0.117876494,"06-2024":0.1390371988,"08-2024":0.1744647471,"10-2024":0.2006018969,"12-2024":0.2993381852,"02-2025":0.3733796973,"04-2025":0.438033049,"06-2025":0.5595523352,"08-2025":0.6184901247,"10-2025":0.6294207986,"12-2025":0.6427268436,"02-2026":0.6316008136,"04-2026":0.6176648518,"06-2026":0.6122661123,"08-2026":0.612085098,"10-2026":0.6005905512,"12-2026":0.605308285,"02-2027":0.6017400568,"04-2027":0.5960281138,"06-2027":0.5972883182,"08-2027":0.5723090278,"10-2027":0.565737315,"12-2027":0.5577372604,"02-2028":0.5468077299,"04-2028":0.5461331122,"06-2028":0.5349480969,"08-2028":0.5234464755,"10-2028":0.5145203736,"12-2028":0.5031037079,"02-2029":0.5,"04-2029":0.5027573902,"06-2029":0.488808714,"08-2029":0.4725709446,"10-2029":0.457218845,"12-2029":0.4606175567,"02-2030":0.4554304052,"04-2030":0.4472107438,"06-2030":0.4414086687,"08-2030":0.4399644473,"10-2030":0.4278214622,"12-2030":0.4275684072}}