{"median":{"02-2020":0.0561296912,"04-2020":0.0528378586,"06-2020":0.0488346883,"08-2020":0.0461545289,"10-2020":0.0449208897,"12-2020":0.0412528234,"02-2021":0.0357165354,"04-2021":0.0313730315,"06-2021":0.0230769231,"08-2021":0.0192696112,"10-2021":0.015476725,"12-2021":0.0127402892,"02-2022":0.0112570753,"04-2022":0.0078432579,"06-2022":0.0070944289,"08-2022":0.004132302,"10-2022":0.0040734718,"12-2022":0.0038170163,"02-2023":0.0036563193,"04-2023":0.0,"06-2023":0.0,"08-2023":0.0,"10-2023":0.0,"12-2023":0.0,"02-2024":0.0,"04-2024":0.0,"06-2024":0.0,"08-2024":0.0,"10-2024":0.0,"12-2024":0.0,"02-2025":0.0,"04-2025":0.0,"06-2025":0.0,"08-2025":0.0,"10-2025":0.0,"12-2025":0.0,"02-2026":0.0,"04-2026":0.0,"06-2026":0.0,"08-2026":0.0,"10-2026":0.0,"12-2026":0.0,"02-2027":0.0,"04-2027":0.0,"06-2027":0.0,"08-2027":0.0,"10-2027":0.0,"12-2027":0.0,"02-2028":0.0,"04-2028":0.0,"06-2028":0.0,"08-2028":0.0,"10-2028":0.0,"12-2028":0.0,"02-2029":0.0,"04-2029":0.0,"06-2029":0.0,"08-2029":0.0,"10-2029":0.0,"12-2029":0.0,"02-2030":0.0,"04-2030":0.0,"06-2030":0.0,"08-2030":0.0,"10-2030":0.0,"12-2030":0.0},"percentile_25":{"02-2020":0.0358530038,"04-2020":0.0340224809,"06-2020":0.0305303269,"08-2020":0.0253969105,"10-2020":0.0242186235,"12-2020":0.0217652066,"02-2021":0.0169500579,"04-2021":0.0126186709,"06-2021":0.0084211641,"08-2021":0.0042283863,"10-2021":0.0040322581,"12-2021":0.0037278755,"02-2022":0.0,"04-2022":0.0,"06-2022":0.0,"08-2022":0.0,"10-2022":0.0,"12-2022":0.0,"02-2023":0.0,"04-2023":0.0,"06-2023":0.0,"08-2023":0.0,"10-2023":0.0,"12-2023":0.0,"02-2024":0.0,"04-2024":0.0,"06-2024":0.0,"08-2024":0.0,"10-2024":0.0,"12-2024":0.0,"02-2025":0.0,"04-2025":0.0,"06-2025":0.0,"08-2025":0.0,"10-2025":0.0,"12-2025":0.0,"02-2026":0.0,"04-2026":0.0,"06-2026":0.0,"08-2026":0.0,"10-2026":0.0,"12-2026":0.0,"02-2027":0.0,"04-2027":0.0,"06-2027":0.0,"08-2027":0.0,"10-2027":0.0,"12-2027":0.0,"02-2028":0.0,"04-2028":0.0,"06-2028":0.0,"08-2028":0.0,"10-2028":0.0,"12-2028":0.0,"02-2029":0.0,"04-2029":0.0,"06-2029":0.0,"08-2029":0.0,"10-2029":0.0,"12-2029":0.0,"02-2030":0.0,"04-2030":0.0,"06-2030":0.0,"08-2030":0.0,"10-2030":0.0,"12-2030":0.0},"percentile_75":{"02-2020":0.0891818937,"04-2020":0.0850168496,"06-2020":0.088146711,"08-2020":0.0901375501,"10-2020":0.084436103,"12-2020":0.0782008409,"02-2021":0.0718864469,"04-2021":0.0657638137,"06-2021":0.0601209677,"08-2021":0.0512316766,"10-2021":0.0460436511,"12-2021":0.0381493506,"02-2022":0.0341197012,"04-2022":0.028595067,"06-2022":0.0276954326,"08-2022":0.0239090102,"10-2022":0.0199603194,"12-2022":0.0182420603,"02-2023":0.0156713192,"04-2023":0.0116621067,"06-2023":0.0117762853,"08-2023":0.0091115098,"10-2023":0.0083249067,"12-2023":0.0082501086,"02-2024":0.0083688254,"04-2024":0.0073956462,"06-2024":0.0070552726,"08-2024":0.007073403,"10-2024":0.0047605752,"12-2024":0.0039100797,"02-2025":0.0037383571,"04-2025":0.0036914248,"06-2025":0.0036135926,"08-2025":0.0009469697,"10-2025":0.0008960573,"12-2025":0.0036433172,"02-2026":0.0036770759,"04-2026":0.0039078986,"06-2026":0.0071763136,"08-2026":0.0072935187,"10-2026":0.0084407425,"12-2026":0.0084589535,"02-2027":0.0108408231,"04-2027":0.0122391844,"06-2027":0.0120132358,"08-2027":0.0112322705,"10-2027":0.0148153409,"12-2027":0.0171873677,"02-2028":0.0201985621,"04-2028":0.0253715592,"06-2028":0.0213868613,"08-2028":0.0301598402,"10-2028":0.0284900285,"12-2028":0.0305174701,"02-2029":0.040193484,"04-2029":0.053125,"06-2029":0.0612328563,"08-2029":0.0671711403,"10-2029":0.069337629,"12-2029":0.0774982803,"02-2030":0.0839350181,"04-2030":0.1080212631,"06-2030":0.1279682274,"08-2030":0.1546914399,"10-2030":0.1540948978,"12-2030":0.1765838361}}