{"median":{"02-2020":0.0561296912,"04-2020":0.0528378586,"06-2020":0.0488346883,"08-2020":0.0461545289,"10-2020":0.0449208897,"12-2020":0.0412528234,"02-2021":0.0357165354,"04-2021":0.0313730315,"06-2021":0.0230769231,"08-2021":0.0192696112,"10-2021":0.015476725,"12-2021":0.0127402892,"02-2022":0.0112570753,"04-2022":0.0078432579,"06-2022":0.0070944289,"08-2022":0.004132302,"10-2022":0.0040734718,"12-2022":0.0038170163,"02-2023":0.0036563193,"04-2023":0.0,"06-2023":0.0,"08-2023":0.0,"10-2023":0.0,"12-2023":0.0,"02-2024":0.0,"04-2024":0.0,"06-2024":0.0,"08-2024":0.0,"10-2024":0.0,"12-2024":0.0,"02-2025":0.0,"04-2025":0.0,"06-2025":0.0,"08-2025":0.0,"10-2025":0.0,"12-2025":0.0,"02-2026":0.0,"04-2026":0.0,"06-2026":0.0,"08-2026":0.0,"10-2026":0.0,"12-2026":0.0,"02-2027":0.0,"04-2027":0.0,"06-2027":0.0,"08-2027":0.0,"10-2027":0.0,"12-2027":0.0,"02-2028":0.0,"04-2028":0.0,"06-2028":0.0,"08-2028":0.0,"10-2028":0.0,"12-2028":0.0,"02-2029":0.0,"04-2029":0.0,"06-2029":0.0,"08-2029":0.0,"10-2029":0.0,"12-2029":0.0,"02-2030":0.0,"04-2030":0.0,"06-2030":0.0,"08-2030":0.0,"10-2030":0.0,"12-2030":0.0},"percentile_25":{"02-2020":0.0358530038,"04-2020":0.0340224809,"06-2020":0.0305303269,"08-2020":0.0253969105,"10-2020":0.0242186235,"12-2020":0.0217652066,"02-2021":0.0169500579,"04-2021":0.0126186709,"06-2021":0.0084211641,"08-2021":0.0042283863,"10-2021":0.0040322581,"12-2021":0.0037278755,"02-2022":0.0,"04-2022":0.0,"06-2022":0.0,"08-2022":0.0,"10-2022":0.0,"12-2022":0.0,"02-2023":0.0,"04-2023":0.0,"06-2023":0.0,"08-2023":0.0,"10-2023":0.0,"12-2023":0.0,"02-2024":0.0,"04-2024":0.0,"06-2024":0.0,"08-2024":0.0,"10-2024":0.0,"12-2024":0.0,"02-2025":0.0,"04-2025":0.0,"06-2025":0.0,"08-2025":0.0,"10-2025":0.0,"12-2025":0.0,"02-2026":0.0,"04-2026":0.0,"06-2026":0.0,"08-2026":0.0,"10-2026":0.0,"12-2026":0.0,"02-2027":0.0,"04-2027":0.0,"06-2027":0.0,"08-2027":0.0,"10-2027":0.0,"12-2027":0.0,"02-2028":0.0,"04-2028":0.0,"06-2028":0.0,"08-2028":0.0,"10-2028":0.0,"12-2028":0.0,"02-2029":0.0,"04-2029":0.0,"06-2029":0.0,"08-2029":0.0,"10-2029":0.0,"12-2029":0.0,"02-2030":0.0,"04-2030":0.0,"06-2030":0.0,"08-2030":0.0,"10-2030":0.0,"12-2030":0.0},"percentile_75":{"02-2020":0.0891818937,"04-2020":0.0850168496,"06-2020":0.088146711,"08-2020":0.0901375501,"10-2020":0.084436103,"12-2020":0.0782008409,"02-2021":0.0718864469,"04-2021":0.0657638137,"06-2021":0.0601209677,"08-2021":0.0512316766,"10-2021":0.0460436511,"12-2021":0.0381493506,"02-2022":0.0341197012,"04-2022":0.028595067,"06-2022":0.0276954326,"08-2022":0.0239090102,"10-2022":0.0199603194,"12-2022":0.0182420603,"02-2023":0.0156713192,"04-2023":0.0116621067,"06-2023":0.0117762853,"08-2023":0.0091115098,"10-2023":0.0083249067,"12-2023":0.0082501086,"02-2024":0.0084943792,"04-2024":0.0107443437,"06-2024":0.0086223776,"08-2024":0.008889391,"10-2024":0.0107106393,"12-2024":0.0113227192,"02-2025":0.0107573323,"04-2025":0.0151086335,"06-2025":0.0163074265,"08-2025":0.0227766682,"10-2025":0.0306808688,"12-2025":0.0337252922,"02-2026":0.0355309004,"04-2026":0.0404049654,"06-2026":0.0477108073,"08-2026":0.0501541469,"10-2026":0.0628835353,"12-2026":0.0920009585,"02-2027":0.1144961977,"04-2027":0.121369116,"06-2027":0.1616114149,"08-2027":0.1792124542,"10-2027":0.2164065751,"12-2027":0.2602774064,"02-2028":0.3123443031,"04-2028":0.3618980569,"06-2028":0.3760470568,"08-2028":0.4322058436,"10-2028":0.489096952,"12-2028":0.5040614773,"02-2029":0.484896174,"04-2029":0.497981505,"06-2029":0.4882833223,"08-2029":0.4932970872,"10-2029":0.4739987872,"12-2029":0.4672034515,"02-2030":0.4475570414,"04-2030":0.4419683168,"06-2030":0.4501552076,"08-2030":0.4377847039,"10-2030":0.4378188776,"12-2030":0.4446472019}}