{"median":{"02-2020":0.0595744681,"04-2020":0.0654997766,"06-2020":0.0718414222,"08-2020":0.0749859883,"10-2020":0.0766100386,"12-2020":0.081893924,"02-2021":0.0767156863,"04-2021":0.0708891077,"06-2021":0.0704124947,"08-2021":0.0594795539,"10-2021":0.0503408337,"12-2021":0.0384048356,"02-2022":0.0331950207,"04-2022":0.0296140559,"06-2022":0.027033475,"08-2022":0.025671875,"10-2022":0.0303615152,"12-2022":0.0320714286,"02-2023":0.0427198962,"04-2023":0.0573002109,"06-2023":0.0681217501,"08-2023":0.0863527942,"10-2023":0.0908811475,"12-2023":0.1081310092,"02-2024":0.1321869489,"04-2024":0.1559207158,"06-2024":0.1860783282,"08-2024":0.2349445269,"10-2024":0.2845511768,"12-2024":0.3267767186,"02-2025":0.3730601968,"04-2025":0.4030949519,"06-2025":0.4385791586,"08-2025":0.4986263736,"10-2025":0.541536755,"12-2025":0.5503221783,"02-2026":0.5375664597,"04-2026":0.5443744164,"06-2026":0.5452888231,"08-2026":0.5317864568,"10-2026":0.522039897,"12-2026":0.5263175231,"02-2027":0.5135640663,"04-2027":0.5009727626,"06-2027":0.5028096903,"08-2027":0.4916065483,"10-2027":0.4830904453,"12-2027":0.4716537315,"02-2028":0.4664160401,"04-2028":0.4602772143,"06-2028":0.4548846676,"08-2028":0.4408480565,"10-2028":0.4416861655,"12-2028":0.4402310924,"02-2029":0.4247719413,"04-2029":0.4188566213,"06-2029":0.4124112479,"08-2029":0.4039424442,"10-2029":0.4041357722,"12-2029":0.4041768688,"02-2030":0.3996527778,"04-2030":0.3914724261,"06-2030":0.3752256318,"08-2030":0.3828717011,"10-2030":0.3787261681,"12-2030":0.3778948573},"percentile_25":{"02-2020":0.0392156863,"04-2020":0.0382776169,"06-2020":0.0401835483,"08-2020":0.040669145,"10-2020":0.041144778,"12-2020":0.0388338632,"02-2021":0.0361110226,"04-2021":0.0307523617,"06-2021":0.0260731778,"08-2021":0.020284225,"10-2021":0.0161128385,"12-2021":0.01171875,"02-2022":0.0077875898,"04-2022":0.0063507735,"06-2022":0.0038461538,"08-2022":0.0036832786,"10-2022":0.0,"12-2022":0.0,"02-2023":0.0,"04-2023":0.0,"06-2023":0.0,"08-2023":0.0,"10-2023":0.0,"12-2023":0.0,"02-2024":0.0,"04-2024":0.0,"06-2024":0.0,"08-2024":0.0,"10-2024":0.0,"12-2024":0.0,"02-2025":0.0,"04-2025":0.0,"06-2025":0.0,"08-2025":0.0,"10-2025":0.0,"12-2025":0.0,"02-2026":0.0,"04-2026":0.0,"06-2026":0.0,"08-2026":0.0,"10-2026":0.0,"12-2026":0.0,"02-2027":0.0,"04-2027":0.0,"06-2027":0.0,"08-2027":0.0,"10-2027":0.0,"12-2027":0.0,"02-2028":0.0,"04-2028":0.0,"06-2028":0.0,"08-2028":0.0,"10-2028":0.0,"12-2028":0.0,"02-2029":0.0,"04-2029":0.0,"06-2029":0.0,"08-2029":0.0,"10-2029":0.0,"12-2029":0.0,"02-2030":0.0,"04-2030":0.0,"06-2030":0.0,"08-2030":0.0,"10-2030":0.0,"12-2030":0.0},"percentile_75":{"02-2020":0.1027151477,"04-2020":0.1143579152,"06-2020":0.1377204885,"08-2020":0.149533195,"10-2020":0.1508730159,"12-2020":0.1581035923,"02-2021":0.1513183786,"04-2021":0.143564119,"06-2021":0.1339600622,"08-2021":0.1197244218,"10-2021":0.1112648221,"12-2021":0.0945161683,"02-2022":0.0896770135,"04-2022":0.0820149817,"06-2022":0.0849220697,"08-2022":0.0987993488,"10-2022":0.1187096774,"12-2022":0.1430263346,"02-2023":0.190448974,"04-2023":0.231909102,"06-2023":0.2890905018,"08-2023":0.3693432423,"10-2023":0.429985687,"12-2023":0.5255536569,"02-2024":0.609131693,"04-2024":0.6717204362,"06-2024":0.7039952153,"08-2024":0.7004797001,"10-2024":0.6987017463,"12-2024":0.6956764587,"02-2025":0.698901073,"04-2025":0.6865748194,"06-2025":0.6794339623,"08-2025":0.6669708029,"10-2025":0.6549432607,"12-2025":0.6474927141,"02-2026":0.6367041199,"04-2026":0.6452811894,"06-2026":0.62547178,"08-2026":0.6203017923,"10-2026":0.6049244998,"12-2026":0.6044967532,"02-2027":0.5960333168,"04-2027":0.589332985,"06-2027":0.5714285714,"08-2027":0.5538083966,"10-2027":0.5481268657,"12-2027":0.540398293,"02-2028":0.5318893717,"04-2028":0.5189393939,"06-2028":0.5140566595,"08-2028":0.5095059156,"10-2028":0.5107159497,"12-2028":0.5018525536,"02-2029":0.4913435829,"04-2029":0.4931417836,"06-2029":0.4780831392,"08-2029":0.469409802,"10-2029":0.4761866974,"12-2029":0.4630850881,"02-2030":0.4472643098,"04-2030":0.44253663,"06-2030":0.4408496732,"08-2030":0.432742733,"10-2030":0.4264837655,"12-2030":0.4345734644}}