{"median":{"02-2020":0.0561296912,"04-2020":0.0528378586,"06-2020":0.0488346883,"08-2020":0.0461545289,"10-2020":0.0449208897,"12-2020":0.0412528234,"02-2021":0.0357165354,"04-2021":0.0313730315,"06-2021":0.0230769231,"08-2021":0.0192696112,"10-2021":0.015476725,"12-2021":0.0127402892,"02-2022":0.0110500611,"04-2022":0.008,"06-2022":0.007889577,"08-2022":0.0077672539,"10-2022":0.0076045627,"12-2022":0.0073937406,"02-2023":0.0074643494,"04-2023":0.0075761924,"06-2023":0.007844223,"08-2023":0.0096249907,"10-2023":0.007782219,"12-2023":0.015625,"02-2024":0.0154744089,"04-2024":0.0229513472,"06-2024":0.027027027,"08-2024":0.031128876,"10-2024":0.0324769433,"12-2024":0.0429713711,"02-2025":0.0505610526,"04-2025":0.0584022212,"06-2025":0.0737542782,"08-2025":0.0767195767,"10-2025":0.0794557717,"12-2025":0.0986825631,"02-2026":0.0973127776,"04-2026":0.1075797653,"06-2026":0.1248070634,"08-2026":0.1363589426,"10-2026":0.1306920466,"12-2026":0.1555317032,"02-2027":0.1722006974,"04-2027":0.1904967277,"06-2027":0.2029643073,"08-2027":0.2069046195,"10-2027":0.2243170316,"12-2027":0.2502264493,"02-2028":0.2753044345,"04-2028":0.300023802,"06-2028":0.3241942895,"08-2028":0.3368122444,"10-2028":0.377443609,"12-2028":0.3648525388,"02-2029":0.3601441138,"04-2029":0.3602379946,"06-2029":0.3646459734,"08-2029":0.3602120536,"10-2029":0.3653387811,"12-2029":0.3582504557,"02-2030":0.3445550484,"04-2030":0.3423909058,"06-2030":0.3474931678,"08-2030":0.3467164814,"10-2030":0.3479323308,"12-2030":0.3532766719},"percentile_25":{"02-2020":0.0358530038,"04-2020":0.0340224809,"06-2020":0.0305303269,"08-2020":0.0253969105,"10-2020":0.0242186235,"12-2020":0.0217652066,"02-2021":0.0169500579,"04-2021":0.0126186709,"06-2021":0.0084211641,"08-2021":0.0042283863,"10-2021":0.0040322581,"12-2021":0.0037278755,"02-2022":0.0,"04-2022":0.0,"06-2022":0.0,"08-2022":0.0,"10-2022":0.0,"12-2022":0.0,"02-2023":0.0,"04-2023":0.0,"06-2023":0.0,"08-2023":0.0,"10-2023":0.0,"12-2023":0.0,"02-2024":0.0,"04-2024":0.0,"06-2024":0.0,"08-2024":0.0,"10-2024":0.0,"12-2024":0.0,"02-2025":0.0,"04-2025":0.0,"06-2025":0.0,"08-2025":0.0,"10-2025":0.0,"12-2025":0.0,"02-2026":0.0,"04-2026":0.0,"06-2026":0.0,"08-2026":0.0,"10-2026":0.0,"12-2026":0.0,"02-2027":0.0,"04-2027":0.0,"06-2027":0.0,"08-2027":0.0,"10-2027":0.0,"12-2027":0.0,"02-2028":0.0,"04-2028":0.0,"06-2028":0.0,"08-2028":0.0,"10-2028":0.0,"12-2028":0.0,"02-2029":0.0,"04-2029":0.0,"06-2029":0.0,"08-2029":0.0,"10-2029":0.0,"12-2029":0.0,"02-2030":0.0,"04-2030":0.0,"06-2030":0.0,"08-2030":0.0,"10-2030":0.0,"12-2030":0.0},"percentile_75":{"02-2020":0.0891818937,"04-2020":0.0850168496,"06-2020":0.088146711,"08-2020":0.0901375501,"10-2020":0.084436103,"12-2020":0.0782008409,"02-2021":0.0718864469,"04-2021":0.0657638137,"06-2021":0.0601209677,"08-2021":0.0512316766,"10-2021":0.0460436511,"12-2021":0.0381493506,"02-2022":0.0343840484,"04-2022":0.034642094,"06-2022":0.0383881418,"08-2022":0.0439127026,"10-2022":0.0531081187,"12-2022":0.0642857143,"02-2023":0.0749422121,"04-2023":0.0849465649,"06-2023":0.1101508485,"08-2023":0.1331252074,"10-2023":0.1754094765,"12-2023":0.2072891657,"02-2024":0.2515716158,"04-2024":0.3207486116,"06-2024":0.4102056612,"08-2024":0.5042683792,"10-2024":0.5725854787,"12-2024":0.6264772425,"02-2025":0.6352674292,"04-2025":0.6436492007,"06-2025":0.6520869089,"08-2025":0.6470313715,"10-2025":0.633099941,"12-2025":0.6262975779,"02-2026":0.611163522,"04-2026":0.6145451439,"06-2026":0.605076465,"08-2026":0.6075021629,"10-2026":0.6042406187,"12-2026":0.5859173958,"02-2027":0.5803802684,"04-2027":0.5766908714,"06-2027":0.5739383562,"08-2027":0.5736488639,"10-2027":0.5601411182,"12-2027":0.5500974727,"02-2028":0.5308281858,"04-2028":0.5282293944,"06-2028":0.5267180306,"08-2028":0.5155844507,"10-2028":0.5103110957,"12-2028":0.5163636364,"02-2029":0.5077640361,"04-2029":0.5017947167,"06-2029":0.4774598694,"08-2029":0.4624276365,"10-2029":0.4534811711,"12-2029":0.4616083916,"02-2030":0.4560655212,"04-2030":0.4477941176,"06-2030":0.4408813818,"08-2030":0.4349977758,"10-2030":0.4418822402,"12-2030":0.4389956185}}