{"median":{"02-2020":0.0595744681,"04-2020":0.0654997766,"06-2020":0.0718414222,"08-2020":0.0749859883,"10-2020":0.0766100386,"12-2020":0.081893924,"02-2021":0.0767156863,"04-2021":0.0708891077,"06-2021":0.0704124947,"08-2021":0.0594795539,"10-2021":0.0503408337,"12-2021":0.0384048356,"02-2022":0.0332718327,"04-2022":0.0276135197,"06-2022":0.0238682737,"08-2022":0.0177972006,"10-2022":0.0146646075,"12-2022":0.011952381,"02-2023":0.0110906109,"04-2023":0.0080816327,"06-2023":0.0080972987,"08-2023":0.007435047,"10-2023":0.0054341737,"12-2023":0.0038022814,"02-2024":0.0036036153,"04-2024":0.0,"06-2024":0.0,"08-2024":0.0,"10-2024":0.0,"12-2024":0.0,"02-2025":0.0,"04-2025":0.0,"06-2025":0.0,"08-2025":0.0,"10-2025":0.0,"12-2025":0.0,"02-2026":0.0,"04-2026":0.0,"06-2026":0.0,"08-2026":0.0,"10-2026":0.0,"12-2026":0.0,"02-2027":0.0,"04-2027":0.0,"06-2027":0.0,"08-2027":0.0,"10-2027":0.0,"12-2027":0.0,"02-2028":0.0,"04-2028":0.0,"06-2028":0.0,"08-2028":0.0,"10-2028":0.0,"12-2028":0.0,"02-2029":0.0016393443,"04-2029":0.001607717,"06-2029":0.0048701299,"08-2029":0.0048076923,"10-2029":0.0054347826,"12-2029":0.0017985612,"02-2030":0.0018050542,"04-2030":0.0018050542,"06-2030":0.0017793594,"08-2030":0.0,"10-2030":0.0,"12-2030":0.0018181818},"percentile_25":{"02-2020":0.0392156863,"04-2020":0.0382776169,"06-2020":0.0401835483,"08-2020":0.040669145,"10-2020":0.041144778,"12-2020":0.0388338632,"02-2021":0.0361110226,"04-2021":0.0307523617,"06-2021":0.0260731778,"08-2021":0.020284225,"10-2021":0.0161128385,"12-2021":0.01171875,"02-2022":0.0078125,"04-2022":0.0062813332,"06-2022":0.0037174721,"08-2022":0.0,"10-2022":0.0,"12-2022":0.0,"02-2023":0.0,"04-2023":0.0,"06-2023":0.0,"08-2023":0.0,"10-2023":0.0,"12-2023":0.0,"02-2024":0.0,"04-2024":0.0,"06-2024":0.0,"08-2024":0.0,"10-2024":0.0,"12-2024":0.0,"02-2025":0.0,"04-2025":0.0,"06-2025":0.0,"08-2025":0.0,"10-2025":0.0,"12-2025":0.0,"02-2026":0.0,"04-2026":0.0,"06-2026":0.0,"08-2026":0.0,"10-2026":0.0,"12-2026":0.0,"02-2027":0.0,"04-2027":0.0,"06-2027":0.0,"08-2027":0.0,"10-2027":0.0,"12-2027":0.0,"02-2028":0.0,"04-2028":0.0,"06-2028":0.0,"08-2028":0.0,"10-2028":0.0,"12-2028":0.0,"02-2029":0.0,"04-2029":0.0,"06-2029":0.0,"08-2029":0.0,"10-2029":0.0,"12-2029":0.0,"02-2030":0.0,"04-2030":0.0,"06-2030":0.0,"08-2030":0.0,"10-2030":0.0,"12-2030":0.0},"percentile_75":{"02-2020":0.1027151477,"04-2020":0.1143579152,"06-2020":0.1377204885,"08-2020":0.149533195,"10-2020":0.1508730159,"12-2020":0.1581035923,"02-2021":0.1513183786,"04-2021":0.143564119,"06-2021":0.1339600622,"08-2021":0.1197244218,"10-2021":0.1112648221,"12-2021":0.0945161683,"02-2022":0.0836020839,"04-2022":0.0695451549,"06-2022":0.0627542208,"08-2022":0.0530086319,"10-2022":0.045456517,"12-2022":0.0409722222,"02-2023":0.0359650109,"04-2023":0.0329683698,"06-2023":0.0281105793,"08-2023":0.0269064216,"10-2023":0.028283176,"12-2023":0.0286407335,"02-2024":0.0317019628,"04-2024":0.0342891121,"06-2024":0.0445054945,"08-2024":0.0637674372,"10-2024":0.0703863257,"12-2024":0.0884003487,"02-2025":0.1170660108,"04-2025":0.1497262774,"06-2025":0.1806119307,"08-2025":0.2523689848,"10-2025":0.3075670779,"12-2025":0.3852881356,"02-2026":0.4908045977,"04-2026":0.5425613808,"06-2026":0.6184151267,"08-2026":0.6370445449,"10-2026":0.6371644076,"12-2026":0.6383571465,"02-2027":0.6321953782,"04-2027":0.6147692775,"06-2027":0.6100490126,"08-2027":0.6231175515,"10-2027":0.5961761899,"12-2027":0.5966453358,"02-2028":0.5991203404,"04-2028":0.5922621437,"06-2028":0.578994699,"08-2028":0.5738749047,"10-2028":0.557663905,"12-2028":0.5539339438,"02-2029":0.5337144816,"04-2029":0.5198074236,"06-2029":0.5221482611,"08-2029":0.5154922539,"10-2029":0.5033016209,"12-2029":0.5004208754,"02-2030":0.4829655533,"04-2030":0.4837872938,"06-2030":0.4728874199,"08-2030":0.4628898416,"10-2030":0.4586548204,"12-2030":0.457080304}}