{
  "median": {
    "02-2020": 0.0336140388,
    "04-2020": 0.0360367672,
    "06-2020": 0.0377754876,
    "08-2020": 0.0360757663,
    "10-2020": 0.0371996925,
    "12-2020": 0.0366518032,
    "02-2021": 0.0310544954,
    "04-2021": 0.0281165312,
    "06-2021": 0.0253169064,
    "08-2021": 0.0199607956,
    "10-2021": 0.0167364017,
    "12-2021": 0.0137386821,
    "02-2022": 0.011811756,
    "04-2022": 0.0081654419,
    "06-2022": 0.0058377164,
    "08-2022": 0.0040904072,
    "10-2022": 0,
    "12-2022": 0,
    "02-2023": 0,
    "04-2023": 0,
    "06-2023": 0,
    "08-2023": 0,
    "10-2023": 0,
    "12-2023": 0,
    "02-2024": 0,
    "04-2024": 0,
    "06-2024": 0,
    "08-2024": 0,
    "10-2024": 0,
    "12-2024": 0,
    "02-2025": 0,
    "04-2025": 0,
    "06-2025": 0,
    "08-2025": 0,
    "10-2025": 0,
    "12-2025": 0,
    "02-2026": 0,
    "04-2026": 0,
    "06-2026": 0,
    "08-2026": 0,
    "10-2026": 0,
    "12-2026": 0,
    "02-2027": 0,
    "04-2027": 0,
    "06-2027": 0,
    "08-2027": 0,
    "10-2027": 0,
    "12-2027": 0,
    "02-2028": 0,
    "04-2028": 0,
    "06-2028": 0,
    "08-2028": 0,
    "10-2028": 0,
    "12-2028": 0,
    "02-2029": 0,
    "04-2029": 0,
    "06-2029": 0,
    "08-2029": 0,
    "10-2029": 0,
    "12-2029": 0,
    "02-2030": 0,
    "04-2030": 0,
    "06-2030": 0,
    "08-2030": 0,
    "10-2030": 0,
    "12-2030": 0
  },
  "percentile_25": {
    "02-2020": 0.0169326241,
    "04-2020": 0.0157639575,
    "06-2020": 0.0154447009,
    "08-2020": 0.013474026,
    "10-2020": 0.0128205128,
    "12-2020": 0.0119644269,
    "02-2021": 0.0115055572,
    "04-2021": 0.0082761506,
    "06-2021": 0.0078049003,
    "08-2021": 0.0042737364,
    "10-2021": 0.004056845,
    "12-2021": 0.0038388139,
    "02-2022": 0,
    "04-2022": 0,
    "06-2022": 0,
    "08-2022": 0,
    "10-2022": 0,
    "12-2022": 0,
    "02-2023": 0,
    "04-2023": 0,
    "06-2023": 0,
    "08-2023": 0,
    "10-2023": 0,
    "12-2023": 0,
    "02-2024": 0,
    "04-2024": 0,
    "06-2024": 0,
    "08-2024": 0,
    "10-2024": 0,
    "12-2024": 0,
    "02-2025": 0,
    "04-2025": 0,
    "06-2025": 0,
    "08-2025": 0,
    "10-2025": 0,
    "12-2025": 0,
    "02-2026": 0,
    "04-2026": 0,
    "06-2026": 0,
    "08-2026": 0,
    "10-2026": 0,
    "12-2026": 0,
    "02-2027": 0,
    "04-2027": 0,
    "06-2027": 0,
    "08-2027": 0,
    "10-2027": 0,
    "12-2027": 0,
    "02-2028": 0,
    "04-2028": 0,
    "06-2028": 0,
    "08-2028": 0,
    "10-2028": 0,
    "12-2028": 0,
    "02-2029": 0,
    "04-2029": 0,
    "06-2029": 0,
    "08-2029": 0,
    "10-2029": 0,
    "12-2029": 0,
    "02-2030": 0,
    "04-2030": 0,
    "06-2030": 0,
    "08-2030": 0,
    "10-2030": 0,
    "12-2030": 0
  },
  "percentile_75": {
    "02-2020": 0.0655895943,
    "04-2020": 0.0711904762,
    "06-2020": 0.0798412775,
    "08-2020": 0.0780494016,
    "10-2020": 0.0784873188,
    "12-2020": 0.0730305252,
    "02-2021": 0.0691651206,
    "04-2021": 0.0642136092,
    "06-2021": 0.0578007194,
    "08-2021": 0.0507389048,
    "10-2021": 0.0473124872,
    "12-2021": 0.0419796137,
    "02-2022": 0.0373522459,
    "04-2022": 0.0333543873,
    "06-2022": 0.0267959001,
    "08-2022": 0.0224253356,
    "10-2022": 0.0207287089,
    "12-2022": 0.0169500733,
    "02-2023": 0.0164273134,
    "04-2023": 0.0166666667,
    "06-2023": 0.0173598414,
    "08-2023": 0.0202842271,
    "10-2023": 0.0173538252,
    "12-2023": 0.0192868902,
    "02-2024": 0.0241935484,
    "04-2024": 0.0285467274,
    "06-2024": 0.0322377158,
    "08-2024": 0.0416122449,
    "10-2024": 0.0555997206,
    "12-2024": 0.0687865613,
    "02-2025": 0.0827647059,
    "04-2025": 0.0954537612,
    "06-2025": 0.1008198374,
    "08-2025": 0.1149630955,
    "10-2025": 0.1240971108,
    "12-2025": 0.1531007752,
    "02-2026": 0.175501188,
    "04-2026": 0.1920152091,
    "06-2026": 0.2157272325,
    "08-2026": 0.2546869007,
    "10-2026": 0.2705548152,
    "12-2026": 0.3174568877,
    "02-2027": 0.3321202789,
    "04-2027": 0.3690146723,
    "06-2027": 0.3871613531,
    "08-2027": 0.4439606742,
    "10-2027": 0.4597007299,
    "12-2027": 0.4657375925,
    "02-2028": 0.4823670814,
    "04-2028": 0.4948287911,
    "06-2028": 0.4916336241,
    "08-2028": 0.5046525033,
    "10-2028": 0.5040536265,
    "12-2028": 0.4844525738,
    "02-2029": 0.4730769231,
    "04-2029": 0.478665406,
    "06-2029": 0.4740280579,
    "08-2029": 0.4704345153,
    "10-2029": 0.4643994636,
    "12-2029": 0.4604755747,
    "02-2030": 0.4553329936,
    "04-2030": 0.4650893261,
    "06-2030": 0.4527075253,
    "08-2030": 0.4315027811,
    "10-2030": 0.4476536682,
    "12-2030": 0.4477437456
  }
}
