{
  "median": {
    "02-2020": 0.0344087613,
    "04-2020": 0.0311047767,
    "06-2020": 0.0274577366,
    "08-2020": 0.024750791,
    "10-2020": 0.0218344775,
    "12-2020": 0.0213675214,
    "02-2021": 0.0187617921,
    "04-2021": 0.0156862745,
    "06-2021": 0.0127389109,
    "08-2021": 0.0086771571,
    "10-2021": 0.0080983607,
    "12-2021": 0.0045272042,
    "02-2022": 0.0041322314,
    "04-2022": 0.0038987688,
    "06-2022": 0,
    "08-2022": 0,
    "10-2022": 0,
    "12-2022": 0,
    "02-2023": 0,
    "04-2023": 0,
    "06-2023": 0,
    "08-2023": 0,
    "10-2023": 0,
    "12-2023": 0,
    "02-2024": 0,
    "04-2024": 0,
    "06-2024": 0,
    "08-2024": 0,
    "10-2024": 0,
    "12-2024": 0,
    "02-2025": 0,
    "04-2025": 0,
    "06-2025": 0,
    "08-2025": 0,
    "10-2025": 0,
    "12-2025": 0,
    "02-2026": 0,
    "04-2026": 0,
    "06-2026": 0,
    "08-2026": 0,
    "10-2026": 0,
    "12-2026": 0,
    "02-2027": 0,
    "04-2027": 0,
    "06-2027": 0,
    "08-2027": 0,
    "10-2027": 0,
    "12-2027": 0,
    "02-2028": 0,
    "04-2028": 0,
    "06-2028": 0,
    "08-2028": 0,
    "10-2028": 0,
    "12-2028": 0,
    "02-2029": 0,
    "04-2029": 0,
    "06-2029": 0,
    "08-2029": 0,
    "10-2029": 0,
    "12-2029": 0,
    "02-2030": 0,
    "04-2030": 0,
    "06-2030": 0,
    "08-2030": 0,
    "10-2030": 0,
    "12-2030": 0
  },
  "percentile_25": {
    "02-2020": 0.0155382908,
    "04-2020": 0.0146136412,
    "06-2020": 0.0126984553,
    "08-2020": 0.0085106383,
    "10-2020": 0.0083858543,
    "12-2020": 0.0042918455,
    "02-2021": 0.004145091,
    "04-2021": 0.0026223776,
    "06-2021": 0,
    "08-2021": 0,
    "10-2021": 0,
    "12-2021": 0,
    "02-2022": 0,
    "04-2022": 0,
    "06-2022": 0,
    "08-2022": 0,
    "10-2022": 0,
    "12-2022": 0,
    "02-2023": 0,
    "04-2023": 0,
    "06-2023": 0,
    "08-2023": 0,
    "10-2023": 0,
    "12-2023": 0,
    "02-2024": 0,
    "04-2024": 0,
    "06-2024": 0,
    "08-2024": 0,
    "10-2024": 0,
    "12-2024": 0,
    "02-2025": 0,
    "04-2025": 0,
    "06-2025": 0,
    "08-2025": 0,
    "10-2025": 0,
    "12-2025": 0,
    "02-2026": 0,
    "04-2026": 0,
    "06-2026": 0,
    "08-2026": 0,
    "10-2026": 0,
    "12-2026": 0,
    "02-2027": 0,
    "04-2027": 0,
    "06-2027": 0,
    "08-2027": 0,
    "10-2027": 0,
    "12-2027": 0,
    "02-2028": 0,
    "04-2028": 0,
    "06-2028": 0,
    "08-2028": 0,
    "10-2028": 0,
    "12-2028": 0,
    "02-2029": 0,
    "04-2029": 0,
    "06-2029": 0,
    "08-2029": 0,
    "10-2029": 0,
    "12-2029": 0,
    "02-2030": 0,
    "04-2030": 0,
    "06-2030": 0,
    "08-2030": 0,
    "10-2030": 0,
    "12-2030": 0
  },
  "percentile_75": {
    "02-2020": 0.0580912863,
    "04-2020": 0.058690239,
    "06-2020": 0.0603016906,
    "08-2020": 0.057688641,
    "10-2020": 0.0588235294,
    "12-2020": 0.0550281294,
    "02-2021": 0.0473124872,
    "04-2021": 0.0448525814,
    "06-2021": 0.0373832988,
    "08-2021": 0.0326388889,
    "10-2021": 0.0308553088,
    "12-2021": 0.0289309456,
    "02-2022": 0.02695088,
    "04-2022": 0.0218190537,
    "06-2022": 0.0163474297,
    "08-2022": 0.0172413793,
    "10-2022": 0.0174512987,
    "12-2022": 0.0202650007,
    "02-2023": 0.0205555745,
    "04-2023": 0.0203262192,
    "06-2023": 0.021885016,
    "08-2023": 0.0238332385,
    "10-2023": 0.0247904405,
    "12-2023": 0.0316946325,
    "02-2024": 0.0366230417,
    "04-2024": 0.0368274385,
    "06-2024": 0.0371576053,
    "08-2024": 0.0339262635,
    "10-2024": 0.0465156143,
    "12-2024": 0.0491381318,
    "02-2025": 0.0487013979,
    "04-2025": 0.0524615385,
    "06-2025": 0.0593512767,
    "08-2025": 0.0716301461,
    "10-2025": 0.0826771654,
    "12-2025": 0.0992089141,
    "02-2026": 0.1255521201,
    "04-2026": 0.1460075337,
    "06-2026": 0.1726618705,
    "08-2026": 0.2005823125,
    "10-2026": 0.2576363264,
    "12-2026": 0.3205275469,
    "02-2027": 0.344795539,
    "04-2027": 0.3540445665,
    "06-2027": 0.3655348837,
    "08-2027": 0.3892147944,
    "10-2027": 0.4311023622,
    "12-2027": 0.4439899114,
    "02-2028": 0.4279411765,
    "04-2028": 0.4462714376,
    "06-2028": 0.45625,
    "08-2028": 0.4416867419,
    "10-2028": 0.4436733068,
    "12-2028": 0.4683872061,
    "02-2029": 0.4712309313,
    "04-2029": 0.4617090116,
    "06-2029": 0.4637110833,
    "08-2029": 0.4596774194,
    "10-2029": 0.4454895105,
    "12-2029": 0.4526980874,
    "02-2030": 0.4300430798,
    "04-2030": 0.434146273,
    "06-2030": 0.4086852899,
    "08-2030": 0.4020511583,
    "10-2030": 0.4098445786,
    "12-2030": 0.4003584229
  }
}
