{
  "median": {
    "02-2020": 0.0344087613,
    "04-2020": 0.0311047767,
    "06-2020": 0.0274577366,
    "08-2020": 0.024750791,
    "10-2020": 0.0218344775,
    "12-2020": 0.0213675214,
    "02-2021": 0.0187617921,
    "04-2021": 0.0156862745,
    "06-2021": 0.0127389109,
    "08-2021": 0.0086771571,
    "10-2021": 0.0080983607,
    "12-2021": 0.0045272042,
    "02-2022": 0.0041322314,
    "04-2022": 0.0038987688,
    "06-2022": 0,
    "08-2022": 0,
    "10-2022": 0,
    "12-2022": 0,
    "02-2023": 0,
    "04-2023": 0,
    "06-2023": 0,
    "08-2023": 0,
    "10-2023": 0,
    "12-2023": 0,
    "02-2024": 0,
    "04-2024": 0,
    "06-2024": 0,
    "08-2024": 0,
    "10-2024": 0,
    "12-2024": 0,
    "02-2025": 0,
    "04-2025": 0,
    "06-2025": 0,
    "08-2025": 0,
    "10-2025": 0,
    "12-2025": 0,
    "02-2026": 0,
    "04-2026": 0,
    "06-2026": 0,
    "08-2026": 0,
    "10-2026": 0,
    "12-2026": 0,
    "02-2027": 0,
    "04-2027": 0,
    "06-2027": 0,
    "08-2027": 0,
    "10-2027": 0,
    "12-2027": 0,
    "02-2028": 0,
    "04-2028": 0,
    "06-2028": 0,
    "08-2028": 0,
    "10-2028": 0,
    "12-2028": 0,
    "02-2029": 0,
    "04-2029": 0,
    "06-2029": 0,
    "08-2029": 0,
    "10-2029": 0,
    "12-2029": 0,
    "02-2030": 0,
    "04-2030": 0,
    "06-2030": 0,
    "08-2030": 0,
    "10-2030": 0,
    "12-2030": 0
  },
  "percentile_25": {
    "02-2020": 0.0155382908,
    "04-2020": 0.0146136412,
    "06-2020": 0.0126984553,
    "08-2020": 0.0085106383,
    "10-2020": 0.0083858543,
    "12-2020": 0.0042918455,
    "02-2021": 0.004145091,
    "04-2021": 0.0026223776,
    "06-2021": 0,
    "08-2021": 0,
    "10-2021": 0,
    "12-2021": 0,
    "02-2022": 0,
    "04-2022": 0,
    "06-2022": 0,
    "08-2022": 0,
    "10-2022": 0,
    "12-2022": 0,
    "02-2023": 0,
    "04-2023": 0,
    "06-2023": 0,
    "08-2023": 0,
    "10-2023": 0,
    "12-2023": 0,
    "02-2024": 0,
    "04-2024": 0,
    "06-2024": 0,
    "08-2024": 0,
    "10-2024": 0,
    "12-2024": 0,
    "02-2025": 0,
    "04-2025": 0,
    "06-2025": 0,
    "08-2025": 0,
    "10-2025": 0,
    "12-2025": 0,
    "02-2026": 0,
    "04-2026": 0,
    "06-2026": 0,
    "08-2026": 0,
    "10-2026": 0,
    "12-2026": 0,
    "02-2027": 0,
    "04-2027": 0,
    "06-2027": 0,
    "08-2027": 0,
    "10-2027": 0,
    "12-2027": 0,
    "02-2028": 0,
    "04-2028": 0,
    "06-2028": 0,
    "08-2028": 0,
    "10-2028": 0,
    "12-2028": 0,
    "02-2029": 0,
    "04-2029": 0,
    "06-2029": 0,
    "08-2029": 0,
    "10-2029": 0,
    "12-2029": 0,
    "02-2030": 0,
    "04-2030": 0,
    "06-2030": 0,
    "08-2030": 0,
    "10-2030": 0,
    "12-2030": 0
  },
  "percentile_75": {
    "02-2020": 0.0580912863,
    "04-2020": 0.058690239,
    "06-2020": 0.0603016906,
    "08-2020": 0.057688641,
    "10-2020": 0.0588235294,
    "12-2020": 0.0550281294,
    "02-2021": 0.0473124872,
    "04-2021": 0.0448525814,
    "06-2021": 0.0373832988,
    "08-2021": 0.0326388889,
    "10-2021": 0.0308553088,
    "12-2021": 0.0289309456,
    "02-2022": 0.02695088,
    "04-2022": 0.0218190537,
    "06-2022": 0.0167539819,
    "08-2022": 0.0163298494,
    "10-2022": 0.01571875,
    "12-2022": 0.0147062939,
    "02-2023": 0.0119010957,
    "04-2023": 0.0110184966,
    "06-2023": 0.0087051452,
    "08-2023": 0.0081551741,
    "10-2023": 0.0080422113,
    "12-2023": 0.0086300194,
    "02-2024": 0.008501855,
    "04-2024": 0.0121874051,
    "06-2024": 0.0130814179,
    "08-2024": 0.0153284127,
    "10-2024": 0.015689216,
    "12-2024": 0.0190972222,
    "02-2025": 0.024147541,
    "04-2025": 0.0282271945,
    "06-2025": 0.0292154792,
    "08-2025": 0.0317112299,
    "10-2025": 0.0409335288,
    "12-2025": 0.0494821451,
    "02-2026": 0.0539256198,
    "04-2026": 0.0567146669,
    "06-2026": 0.0666913319,
    "08-2026": 0.082420404,
    "10-2026": 0.1003449438,
    "12-2026": 0.1048106843,
    "02-2027": 0.1011683374,
    "04-2027": 0.1095778992,
    "06-2027": 0.145724277,
    "08-2027": 0.1792780098,
    "10-2027": 0.1788785816,
    "12-2027": 0.1861907624,
    "02-2028": 0.1992333256,
    "04-2028": 0.2090839767,
    "06-2028": 0.2313909774,
    "08-2028": 0.2717400064,
    "10-2028": 0.3007833856,
    "12-2028": 0.3144912218,
    "02-2029": 0.3372498759,
    "04-2029": 0.3425263047,
    "06-2029": 0.3529645134,
    "08-2029": 0.3545075758,
    "10-2029": 0.4002067003,
    "12-2029": 0.4156761178,
    "02-2030": 0.4027436024,
    "04-2030": 0.3973602733,
    "06-2030": 0.401033924,
    "08-2030": 0.4142085301,
    "10-2030": 0.4037769784,
    "12-2030": 0.4083781362
  }
}
