{
  "median": {
    "02-2020": 0.0336140388,
    "04-2020": 0.0360367672,
    "06-2020": 0.0377754876,
    "08-2020": 0.0360757663,
    "10-2020": 0.0371996925,
    "12-2020": 0.0366518032,
    "02-2021": 0.0310544954,
    "04-2021": 0.0281165312,
    "06-2021": 0.0253169064,
    "08-2021": 0.0199607956,
    "10-2021": 0.0167364017,
    "12-2021": 0.0137386821,
    "02-2022": 0.011811756,
    "04-2022": 0.0081654419,
    "06-2022": 0.0073090055,
    "08-2022": 0.0039921591,
    "10-2022": 0,
    "12-2022": 0,
    "02-2023": 0,
    "04-2023": 0,
    "06-2023": 0,
    "08-2023": 0,
    "10-2023": 0,
    "12-2023": 0,
    "02-2024": 0,
    "04-2024": 0,
    "06-2024": 0,
    "08-2024": 0,
    "10-2024": 0,
    "12-2024": 0,
    "02-2025": 0,
    "04-2025": 0,
    "06-2025": 0,
    "08-2025": 0,
    "10-2025": 0,
    "12-2025": 0,
    "02-2026": 0,
    "04-2026": 0,
    "06-2026": 0,
    "08-2026": 0,
    "10-2026": 0,
    "12-2026": 0,
    "02-2027": 0,
    "04-2027": 0,
    "06-2027": 0,
    "08-2027": 0,
    "10-2027": 0,
    "12-2027": 0,
    "02-2028": 0,
    "04-2028": 0,
    "06-2028": 0,
    "08-2028": 0,
    "10-2028": 0,
    "12-2028": 0,
    "02-2029": 0,
    "04-2029": 0,
    "06-2029": 0,
    "08-2029": 0,
    "10-2029": 0,
    "12-2029": 0,
    "02-2030": 0,
    "04-2030": 0,
    "06-2030": 0,
    "08-2030": 0,
    "10-2030": 0,
    "12-2030": 0
  },
  "percentile_25": {
    "02-2020": 0.0169326241,
    "04-2020": 0.0157639575,
    "06-2020": 0.0154447009,
    "08-2020": 0.013474026,
    "10-2020": 0.0128205128,
    "12-2020": 0.0119644269,
    "02-2021": 0.0115055572,
    "04-2021": 0.0082761506,
    "06-2021": 0.0078049003,
    "08-2021": 0.0042737364,
    "10-2021": 0.004056845,
    "12-2021": 0.0038388139,
    "02-2022": 0,
    "04-2022": 0,
    "06-2022": 0,
    "08-2022": 0,
    "10-2022": 0,
    "12-2022": 0,
    "02-2023": 0,
    "04-2023": 0,
    "06-2023": 0,
    "08-2023": 0,
    "10-2023": 0,
    "12-2023": 0,
    "02-2024": 0,
    "04-2024": 0,
    "06-2024": 0,
    "08-2024": 0,
    "10-2024": 0,
    "12-2024": 0,
    "02-2025": 0,
    "04-2025": 0,
    "06-2025": 0,
    "08-2025": 0,
    "10-2025": 0,
    "12-2025": 0,
    "02-2026": 0,
    "04-2026": 0,
    "06-2026": 0,
    "08-2026": 0,
    "10-2026": 0,
    "12-2026": 0,
    "02-2027": 0,
    "04-2027": 0,
    "06-2027": 0,
    "08-2027": 0,
    "10-2027": 0,
    "12-2027": 0,
    "02-2028": 0,
    "04-2028": 0,
    "06-2028": 0,
    "08-2028": 0,
    "10-2028": 0,
    "12-2028": 0,
    "02-2029": 0,
    "04-2029": 0,
    "06-2029": 0,
    "08-2029": 0,
    "10-2029": 0,
    "12-2029": 0,
    "02-2030": 0,
    "04-2030": 0,
    "06-2030": 0,
    "08-2030": 0,
    "10-2030": 0,
    "12-2030": 0
  },
  "percentile_75": {
    "02-2020": 0.0655895943,
    "04-2020": 0.0711904762,
    "06-2020": 0.0798412775,
    "08-2020": 0.0780494016,
    "10-2020": 0.0784873188,
    "12-2020": 0.0730305252,
    "02-2021": 0.0691651206,
    "04-2021": 0.0642136092,
    "06-2021": 0.0578007194,
    "08-2021": 0.0507389048,
    "10-2021": 0.0473124872,
    "12-2021": 0.0419796137,
    "02-2022": 0.0373522459,
    "04-2022": 0.0333543873,
    "06-2022": 0.0265652174,
    "08-2022": 0.0223755459,
    "10-2022": 0.0212279088,
    "12-2022": 0.0225955204,
    "02-2023": 0.0245952039,
    "04-2023": 0.0225191475,
    "06-2023": 0.0292231882,
    "08-2023": 0.0394298087,
    "10-2023": 0.0437307692,
    "12-2023": 0.0514466762,
    "02-2024": 0.0529052621,
    "04-2024": 0.0612337662,
    "06-2024": 0.0696645391,
    "08-2024": 0.0777170788,
    "10-2024": 0.0877862595,
    "12-2024": 0.1089607635,
    "02-2025": 0.1184365272,
    "04-2025": 0.143728223,
    "06-2025": 0.1693718951,
    "08-2025": 0.2033509455,
    "10-2025": 0.2166803818,
    "12-2025": 0.2459411274,
    "02-2026": 0.2829068241,
    "04-2026": 0.3340587687,
    "06-2026": 0.369193861,
    "08-2026": 0.3805033476,
    "10-2026": 0.4589208917,
    "12-2026": 0.4855769231,
    "02-2027": 0.4764673349,
    "04-2027": 0.4976861001,
    "06-2027": 0.4825013029,
    "08-2027": 0.4848870896,
    "10-2027": 0.496124031,
    "12-2027": 0.5042933239,
    "02-2028": 0.4915705958,
    "04-2028": 0.4766510493,
    "06-2028": 0.4760108974,
    "08-2028": 0.4691068706,
    "10-2028": 0.4509120879,
    "12-2028": 0.4672339265,
    "02-2029": 0.4861516626,
    "04-2029": 0.4549118046,
    "06-2029": 0.4714137214,
    "08-2029": 0.4723172033,
    "10-2029": 0.470855813,
    "12-2029": 0.4506611275,
    "02-2030": 0.4649964489,
    "04-2030": 0.4546796109,
    "06-2030": 0.4610171691,
    "08-2030": 0.4551500879,
    "10-2030": 0.4616405832,
    "12-2030": 0.4660104083
  }
}
