{
  "median": {
    "02-2020": 0.0344087613,
    "04-2020": 0.0311047767,
    "06-2020": 0.0279043913,
    "08-2020": 0.0273370803,
    "10-2020": 0.0272955306,
    "12-2020": 0.0260334312,
    "02-2021": 0.028340081,
    "04-2021": 0.0291219995,
    "06-2021": 0.0299167154,
    "08-2021": 0.0336348219,
    "10-2021": 0.0344087613,
    "12-2021": 0.0372685185,
    "02-2022": 0.037991593,
    "04-2022": 0.0414123054,
    "06-2022": 0.0512161527,
    "08-2022": 0.0509225399,
    "10-2022": 0.0582813571,
    "12-2022": 0.0574923637,
    "02-2023": 0.0608530336,
    "04-2023": 0.0710061934,
    "06-2023": 0.0843576142,
    "08-2023": 0.0941351541,
    "10-2023": 0.1023831181,
    "12-2023": 0.1080830952,
    "02-2024": 0.1120621802,
    "04-2024": 0.1187597251,
    "06-2024": 0.1286086608,
    "08-2024": 0.1471716827,
    "10-2024": 0.1566976384,
    "12-2024": 0.1743548957,
    "02-2025": 0.1953782772,
    "04-2025": 0.2047794118,
    "06-2025": 0.225101775,
    "08-2025": 0.2337710084,
    "10-2025": 0.2392689863,
    "12-2025": 0.2485059761,
    "02-2026": 0.2796276205,
    "04-2026": 0.2967837186,
    "06-2026": 0.2986070947,
    "08-2026": 0.335443038,
    "10-2026": 0.3448336638,
    "12-2026": 0.3561117769,
    "02-2027": 0.3687285668,
    "04-2027": 0.3889513277,
    "06-2027": 0.400005487,
    "08-2027": 0.4096882733,
    "10-2027": 0.4152681212,
    "12-2027": 0.4173982968,
    "02-2028": 0.4155791778,
    "04-2028": 0.4210453503,
    "06-2028": 0.4183333333,
    "08-2028": 0.4287247885,
    "10-2028": 0.4242893687,
    "12-2028": 0.4254083426,
    "02-2029": 0.421664269,
    "04-2029": 0.418210353,
    "06-2029": 0.4127420199,
    "08-2029": 0.404425573,
    "10-2029": 0.4154929577,
    "12-2029": 0.4027762468,
    "02-2030": 0.3996553092,
    "04-2030": 0.3969168622,
    "06-2030": 0.3953054947,
    "08-2030": 0.3883946224,
    "10-2030": 0.3904345702,
    "12-2030": 0.3833600856
  },
  "percentile_25": {
    "02-2020": 0.0155382908,
    "04-2020": 0.0146136412,
    "06-2020": 0.0124614198,
    "08-2020": 0.0102195068,
    "10-2020": 0.0084388186,
    "12-2020": 0.0075757576,
    "02-2021": 0.0076555234,
    "04-2021": 0.00430572,
    "06-2021": 0.0042965884,
    "08-2021": 0.0074767136,
    "10-2021": 0.0076560232,
    "12-2021": 0.0076953119,
    "02-2022": 0.0078979062,
    "04-2022": 0.008325331,
    "06-2022": 0.0082732467,
    "08-2022": 0.0113910724,
    "10-2022": 0.0118050525,
    "12-2022": 0.0115561094,
    "02-2023": 0.0118021346,
    "04-2023": 0.0120481928,
    "06-2023": 0.0151762916,
    "08-2023": 0.0174893633,
    "10-2023": 0.0168785311,
    "12-2023": 0.015594719,
    "02-2024": 0.0125800906,
    "04-2024": 0.0140010592,
    "06-2024": 0.0142781955,
    "08-2024": 0.0144680686,
    "10-2024": 0.0155491207,
    "12-2024": 0.015936255,
    "02-2025": 0.0158417698,
    "04-2025": 0.0170797539,
    "06-2025": 0.0207362235,
    "08-2025": 0.0209248256,
    "10-2025": 0.0205515527,
    "12-2025": 0.0232789584,
    "02-2026": 0.0231236786,
    "04-2026": 0.0221813725,
    "06-2026": 0.0270255864,
    "08-2026": 0.0232312413,
    "10-2026": 0.0269455807,
    "12-2026": 0.0283882784,
    "02-2027": 0.0296415094,
    "04-2027": 0.0314663117,
    "06-2027": 0.0360399557,
    "08-2027": 0.0383672881,
    "10-2027": 0.0409050396,
    "12-2027": 0.0434782609,
    "02-2028": 0.0455960015,
    "04-2028": 0.0477941176,
    "06-2028": 0.0488337753,
    "08-2028": 0.0495026362,
    "10-2028": 0.0587521174,
    "12-2028": 0.0631053153,
    "02-2029": 0.0664715313,
    "04-2029": 0.0651809744,
    "06-2029": 0.0714918105,
    "08-2029": 0.0642601126,
    "10-2029": 0.0795256917,
    "12-2029": 0.0747741841,
    "02-2030": 0.0781497036,
    "04-2030": 0.087109375,
    "06-2030": 0.0906155015,
    "08-2030": 0.0973661551,
    "10-2030": 0.0950730041,
    "12-2030": 0.1035944807
  },
  "percentile_75": {
    "02-2020": 0.0580912863,
    "04-2020": 0.058690239,
    "06-2020": 0.0604039866,
    "08-2020": 0.0621428338,
    "10-2020": 0.0671715533,
    "12-2020": 0.0735801732,
    "02-2021": 0.0735054998,
    "04-2021": 0.0764010075,
    "06-2021": 0.0854007786,
    "08-2021": 0.0902636054,
    "10-2021": 0.0960210881,
    "12-2021": 0.1104549431,
    "02-2022": 0.1242131148,
    "04-2022": 0.1389020122,
    "06-2022": 0.1670591624,
    "08-2022": 0.2056962025,
    "10-2022": 0.2391400709,
    "12-2022": 0.2511574074,
    "02-2023": 0.2874184969,
    "04-2023": 0.3146210339,
    "06-2023": 0.3417117117,
    "08-2023": 0.3518494275,
    "10-2023": 0.3878163265,
    "12-2023": 0.4501411226,
    "02-2024": 0.484804878,
    "04-2024": 0.5209113205,
    "06-2024": 0.533323522,
    "08-2024": 0.5380138542,
    "10-2024": 0.5513565891,
    "12-2024": 0.5538928623,
    "02-2025": 0.5538517401,
    "04-2025": 0.5636978858,
    "06-2025": 0.5818035904,
    "08-2025": 0.5772235577,
    "10-2025": 0.5710578349,
    "12-2025": 0.5679612726,
    "02-2026": 0.5618206522,
    "04-2026": 0.5492647059,
    "06-2026": 0.5618855807,
    "08-2026": 0.5572765651,
    "10-2026": 0.5516626427,
    "12-2026": 0.5478790236,
    "02-2027": 0.5419724925,
    "04-2027": 0.5472091337,
    "06-2027": 0.5340448349,
    "08-2027": 0.5245426829,
    "10-2027": 0.5171430444,
    "12-2027": 0.5061674205,
    "02-2028": 0.5071678322,
    "04-2028": 0.4985955056,
    "06-2028": 0.488852355,
    "08-2028": 0.4931488332,
    "10-2028": 0.4981616907,
    "12-2028": 0.4960526316,
    "02-2029": 0.4919152575,
    "04-2029": 0.4930220075,
    "06-2029": 0.488714372,
    "08-2029": 0.4827164128,
    "10-2029": 0.4724253606,
    "12-2029": 0.4728682171,
    "02-2030": 0.4758617241,
    "04-2030": 0.4683530489,
    "06-2030": 0.4585012285,
    "08-2030": 0.4583751696,
    "10-2030": 0.4523763399,
    "12-2030": 0.4472344412
  }
}
