{
  "median": {
    "02-2020": 0.0336140388,
    "04-2020": 0.0360367672,
    "06-2020": 0.0377754876,
    "08-2020": 0.0360757663,
    "10-2020": 0.0371996925,
    "12-2020": 0.0366518032,
    "02-2021": 0.0310544954,
    "04-2021": 0.0281165312,
    "06-2021": 0.0253169064,
    "08-2021": 0.0199607956,
    "10-2021": 0.0167364017,
    "12-2021": 0.0137386821,
    "02-2022": 0.0116959509,
    "04-2022": 0.0082667213,
    "06-2022": 0.0080163218,
    "08-2022": 0.0043010952,
    "10-2022": 0.0041169694,
    "12-2022": 0.0019083969,
    "02-2023": 0,
    "04-2023": 0,
    "06-2023": 0,
    "08-2023": 0,
    "10-2023": 0,
    "12-2023": 0,
    "02-2024": 0,
    "04-2024": 0,
    "06-2024": 0,
    "08-2024": 0,
    "10-2024": 0,
    "12-2024": 0,
    "02-2025": 0,
    "04-2025": 0,
    "06-2025": 0,
    "08-2025": 0,
    "10-2025": 0,
    "12-2025": 0,
    "02-2026": 0,
    "04-2026": 0,
    "06-2026": 0,
    "08-2026": 0.0019083969,
    "10-2026": 0.0019083969,
    "12-2026": 0.0039379845,
    "02-2027": 0.0059244612,
    "04-2027": 0.0041160594,
    "06-2027": 0.0038686022,
    "08-2027": 0.0041461075,
    "10-2027": 0.0041428913,
    "12-2027": 0.0038760272,
    "02-2028": 0.00390625,
    "04-2028": 0.0038836269,
    "06-2028": 0.0038987688,
    "08-2028": 0.0038463814,
    "10-2028": 0.0038762019,
    "12-2028": 0.0054999382,
    "02-2029": 0.0058595531,
    "04-2029": 0.0057959109,
    "06-2029": 0.0037813805,
    "08-2029": 0.0055734069,
    "10-2029": 0.0056820688,
    "12-2029": 0.0057076279,
    "02-2030": 0.0055697361,
    "04-2030": 0.0037593985,
    "06-2030": 0.0037039069,
    "08-2030": 0.0038726592,
    "10-2030": 0.005608529,
    "12-2030": 0.0036833537
  },
  "percentile_25": {
    "02-2020": 0.0169326241,
    "04-2020": 0.0157639575,
    "06-2020": 0.0154447009,
    "08-2020": 0.013474026,
    "10-2020": 0.0128205128,
    "12-2020": 0.0119644269,
    "02-2021": 0.0115055572,
    "04-2021": 0.0082761506,
    "06-2021": 0.0078049003,
    "08-2021": 0.0042737364,
    "10-2021": 0.004056845,
    "12-2021": 0.0038388139,
    "02-2022": 0,
    "04-2022": 0,
    "06-2022": 0,
    "08-2022": 0,
    "10-2022": 0,
    "12-2022": 0,
    "02-2023": 0,
    "04-2023": 0,
    "06-2023": 0,
    "08-2023": 0,
    "10-2023": 0,
    "12-2023": 0,
    "02-2024": 0,
    "04-2024": 0,
    "06-2024": 0,
    "08-2024": 0,
    "10-2024": 0,
    "12-2024": 0,
    "02-2025": 0,
    "04-2025": 0,
    "06-2025": 0,
    "08-2025": 0,
    "10-2025": 0,
    "12-2025": 0,
    "02-2026": 0,
    "04-2026": 0,
    "06-2026": 0,
    "08-2026": 0,
    "10-2026": 0,
    "12-2026": 0,
    "02-2027": 0,
    "04-2027": 0,
    "06-2027": 0,
    "08-2027": 0,
    "10-2027": 0,
    "12-2027": 0,
    "02-2028": 0,
    "04-2028": 0,
    "06-2028": 0,
    "08-2028": 0,
    "10-2028": 0,
    "12-2028": 0,
    "02-2029": 0,
    "04-2029": 0,
    "06-2029": 0,
    "08-2029": 0,
    "10-2029": 0,
    "12-2029": 0,
    "02-2030": 0,
    "04-2030": 0,
    "06-2030": 0,
    "08-2030": 0,
    "10-2030": 0,
    "12-2030": 0
  },
  "percentile_75": {
    "02-2020": 0.0655895943,
    "04-2020": 0.0711904762,
    "06-2020": 0.0798412775,
    "08-2020": 0.0780494016,
    "10-2020": 0.0784873188,
    "12-2020": 0.0730305252,
    "02-2021": 0.0691651206,
    "04-2021": 0.0642136092,
    "06-2021": 0.0578007194,
    "08-2021": 0.0507389048,
    "10-2021": 0.0473124872,
    "12-2021": 0.0419796137,
    "02-2022": 0.0399397645,
    "04-2022": 0.0404045371,
    "06-2022": 0.0365152626,
    "08-2022": 0.0317521285,
    "10-2022": 0.0386835636,
    "12-2022": 0.0490341462,
    "02-2023": 0.0466006128,
    "04-2023": 0.0524107756,
    "06-2023": 0.0566706021,
    "08-2023": 0.0634439359,
    "10-2023": 0.0733402601,
    "12-2023": 0.088797086,
    "02-2024": 0.1078586809,
    "04-2024": 0.1357649443,
    "06-2024": 0.1695062476,
    "08-2024": 0.1910289522,
    "10-2024": 0.2206187023,
    "12-2024": 0.2525009527,
    "02-2025": 0.2715307264,
    "04-2025": 0.289448115,
    "06-2025": 0.3275093809,
    "08-2025": 0.3633180212,
    "10-2025": 0.3853029278,
    "12-2025": 0.4166288068,
    "02-2026": 0.4466727637,
    "04-2026": 0.4829696316,
    "06-2026": 0.5075638862,
    "08-2026": 0.5291397707,
    "10-2026": 0.5319562524,
    "12-2026": 0.5478851559,
    "02-2027": 0.5330061258,
    "04-2027": 0.5412549407,
    "06-2027": 0.5301153324,
    "08-2027": 0.5216641613,
    "10-2027": 0.5159715363,
    "12-2027": 0.4954560027,
    "02-2028": 0.4815930388,
    "04-2028": 0.4917352879,
    "06-2028": 0.498135548,
    "08-2028": 0.4831486448,
    "10-2028": 0.470073785,
    "12-2028": 0.4610305746,
    "02-2029": 0.4731633535,
    "04-2029": 0.4695804396,
    "06-2029": 0.4838638373,
    "08-2029": 0.4732118275,
    "10-2029": 0.4741604478,
    "12-2029": 0.4591451432,
    "02-2030": 0.4451373447,
    "04-2030": 0.4408210403,
    "06-2030": 0.429092805,
    "08-2030": 0.4326585695,
    "10-2030": 0.4305076375,
    "12-2030": 0.4344633863
  }
}
