{"median":{"02-2015":0.3739176627,"04-2015":0.3799293155,"06-2015":0.3795803615,"08-2015":0.3843959582,"10-2015":0.3809912854,"12-2015":0.3820195033,"02-2016":0.3466327108,"04-2016":0.3047827744,"06-2016":0.2591117013,"08-2016":0.2182971954,"10-2016":0.205802969,"12-2016":0.181101915,"02-2017":0.1614946876,"04-2017":0.1311801495,"06-2017":0.1153054764,"08-2017":0.1085646936,"10-2017":0.1076480687,"12-2017":0.1047030959,"02-2018":0.0965336134,"04-2018":0.0903318674,"06-2018":0.082831748,"08-2018":0.0775352001,"10-2018":0.0777036093,"12-2018":0.0781450872,"02-2019":0.0752259669,"04-2019":0.0678210678,"06-2019":0.062370332,"08-2019":0.0581240564,"10-2019":0.055780434,"12-2019":0.0551181102},"percentile_25":{"02-2015":0.3100368163,"04-2015":0.3045407725,"06-2015":0.2879060842,"08-2015":0.2880493177,"10-2015":0.2932216155,"12-2015":0.3018390567,"02-2016":0.2810864186,"04-2016":0.245106383,"06-2016":0.2036019694,"08-2016":0.1824850161,"10-2016":0.1563913043,"12-2016":0.1266259499,"02-2017":0.1087616595,"04-2017":0.090815563,"06-2017":0.0793774957,"08-2017":0.0756295274,"10-2017":0.0741953744,"12-2017":0.0703225971,"02-2018":0.0632593437,"04-2018":0.0604921394,"06-2018":0.0539528738,"08-2018":0.0494179224,"10-2018":0.0480424593,"12-2018":0.0430951287,"02-2019":0.0384914273,"04-2019":0.0367365151,"06-2019":0.0331227437,"08-2019":0.0323267518,"10-2019":0.0331382018,"12-2019":0.0300108213},"percentile_75":{"02-2015":0.4412062396,"04-2015":0.4382591093,"06-2015":0.4467945831,"08-2015":0.4553874653,"10-2015":0.4454919468,"12-2015":0.4486482213,"02-2016":0.4052008962,"04-2016":0.3542096207,"06-2016":0.3026019177,"08-2016":0.2675813953,"10-2016":0.2426282051,"12-2016":0.2255113308,"02-2017":0.2026031123,"04-2017":0.1745300954,"06-2017":0.1591708163,"08-2017":0.1469271469,"10-2017":0.148199882,"12-2017":0.1463487779,"02-2018":0.1430172966,"04-2018":0.1326225996,"06-2018":0.1214325574,"08-2018":0.1220420527,"10-2018":0.1240150376,"12-2018":0.1270665463,"02-2019":0.1215021307,"04-2019":0.1089068981,"06-2019":0.1038961039,"08-2019":0.1024370528,"10-2019":0.0931988428,"12-2019":0.1006193397}}