{"median":{"02-2020":0.0562430478,"04-2020":0.0530333467,"06-2020":0.0513327252,"08-2020":0.046801986,"10-2020":0.0447792482,"12-2020":0.0401433168,"02-2021":0.0339037836,"04-2021":0.0328769591,"06-2021":0.0307692308,"08-2021":0.0325866932,"10-2021":0.0324576997,"12-2021":0.0404020657,"02-2022":0.0452017479,"04-2022":0.0527248289,"06-2022":0.0667938931,"08-2022":0.0760109456,"10-2022":0.0858672689,"12-2022":0.1011034048,"02-2023":0.1131594547,"04-2023":0.1418862262,"06-2023":0.1704438427,"08-2023":0.1808220801,"10-2023":0.2090105356,"12-2023":0.2542406691,"02-2024":0.2942579107,"04-2024":0.3174100614,"06-2024":0.3636160714,"08-2024":0.412406015,"10-2024":0.4636733508,"12-2024":0.5097616563,"02-2025":0.5152294944,"04-2025":0.5363253799,"06-2025":0.535108062,"08-2025":0.5347738538,"10-2025":0.5269787664,"12-2025":0.5171112557,"02-2026":0.5141087018,"04-2026":0.5097075689,"06-2026":0.5046663057,"08-2026":0.5054354248,"10-2026":0.4926972281,"12-2026":0.4820134576,"02-2027":0.4661495911,"04-2027":0.4502408722,"06-2027":0.4462626129,"08-2027":0.4344087491,"10-2027":0.4286328514,"12-2027":0.4199116428,"02-2028":0.4256143238,"04-2028":0.4103957637,"06-2028":0.4045247941,"08-2028":0.4045089606,"10-2028":0.3950811094,"12-2028":0.3839135317,"02-2029":0.3787385129,"04-2029":0.3696071529,"06-2029":0.3712060184,"08-2029":0.3672027972,"10-2029":0.367019671,"12-2029":0.3752101864,"02-2030":0.362985348,"04-2030":0.3705133705,"06-2030":0.3619026635,"08-2030":0.3513951582,"10-2030":0.3506929108,"12-2030":0.3508148904},"percentile_25":{"02-2020":0.030944666,"04-2020":0.0286749324,"06-2020":0.0269242627,"08-2020":0.0246409675,"10-2020":0.0201209677,"12-2020":0.0179414505,"02-2021":0.0139331698,"04-2021":0.008097166,"06-2021":0.0040774847,"08-2021":0.0037807587,"10-2021":0.0,"12-2021":0.0,"02-2022":0.0,"04-2022":0.0,"06-2022":0.0,"08-2022":0.0,"10-2022":0.0,"12-2022":0.0,"02-2023":0.0,"04-2023":0.0,"06-2023":0.0,"08-2023":0.0,"10-2023":0.0,"12-2023":0.0,"02-2024":0.0,"04-2024":0.0,"06-2024":0.0,"08-2024":0.0,"10-2024":0.0,"12-2024":0.0,"02-2025":0.0,"04-2025":0.0,"06-2025":0.0,"08-2025":0.0,"10-2025":0.0,"12-2025":0.0,"02-2026":0.0,"04-2026":0.0,"06-2026":0.0,"08-2026":0.0,"10-2026":0.0,"12-2026":0.0,"02-2027":0.0,"04-2027":0.0,"06-2027":0.0,"08-2027":0.0,"10-2027":0.0,"12-2027":0.0,"02-2028":0.0,"04-2028":0.0,"06-2028":0.0,"08-2028":0.0,"10-2028":0.0,"12-2028":0.0,"02-2029":0.0,"04-2029":0.0,"06-2029":0.0,"08-2029":0.0,"10-2029":0.0,"12-2029":0.0,"02-2030":0.0,"04-2030":0.0,"06-2030":0.0,"08-2030":0.0,"10-2030":0.0,"12-2030":0.0},"percentile_75":{"02-2020":0.0877370518,"04-2020":0.0902714932,"06-2020":0.0877370518,"08-2020":0.0840614366,"10-2020":0.0857317094,"12-2020":0.0845938375,"02-2021":0.0782071927,"04-2021":0.0806439729,"06-2021":0.084280303,"08-2021":0.0951853742,"10-2021":0.1162389191,"12-2021":0.1303414501,"02-2022":0.1709006654,"04-2022":0.2044474193,"06-2022":0.2607003891,"08-2022":0.318661381,"10-2022":0.3861808237,"12-2022":0.4624329159,"02-2023":0.553738544,"04-2023":0.6287388906,"06-2023":0.6641148538,"08-2023":0.6782505043,"10-2023":0.6765255906,"12-2023":0.6740493137,"02-2024":0.6685361456,"04-2024":0.6645213363,"06-2024":0.6551367477,"08-2024":0.6560897436,"10-2024":0.6538165201,"12-2024":0.6448256561,"02-2025":0.6440486891,"04-2025":0.6364487572,"06-2025":0.6204990014,"08-2025":0.6215408636,"10-2025":0.6149893787,"12-2025":0.6022252054,"02-2026":0.5960384615,"04-2026":0.5928636079,"06-2026":0.5855319984,"08-2026":0.5719733817,"10-2026":0.5746734577,"12-2026":0.5553463081,"02-2027":0.551145639,"04-2027":0.5414909016,"06-2027":0.5187674322,"08-2027":0.5176579926,"10-2027":0.506561086,"12-2027":0.4933908046,"02-2028":0.4926713948,"04-2028":0.4941837409,"06-2028":0.4814811129,"08-2028":0.4745652848,"10-2028":0.4648502906,"12-2028":0.4478764479,"02-2029":0.4412026376,"04-2029":0.4404135338,"06-2029":0.435104927,"08-2029":0.4307275882,"10-2029":0.433157277,"12-2029":0.4290780142,"02-2030":0.4281655844,"04-2030":0.4296095735,"06-2030":0.4246391239,"08-2030":0.4224942679,"10-2030":0.4167225099,"12-2030":0.4122866381}}