{"median":{"02-2020":0.0562430478,"04-2020":0.0530333467,"06-2020":0.0513327252,"08-2020":0.046801986,"10-2020":0.0447792482,"12-2020":0.0401433168,"02-2021":0.032924041,"04-2021":0.0263925729,"06-2021":0.023963648,"08-2021":0.0193053071,"10-2021":0.0146789485,"12-2021":0.0119590249,"02-2022":0.0111317637,"04-2022":0.0076924215,"06-2022":0.0039375572,"08-2022":0.0,"10-2022":0.0,"12-2022":0.0,"02-2023":0.0,"04-2023":0.0,"06-2023":0.0,"08-2023":0.0,"10-2023":0.0,"12-2023":0.0,"02-2024":0.0,"04-2024":0.0,"06-2024":0.0,"08-2024":0.0,"10-2024":0.0,"12-2024":0.0,"02-2025":0.0,"04-2025":0.0,"06-2025":0.0,"08-2025":0.0,"10-2025":0.0,"12-2025":0.0,"02-2026":0.0,"04-2026":0.0,"06-2026":0.0,"08-2026":0.0,"10-2026":0.0,"12-2026":0.0,"02-2027":0.0,"04-2027":0.0,"06-2027":0.0,"08-2027":0.0,"10-2027":0.0,"12-2027":0.0,"02-2028":0.0,"04-2028":0.0,"06-2028":0.0,"08-2028":0.0,"10-2028":0.0,"12-2028":0.0,"02-2029":0.0,"04-2029":0.0,"06-2029":0.0,"08-2029":0.0,"10-2029":0.0,"12-2029":0.0,"02-2030":0.0,"04-2030":0.0,"06-2030":0.0,"08-2030":0.0,"10-2030":0.0,"12-2030":0.0},"percentile_25":{"02-2020":0.030944666,"04-2020":0.0286749324,"06-2020":0.0269242627,"08-2020":0.0246409675,"10-2020":0.0201209677,"12-2020":0.0179414505,"02-2021":0.0148840668,"04-2021":0.0080564192,"06-2021":0.0040941787,"08-2021":0.003802445,"10-2021":0.0,"12-2021":0.0,"02-2022":0.0,"04-2022":0.0,"06-2022":0.0,"08-2022":0.0,"10-2022":0.0,"12-2022":0.0,"02-2023":0.0,"04-2023":0.0,"06-2023":0.0,"08-2023":0.0,"10-2023":0.0,"12-2023":0.0,"02-2024":0.0,"04-2024":0.0,"06-2024":0.0,"08-2024":0.0,"10-2024":0.0,"12-2024":0.0,"02-2025":0.0,"04-2025":0.0,"06-2025":0.0,"08-2025":0.0,"10-2025":0.0,"12-2025":0.0,"02-2026":0.0,"04-2026":0.0,"06-2026":0.0,"08-2026":0.0,"10-2026":0.0,"12-2026":0.0,"02-2027":0.0,"04-2027":0.0,"06-2027":0.0,"08-2027":0.0,"10-2027":0.0,"12-2027":0.0,"02-2028":0.0,"04-2028":0.0,"06-2028":0.0,"08-2028":0.0,"10-2028":0.0,"12-2028":0.0,"02-2029":0.0,"04-2029":0.0,"06-2029":0.0,"08-2029":0.0,"10-2029":0.0,"12-2029":0.0,"02-2030":0.0,"04-2030":0.0,"06-2030":0.0,"08-2030":0.0,"10-2030":0.0,"12-2030":0.0},"percentile_75":{"02-2020":0.0877370518,"04-2020":0.0902714932,"06-2020":0.0877370518,"08-2020":0.0840614366,"10-2020":0.0857317094,"12-2020":0.0845938375,"02-2021":0.0743044134,"04-2021":0.0712597383,"06-2021":0.0671375964,"08-2021":0.060780216,"10-2021":0.0574303063,"12-2021":0.0554295582,"02-2022":0.049159944,"04-2022":0.0451322301,"06-2022":0.0378075902,"08-2022":0.0316486486,"10-2022":0.0310091604,"12-2022":0.0270319386,"02-2023":0.0290445507,"04-2023":0.0341033647,"06-2023":0.0430961277,"08-2023":0.0533122175,"10-2023":0.0664103784,"12-2023":0.0831168831,"02-2024":0.1169936664,"04-2024":0.1533551555,"06-2024":0.181745139,"08-2024":0.2140790514,"10-2024":0.2439863975,"12-2024":0.300936798,"02-2025":0.3346646703,"04-2025":0.3850070342,"06-2025":0.4534961919,"08-2025":0.4835911974,"10-2025":0.5644444801,"12-2025":0.5520978474,"02-2026":0.5610627574,"04-2026":0.5581955923,"06-2026":0.5764213668,"08-2026":0.564786732,"10-2026":0.5554635986,"12-2026":0.5608730159,"02-2027":0.5481726341,"04-2027":0.5285767622,"06-2027":0.5223354232,"08-2027":0.5301024434,"10-2027":0.5166360307,"12-2027":0.4878487358,"02-2028":0.4893258427,"04-2028":0.4863453787,"06-2028":0.478188071,"08-2028":0.4707690453,"10-2028":0.4727162151,"12-2028":0.454493973,"02-2029":0.435541654,"04-2029":0.4304238043,"06-2029":0.4201053494,"08-2029":0.4023554221,"10-2029":0.4104488662,"12-2029":0.4132275132,"02-2030":0.4070938642,"04-2030":0.4001805054,"06-2030":0.3801364366,"08-2030":0.381281789,"10-2030":0.3773274478,"12-2030":0.3622110648}}