{"median":{"02-2020":0.0595306384,"04-2020":0.063266123,"06-2020":0.0743852459,"08-2020":0.076310144,"10-2020":0.0802450308,"12-2020":0.0833333333,"02-2021":0.0803846154,"04-2021":0.0759016016,"06-2021":0.0723443223,"08-2021":0.0628851541,"10-2021":0.0515289449,"12-2021":0.0418417367,"02-2022":0.0376595409,"04-2022":0.031457976,"06-2022":0.0284625177,"08-2022":0.024144967,"10-2022":0.0187268544,"12-2022":0.0151229274,"02-2023":0.0111946533,"04-2023":0.0073414516,"06-2023":0.0039605358,"08-2023":0.0036563193,"10-2023":0.0,"12-2023":0.0,"02-2024":0.0,"04-2024":0.0,"06-2024":0.0,"08-2024":0.0,"10-2024":0.0,"12-2024":0.0,"02-2025":0.0,"04-2025":0.0,"06-2025":0.0,"08-2025":0.0,"10-2025":0.0,"12-2025":0.0,"02-2026":0.0,"04-2026":0.0,"06-2026":0.0,"08-2026":0.0,"10-2026":0.0,"12-2026":0.0,"02-2027":0.0,"04-2027":0.0,"06-2027":0.0,"08-2027":0.0,"10-2027":0.0,"12-2027":0.0,"02-2028":0.0,"04-2028":0.0,"06-2028":0.0,"08-2028":0.0,"10-2028":0.0,"12-2028":0.0,"02-2029":0.0,"04-2029":0.0,"06-2029":0.0,"08-2029":0.0,"10-2029":0.0,"12-2029":0.0,"02-2030":0.0,"04-2030":0.0,"06-2030":0.0,"08-2030":0.0,"10-2030":0.0,"12-2030":0.0},"percentile_25":{"02-2020":0.0351578469,"04-2020":0.0369724422,"06-2020":0.0404161665,"08-2020":0.0381073983,"10-2020":0.0378151261,"12-2020":0.0382211538,"02-2021":0.0350334498,"04-2021":0.0336654871,"06-2021":0.0307397583,"08-2021":0.0237648627,"10-2021":0.0189888011,"12-2021":0.0121463415,"02-2022":0.0103185703,"04-2022":0.0076923077,"06-2022":0.0037845468,"08-2022":0.0,"10-2022":0.0,"12-2022":0.0,"02-2023":0.0,"04-2023":0.0,"06-2023":0.0,"08-2023":0.0,"10-2023":0.0,"12-2023":0.0,"02-2024":0.0,"04-2024":0.0,"06-2024":0.0,"08-2024":0.0,"10-2024":0.0,"12-2024":0.0,"02-2025":0.0,"04-2025":0.0,"06-2025":0.0,"08-2025":0.0,"10-2025":0.0,"12-2025":0.0,"02-2026":0.0,"04-2026":0.0,"06-2026":0.0,"08-2026":0.0,"10-2026":0.0,"12-2026":0.0,"02-2027":0.0,"04-2027":0.0,"06-2027":0.0,"08-2027":0.0,"10-2027":0.0,"12-2027":0.0,"02-2028":0.0,"04-2028":0.0,"06-2028":0.0,"08-2028":0.0,"10-2028":0.0,"12-2028":0.0,"02-2029":0.0,"04-2029":0.0,"06-2029":0.0,"08-2029":0.0,"10-2029":0.0,"12-2029":0.0,"02-2030":0.0,"04-2030":0.0,"06-2030":0.0,"08-2030":0.0,"10-2030":0.0,"12-2030":0.0},"percentile_75":{"02-2020":0.1034826212,"04-2020":0.1119475019,"06-2020":0.131372458,"08-2020":0.1470853693,"10-2020":0.147701254,"12-2020":0.1590978096,"02-2021":0.1561150792,"04-2021":0.148828125,"06-2021":0.1396174259,"08-2021":0.127510534,"10-2021":0.1153735632,"12-2021":0.1058200862,"02-2022":0.0910726765,"04-2022":0.0878995816,"06-2022":0.0778824874,"08-2022":0.0702347495,"10-2022":0.0653963807,"12-2022":0.0600953354,"02-2023":0.0602799954,"04-2023":0.0576503098,"06-2023":0.0648654989,"08-2023":0.0823970037,"10-2023":0.0875662497,"12-2023":0.1092384519,"02-2024":0.1411976678,"04-2024":0.169384058,"06-2024":0.2196494204,"08-2024":0.294313269,"10-2024":0.3417346939,"12-2024":0.4281130437,"02-2025":0.5076401654,"04-2025":0.6104066554,"06-2025":0.6524621212,"08-2025":0.6656824147,"10-2025":0.6782069052,"12-2025":0.670686184,"02-2026":0.6701271308,"04-2026":0.6672794118,"06-2026":0.6666666667,"08-2026":0.6490447958,"10-2026":0.647720096,"12-2026":0.6335138764,"02-2027":0.6189586357,"04-2027":0.6204457749,"06-2027":0.6022105176,"08-2027":0.5899743928,"10-2027":0.581640596,"12-2027":0.5754792653,"02-2028":0.5619303584,"04-2028":0.5510079909,"06-2028":0.5417034053,"08-2028":0.5272292663,"10-2028":0.5164393939,"12-2028":0.5145227102,"02-2029":0.504216386,"04-2029":0.4916012273,"06-2029":0.4968722607,"08-2029":0.4778806132,"10-2029":0.4726158573,"12-2029":0.4647046216,"02-2030":0.4518341392,"04-2030":0.4598428215,"06-2030":0.4454354805,"08-2030":0.4289371039,"10-2030":0.4245854362,"12-2030":0.4200923772}}