{"median":{"02-2020":0.0595306384,"04-2020":0.063266123,"06-2020":0.0743852459,"08-2020":0.076310144,"10-2020":0.0802450308,"12-2020":0.0833333333,"02-2021":0.0803846154,"04-2021":0.0759016016,"06-2021":0.0723443223,"08-2021":0.0628851541,"10-2021":0.0515289449,"12-2021":0.0418417367,"02-2022":0.0376595409,"04-2022":0.031457976,"06-2022":0.0284199899,"08-2022":0.024795082,"10-2022":0.0188324585,"12-2022":0.0154442457,"02-2023":0.0118812347,"04-2023":0.0098178138,"06-2023":0.0116294794,"08-2023":0.0117906683,"10-2023":0.0082053598,"12-2023":0.0118285093,"02-2024":0.0123942746,"04-2024":0.0232218378,"06-2024":0.0377165354,"08-2024":0.0466096583,"10-2024":0.0490860723,"12-2024":0.0507048075,"02-2025":0.0561651584,"04-2025":0.0706075534,"06-2025":0.0793789227,"08-2025":0.0972747497,"10-2025":0.1113793103,"12-2025":0.1227178618,"02-2026":0.1670544246,"04-2026":0.1931520493,"06-2026":0.2401351351,"08-2026":0.2775665399,"10-2026":0.3026628352,"12-2026":0.3524364346,"02-2027":0.4058587977,"04-2027":0.4160992307,"06-2027":0.4695136852,"08-2027":0.4625752106,"10-2027":0.4508599842,"12-2027":0.4490011369,"02-2028":0.4247163327,"04-2028":0.4229726503,"06-2028":0.4035087719,"08-2028":0.4078706147,"10-2028":0.4204936854,"12-2028":0.3831171238,"02-2029":0.3847091195,"04-2029":0.3892800268,"06-2029":0.3852745046,"08-2029":0.3595959596,"10-2029":0.3636703784,"12-2029":0.3540630182,"02-2030":0.343114655,"04-2030":0.3528534348,"06-2030":0.3574184131,"08-2030":0.3484809585,"10-2030":0.3458728342,"12-2030":0.3435687655},"percentile_25":{"02-2020":0.0351578469,"04-2020":0.0369724422,"06-2020":0.0404161665,"08-2020":0.0381073983,"10-2020":0.0378151261,"12-2020":0.0382211538,"02-2021":0.0350334498,"04-2021":0.0336654871,"06-2021":0.0307397583,"08-2021":0.0237648627,"10-2021":0.0189888011,"12-2021":0.0121463415,"02-2022":0.0103185703,"04-2022":0.0076923077,"06-2022":0.003766835,"08-2022":0.0,"10-2022":0.0,"12-2022":0.0,"02-2023":0.0,"04-2023":0.0,"06-2023":0.0,"08-2023":0.0,"10-2023":0.0,"12-2023":0.0,"02-2024":0.0,"04-2024":0.0,"06-2024":0.0,"08-2024":0.0,"10-2024":0.0,"12-2024":0.0,"02-2025":0.0,"04-2025":0.0,"06-2025":0.0,"08-2025":0.0,"10-2025":0.0,"12-2025":0.0,"02-2026":0.0,"04-2026":0.0,"06-2026":0.0,"08-2026":0.0,"10-2026":0.0,"12-2026":0.0,"02-2027":0.0,"04-2027":0.0,"06-2027":0.0,"08-2027":0.0,"10-2027":0.0,"12-2027":0.0,"02-2028":0.0,"04-2028":0.0,"06-2028":0.0,"08-2028":0.0,"10-2028":0.0,"12-2028":0.0,"02-2029":0.0,"04-2029":0.0,"06-2029":0.0,"08-2029":0.0,"10-2029":0.0,"12-2029":0.0,"02-2030":0.0,"04-2030":0.0,"06-2030":0.0,"08-2030":0.0,"10-2030":0.0,"12-2030":0.0},"percentile_75":{"02-2020":0.1034826212,"04-2020":0.1119475019,"06-2020":0.131372458,"08-2020":0.1470853693,"10-2020":0.147701254,"12-2020":0.1590978096,"02-2021":0.1561150792,"04-2021":0.148828125,"06-2021":0.1396174259,"08-2021":0.127510534,"10-2021":0.1153735632,"12-2021":0.1058200862,"02-2022":0.0910726765,"04-2022":0.0878995816,"06-2022":0.0771475606,"08-2022":0.0770056124,"10-2022":0.0844223669,"12-2022":0.0825671642,"02-2023":0.0942245989,"04-2023":0.1161131619,"06-2023":0.1386438771,"08-2023":0.156915219,"10-2023":0.2104649016,"12-2023":0.2521067416,"02-2024":0.2799782074,"04-2024":0.3513758324,"06-2024":0.4252792093,"08-2024":0.4885461485,"10-2024":0.5584396508,"12-2024":0.6011173223,"02-2025":0.6448309154,"04-2025":0.6589140104,"06-2025":0.6581439394,"08-2025":0.6595763688,"10-2025":0.6540081757,"12-2025":0.6522128721,"02-2026":0.6397949638,"04-2026":0.6386424326,"06-2026":0.6362017463,"08-2026":0.6359232243,"10-2026":0.6339840401,"12-2026":0.6178643915,"02-2027":0.6132836175,"04-2027":0.6029391134,"06-2027":0.5835416458,"08-2027":0.574327809,"10-2027":0.5653521959,"12-2027":0.5686693169,"02-2028":0.5524366802,"04-2028":0.5471320346,"06-2028":0.5473106061,"08-2028":0.5381714087,"10-2028":0.5211642194,"12-2028":0.5145227102,"02-2029":0.5071307431,"04-2029":0.4936819937,"06-2029":0.4876272624,"08-2029":0.4768237082,"10-2029":0.4708075176,"12-2029":0.4621731009,"02-2030":0.4501749914,"04-2030":0.4540618956,"06-2030":0.4538802548,"08-2030":0.4405769231,"10-2030":0.4405100949,"12-2030":0.4349357032}}