{"median":{"02-2020":0.0595306384,"04-2020":0.063266123,"06-2020":0.0743852459,"08-2020":0.076310144,"10-2020":0.0802450308,"12-2020":0.0833333333,"02-2021":0.0803846154,"04-2021":0.0759016016,"06-2021":0.0723443223,"08-2021":0.0628851541,"10-2021":0.0515289449,"12-2021":0.0418417367,"02-2022":0.0376595409,"04-2022":0.031457976,"06-2022":0.0284625177,"08-2022":0.024144967,"10-2022":0.0187268544,"12-2022":0.0151229274,"02-2023":0.0112570753,"04-2023":0.0075329834,"06-2023":0.0040568118,"08-2023":0.0038022814,"10-2023":0.0,"12-2023":0.0,"02-2024":0.0,"04-2024":0.0,"06-2024":0.0,"08-2024":0.0,"10-2024":0.0,"12-2024":0.0,"02-2025":0.0,"04-2025":0.0,"06-2025":0.0,"08-2025":0.0,"10-2025":0.0,"12-2025":0.0,"02-2026":0.0,"04-2026":0.0,"06-2026":0.0,"08-2026":0.0,"10-2026":0.0,"12-2026":0.0,"02-2027":0.0,"04-2027":0.0,"06-2027":0.0,"08-2027":0.0,"10-2027":0.0,"12-2027":0.0,"02-2028":0.0,"04-2028":0.0,"06-2028":0.0,"08-2028":0.0,"10-2028":0.0,"12-2028":0.0,"02-2029":0.0,"04-2029":0.0,"06-2029":0.0,"08-2029":0.0,"10-2029":0.0,"12-2029":0.0,"02-2030":0.0,"04-2030":0.0,"06-2030":0.0,"08-2030":0.0,"10-2030":0.0,"12-2030":0.0},"percentile_25":{"02-2020":0.0351578469,"04-2020":0.0369724422,"06-2020":0.0404161665,"08-2020":0.0381073983,"10-2020":0.0378151261,"12-2020":0.0382211538,"02-2021":0.0350334498,"04-2021":0.0336654871,"06-2021":0.0307397583,"08-2021":0.0237648627,"10-2021":0.0189888011,"12-2021":0.0121463415,"02-2022":0.0103185703,"04-2022":0.0076923077,"06-2022":0.0037845468,"08-2022":0.0,"10-2022":0.0,"12-2022":0.0,"02-2023":0.0,"04-2023":0.0,"06-2023":0.0,"08-2023":0.0,"10-2023":0.0,"12-2023":0.0,"02-2024":0.0,"04-2024":0.0,"06-2024":0.0,"08-2024":0.0,"10-2024":0.0,"12-2024":0.0,"02-2025":0.0,"04-2025":0.0,"06-2025":0.0,"08-2025":0.0,"10-2025":0.0,"12-2025":0.0,"02-2026":0.0,"04-2026":0.0,"06-2026":0.0,"08-2026":0.0,"10-2026":0.0,"12-2026":0.0,"02-2027":0.0,"04-2027":0.0,"06-2027":0.0,"08-2027":0.0,"10-2027":0.0,"12-2027":0.0,"02-2028":0.0,"04-2028":0.0,"06-2028":0.0,"08-2028":0.0,"10-2028":0.0,"12-2028":0.0,"02-2029":0.0,"04-2029":0.0,"06-2029":0.0,"08-2029":0.0,"10-2029":0.0,"12-2029":0.0,"02-2030":0.0,"04-2030":0.0,"06-2030":0.0,"08-2030":0.0,"10-2030":0.0,"12-2030":0.0},"percentile_75":{"02-2020":0.1034826212,"04-2020":0.1119475019,"06-2020":0.131372458,"08-2020":0.1470853693,"10-2020":0.147701254,"12-2020":0.1590978096,"02-2021":0.1561150792,"04-2021":0.148828125,"06-2021":0.1396174259,"08-2021":0.127510534,"10-2021":0.1153735632,"12-2021":0.1058200862,"02-2022":0.0910726765,"04-2022":0.0878995816,"06-2022":0.0778824874,"08-2022":0.0702347495,"10-2022":0.0653963807,"12-2022":0.0600953354,"02-2023":0.0556324111,"04-2023":0.0479423624,"06-2023":0.0416666667,"08-2023":0.0383510168,"10-2023":0.0374547716,"12-2023":0.0371102941,"02-2024":0.037093085,"04-2024":0.0354040537,"06-2024":0.0421063102,"08-2024":0.045670914,"10-2024":0.0578643044,"12-2024":0.0778587007,"02-2025":0.0984394507,"04-2025":0.1224975386,"06-2025":0.1576523092,"08-2025":0.1938109426,"10-2025":0.1973546837,"12-2025":0.2704530368,"02-2026":0.3314255573,"04-2026":0.4103793426,"06-2026":0.4887218045,"08-2026":0.5973723097,"10-2026":0.6342546199,"12-2026":0.6241450476,"02-2027":0.6236201362,"04-2027":0.6142120075,"06-2027":0.6240601504,"08-2027":0.6129344626,"10-2027":0.5979522184,"12-2027":0.5899565363,"02-2028":0.5827607263,"04-2028":0.5771595208,"06-2028":0.5633093124,"08-2028":0.5592664753,"10-2028":0.5533386187,"12-2028":0.5352200843,"02-2029":0.5256866884,"04-2029":0.511048951,"06-2029":0.511881404,"08-2029":0.5065123522,"10-2029":0.4946464646,"12-2029":0.493160723,"02-2030":0.4799727734,"04-2030":0.4603494903,"06-2030":0.4577461742,"08-2030":0.4500952079,"10-2030":0.4257085561,"12-2030":0.4293552399}}