{"median":{"02-2020":0.0595306384,"04-2020":0.063266123,"06-2020":0.0743852459,"08-2020":0.076310144,"10-2020":0.0802450308,"12-2020":0.0833333333,"02-2021":0.0855153925,"04-2021":0.091468254,"06-2021":0.098988757,"08-2021":0.1147226891,"10-2021":0.1259075226,"12-2021":0.1439002793,"02-2022":0.1706563707,"04-2022":0.194980695,"06-2022":0.2336886994,"08-2022":0.2597355715,"10-2022":0.2749966185,"12-2022":0.3123065015,"02-2023":0.3577441077,"04-2023":0.397761194,"06-2023":0.4636146965,"08-2023":0.5009363296,"10-2023":0.5452648521,"12-2023":0.5532197656,"02-2024":0.5658940768,"04-2024":0.5661488614,"06-2024":0.5938494168,"08-2024":0.5813480809,"10-2024":0.5808257919,"12-2024":0.5810701499,"02-2025":0.5813953488,"04-2025":0.5799088196,"06-2025":0.5709023066,"08-2025":0.5538711153,"10-2025":0.5516417213,"12-2025":0.5480875713,"02-2026":0.5345252084,"04-2026":0.5213277654,"06-2026":0.5008650519,"08-2026":0.5000473389,"10-2026":0.4943344593,"12-2026":0.4906559,"02-2027":0.4870820565,"04-2027":0.4760293858,"06-2027":0.46939197,"08-2027":0.4654195804,"10-2027":0.4560550151,"12-2027":0.4420547386,"02-2028":0.4425120392,"04-2028":0.4364566651,"06-2028":0.4293404511,"08-2028":0.4285745385,"10-2028":0.425390625,"12-2028":0.4146367221,"02-2029":0.4092866311,"04-2029":0.4036869775,"06-2029":0.4031629869,"08-2029":0.3887035301,"10-2029":0.3824509728,"12-2029":0.3830556535,"02-2030":0.3798651433,"04-2030":0.3837638376,"06-2030":0.3860657133,"08-2030":0.3898756121,"10-2030":0.3871593923,"12-2030":0.379630646},"percentile_25":{"02-2020":0.0351578469,"04-2020":0.0369724422,"06-2020":0.0404161665,"08-2020":0.0381073983,"10-2020":0.0378151261,"12-2020":0.0382211538,"02-2021":0.036444301,"04-2021":0.0403594771,"06-2021":0.0367346939,"08-2021":0.0346087846,"10-2021":0.0341898915,"12-2021":0.0370486032,"02-2022":0.0384682637,"04-2022":0.0429992338,"06-2022":0.0461417435,"08-2022":0.0534849195,"10-2022":0.0637363949,"12-2022":0.0688625784,"02-2023":0.0750655913,"04-2023":0.0785832872,"06-2023":0.0928088803,"08-2023":0.1207907522,"10-2023":0.1423730396,"12-2023":0.1653089037,"02-2024":0.189946184,"04-2024":0.2121882028,"06-2024":0.230120518,"08-2024":0.2536855037,"10-2024":0.2817652456,"12-2024":0.3097921024,"02-2025":0.336550152,"04-2025":0.3604640632,"06-2025":0.3613245049,"08-2025":0.3908790478,"10-2025":0.3776023595,"12-2025":0.3986402486,"02-2026":0.4242349678,"04-2026":0.3957714053,"06-2026":0.4149407515,"08-2026":0.4141143551,"10-2026":0.4166364138,"12-2026":0.4044767812,"02-2027":0.3975428653,"04-2027":0.3934545455,"06-2027":0.3816629102,"08-2027":0.3776313579,"10-2027":0.3763990268,"12-2027":0.3659926471,"02-2028":0.3554294013,"04-2028":0.3720472157,"06-2028":0.3601048951,"08-2028":0.3633601274,"10-2028":0.3570797577,"12-2028":0.3546142312,"02-2029":0.3404555227,"04-2029":0.3254317367,"06-2029":0.3192002097,"08-2029":0.3287761502,"10-2029":0.3169310345,"12-2029":0.324025974,"02-2030":0.3095220258,"04-2030":0.3219109135,"06-2030":0.3283412131,"08-2030":0.3299050085,"10-2030":0.331544144,"12-2030":0.3265876565},"percentile_75":{"02-2020":0.1034826212,"04-2020":0.1119475019,"06-2020":0.131372458,"08-2020":0.1470853693,"10-2020":0.147701254,"12-2020":0.1590978096,"02-2021":0.1711595719,"04-2021":0.181998557,"06-2021":0.2051005509,"08-2021":0.2185451696,"10-2021":0.2531167109,"12-2021":0.312688253,"02-2022":0.3799582218,"04-2022":0.4419022243,"06-2022":0.509585323,"08-2022":0.5950630252,"10-2022":0.6679574385,"12-2022":0.6997884046,"02-2023":0.6982156042,"04-2023":0.715057539,"06-2023":0.7019876134,"08-2023":0.6864019386,"10-2023":0.6781655844,"12-2023":0.6722293627,"02-2024":0.6726170218,"04-2024":0.65878368,"06-2024":0.6485418655,"08-2024":0.6504213483,"10-2024":0.6419599018,"12-2024":0.6401429717,"02-2025":0.632574145,"04-2025":0.6278682267,"06-2025":0.6167225763,"08-2025":0.6206050268,"10-2025":0.6107497839,"12-2025":0.6104625132,"02-2026":0.5961719884,"04-2026":0.5836538462,"06-2026":0.5686461608,"08-2026":0.5630189114,"10-2026":0.5509137415,"12-2026":0.5488250738,"02-2027":0.544005848,"04-2027":0.5270963476,"06-2027":0.5247435047,"08-2027":0.5166433566,"10-2027":0.5062582345,"12-2027":0.505577147,"02-2028":0.4981094605,"04-2028":0.4890105499,"06-2028":0.487387265,"08-2028":0.4851563351,"10-2028":0.4779814298,"12-2028":0.4631170144,"02-2029":0.443018814,"04-2029":0.4499492473,"06-2029":0.4454330529,"08-2029":0.438512018,"10-2029":0.4367837851,"12-2029":0.4303194121,"02-2030":0.4329586511,"04-2030":0.4261254092,"06-2030":0.4230435436,"08-2030":0.4314872197,"10-2030":0.4299808429,"12-2030":0.4302374128}}