{"median":{"02-2020":0.0562430478,"04-2020":0.0530333467,"06-2020":0.0513327252,"08-2020":0.046801986,"10-2020":0.0447792482,"12-2020":0.0401433168,"02-2021":0.032924041,"04-2021":0.0263925729,"06-2021":0.023963648,"08-2021":0.0193053071,"10-2021":0.0146789485,"12-2021":0.0119590249,"02-2022":0.0111317637,"04-2022":0.0076924215,"06-2022":0.003937252,"08-2022":0.0,"10-2022":0.0,"12-2022":0.0,"02-2023":0.0,"04-2023":0.0,"06-2023":0.0,"08-2023":0.0,"10-2023":0.0,"12-2023":0.0,"02-2024":0.0,"04-2024":0.0,"06-2024":0.0,"08-2024":0.0,"10-2024":0.0,"12-2024":0.0,"02-2025":0.0,"04-2025":0.0,"06-2025":0.0,"08-2025":0.0,"10-2025":0.0,"12-2025":0.0,"02-2026":0.0,"04-2026":0.0,"06-2026":0.0,"08-2026":0.0,"10-2026":0.0,"12-2026":0.0,"02-2027":0.0,"04-2027":0.0,"06-2027":0.0,"08-2027":0.0,"10-2027":0.0,"12-2027":0.0,"02-2028":0.0,"04-2028":0.0,"06-2028":0.0,"08-2028":0.0,"10-2028":0.0,"12-2028":0.0,"02-2029":0.0,"04-2029":0.0,"06-2029":0.0,"08-2029":0.0,"10-2029":0.0,"12-2029":0.0,"02-2030":0.0,"04-2030":0.0,"06-2030":0.0,"08-2030":0.0,"10-2030":0.0,"12-2030":0.0},"percentile_25":{"02-2020":0.030944666,"04-2020":0.0286749324,"06-2020":0.0269242627,"08-2020":0.0246409675,"10-2020":0.0201209677,"12-2020":0.0179414505,"02-2021":0.0148840668,"04-2021":0.0080564192,"06-2021":0.0040941787,"08-2021":0.003802445,"10-2021":0.0,"12-2021":0.0,"02-2022":0.0,"04-2022":0.0,"06-2022":0.0,"08-2022":0.0,"10-2022":0.0,"12-2022":0.0,"02-2023":0.0,"04-2023":0.0,"06-2023":0.0,"08-2023":0.0,"10-2023":0.0,"12-2023":0.0,"02-2024":0.0,"04-2024":0.0,"06-2024":0.0,"08-2024":0.0,"10-2024":0.0,"12-2024":0.0,"02-2025":0.0,"04-2025":0.0,"06-2025":0.0,"08-2025":0.0,"10-2025":0.0,"12-2025":0.0,"02-2026":0.0,"04-2026":0.0,"06-2026":0.0,"08-2026":0.0,"10-2026":0.0,"12-2026":0.0,"02-2027":0.0,"04-2027":0.0,"06-2027":0.0,"08-2027":0.0,"10-2027":0.0,"12-2027":0.0,"02-2028":0.0,"04-2028":0.0,"06-2028":0.0,"08-2028":0.0,"10-2028":0.0,"12-2028":0.0,"02-2029":0.0,"04-2029":0.0,"06-2029":0.0,"08-2029":0.0,"10-2029":0.0,"12-2029":0.0,"02-2030":0.0,"04-2030":0.0,"06-2030":0.0,"08-2030":0.0,"10-2030":0.0,"12-2030":0.0},"percentile_75":{"02-2020":0.0877370518,"04-2020":0.0902714932,"06-2020":0.0877370518,"08-2020":0.0840614366,"10-2020":0.0857317094,"12-2020":0.0845938375,"02-2021":0.0743044134,"04-2021":0.0712597383,"06-2021":0.0671375964,"08-2021":0.060780216,"10-2021":0.0574303063,"12-2021":0.0554295582,"02-2022":0.049159944,"04-2022":0.0451322301,"06-2022":0.0387973939,"08-2022":0.028376004,"10-2022":0.0221855232,"12-2022":0.0200803213,"02-2023":0.0170608733,"04-2023":0.0154191154,"06-2023":0.012297602,"08-2023":0.012245515,"10-2023":0.008,"12-2023":0.0077973602,"02-2024":0.0049605629,"04-2024":0.0077471264,"06-2024":0.0090772285,"08-2024":0.010115795,"10-2024":0.0159393402,"12-2024":0.0119641434,"02-2025":0.0138383474,"04-2025":0.014626442,"06-2025":0.0154367919,"08-2025":0.0221197541,"10-2025":0.0211245728,"12-2025":0.0266206593,"02-2026":0.0324582027,"04-2026":0.0408174166,"06-2026":0.050976762,"08-2026":0.0666065429,"10-2026":0.0916481687,"12-2026":0.1148593673,"02-2027":0.1701992049,"04-2027":0.2093285761,"06-2027":0.2684101046,"08-2027":0.3282831301,"10-2027":0.3840116089,"12-2027":0.4822933747,"02-2028":0.4387922248,"04-2028":0.4496268657,"06-2028":0.4364145183,"08-2028":0.4551387137,"10-2028":0.445201319,"12-2028":0.4338047138,"02-2029":0.421884058,"04-2029":0.4094572086,"06-2029":0.3958288831,"08-2029":0.4117838542,"10-2029":0.4009259259,"12-2029":0.4150005145,"02-2030":0.3946535298,"04-2030":0.375818346,"06-2030":0.3669293916,"08-2030":0.344978499,"10-2030":0.3421699119,"12-2030":0.3381342495}}