{"median":{"02-2020":0.0595306384,"04-2020":0.063266123,"06-2020":0.0743852459,"08-2020":0.076310144,"10-2020":0.0802450308,"12-2020":0.0833333333,"02-2021":0.0803846154,"04-2021":0.0759016016,"06-2021":0.0723443223,"08-2021":0.0628851541,"10-2021":0.0515289449,"12-2021":0.0418417367,"02-2022":0.0376595409,"04-2022":0.031457976,"06-2022":0.0284625177,"08-2022":0.024144967,"10-2022":0.0187268544,"12-2022":0.0151229274,"02-2023":0.0112570753,"04-2023":0.0075329834,"06-2023":0.0040568118,"08-2023":0.0038022814,"10-2023":0.0,"12-2023":0.0,"02-2024":0.0,"04-2024":0.0,"06-2024":0.0,"08-2024":0.0,"10-2024":0.0,"12-2024":0.0,"02-2025":0.0,"04-2025":0.0,"06-2025":0.0,"08-2025":0.0,"10-2025":0.0,"12-2025":0.0,"02-2026":0.0,"04-2026":0.0,"06-2026":0.0,"08-2026":0.0,"10-2026":0.0,"12-2026":0.0,"02-2027":0.0,"04-2027":0.0,"06-2027":0.0,"08-2027":0.0,"10-2027":0.0,"12-2027":0.0,"02-2028":0.0,"04-2028":0.0,"06-2028":0.0,"08-2028":0.0,"10-2028":0.0,"12-2028":0.0,"02-2029":0.0,"04-2029":0.0,"06-2029":0.0,"08-2029":0.0,"10-2029":0.0,"12-2029":0.0,"02-2030":0.0,"04-2030":0.0,"06-2030":0.0,"08-2030":0.0,"10-2030":0.0,"12-2030":0.0},"percentile_25":{"02-2020":0.0351578469,"04-2020":0.0369724422,"06-2020":0.0404161665,"08-2020":0.0381073983,"10-2020":0.0378151261,"12-2020":0.0382211538,"02-2021":0.0350334498,"04-2021":0.0336654871,"06-2021":0.0307397583,"08-2021":0.0237648627,"10-2021":0.0189888011,"12-2021":0.0121463415,"02-2022":0.0103185703,"04-2022":0.0076923077,"06-2022":0.0037845468,"08-2022":0.0,"10-2022":0.0,"12-2022":0.0,"02-2023":0.0,"04-2023":0.0,"06-2023":0.0,"08-2023":0.0,"10-2023":0.0,"12-2023":0.0,"02-2024":0.0,"04-2024":0.0,"06-2024":0.0,"08-2024":0.0,"10-2024":0.0,"12-2024":0.0,"02-2025":0.0,"04-2025":0.0,"06-2025":0.0,"08-2025":0.0,"10-2025":0.0,"12-2025":0.0,"02-2026":0.0,"04-2026":0.0,"06-2026":0.0,"08-2026":0.0,"10-2026":0.0,"12-2026":0.0,"02-2027":0.0,"04-2027":0.0,"06-2027":0.0,"08-2027":0.0,"10-2027":0.0,"12-2027":0.0,"02-2028":0.0,"04-2028":0.0,"06-2028":0.0,"08-2028":0.0,"10-2028":0.0,"12-2028":0.0,"02-2029":0.0,"04-2029":0.0,"06-2029":0.0,"08-2029":0.0,"10-2029":0.0,"12-2029":0.0,"02-2030":0.0,"04-2030":0.0,"06-2030":0.0,"08-2030":0.0,"10-2030":0.0,"12-2030":0.0},"percentile_75":{"02-2020":0.1034826212,"04-2020":0.1119475019,"06-2020":0.131372458,"08-2020":0.1470853693,"10-2020":0.147701254,"12-2020":0.1590978096,"02-2021":0.1561150792,"04-2021":0.148828125,"06-2021":0.1396174259,"08-2021":0.127510534,"10-2021":0.1153735632,"12-2021":0.1058200862,"02-2022":0.0910726765,"04-2022":0.0878995816,"06-2022":0.0778824874,"08-2022":0.0702347495,"10-2022":0.0653963807,"12-2022":0.0600953354,"02-2023":0.0556324111,"04-2023":0.0479423624,"06-2023":0.0416666667,"08-2023":0.0383510168,"10-2023":0.0374547716,"12-2023":0.0371102941,"02-2024":0.0334269663,"04-2024":0.0301899788,"06-2024":0.0304001301,"08-2024":0.0305944056,"10-2024":0.031691328,"12-2024":0.0332056973,"02-2025":0.036766353,"04-2025":0.0455077382,"06-2025":0.057851212,"08-2025":0.0715002777,"10-2025":0.0974169954,"12-2025":0.1066352722,"02-2026":0.1270078322,"04-2026":0.1477194492,"06-2026":0.1905689705,"08-2026":0.1932647271,"10-2026":0.2464225248,"12-2026":0.2901952079,"02-2027":0.3754242215,"04-2027":0.4881517874,"06-2027":0.5334155661,"08-2027":0.5732757366,"10-2027":0.5673702002,"12-2027":0.5931834236,"02-2028":0.5761999912,"04-2028":0.5622317876,"06-2028":0.5726701917,"08-2028":0.5565535837,"10-2028":0.5511566424,"12-2028":0.5377023407,"02-2029":0.5333333333,"04-2029":0.5255108557,"06-2029":0.502922713,"08-2029":0.5121044124,"10-2029":0.4996270189,"12-2029":0.475035021,"02-2030":0.4735007249,"04-2030":0.4686724733,"06-2030":0.4532326157,"08-2030":0.4366476866,"10-2030":0.4293259932,"12-2030":0.427691926}}