{"median":{"02-2020":0.0542009401,"04-2020":0.0530169183,"06-2020":0.050390625,"08-2020":0.0487348132,"10-2020":0.0479704797,"12-2020":0.0427808846,"02-2021":0.0355876393,"04-2021":0.0340265866,"06-2021":0.0284287693,"08-2021":0.0230772645,"10-2021":0.0205597606,"12-2021":0.0178080282,"02-2022":0.0156865157,"04-2022":0.0143385754,"06-2022":0.0109090909,"08-2022":0.007158407,"10-2022":0.0070298987,"12-2022":0.0037878788,"02-2023":0.0036101554,"04-2023":0.0,"06-2023":0.0,"08-2023":0.0,"10-2023":0.0,"12-2023":0.0,"02-2024":0.0,"04-2024":0.0,"06-2024":0.0,"08-2024":0.0,"10-2024":0.0,"12-2024":0.0,"02-2025":0.0,"04-2025":0.0,"06-2025":0.0,"08-2025":0.0,"10-2025":0.0,"12-2025":0.0,"02-2026":0.0,"04-2026":0.0,"06-2026":0.0,"08-2026":0.0,"10-2026":0.0,"12-2026":0.0,"02-2027":0.0,"04-2027":0.0,"06-2027":0.0,"08-2027":0.0,"10-2027":0.0,"12-2027":0.0,"02-2028":0.0,"04-2028":0.0,"06-2028":0.0,"08-2028":0.0,"10-2028":0.0,"12-2028":0.0,"02-2029":0.0,"04-2029":0.0,"06-2029":0.0,"08-2029":0.0,"10-2029":0.0,"12-2029":0.0,"02-2030":0.0,"04-2030":0.0,"06-2030":0.0,"08-2030":0.0,"10-2030":0.0,"12-2030":0.0},"percentile_25":{"02-2020":0.0303634499,"04-2020":0.0290471311,"06-2020":0.0243167793,"08-2020":0.0223261001,"10-2020":0.0201630202,"12-2020":0.0192316162,"02-2021":0.0153846154,"04-2021":0.0116960392,"06-2021":0.0077220077,"08-2021":0.0042975382,"10-2021":0.0037142584,"12-2021":0.0,"02-2022":0.0,"04-2022":0.0,"06-2022":0.0,"08-2022":0.0,"10-2022":0.0,"12-2022":0.0,"02-2023":0.0,"04-2023":0.0,"06-2023":0.0,"08-2023":0.0,"10-2023":0.0,"12-2023":0.0,"02-2024":0.0,"04-2024":0.0,"06-2024":0.0,"08-2024":0.0,"10-2024":0.0,"12-2024":0.0,"02-2025":0.0,"04-2025":0.0,"06-2025":0.0,"08-2025":0.0,"10-2025":0.0,"12-2025":0.0,"02-2026":0.0,"04-2026":0.0,"06-2026":0.0,"08-2026":0.0,"10-2026":0.0,"12-2026":0.0,"02-2027":0.0,"04-2027":0.0,"06-2027":0.0,"08-2027":0.0,"10-2027":0.0,"12-2027":0.0,"02-2028":0.0,"04-2028":0.0,"06-2028":0.0,"08-2028":0.0,"10-2028":0.0,"12-2028":0.0,"02-2029":0.0,"04-2029":0.0,"06-2029":0.0,"08-2029":0.0,"10-2029":0.0,"12-2029":0.0,"02-2030":0.0,"04-2030":0.0,"06-2030":0.0,"08-2030":0.0,"10-2030":0.0,"12-2030":0.0},"percentile_75":{"02-2020":0.0963033113,"04-2020":0.1017279822,"06-2020":0.1041437908,"08-2020":0.1023451602,"10-2020":0.0997853218,"12-2020":0.0995320834,"02-2021":0.0954869494,"04-2021":0.0917022901,"06-2021":0.0902835759,"08-2021":0.083080671,"10-2021":0.0720681272,"12-2021":0.0665406031,"02-2022":0.0659202548,"04-2022":0.0605348599,"06-2022":0.0524949957,"08-2022":0.0475891996,"10-2022":0.0519975031,"12-2022":0.0597573928,"02-2023":0.0685721778,"04-2023":0.0760083172,"06-2023":0.1010870136,"08-2023":0.1226933555,"10-2023":0.1546573948,"12-2023":0.2101851852,"02-2024":0.2708747927,"04-2024":0.3406782149,"06-2024":0.453461496,"08-2024":0.5685355315,"10-2024":0.6396084494,"12-2024":0.6536828964,"02-2025":0.6790848183,"04-2025":0.67,"06-2025":0.6666666667,"08-2025":0.6695813397,"10-2025":0.6562466773,"12-2025":0.6512642555,"02-2026":0.6401855788,"04-2026":0.6375141621,"06-2026":0.6190466981,"08-2026":0.6186627879,"10-2026":0.6175591751,"12-2026":0.6046214931,"02-2027":0.6029431634,"04-2027":0.5873436128,"06-2027":0.5836937716,"08-2027":0.5715361993,"10-2027":0.5620557225,"12-2027":0.5358063328,"02-2028":0.5284107807,"04-2028":0.5156636509,"06-2028":0.5018053406,"08-2028":0.4973021583,"10-2028":0.4868055556,"12-2028":0.4780192858,"02-2029":0.4646558522,"04-2029":0.4624757407,"06-2029":0.445351505,"08-2029":0.4409268268,"10-2029":0.4310754075,"12-2029":0.4139811912,"02-2030":0.4118197841,"04-2030":0.3965723649,"06-2030":0.3797802285,"08-2030":0.37688868,"10-2030":0.3688106003,"12-2030":0.3617999625}}