{"median":{"02-2020":0.0607215153,"04-2020":0.065087375,"06-2020":0.0762178994,"08-2020":0.0877290189,"10-2020":0.0921097285,"12-2020":0.0943634304,"02-2021":0.0979326513,"04-2021":0.100007934,"06-2021":0.0930739836,"08-2021":0.0822172847,"10-2021":0.0760190943,"12-2021":0.0678026219,"02-2022":0.0603911179,"04-2022":0.0561978344,"06-2022":0.0583009944,"08-2022":0.0652680653,"10-2022":0.0730348119,"12-2022":0.0917467949,"02-2023":0.105476991,"04-2023":0.1208549859,"06-2023":0.1501246921,"08-2023":0.1871275247,"10-2023":0.2254452926,"12-2023":0.2672558758,"02-2024":0.3332722684,"04-2024":0.373133017,"06-2024":0.4251814852,"08-2024":0.4935690236,"10-2024":0.5500405421,"12-2024":0.5954362449,"02-2025":0.5989690722,"04-2025":0.6008264924,"06-2025":0.5937424557,"08-2025":0.5787824081,"10-2025":0.5742603755,"12-2025":0.5606829148,"02-2026":0.5561601575,"04-2026":0.5461100177,"06-2026":0.5314735801,"08-2026":0.5296946117,"10-2026":0.5353100715,"12-2026":0.53404162,"02-2027":0.5206906393,"04-2027":0.5101517637,"06-2027":0.5156402737,"08-2027":0.4957424225,"10-2027":0.481832774,"12-2027":0.4673987854,"02-2028":0.4616720085,"04-2028":0.4525837774,"06-2028":0.4406454965,"08-2028":0.4314805416,"10-2028":0.4209485417,"12-2028":0.4085872041,"02-2029":0.4051660478,"04-2029":0.3970933683,"06-2029":0.3898884022,"08-2029":0.3797053581,"10-2029":0.3754194631,"12-2029":0.3634378866,"02-2030":0.3634237421,"04-2030":0.3547778454,"06-2030":0.3457249071,"08-2030":0.3424975562,"10-2030":0.3369378848,"12-2030":0.3316357555},"percentile_25":{"02-2020":0.0324679898,"04-2020":0.0334689148,"06-2020":0.0328467153,"08-2020":0.035225452,"10-2020":0.0316205534,"12-2020":0.0313143549,"02-2021":0.0301740812,"04-2021":0.0278687848,"06-2021":0.0267437304,"08-2021":0.0226103551,"10-2021":0.020731216,"12-2021":0.0144687137,"02-2022":0.0109489051,"04-2022":0.0078382353,"06-2022":0.0073244599,"08-2022":0.0041384591,"10-2022":0.0036668083,"12-2022":0.0,"02-2023":0.0,"04-2023":0.0,"06-2023":0.0,"08-2023":0.0,"10-2023":0.0,"12-2023":0.0,"02-2024":0.0,"04-2024":0.0,"06-2024":0.0,"08-2024":0.0,"10-2024":0.0,"12-2024":0.0,"02-2025":0.0,"04-2025":0.0,"06-2025":0.0,"08-2025":0.0,"10-2025":0.0,"12-2025":0.0,"02-2026":0.0,"04-2026":0.0,"06-2026":0.0,"08-2026":0.0,"10-2026":0.0,"12-2026":0.0,"02-2027":0.0,"04-2027":0.0,"06-2027":0.0,"08-2027":0.0,"10-2027":0.0,"12-2027":0.0,"02-2028":0.0,"04-2028":0.0,"06-2028":0.0,"08-2028":0.0,"10-2028":0.0,"12-2028":0.0,"02-2029":0.0,"04-2029":0.0,"06-2029":0.0,"08-2029":0.0,"10-2029":0.0,"12-2029":0.0,"02-2030":0.0,"04-2030":0.0,"06-2030":0.0,"08-2030":0.0,"10-2030":0.0,"12-2030":0.0},"percentile_75":{"02-2020":0.1069632353,"04-2020":0.1244814815,"06-2020":0.1481833545,"08-2020":0.1729026748,"10-2020":0.1843464851,"12-2020":0.1876451014,"02-2021":0.1885708502,"04-2021":0.1885632539,"06-2021":0.1886398176,"08-2021":0.1732065424,"10-2021":0.1621646147,"12-2021":0.1537552668,"02-2022":0.1542906767,"04-2022":0.1546218487,"06-2022":0.1639386003,"08-2022":0.1951224298,"10-2022":0.2180688285,"12-2022":0.2868422194,"02-2023":0.3558872768,"04-2023":0.4239759711,"06-2023":0.5072506029,"08-2023":0.5922558923,"10-2023":0.6747839749,"12-2023":0.7078651685,"02-2024":0.7144146467,"04-2024":0.7069479966,"06-2024":0.6966864318,"08-2024":0.6886096524,"10-2024":0.6836111111,"12-2024":0.6892061511,"02-2025":0.6837368815,"04-2025":0.6766567852,"06-2025":0.6608791327,"08-2025":0.6488725726,"10-2025":0.6451134417,"12-2025":0.6348138046,"02-2026":0.6191995989,"04-2026":0.612839197,"06-2026":0.6009428433,"08-2026":0.597689019,"10-2026":0.5952063448,"12-2026":0.5922811529,"02-2027":0.5885204461,"04-2027":0.576422962,"06-2027":0.5755395683,"08-2027":0.5634897783,"10-2027":0.5423126782,"12-2027":0.5295588235,"02-2028":0.5182999072,"04-2028":0.50763335,"06-2028":0.4967110622,"08-2028":0.4893957926,"10-2028":0.4711538462,"12-2028":0.467507764,"02-2029":0.4625775914,"04-2029":0.4529289466,"06-2029":0.4469245648,"08-2029":0.4436111111,"10-2029":0.4260975033,"12-2029":0.4224358974,"02-2030":0.4216442675,"04-2030":0.4093700573,"06-2030":0.4071753247,"08-2030":0.3963559004,"10-2030":0.3918613884,"12-2030":0.3806034705}}