{"median":{"02-2020":0.0542009401,"04-2020":0.0530169183,"06-2020":0.050390625,"08-2020":0.0487348132,"10-2020":0.0479704797,"12-2020":0.0427808846,"02-2021":0.038618324,"04-2021":0.0379049112,"06-2021":0.0408400838,"08-2021":0.0425878344,"10-2021":0.0494296578,"12-2021":0.06002331,"02-2022":0.0726902174,"04-2022":0.0804842162,"06-2022":0.0938519243,"08-2022":0.1197826087,"10-2022":0.1430976215,"12-2022":0.180564247,"02-2023":0.2178571429,"04-2023":0.2431812792,"06-2023":0.2851380829,"08-2023":0.3609399541,"10-2023":0.3945784699,"12-2023":0.462375269,"02-2024":0.5246419937,"04-2024":0.5709128417,"06-2024":0.5869747899,"08-2024":0.5688990255,"10-2024":0.5547351667,"12-2024":0.5581172073,"02-2025":0.5646930442,"04-2025":0.555959596,"06-2025":0.5541793956,"08-2025":0.5471868885,"10-2025":0.5398621595,"12-2025":0.5323944526,"02-2026":0.5126841056,"04-2026":0.5018796992,"06-2026":0.4982142629,"08-2026":0.4872261072,"10-2026":0.4854103343,"12-2026":0.4768788102,"02-2027":0.4715570477,"04-2027":0.4618165985,"06-2027":0.469579288,"08-2027":0.4611416152,"10-2027":0.4389012656,"12-2027":0.4298674742,"02-2028":0.4166657026,"04-2028":0.4104748843,"06-2028":0.4162003206,"08-2028":0.3953260038,"10-2028":0.3892822967,"12-2028":0.3776306107,"02-2029":0.3743652447,"04-2029":0.3680235694,"06-2029":0.3589296882,"08-2029":0.3556637316,"10-2029":0.3468692343,"12-2029":0.3385768247,"02-2030":0.3321897271,"04-2030":0.3287623572,"06-2030":0.3257839721,"08-2030":0.3205010776,"10-2030":0.3276124819,"12-2030":0.3139573397},"percentile_25":{"02-2020":0.0303634499,"04-2020":0.0290471311,"06-2020":0.0243167793,"08-2020":0.0223261001,"10-2020":0.0201630202,"12-2020":0.0192316162,"02-2021":0.0156720275,"04-2021":0.0141218335,"06-2021":0.0079292206,"08-2021":0.0070299419,"10-2021":0.0037349147,"12-2021":0.002559727,"02-2022":0.0,"04-2022":0.0,"06-2022":0.0,"08-2022":0.0,"10-2022":0.0,"12-2022":0.0,"02-2023":0.0,"04-2023":0.0,"06-2023":0.0,"08-2023":0.0,"10-2023":0.0,"12-2023":0.0,"02-2024":0.0,"04-2024":0.0,"06-2024":0.0,"08-2024":0.0,"10-2024":0.0,"12-2024":0.0,"02-2025":0.0,"04-2025":0.0,"06-2025":0.0,"08-2025":0.0,"10-2025":0.0,"12-2025":0.0,"02-2026":0.0,"04-2026":0.0,"06-2026":0.0,"08-2026":0.0,"10-2026":0.0,"12-2026":0.0,"02-2027":0.0,"04-2027":0.0,"06-2027":0.0,"08-2027":0.0,"10-2027":0.0,"12-2027":0.0,"02-2028":0.0,"04-2028":0.0,"06-2028":0.0,"08-2028":0.0,"10-2028":0.0,"12-2028":0.0,"02-2029":0.0,"04-2029":0.0,"06-2029":0.0,"08-2029":0.0,"10-2029":0.0,"12-2029":0.0,"02-2030":0.0,"04-2030":0.0,"06-2030":0.0,"08-2030":0.0,"10-2030":0.0,"12-2030":0.0},"percentile_75":{"02-2020":0.0963033113,"04-2020":0.1017279822,"06-2020":0.1041437908,"08-2020":0.1023451602,"10-2020":0.0997853218,"12-2020":0.0995320834,"02-2021":0.0993825669,"04-2021":0.1049380957,"06-2021":0.1124925551,"08-2021":0.1314551995,"10-2021":0.1483527863,"12-2021":0.1821754714,"02-2022":0.2288657771,"04-2022":0.2901096995,"06-2022":0.3693453601,"08-2022":0.4795231729,"10-2022":0.5576305193,"12-2022":0.6299421408,"02-2023":0.7066229542,"04-2023":0.725412539,"06-2023":0.7271737834,"08-2023":0.7258755589,"10-2023":0.7259911141,"12-2023":0.7230119277,"02-2024":0.7012688548,"04-2024":0.6831850387,"06-2024":0.6722285205,"08-2024":0.665786385,"10-2024":0.6520162439,"12-2024":0.6347206625,"02-2025":0.6331034049,"04-2025":0.6333333333,"06-2025":0.6299670986,"08-2025":0.6233119304,"10-2025":0.6049078415,"12-2025":0.5966358203,"02-2026":0.5834143969,"04-2026":0.5721502767,"06-2026":0.5571059173,"08-2026":0.5491808192,"10-2026":0.5465120761,"12-2026":0.5420319118,"02-2027":0.542780177,"04-2027":0.5294631586,"06-2027":0.5337674894,"08-2027":0.5190423972,"10-2027":0.5115900572,"12-2027":0.4875970443,"02-2028":0.4804064277,"04-2028":0.4762994529,"06-2028":0.4629713766,"08-2028":0.4537708543,"10-2028":0.4530022043,"12-2028":0.449216327,"02-2029":0.4432234432,"04-2029":0.4302448787,"06-2029":0.4271086165,"08-2029":0.4183660934,"10-2029":0.4119257192,"12-2029":0.4068001761,"02-2030":0.3928385385,"04-2030":0.3920698102,"06-2030":0.3780268451,"08-2030":0.3781520238,"10-2030":0.3785114765,"12-2030":0.3738463874}}