{"median":{"02-2020":0.0542009401,"04-2020":0.0530169183,"06-2020":0.050390625,"08-2020":0.0487348132,"10-2020":0.0479704797,"12-2020":0.0427808846,"02-2021":0.0355876393,"04-2021":0.0340265866,"06-2021":0.0284287693,"08-2021":0.0230772645,"10-2021":0.0205597606,"12-2021":0.0178080282,"02-2022":0.0156865157,"04-2022":0.0143385754,"06-2022":0.0108893281,"08-2022":0.0070175439,"10-2022":0.0068046892,"12-2022":0.0037455285,"02-2023":0.0035087719,"04-2023":0.0,"06-2023":0.0,"08-2023":0.0,"10-2023":0.0,"12-2023":0.0,"02-2024":0.0,"04-2024":0.0,"06-2024":0.0,"08-2024":0.0,"10-2024":0.0,"12-2024":0.0,"02-2025":0.0,"04-2025":0.0,"06-2025":0.0,"08-2025":0.0,"10-2025":0.0,"12-2025":0.0,"02-2026":0.0,"04-2026":0.0,"06-2026":0.0,"08-2026":0.0,"10-2026":0.0,"12-2026":0.0,"02-2027":0.0,"04-2027":0.0,"06-2027":0.0,"08-2027":0.0,"10-2027":0.0,"12-2027":0.0,"02-2028":0.0,"04-2028":0.0,"06-2028":0.0,"08-2028":0.0,"10-2028":0.0,"12-2028":0.0,"02-2029":0.0,"04-2029":0.0,"06-2029":0.0,"08-2029":0.0,"10-2029":0.0,"12-2029":0.0,"02-2030":0.0,"04-2030":0.0,"06-2030":0.0,"08-2030":0.0,"10-2030":0.0,"12-2030":0.0},"percentile_25":{"02-2020":0.0303634499,"04-2020":0.0290471311,"06-2020":0.0243167793,"08-2020":0.0223261001,"10-2020":0.0201630202,"12-2020":0.0192316162,"02-2021":0.0153846154,"04-2021":0.0116960392,"06-2021":0.0077220077,"08-2021":0.0042975382,"10-2021":0.0037142584,"12-2021":0.0,"02-2022":0.0,"04-2022":0.0,"06-2022":0.0,"08-2022":0.0,"10-2022":0.0,"12-2022":0.0,"02-2023":0.0,"04-2023":0.0,"06-2023":0.0,"08-2023":0.0,"10-2023":0.0,"12-2023":0.0,"02-2024":0.0,"04-2024":0.0,"06-2024":0.0,"08-2024":0.0,"10-2024":0.0,"12-2024":0.0,"02-2025":0.0,"04-2025":0.0,"06-2025":0.0,"08-2025":0.0,"10-2025":0.0,"12-2025":0.0,"02-2026":0.0,"04-2026":0.0,"06-2026":0.0,"08-2026":0.0,"10-2026":0.0,"12-2026":0.0,"02-2027":0.0,"04-2027":0.0,"06-2027":0.0,"08-2027":0.0,"10-2027":0.0,"12-2027":0.0,"02-2028":0.0,"04-2028":0.0,"06-2028":0.0,"08-2028":0.0,"10-2028":0.0,"12-2028":0.0,"02-2029":0.0,"04-2029":0.0,"06-2029":0.0,"08-2029":0.0,"10-2029":0.0,"12-2029":0.0,"02-2030":0.0,"04-2030":0.0,"06-2030":0.0,"08-2030":0.0,"10-2030":0.0,"12-2030":0.0},"percentile_75":{"02-2020":0.0963033113,"04-2020":0.1017279822,"06-2020":0.1041437908,"08-2020":0.1023451602,"10-2020":0.0997853218,"12-2020":0.0995320834,"02-2021":0.0954869494,"04-2021":0.0917022901,"06-2021":0.0902835759,"08-2021":0.083080671,"10-2021":0.0720681272,"12-2021":0.0665406031,"02-2022":0.0659202548,"04-2022":0.0605348599,"06-2022":0.0523313296,"08-2022":0.0453594092,"10-2022":0.037954301,"12-2022":0.0339310729,"02-2023":0.0296116098,"04-2023":0.0272907607,"06-2023":0.0256207598,"08-2023":0.0236954459,"10-2023":0.0197462049,"12-2023":0.0183329715,"02-2024":0.014638942,"04-2024":0.0115347755,"06-2024":0.0088248337,"08-2024":0.0075474947,"10-2024":0.0077195511,"12-2024":0.0039724914,"02-2025":0.0038685155,"04-2025":0.0035587189,"06-2025":0.0,"08-2025":0.0,"10-2025":0.0,"12-2025":0.0,"02-2026":0.0,"04-2026":0.0,"06-2026":0.0,"08-2026":0.0,"10-2026":0.0,"12-2026":0.0,"02-2027":0.0,"04-2027":0.0,"06-2027":0.0,"08-2027":0.0,"10-2027":0.0,"12-2027":0.0,"02-2028":0.0,"04-2028":0.0,"06-2028":0.0,"08-2028":0.0,"10-2028":0.0,"12-2028":0.0,"02-2029":0.0,"04-2029":0.0,"06-2029":0.0,"08-2029":0.0,"10-2029":0.0,"12-2029":0.0,"02-2030":0.0,"04-2030":0.0,"06-2030":0.0,"08-2030":0.0,"10-2030":0.0,"12-2030":0.0}}