{"median":{"02-2020":0.0542009401,"04-2020":0.0530169183,"06-2020":0.050390625,"08-2020":0.0487348132,"10-2020":0.0479704797,"12-2020":0.0427808846,"02-2021":0.0355876393,"04-2021":0.0340265866,"06-2021":0.0284287693,"08-2021":0.0230772645,"10-2021":0.0205597606,"12-2021":0.0178080282,"02-2022":0.0156862745,"04-2022":0.0150094337,"06-2022":0.0144957983,"08-2022":0.0141556623,"10-2022":0.0109984557,"12-2022":0.0110632691,"02-2023":0.0148278324,"04-2023":0.0178799082,"06-2023":0.025062769,"08-2023":0.0319897814,"10-2023":0.0429007634,"12-2023":0.050974026,"02-2024":0.0611072981,"04-2024":0.0708161321,"06-2024":0.087568306,"08-2024":0.0994318853,"10-2024":0.106118491,"12-2024":0.1274920877,"02-2025":0.1625984482,"04-2025":0.1873286273,"06-2025":0.2359577342,"08-2025":0.2595027772,"10-2025":0.2752769163,"12-2025":0.3172983965,"02-2026":0.3627702703,"04-2026":0.3870056497,"06-2026":0.426315348,"08-2026":0.464176632,"10-2026":0.4836473516,"12-2026":0.4889652188,"02-2027":0.4741037376,"04-2027":0.4508385196,"06-2027":0.4553109718,"08-2027":0.4629162084,"10-2027":0.460555376,"12-2027":0.4315381508,"02-2028":0.4262766442,"04-2028":0.4044515437,"06-2028":0.375812509,"08-2028":0.3774702038,"10-2028":0.3619221198,"12-2028":0.3742622686,"02-2029":0.3663052812,"04-2029":0.3585714286,"06-2029":0.3595918128,"08-2029":0.3464369495,"10-2029":0.3263126778,"12-2029":0.3139740178,"02-2030":0.3000865159,"04-2030":0.3065741959,"06-2030":0.3113089125,"08-2030":0.3027873394,"10-2030":0.2948717949,"12-2030":0.3024519961},"percentile_25":{"02-2020":0.0303634499,"04-2020":0.0290471311,"06-2020":0.0243167793,"08-2020":0.0223261001,"10-2020":0.0201630202,"12-2020":0.0192316162,"02-2021":0.0153846154,"04-2021":0.0116960392,"06-2021":0.0077220077,"08-2021":0.0042975382,"10-2021":0.0037142584,"12-2021":0.0,"02-2022":0.0,"04-2022":0.0,"06-2022":0.0,"08-2022":0.0,"10-2022":0.0,"12-2022":0.0,"02-2023":0.0,"04-2023":0.0,"06-2023":0.0,"08-2023":0.0,"10-2023":0.0,"12-2023":0.0,"02-2024":0.0,"04-2024":0.0,"06-2024":0.0,"08-2024":0.0,"10-2024":0.0,"12-2024":0.0,"02-2025":0.0,"04-2025":0.0,"06-2025":0.0,"08-2025":0.0,"10-2025":0.0,"12-2025":0.0,"02-2026":0.0,"04-2026":0.0,"06-2026":0.0,"08-2026":0.0,"10-2026":0.0,"12-2026":0.0,"02-2027":0.0,"04-2027":0.0,"06-2027":0.0,"08-2027":0.0,"10-2027":0.0,"12-2027":0.0,"02-2028":0.0,"04-2028":0.0,"06-2028":0.0,"08-2028":0.0,"10-2028":0.0,"12-2028":0.0,"02-2029":0.0,"04-2029":0.0,"06-2029":0.0,"08-2029":0.0,"10-2029":0.0,"12-2029":0.0,"02-2030":0.0,"04-2030":0.0,"06-2030":0.0,"08-2030":0.0,"10-2030":0.0,"12-2030":0.0},"percentile_75":{"02-2020":0.0963033113,"04-2020":0.1017279822,"06-2020":0.1041437908,"08-2020":0.1023451602,"10-2020":0.0997853218,"12-2020":0.0995320834,"02-2021":0.0954869494,"04-2021":0.0917022901,"06-2021":0.0902835759,"08-2021":0.083080671,"10-2021":0.0720681272,"12-2021":0.0665406031,"02-2022":0.0721290879,"04-2022":0.0715570401,"06-2022":0.071925474,"08-2022":0.0824744445,"10-2022":0.0947624156,"12-2022":0.1277513808,"02-2023":0.1716856061,"04-2023":0.2039796455,"06-2023":0.2691570881,"08-2023":0.3193087318,"10-2023":0.3875757576,"12-2023":0.4710573477,"02-2024":0.5622727273,"04-2024":0.6328061638,"06-2024":0.6686035186,"08-2024":0.6575464487,"10-2024":0.6641927225,"12-2024":0.6483160074,"02-2025":0.6776862027,"04-2025":0.6783488413,"06-2025":0.6681760304,"08-2025":0.6658045977,"10-2025":0.6402559851,"12-2025":0.6387774747,"02-2026":0.6205285942,"04-2026":0.6147601868,"06-2026":0.610242672,"08-2026":0.5954007228,"10-2026":0.590266323,"12-2026":0.5945492327,"02-2027":0.5895247877,"04-2027":0.5734108527,"06-2027":0.5753654819,"08-2027":0.5642356002,"10-2027":0.5498214307,"12-2027":0.5341171986,"02-2028":0.514799253,"04-2028":0.5136616119,"06-2028":0.5035099638,"08-2028":0.4842919154,"10-2028":0.4751528082,"12-2028":0.4623835404,"02-2029":0.4619870459,"04-2029":0.4531100478,"06-2029":0.4397306397,"08-2029":0.4254428845,"10-2029":0.4235375319,"12-2029":0.4182581252,"02-2030":0.4039589934,"04-2030":0.3901631335,"06-2030":0.3848954798,"08-2030":0.3804518545,"10-2030":0.3781288724,"12-2030":0.3653176767}}