{"median":{"02-2020":0.0607215153,"04-2020":0.065087375,"06-2020":0.0762178994,"08-2020":0.0877290189,"10-2020":0.0921097285,"12-2020":0.0943634304,"02-2021":0.0979326513,"04-2021":0.100007934,"06-2021":0.0930739836,"08-2021":0.0822172847,"10-2021":0.0760190943,"12-2021":0.0678026219,"02-2022":0.0590341841,"04-2022":0.0511010164,"06-2022":0.0416666667,"08-2022":0.0344847835,"10-2022":0.0327309237,"12-2022":0.0248276903,"02-2023":0.0242930907,"04-2023":0.0225179552,"06-2023":0.0226418319,"08-2023":0.0261197666,"10-2023":0.0284357799,"12-2023":0.0319716817,"02-2024":0.0366973713,"04-2024":0.0501054539,"06-2024":0.0656680951,"08-2024":0.0767757147,"10-2024":0.0946112965,"12-2024":0.1139882889,"02-2025":0.1457949019,"04-2025":0.1788643265,"06-2025":0.2204838304,"08-2025":0.2541774332,"10-2025":0.2852033345,"12-2025":0.336755352,"02-2026":0.3775378896,"04-2026":0.4140771149,"06-2026":0.4469230769,"08-2026":0.4916757123,"10-2026":0.5166122004,"12-2026":0.5337434305,"02-2027":0.5202996255,"04-2027":0.5126360378,"06-2027":0.5172167707,"08-2027":0.5091968292,"10-2027":0.4938677612,"12-2027":0.490496134,"02-2028":0.4719916056,"04-2028":0.4613622931,"06-2028":0.4568483738,"08-2028":0.4425059188,"10-2028":0.428955054,"12-2028":0.4316837315,"02-2029":0.4249892381,"04-2029":0.4037943262,"06-2029":0.4081580417,"08-2029":0.3972109412,"10-2029":0.3736398759,"12-2029":0.3585592956,"02-2030":0.3428035379,"04-2030":0.3474511449,"06-2030":0.3429412314,"08-2030":0.3514863683,"10-2030":0.3411061924,"12-2030":0.3403539888},"percentile_25":{"02-2020":0.0324679898,"04-2020":0.0334689148,"06-2020":0.0328467153,"08-2020":0.035225452,"10-2020":0.0316205534,"12-2020":0.0313143549,"02-2021":0.0301740812,"04-2021":0.0278687848,"06-2021":0.0267437304,"08-2021":0.0226103551,"10-2021":0.020731216,"12-2021":0.0144687137,"02-2022":0.0109789845,"04-2022":0.0078066525,"06-2022":0.0072995596,"08-2022":0.0036534103,"10-2022":0.0035650963,"12-2022":0.0,"02-2023":0.0,"04-2023":0.0,"06-2023":0.0,"08-2023":0.0,"10-2023":0.0,"12-2023":0.0,"02-2024":0.0,"04-2024":0.0,"06-2024":0.0,"08-2024":0.0,"10-2024":0.0,"12-2024":0.0,"02-2025":0.0,"04-2025":0.0,"06-2025":0.0,"08-2025":0.0,"10-2025":0.0,"12-2025":0.0,"02-2026":0.0,"04-2026":0.0,"06-2026":0.0,"08-2026":0.0,"10-2026":0.0,"12-2026":0.0,"02-2027":0.0,"04-2027":0.0,"06-2027":0.0,"08-2027":0.0,"10-2027":0.0,"12-2027":0.0,"02-2028":0.0,"04-2028":0.0,"06-2028":0.0,"08-2028":0.0,"10-2028":0.0,"12-2028":0.0,"02-2029":0.0,"04-2029":0.0,"06-2029":0.0,"08-2029":0.0,"10-2029":0.0,"12-2029":0.0,"02-2030":0.0,"04-2030":0.0,"06-2030":0.0,"08-2030":0.0,"10-2030":0.0,"12-2030":0.0},"percentile_75":{"02-2020":0.1069632353,"04-2020":0.1244814815,"06-2020":0.1481833545,"08-2020":0.1729026748,"10-2020":0.1843464851,"12-2020":0.1876451014,"02-2021":0.1885708502,"04-2021":0.1885632539,"06-2021":0.1886398176,"08-2021":0.1732065424,"10-2021":0.1621646147,"12-2021":0.1537552668,"02-2022":0.1431709325,"04-2022":0.1323265658,"06-2022":0.1220592364,"08-2022":0.1087232563,"10-2022":0.101875491,"12-2022":0.1008103265,"02-2023":0.0972292791,"04-2023":0.1086752768,"06-2023":0.1238917149,"08-2023":0.1463399879,"10-2023":0.1908396947,"12-2023":0.2416618746,"02-2024":0.3191304348,"04-2024":0.396341975,"06-2024":0.4871886973,"08-2024":0.5871886121,"10-2024":0.6609677917,"12-2024":0.7174460567,"02-2025":0.7089448355,"04-2025":0.6958005639,"06-2025":0.6804358143,"08-2025":0.6766268634,"10-2025":0.6852903535,"12-2025":0.6716004847,"02-2026":0.6540214775,"04-2026":0.6596771577,"06-2026":0.6513576779,"08-2026":0.6461432253,"10-2026":0.6435986159,"12-2026":0.6339684301,"02-2027":0.6173823548,"04-2027":0.617900616,"06-2027":0.61264902,"08-2027":0.6162867108,"10-2027":0.5900265018,"12-2027":0.5836207839,"02-2028":0.5712686349,"04-2028":0.5524747475,"06-2028":0.5423285486,"08-2028":0.5238049517,"10-2028":0.5129387593,"12-2028":0.5079880912,"02-2029":0.5004237288,"04-2029":0.4913961039,"06-2029":0.4779814298,"08-2029":0.4762345308,"10-2029":0.4655006953,"12-2029":0.4553152378,"02-2030":0.4484875983,"04-2030":0.4411764706,"06-2030":0.425313526,"08-2030":0.4174342105,"10-2030":0.3964002711,"12-2030":0.3939803778}}