{"median":{"02-2020":0.0607215153,"04-2020":0.065087375,"06-2020":0.0762178994,"08-2020":0.0877290189,"10-2020":0.0921097285,"12-2020":0.0943634304,"02-2021":0.0979326513,"04-2021":0.100007934,"06-2021":0.0930739836,"08-2021":0.0822172847,"10-2021":0.0760190943,"12-2021":0.0678026219,"02-2022":0.0590341841,"04-2022":0.0511010164,"06-2022":0.0416666667,"08-2022":0.0344847835,"10-2022":0.0327309237,"12-2022":0.0248276903,"02-2023":0.0239384926,"04-2023":0.0220219816,"06-2023":0.0186561979,"08-2023":0.0151242245,"10-2023":0.0129959916,"12-2023":0.0090839715,"02-2024":0.0069109573,"04-2024":0.0038547237,"06-2024":0.0036563193,"08-2024":0.0,"10-2024":0.0,"12-2024":0.0,"02-2025":0.0,"04-2025":0.0,"06-2025":0.0,"08-2025":0.0,"10-2025":0.0,"12-2025":0.0,"02-2026":0.0,"04-2026":0.0,"06-2026":0.0,"08-2026":0.0,"10-2026":0.0,"12-2026":0.0,"02-2027":0.0,"04-2027":0.0,"06-2027":0.0,"08-2027":0.0,"10-2027":0.0,"12-2027":0.0,"02-2028":0.0,"04-2028":0.0,"06-2028":0.0,"08-2028":0.0,"10-2028":0.0,"12-2028":0.0,"02-2029":0.0,"04-2029":0.0,"06-2029":0.0,"08-2029":0.0,"10-2029":0.0,"12-2029":0.0,"02-2030":0.0,"04-2030":0.0,"06-2030":0.0,"08-2030":0.0,"10-2030":0.0,"12-2030":0.0},"percentile_25":{"02-2020":0.0324679898,"04-2020":0.0334689148,"06-2020":0.0328467153,"08-2020":0.035225452,"10-2020":0.0316205534,"12-2020":0.0313143549,"02-2021":0.0301740812,"04-2021":0.0278687848,"06-2021":0.0267437304,"08-2021":0.0226103551,"10-2021":0.020731216,"12-2021":0.0144687137,"02-2022":0.0109789845,"04-2022":0.0078066525,"06-2022":0.0072995596,"08-2022":0.0036534103,"10-2022":0.0035650963,"12-2022":0.0,"02-2023":0.0,"04-2023":0.0,"06-2023":0.0,"08-2023":0.0,"10-2023":0.0,"12-2023":0.0,"02-2024":0.0,"04-2024":0.0,"06-2024":0.0,"08-2024":0.0,"10-2024":0.0,"12-2024":0.0,"02-2025":0.0,"04-2025":0.0,"06-2025":0.0,"08-2025":0.0,"10-2025":0.0,"12-2025":0.0,"02-2026":0.0,"04-2026":0.0,"06-2026":0.0,"08-2026":0.0,"10-2026":0.0,"12-2026":0.0,"02-2027":0.0,"04-2027":0.0,"06-2027":0.0,"08-2027":0.0,"10-2027":0.0,"12-2027":0.0,"02-2028":0.0,"04-2028":0.0,"06-2028":0.0,"08-2028":0.0,"10-2028":0.0,"12-2028":0.0,"02-2029":0.0,"04-2029":0.0,"06-2029":0.0,"08-2029":0.0,"10-2029":0.0,"12-2029":0.0,"02-2030":0.0,"04-2030":0.0,"06-2030":0.0,"08-2030":0.0,"10-2030":0.0,"12-2030":0.0},"percentile_75":{"02-2020":0.1069632353,"04-2020":0.1244814815,"06-2020":0.1481833545,"08-2020":0.1729026748,"10-2020":0.1843464851,"12-2020":0.1876451014,"02-2021":0.1885708502,"04-2021":0.1885632539,"06-2021":0.1886398176,"08-2021":0.1732065424,"10-2021":0.1621646147,"12-2021":0.1537552668,"02-2022":0.1431709325,"04-2022":0.1323265658,"06-2022":0.1220592364,"08-2022":0.1087232563,"10-2022":0.101875491,"12-2022":0.1008103265,"02-2023":0.0913287836,"04-2023":0.0852845464,"06-2023":0.0833167825,"08-2023":0.0836267606,"10-2023":0.0794255107,"12-2023":0.0757009958,"02-2024":0.0715824945,"04-2024":0.0630018938,"06-2024":0.0584263337,"08-2024":0.0566372274,"10-2024":0.0521408473,"12-2024":0.0517662208,"02-2025":0.0505148822,"04-2025":0.0422853966,"06-2025":0.041400596,"08-2025":0.0494774843,"10-2025":0.0486877646,"12-2025":0.0578667542,"02-2026":0.0620970991,"04-2026":0.0867957285,"06-2026":0.1037031151,"08-2026":0.1556416791,"10-2026":0.2052635046,"12-2026":0.262925923,"02-2027":0.3423799241,"04-2027":0.4287896219,"06-2027":0.5398960691,"08-2027":0.6261034483,"10-2027":0.6660793986,"12-2027":0.6169564583,"02-2028":0.622629434,"04-2028":0.6203169213,"06-2028":0.6147175687,"08-2028":0.6082267801,"10-2028":0.6194012258,"12-2028":0.5973604782,"02-2029":0.5938551115,"04-2029":0.5553969232,"06-2029":0.551879746,"08-2029":0.5255944075,"10-2029":0.5181542198,"12-2029":0.5055114324,"02-2030":0.5076924062,"04-2030":0.5099114794,"06-2030":0.4889390652,"08-2030":0.4728392193,"10-2030":0.4642883212,"12-2030":0.4507554417}}