{"median":{"02-2020":0.0607215153,"04-2020":0.065087375,"06-2020":0.0762178994,"08-2020":0.0877290189,"10-2020":0.0921097285,"12-2020":0.0943634304,"02-2021":0.0979326513,"04-2021":0.100007934,"06-2021":0.0930739836,"08-2021":0.0822172847,"10-2021":0.0760190943,"12-2021":0.0678026219,"02-2022":0.0590341841,"04-2022":0.0511010164,"06-2022":0.0416666667,"08-2022":0.0344847835,"10-2022":0.0327309237,"12-2022":0.0248276903,"02-2023":0.0239384926,"04-2023":0.0220219816,"06-2023":0.0186561979,"08-2023":0.0151242245,"10-2023":0.0129959916,"12-2023":0.0090839715,"02-2024":0.0069109573,"04-2024":0.0038547237,"06-2024":0.0036630037,"08-2024":0.0016949153,"10-2024":0.0,"12-2024":0.0,"02-2025":0.0,"04-2025":0.0,"06-2025":0.0,"08-2025":0.0,"10-2025":0.0,"12-2025":0.0,"02-2026":0.0,"04-2026":0.0,"06-2026":0.0,"08-2026":0.0,"10-2026":0.0,"12-2026":0.0,"02-2027":0.0,"04-2027":0.0,"06-2027":0.0,"08-2027":0.0,"10-2027":0.0,"12-2027":0.0,"02-2028":0.0,"04-2028":0.0,"06-2028":0.0,"08-2028":0.0,"10-2028":0.0,"12-2028":0.0,"02-2029":0.0,"04-2029":0.0,"06-2029":0.0,"08-2029":0.0,"10-2029":0.0,"12-2029":0.0,"02-2030":0.0,"04-2030":0.0,"06-2030":0.0,"08-2030":0.0,"10-2030":0.0,"12-2030":0.0},"percentile_25":{"02-2020":0.0324679898,"04-2020":0.0334689148,"06-2020":0.0328467153,"08-2020":0.035225452,"10-2020":0.0316205534,"12-2020":0.0313143549,"02-2021":0.0301740812,"04-2021":0.0278687848,"06-2021":0.0267437304,"08-2021":0.0226103551,"10-2021":0.020731216,"12-2021":0.0144687137,"02-2022":0.0109789845,"04-2022":0.0078066525,"06-2022":0.0072995596,"08-2022":0.0036534103,"10-2022":0.0035650963,"12-2022":0.0,"02-2023":0.0,"04-2023":0.0,"06-2023":0.0,"08-2023":0.0,"10-2023":0.0,"12-2023":0.0,"02-2024":0.0,"04-2024":0.0,"06-2024":0.0,"08-2024":0.0,"10-2024":0.0,"12-2024":0.0,"02-2025":0.0,"04-2025":0.0,"06-2025":0.0,"08-2025":0.0,"10-2025":0.0,"12-2025":0.0,"02-2026":0.0,"04-2026":0.0,"06-2026":0.0,"08-2026":0.0,"10-2026":0.0,"12-2026":0.0,"02-2027":0.0,"04-2027":0.0,"06-2027":0.0,"08-2027":0.0,"10-2027":0.0,"12-2027":0.0,"02-2028":0.0,"04-2028":0.0,"06-2028":0.0,"08-2028":0.0,"10-2028":0.0,"12-2028":0.0,"02-2029":0.0,"04-2029":0.0,"06-2029":0.0,"08-2029":0.0,"10-2029":0.0,"12-2029":0.0,"02-2030":0.0,"04-2030":0.0,"06-2030":0.0,"08-2030":0.0,"10-2030":0.0,"12-2030":0.0},"percentile_75":{"02-2020":0.1069632353,"04-2020":0.1244814815,"06-2020":0.1481833545,"08-2020":0.1729026748,"10-2020":0.1843464851,"12-2020":0.1876451014,"02-2021":0.1885708502,"04-2021":0.1885632539,"06-2021":0.1886398176,"08-2021":0.1732065424,"10-2021":0.1621646147,"12-2021":0.1537552668,"02-2022":0.1431709325,"04-2022":0.1323265658,"06-2022":0.1220592364,"08-2022":0.1087232563,"10-2022":0.101875491,"12-2022":0.1008103265,"02-2023":0.0913287836,"04-2023":0.0852845464,"06-2023":0.0833167825,"08-2023":0.0836267606,"10-2023":0.0794255107,"12-2023":0.0757009958,"02-2024":0.0715824945,"04-2024":0.0630018938,"06-2024":0.0593771044,"08-2024":0.0639700667,"10-2024":0.0697746794,"12-2024":0.0791700606,"02-2025":0.1004446346,"04-2025":0.115416734,"06-2025":0.1632994569,"08-2025":0.2174036813,"10-2025":0.2459709074,"12-2025":0.3200317125,"02-2026":0.3855845864,"04-2026":0.4746902034,"06-2026":0.5821811993,"08-2026":0.6361064586,"10-2026":0.6477051389,"12-2026":0.6653129028,"02-2027":0.6692149624,"04-2027":0.6653328751,"06-2027":0.6717991012,"08-2027":0.6577190303,"10-2027":0.6517027864,"12-2027":0.625999001,"02-2028":0.60853785,"04-2028":0.5936570176,"06-2028":0.5752554051,"08-2028":0.5647360821,"10-2028":0.5532599319,"12-2028":0.554619226,"02-2029":0.5441794591,"04-2029":0.5316657477,"06-2029":0.5280620759,"08-2029":0.5191421451,"10-2029":0.4902978574,"12-2029":0.4819632053,"02-2030":0.469571805,"04-2030":0.4599354999,"06-2030":0.4479776338,"08-2030":0.4391842782,"10-2030":0.4209265803,"12-2030":0.417230454}}