{"median":{"02-2020":0.0542009401,"04-2020":0.0530169183,"06-2020":0.050390625,"08-2020":0.0487348132,"10-2020":0.0479704797,"12-2020":0.0427808846,"02-2021":0.0355876393,"04-2021":0.0340265866,"06-2021":0.0284287693,"08-2021":0.0230772645,"10-2021":0.0205597606,"12-2021":0.0178080282,"02-2022":0.0156865157,"04-2022":0.0143385754,"06-2022":0.0108893281,"08-2022":0.0070175439,"10-2022":0.0068046892,"12-2022":0.0037455285,"02-2023":0.0034966745,"04-2023":0.0,"06-2023":0.0,"08-2023":0.0,"10-2023":0.0,"12-2023":0.0,"02-2024":0.0,"04-2024":0.0,"06-2024":0.0,"08-2024":0.0,"10-2024":0.0,"12-2024":0.0,"02-2025":0.0,"04-2025":0.0,"06-2025":0.0,"08-2025":0.0,"10-2025":0.0,"12-2025":0.0,"02-2026":0.0,"04-2026":0.0,"06-2026":0.0,"08-2026":0.0,"10-2026":0.0,"12-2026":0.0,"02-2027":0.0,"04-2027":0.0,"06-2027":0.0,"08-2027":0.0,"10-2027":0.0,"12-2027":0.0,"02-2028":0.0,"04-2028":0.0,"06-2028":0.0,"08-2028":0.0,"10-2028":0.0,"12-2028":0.0,"02-2029":0.0,"04-2029":0.0,"06-2029":0.0,"08-2029":0.0,"10-2029":0.0,"12-2029":0.0,"02-2030":0.0,"04-2030":0.0,"06-2030":0.0,"08-2030":0.0,"10-2030":0.0,"12-2030":0.0},"percentile_25":{"02-2020":0.0303634499,"04-2020":0.0290471311,"06-2020":0.0243167793,"08-2020":0.0223261001,"10-2020":0.0201630202,"12-2020":0.0192316162,"02-2021":0.0153846154,"04-2021":0.0116960392,"06-2021":0.0077220077,"08-2021":0.0042975382,"10-2021":0.0037142584,"12-2021":0.0,"02-2022":0.0,"04-2022":0.0,"06-2022":0.0,"08-2022":0.0,"10-2022":0.0,"12-2022":0.0,"02-2023":0.0,"04-2023":0.0,"06-2023":0.0,"08-2023":0.0,"10-2023":0.0,"12-2023":0.0,"02-2024":0.0,"04-2024":0.0,"06-2024":0.0,"08-2024":0.0,"10-2024":0.0,"12-2024":0.0,"02-2025":0.0,"04-2025":0.0,"06-2025":0.0,"08-2025":0.0,"10-2025":0.0,"12-2025":0.0,"02-2026":0.0,"04-2026":0.0,"06-2026":0.0,"08-2026":0.0,"10-2026":0.0,"12-2026":0.0,"02-2027":0.0,"04-2027":0.0,"06-2027":0.0,"08-2027":0.0,"10-2027":0.0,"12-2027":0.0,"02-2028":0.0,"04-2028":0.0,"06-2028":0.0,"08-2028":0.0,"10-2028":0.0,"12-2028":0.0,"02-2029":0.0,"04-2029":0.0,"06-2029":0.0,"08-2029":0.0,"10-2029":0.0,"12-2029":0.0,"02-2030":0.0,"04-2030":0.0,"06-2030":0.0,"08-2030":0.0,"10-2030":0.0,"12-2030":0.0},"percentile_75":{"02-2020":0.0963033113,"04-2020":0.1017279822,"06-2020":0.1041437908,"08-2020":0.1023451602,"10-2020":0.0997853218,"12-2020":0.0995320834,"02-2021":0.0954869494,"04-2021":0.0917022901,"06-2021":0.0902835759,"08-2021":0.083080671,"10-2021":0.0720681272,"12-2021":0.0665406031,"02-2022":0.0659202548,"04-2022":0.0605348599,"06-2022":0.0523313296,"08-2022":0.0453594092,"10-2022":0.037954301,"12-2022":0.0339310729,"02-2023":0.0308010057,"04-2023":0.0335574352,"06-2023":0.0390196172,"08-2023":0.0448717949,"10-2023":0.0536403509,"12-2023":0.0670849968,"02-2024":0.0829831933,"04-2024":0.1014820673,"06-2024":0.1326291742,"08-2024":0.1824908476,"10-2024":0.2141493677,"12-2024":0.2982094696,"02-2025":0.3808309301,"04-2025":0.4657225673,"06-2025":0.5608033298,"08-2025":0.6338342151,"10-2025":0.5871814356,"12-2025":0.60389662,"02-2026":0.6227269172,"04-2026":0.6208979193,"06-2026":0.6146796704,"08-2026":0.5994584838,"10-2026":0.5886282134,"12-2026":0.5778121319,"02-2027":0.5769965922,"04-2027":0.5696898496,"06-2027":0.561924129,"08-2027":0.5479885057,"10-2027":0.5372894298,"12-2027":0.5164339918,"02-2028":0.5186116965,"04-2028":0.5068381519,"06-2028":0.5122139085,"08-2028":0.4919685336,"10-2028":0.4740548507,"12-2028":0.4710682957,"02-2029":0.4588547048,"04-2029":0.4502695206,"06-2029":0.4404647699,"08-2029":0.4287210681,"10-2029":0.4159668473,"12-2029":0.4033905229,"02-2030":0.3906723273,"04-2030":0.3798564033,"06-2030":0.382839086,"08-2030":0.3788842402,"10-2030":0.3666984847,"12-2030":0.3538283569}}