{"median":{"02-2020":0.0607215153,"04-2020":0.065087375,"06-2020":0.0762178994,"08-2020":0.0877290189,"10-2020":0.0921097285,"12-2020":0.0943634304,"02-2021":0.0979326513,"04-2021":0.100007934,"06-2021":0.0930739836,"08-2021":0.0822172847,"10-2021":0.0760190943,"12-2021":0.0678026219,"02-2022":0.0590341841,"04-2022":0.0511010164,"06-2022":0.0416666667,"08-2022":0.0344847835,"10-2022":0.0327309237,"12-2022":0.0248276903,"02-2023":0.0239384926,"04-2023":0.0220219816,"06-2023":0.0156259537,"08-2023":0.015296423,"10-2023":0.0143385754,"12-2023":0.0111732231,"02-2024":0.009015643,"04-2024":0.0075078882,"06-2024":0.0037950801,"08-2024":0.0111030264,"10-2024":0.0091812443,"12-2024":0.013918668,"02-2025":0.0126142693,"04-2025":0.0145996712,"06-2025":0.0110321258,"08-2025":0.0092957865,"10-2025":0.018503153,"12-2025":0.0224194703,"02-2026":0.0282343813,"04-2026":0.0341081973,"06-2026":0.0391540985,"08-2026":0.0472963383,"10-2026":0.05039049,"12-2026":0.06241668,"02-2027":0.0980476826,"04-2027":0.1213094661,"06-2027":0.1554940251,"08-2027":0.2100269014,"10-2027":0.2627945508,"12-2027":0.3107104984,"02-2028":0.3641703851,"04-2028":0.4030100772,"06-2028":0.4462955596,"08-2028":0.4482292305,"10-2028":0.4264811233,"12-2028":0.3878000387,"02-2029":0.388893097,"04-2029":0.3927207544,"06-2029":0.3696624449,"08-2029":0.3542915164,"10-2029":0.3524645969,"12-2029":0.3413878563,"02-2030":0.3434259079,"04-2030":0.3255613885,"06-2030":0.3274935591,"08-2030":0.3201257257,"10-2030":0.3075345343,"12-2030":0.3215687901},"percentile_25":{"02-2020":0.0324679898,"04-2020":0.0334689148,"06-2020":0.0328467153,"08-2020":0.035225452,"10-2020":0.0316205534,"12-2020":0.0313143549,"02-2021":0.0301740812,"04-2021":0.0278687848,"06-2021":0.0267437304,"08-2021":0.0226103551,"10-2021":0.020731216,"12-2021":0.0144687137,"02-2022":0.0109789845,"04-2022":0.0078066525,"06-2022":0.0072995596,"08-2022":0.0036534103,"10-2022":0.0035650963,"12-2022":0.0,"02-2023":0.0,"04-2023":0.0,"06-2023":0.0,"08-2023":0.0,"10-2023":0.0,"12-2023":0.0,"02-2024":0.0,"04-2024":0.0,"06-2024":0.0,"08-2024":0.0,"10-2024":0.0,"12-2024":0.0,"02-2025":0.0,"04-2025":0.0,"06-2025":0.0,"08-2025":0.0,"10-2025":0.0,"12-2025":0.0,"02-2026":0.0,"04-2026":0.0,"06-2026":0.0,"08-2026":0.0,"10-2026":0.0,"12-2026":0.0,"02-2027":0.0,"04-2027":0.0,"06-2027":0.0,"08-2027":0.0,"10-2027":0.0,"12-2027":0.0,"02-2028":0.0,"04-2028":0.0,"06-2028":0.0,"08-2028":0.0,"10-2028":0.0,"12-2028":0.0,"02-2029":0.0,"04-2029":0.0,"06-2029":0.0,"08-2029":0.0,"10-2029":0.0,"12-2029":0.0,"02-2030":0.0,"04-2030":0.0,"06-2030":0.0,"08-2030":0.0,"10-2030":0.0,"12-2030":0.0},"percentile_75":{"02-2020":0.1069632353,"04-2020":0.1244814815,"06-2020":0.1481833545,"08-2020":0.1729026748,"10-2020":0.1843464851,"12-2020":0.1876451014,"02-2021":0.1885708502,"04-2021":0.1885632539,"06-2021":0.1886398176,"08-2021":0.1732065424,"10-2021":0.1621646147,"12-2021":0.1537552668,"02-2022":0.1431709325,"04-2022":0.1323265658,"06-2022":0.1220592364,"08-2022":0.1087232563,"10-2022":0.101875491,"12-2022":0.1008103265,"02-2023":0.0913287836,"04-2023":0.0852845464,"06-2023":0.0832477874,"08-2023":0.0904519896,"10-2023":0.0994253856,"12-2023":0.1122571107,"02-2024":0.1261567496,"04-2024":0.1468540485,"06-2024":0.1936607283,"08-2024":0.255011655,"10-2024":0.3207287933,"12-2024":0.4224902763,"02-2025":0.5150397063,"04-2025":0.5831914529,"06-2025":0.6782933762,"08-2025":0.6835636379,"10-2025":0.6979662856,"12-2025":0.6932745555,"02-2026":0.6901802607,"04-2026":0.6720118298,"06-2026":0.6579256434,"08-2026":0.64992479,"10-2026":0.6582490397,"12-2026":0.6546101585,"02-2027":0.6434492286,"04-2027":0.6332170413,"06-2027":0.6414640324,"08-2027":0.6274008191,"10-2027":0.6152526058,"12-2027":0.5859646811,"02-2028":0.5676887776,"04-2028":0.5555637075,"06-2028":0.5537345935,"08-2028":0.5557511737,"10-2028":0.5459478022,"12-2028":0.5316899643,"02-2029":0.5191715451,"04-2029":0.5097173145,"06-2029":0.4905212563,"08-2029":0.4739928395,"10-2029":0.4517381562,"12-2029":0.4472964553,"02-2030":0.4354156297,"04-2030":0.4378842776,"06-2030":0.4234450326,"08-2030":0.4136216362,"10-2030":0.4091818713,"12-2030":0.4041460216}}