{"median":{"02-2020":0.0607215153,"04-2020":0.065087375,"06-2020":0.0762178994,"08-2020":0.0877290189,"10-2020":0.0921097285,"12-2020":0.0943634304,"02-2021":0.0979326513,"04-2021":0.100007934,"06-2021":0.0906403209,"08-2021":0.0850768515,"10-2021":0.0867075247,"12-2021":0.0914104278,"02-2022":0.0939925538,"04-2022":0.1032705297,"06-2022":0.1226125637,"08-2022":0.1491913554,"10-2022":0.1897625309,"12-2022":0.2322155071,"02-2023":0.2864370067,"04-2023":0.3131519046,"06-2023":0.3813519031,"08-2023":0.4586167464,"10-2023":0.495210728,"12-2023":0.5683991684,"02-2024":0.5799723601,"04-2024":0.5825370953,"06-2024":0.6053346682,"08-2024":0.6139653704,"10-2024":0.6037386443,"12-2024":0.6056133289,"02-2025":0.5905766175,"04-2025":0.5819064656,"06-2025":0.5716921455,"08-2025":0.5531164039,"10-2025":0.549529027,"12-2025":0.541346358,"02-2026":0.5332325049,"04-2026":0.5283940083,"06-2026":0.5341609066,"08-2026":0.5234767189,"10-2026":0.5054948004,"12-2026":0.5053572112,"02-2027":0.4964474679,"04-2027":0.5,"06-2027":0.5024398143,"08-2027":0.4868277571,"10-2027":0.4729290049,"12-2027":0.450414858,"02-2028":0.4321909745,"04-2028":0.4264068754,"06-2028":0.4283432223,"08-2028":0.4116401125,"10-2028":0.4093425025,"12-2028":0.4045553811,"02-2029":0.4020857763,"04-2029":0.3872712366,"06-2029":0.3904227607,"08-2029":0.3819111232,"10-2029":0.3698971125,"12-2029":0.3656287008,"02-2030":0.3625057636,"04-2030":0.3576905127,"06-2030":0.3489636138,"08-2030":0.3452991453,"10-2030":0.3405713385,"12-2030":0.3412067784},"percentile_25":{"02-2020":0.0324679898,"04-2020":0.0334689148,"06-2020":0.0328467153,"08-2020":0.035225452,"10-2020":0.0316205534,"12-2020":0.0313143549,"02-2021":0.0301740812,"04-2021":0.0278687848,"06-2021":0.0267689349,"08-2021":0.0253242601,"10-2021":0.0245102701,"12-2021":0.0189832823,"02-2022":0.016972892,"04-2022":0.0181191131,"06-2022":0.0180533248,"08-2022":0.0189518449,"10-2022":0.0190878426,"12-2022":0.0242389963,"02-2023":0.0252794651,"04-2023":0.025573872,"06-2023":0.0317042607,"08-2023":0.0288908172,"10-2023":0.0326593696,"12-2023":0.0370951651,"02-2024":0.0428649436,"04-2024":0.036437247,"06-2024":0.0522027972,"08-2024":0.0581004141,"10-2024":0.0600214182,"12-2024":0.0883500138,"02-2025":0.1081429624,"04-2025":0.1183932854,"06-2025":0.1347539522,"08-2025":0.1628289474,"10-2025":0.184808092,"12-2025":0.1955191473,"02-2026":0.1893600449,"04-2026":0.2053287982,"06-2026":0.2231897281,"08-2026":0.2223279458,"10-2026":0.2513486513,"12-2026":0.2710174717,"02-2027":0.3033106848,"04-2027":0.3190369204,"06-2027":0.3488794192,"08-2027":0.3781671159,"10-2027":0.3764730151,"12-2027":0.3690881867,"02-2028":0.3221715002,"04-2028":0.3300423947,"06-2028":0.325125774,"08-2028":0.3342044135,"10-2028":0.33,"12-2028":0.3195595548,"02-2029":0.3134215941,"04-2029":0.3011333685,"06-2029":0.3030888031,"08-2029":0.3018835184,"10-2029":0.2943648948,"12-2029":0.3010305851,"02-2030":0.2873853091,"04-2030":0.2892258151,"06-2030":0.2897213996,"08-2030":0.2902690449,"10-2030":0.2775281191,"12-2030":0.274577167},"percentile_75":{"02-2020":0.1069632353,"04-2020":0.1244814815,"06-2020":0.1481833545,"08-2020":0.1729026748,"10-2020":0.1843464851,"12-2020":0.1876451014,"02-2021":0.1885708502,"04-2021":0.1885632539,"06-2021":0.1882176052,"08-2021":0.1828752643,"10-2021":0.2041346974,"12-2021":0.2189037578,"02-2022":0.2421733158,"04-2022":0.2919921875,"06-2022":0.3487958402,"08-2022":0.4231384688,"10-2022":0.4899530698,"12-2022":0.5779887372,"02-2023":0.6504059004,"04-2023":0.7016921628,"06-2023":0.7113009171,"08-2023":0.7164189977,"10-2023":0.7115431081,"12-2023":0.7016516558,"02-2024":0.705508085,"04-2024":0.6919228517,"06-2024":0.6884359179,"08-2024":0.6858073329,"10-2024":0.674567474,"12-2024":0.6682087546,"02-2025":0.6547698625,"04-2025":0.6357701687,"06-2025":0.6345181985,"08-2025":0.6199093817,"10-2025":0.6056227285,"12-2025":0.6099194221,"02-2026":0.6060110664,"04-2026":0.6010787326,"06-2026":0.5875400641,"08-2026":0.5873318595,"10-2026":0.5821126242,"12-2026":0.5703422053,"02-2027":0.5541913579,"04-2027":0.546949358,"06-2027":0.5521577381,"08-2027":0.5453010531,"10-2027":0.523466269,"12-2027":0.5128567128,"02-2028":0.4921714755,"04-2028":0.4900831229,"06-2028":0.4829297953,"08-2028":0.4742707857,"10-2028":0.4664899882,"12-2028":0.4509905951,"02-2029":0.4450160319,"04-2029":0.4377718794,"06-2029":0.4292028768,"08-2029":0.4187837543,"10-2029":0.4120254682,"12-2029":0.4078252535,"02-2030":0.4058816596,"04-2030":0.3964869281,"06-2030":0.3932894085,"08-2030":0.3941213506,"10-2030":0.392563445,"12-2030":0.3844100739}}