{
  "median": {
    "02-2020": 0.032130587,
    "04-2020": 0.0289256198,
    "06-2020": 0.025751073,
    "08-2020": 0.0233477175,
    "10-2020": 0.020661157,
    "12-2020": 0.0169494569,
    "02-2021": 0.0138891866,
    "04-2021": 0.0125261506,
    "06-2021": 0.0083507671,
    "08-2021": 0.007889577,
    "10-2021": 0.0042283487,
    "12-2021": 0.004115296,
    "02-2022": 0.0039921591,
    "04-2022": 0.003984127,
    "06-2022": 0.0038910506,
    "08-2022": 0,
    "10-2022": 0,
    "12-2022": 0,
    "02-2023": 0,
    "04-2023": 0,
    "06-2023": 0,
    "08-2023": 0,
    "10-2023": 0,
    "12-2023": 0,
    "02-2024": 0,
    "04-2024": 0,
    "06-2024": 0,
    "08-2024": 0,
    "10-2024": 0,
    "12-2024": 0,
    "02-2025": 0,
    "04-2025": 0,
    "06-2025": 0,
    "08-2025": 0,
    "10-2025": 0,
    "12-2025": 0,
    "02-2026": 0,
    "04-2026": 0,
    "06-2026": 0,
    "08-2026": 0,
    "10-2026": 0,
    "12-2026": 0,
    "02-2027": 0,
    "04-2027": 0,
    "06-2027": 0,
    "08-2027": 0,
    "10-2027": 0,
    "12-2027": 0,
    "02-2028": 0,
    "04-2028": 0,
    "06-2028": 0,
    "08-2028": 0,
    "10-2028": 0,
    "12-2028": 0,
    "02-2029": 0,
    "04-2029": 0,
    "06-2029": 0,
    "08-2029": 0,
    "10-2029": 0,
    "12-2029": 0,
    "02-2030": 0,
    "04-2030": 0,
    "06-2030": 0,
    "08-2030": 0,
    "10-2030": 0,
    "12-2030": 0
  },
  "percentile_25": {
    "02-2020": 0.0161128385,
    "04-2020": 0.0125262591,
    "06-2020": 0.0121093117,
    "08-2020": 0.0083945712,
    "10-2020": 0.0078896381,
    "12-2020": 0.0045226181,
    "02-2021": 0.0040900307,
    "04-2021": 0.0039486788,
    "06-2021": 0,
    "08-2021": 0,
    "10-2021": 0,
    "12-2021": 0,
    "02-2022": 0,
    "04-2022": 0,
    "06-2022": 0,
    "08-2022": 0,
    "10-2022": 0,
    "12-2022": 0,
    "02-2023": 0,
    "04-2023": 0,
    "06-2023": 0,
    "08-2023": 0,
    "10-2023": 0,
    "12-2023": 0,
    "02-2024": 0,
    "04-2024": 0,
    "06-2024": 0,
    "08-2024": 0,
    "10-2024": 0,
    "12-2024": 0,
    "02-2025": 0,
    "04-2025": 0,
    "06-2025": 0,
    "08-2025": 0,
    "10-2025": 0,
    "12-2025": 0,
    "02-2026": 0,
    "04-2026": 0,
    "06-2026": 0,
    "08-2026": 0,
    "10-2026": 0,
    "12-2026": 0,
    "02-2027": 0,
    "04-2027": 0,
    "06-2027": 0,
    "08-2027": 0,
    "10-2027": 0,
    "12-2027": 0,
    "02-2028": 0,
    "04-2028": 0,
    "06-2028": 0,
    "08-2028": 0,
    "10-2028": 0,
    "12-2028": 0,
    "02-2029": 0,
    "04-2029": 0,
    "06-2029": 0,
    "08-2029": 0,
    "10-2029": 0,
    "12-2029": 0,
    "02-2030": 0,
    "04-2030": 0,
    "06-2030": 0,
    "08-2030": 0,
    "10-2030": 0,
    "12-2030": 0
  },
  "percentile_75": {
    "02-2020": 0.0583943515,
    "04-2020": 0.0550930869,
    "06-2020": 0.0534351145,
    "08-2020": 0.0497423839,
    "10-2020": 0.0439127026,
    "12-2020": 0.0421063102,
    "02-2021": 0.0354347317,
    "04-2021": 0.0309785232,
    "06-2021": 0.029294962,
    "08-2021": 0.0247685185,
    "10-2021": 0.0217688216,
    "12-2021": 0.022002924,
    "02-2022": 0.0189239992,
    "04-2022": 0.0164791824,
    "06-2022": 0.0138173591,
    "08-2022": 0.012195122,
    "10-2022": 0.0118235294,
    "12-2022": 0.0082389552,
    "02-2023": 0.0078743848,
    "04-2023": 0.0053733629,
    "06-2023": 0.0075330371,
    "08-2023": 0.0040781039,
    "10-2023": 0.0040366384,
    "12-2023": 0.0039722064,
    "02-2024": 0.0038797394,
    "04-2024": 0.0038314176,
    "06-2024": 0.0037742397,
    "08-2024": 0.0035381285,
    "10-2024": 0,
    "12-2024": 0,
    "02-2025": 0,
    "04-2025": 0,
    "06-2025": 0.0009328358,
    "08-2025": 0.0038910506,
    "10-2025": 0.0042203264,
    "12-2025": 0.0051477683,
    "02-2026": 0.0076642064,
    "04-2026": 0.0077455154,
    "06-2026": 0.0087449484,
    "08-2026": 0.009160766,
    "10-2026": 0.0083947947,
    "12-2026": 0.0114613495,
    "02-2027": 0.0112786773,
    "04-2027": 0.0075890468,
    "06-2027": 0.0057723048,
    "08-2027": 0.0058147397,
    "10-2027": 0.0088506523,
    "12-2027": 0.0112912753,
    "02-2028": 0.0117530197,
    "04-2028": 0.0152590705,
    "06-2028": 0.0164103083,
    "08-2028": 0.0150382364,
    "10-2028": 0.0163837167,
    "12-2028": 0.0154229084,
    "02-2029": 0.0149133925,
    "04-2029": 0.0126231884,
    "06-2029": 0.0148295092,
    "08-2029": 0.0191852757,
    "10-2029": 0.023296621,
    "12-2029": 0.0298786964,
    "02-2030": 0.0311227951,
    "04-2030": 0.0273584906,
    "06-2030": 0.0272556391,
    "08-2030": 0.0275524429,
    "10-2030": 0.0333846482,
    "12-2030": 0.0294109808
  }
}
