{
  "median": {
    "02-2020": 0.0336140388,
    "04-2020": 0.0360367672,
    "06-2020": 0.0377754876,
    "08-2020": 0.0354721465,
    "10-2020": 0.0324734018,
    "12-2020": 0.033264177,
    "02-2021": 0.0290456432,
    "04-2021": 0.0254237288,
    "06-2021": 0.0242930907,
    "08-2021": 0.0202021027,
    "10-2021": 0.016563786,
    "12-2021": 0.012500217,
    "02-2022": 0.0085471646,
    "04-2022": 0.0078770681,
    "06-2022": 0.0044356584,
    "08-2022": 0.0040404205,
    "10-2022": 0.0038911095,
    "12-2022": 0,
    "02-2023": 0,
    "04-2023": 0,
    "06-2023": 0,
    "08-2023": 0,
    "10-2023": 0,
    "12-2023": 0,
    "02-2024": 0,
    "04-2024": 0,
    "06-2024": 0,
    "08-2024": 0,
    "10-2024": 0,
    "12-2024": 0,
    "02-2025": 0,
    "04-2025": 0,
    "06-2025": 0,
    "08-2025": 0,
    "10-2025": 0,
    "12-2025": 0,
    "02-2026": 0,
    "04-2026": 0,
    "06-2026": 0,
    "08-2026": 0,
    "10-2026": 0,
    "12-2026": 0,
    "02-2027": 0,
    "04-2027": 0,
    "06-2027": 0,
    "08-2027": 0,
    "10-2027": 0,
    "12-2027": 0,
    "02-2028": 0,
    "04-2028": 0,
    "06-2028": 0,
    "08-2028": 0,
    "10-2028": 0,
    "12-2028": 0,
    "02-2029": 0,
    "04-2029": 0,
    "06-2029": 0,
    "08-2029": 0,
    "10-2029": 0,
    "12-2029": 0,
    "02-2030": 0,
    "04-2030": 0,
    "06-2030": 0,
    "08-2030": 0,
    "10-2030": 0,
    "12-2030": 0
  },
  "percentile_25": {
    "02-2020": 0.0169326241,
    "04-2020": 0.0157639575,
    "06-2020": 0.0154447009,
    "08-2020": 0.0146415393,
    "10-2020": 0.0132327586,
    "12-2020": 0.0120504882,
    "02-2021": 0.010759621,
    "04-2021": 0.008359484,
    "06-2021": 0.0066880448,
    "08-2021": 0.0040241935,
    "10-2021": 0.0038388139,
    "12-2021": 0,
    "02-2022": 0,
    "04-2022": 0,
    "06-2022": 0,
    "08-2022": 0,
    "10-2022": 0,
    "12-2022": 0,
    "02-2023": 0,
    "04-2023": 0,
    "06-2023": 0,
    "08-2023": 0,
    "10-2023": 0,
    "12-2023": 0,
    "02-2024": 0,
    "04-2024": 0,
    "06-2024": 0,
    "08-2024": 0,
    "10-2024": 0,
    "12-2024": 0,
    "02-2025": 0,
    "04-2025": 0,
    "06-2025": 0,
    "08-2025": 0,
    "10-2025": 0,
    "12-2025": 0,
    "02-2026": 0,
    "04-2026": 0,
    "06-2026": 0,
    "08-2026": 0,
    "10-2026": 0,
    "12-2026": 0,
    "02-2027": 0,
    "04-2027": 0,
    "06-2027": 0,
    "08-2027": 0,
    "10-2027": 0,
    "12-2027": 0,
    "02-2028": 0,
    "04-2028": 0,
    "06-2028": 0,
    "08-2028": 0,
    "10-2028": 0,
    "12-2028": 0,
    "02-2029": 0,
    "04-2029": 0,
    "06-2029": 0,
    "08-2029": 0,
    "10-2029": 0,
    "12-2029": 0,
    "02-2030": 0,
    "04-2030": 0,
    "06-2030": 0,
    "08-2030": 0,
    "10-2030": 0,
    "12-2030": 0
  },
  "percentile_75": {
    "02-2020": 0.0655895943,
    "04-2020": 0.0711904762,
    "06-2020": 0.0798412775,
    "08-2020": 0.0775051316,
    "10-2020": 0.0743452619,
    "12-2020": 0.073710819,
    "02-2021": 0.067209205,
    "04-2021": 0.057086219,
    "06-2021": 0.0533689781,
    "08-2021": 0.042019051,
    "10-2021": 0.035960347,
    "12-2021": 0.0338255327,
    "02-2022": 0.0303608605,
    "04-2022": 0.0270416228,
    "06-2022": 0.0239594008,
    "08-2022": 0.0205144558,
    "10-2022": 0.01908481,
    "12-2022": 0.01571875,
    "02-2023": 0.0125523013,
    "04-2023": 0.0120241935,
    "06-2023": 0.0122213449,
    "08-2023": 0.0094814927,
    "10-2023": 0.0095433742,
    "12-2023": 0.0121213611,
    "02-2024": 0.0118703159,
    "04-2024": 0.012812255,
    "06-2024": 0.0165460718,
    "08-2024": 0.0200403226,
    "10-2024": 0.0202650007,
    "12-2024": 0.0255662891,
    "02-2025": 0.0238812392,
    "04-2025": 0.0258399733,
    "06-2025": 0.0357159865,
    "08-2025": 0.0394519253,
    "10-2025": 0.0398833623,
    "12-2025": 0.0496315193,
    "02-2026": 0.0592064178,
    "04-2026": 0.0695812808,
    "06-2026": 0.0751525626,
    "08-2026": 0.0880669715,
    "10-2026": 0.0978507998,
    "12-2026": 0.1105067064,
    "02-2027": 0.1226709642,
    "04-2027": 0.1305970149,
    "06-2027": 0.1454766537,
    "08-2027": 0.1663190222,
    "10-2027": 0.1690054459,
    "12-2027": 0.211496063,
    "02-2028": 0.2409197012,
    "04-2028": 0.2521252324,
    "06-2028": 0.2903636451,
    "08-2028": 0.3581017808,
    "10-2028": 0.3839305188,
    "12-2028": 0.4100242618,
    "02-2029": 0.4313987269,
    "04-2029": 0.4643103906,
    "06-2029": 0.4592112999,
    "08-2029": 0.4778627026,
    "10-2029": 0.4817890443,
    "12-2029": 0.4667012797,
    "02-2030": 0.4914424656,
    "04-2030": 0.4888878451,
    "06-2030": 0.4828448453,
    "08-2030": 0.478131601,
    "10-2030": 0.4754495504,
    "12-2030": 0.4537029067
  }
}
