{
  "median": {
    "02-2020": 0.0336140388,
    "04-2020": 0.0360367672,
    "06-2020": 0.0377754876,
    "08-2020": 0.0354721465,
    "10-2020": 0.0324734018,
    "12-2020": 0.033264177,
    "02-2021": 0.0290456432,
    "04-2021": 0.0254237288,
    "06-2021": 0.0242930907,
    "08-2021": 0.0202021027,
    "10-2021": 0.016563786,
    "12-2021": 0.012500217,
    "02-2022": 0.0085471646,
    "04-2022": 0.0078770681,
    "06-2022": 0.0044356584,
    "08-2022": 0.0040404205,
    "10-2022": 0.0038911095,
    "12-2022": 0,
    "02-2023": 0,
    "04-2023": 0,
    "06-2023": 0,
    "08-2023": 0,
    "10-2023": 0,
    "12-2023": 0,
    "02-2024": 0,
    "04-2024": 0,
    "06-2024": 0,
    "08-2024": 0,
    "10-2024": 0,
    "12-2024": 0,
    "02-2025": 0,
    "04-2025": 0,
    "06-2025": 0,
    "08-2025": 0,
    "10-2025": 0,
    "12-2025": 0,
    "02-2026": 0,
    "04-2026": 0,
    "06-2026": 0,
    "08-2026": 0,
    "10-2026": 0,
    "12-2026": 0,
    "02-2027": 0,
    "04-2027": 0,
    "06-2027": 0,
    "08-2027": 0,
    "10-2027": 0,
    "12-2027": 0,
    "02-2028": 0,
    "04-2028": 0,
    "06-2028": 0,
    "08-2028": 0,
    "10-2028": 0,
    "12-2028": 0,
    "02-2029": 0,
    "04-2029": 0,
    "06-2029": 0,
    "08-2029": 0,
    "10-2029": 0,
    "12-2029": 0,
    "02-2030": 0,
    "04-2030": 0,
    "06-2030": 0,
    "08-2030": 0,
    "10-2030": 0,
    "12-2030": 0
  },
  "percentile_25": {
    "02-2020": 0.0169326241,
    "04-2020": 0.0157639575,
    "06-2020": 0.0154447009,
    "08-2020": 0.0146415393,
    "10-2020": 0.0132327586,
    "12-2020": 0.0120504882,
    "02-2021": 0.010759621,
    "04-2021": 0.008359484,
    "06-2021": 0.0066880448,
    "08-2021": 0.0040241935,
    "10-2021": 0.0038388139,
    "12-2021": 0,
    "02-2022": 0,
    "04-2022": 0,
    "06-2022": 0,
    "08-2022": 0,
    "10-2022": 0,
    "12-2022": 0,
    "02-2023": 0,
    "04-2023": 0,
    "06-2023": 0,
    "08-2023": 0,
    "10-2023": 0,
    "12-2023": 0,
    "02-2024": 0,
    "04-2024": 0,
    "06-2024": 0,
    "08-2024": 0,
    "10-2024": 0,
    "12-2024": 0,
    "02-2025": 0,
    "04-2025": 0,
    "06-2025": 0,
    "08-2025": 0,
    "10-2025": 0,
    "12-2025": 0,
    "02-2026": 0,
    "04-2026": 0,
    "06-2026": 0,
    "08-2026": 0,
    "10-2026": 0,
    "12-2026": 0,
    "02-2027": 0,
    "04-2027": 0,
    "06-2027": 0,
    "08-2027": 0,
    "10-2027": 0,
    "12-2027": 0,
    "02-2028": 0,
    "04-2028": 0,
    "06-2028": 0,
    "08-2028": 0,
    "10-2028": 0,
    "12-2028": 0,
    "02-2029": 0,
    "04-2029": 0,
    "06-2029": 0,
    "08-2029": 0,
    "10-2029": 0,
    "12-2029": 0,
    "02-2030": 0,
    "04-2030": 0,
    "06-2030": 0,
    "08-2030": 0,
    "10-2030": 0,
    "12-2030": 0
  },
  "percentile_75": {
    "02-2020": 0.0655895943,
    "04-2020": 0.0711904762,
    "06-2020": 0.0798412775,
    "08-2020": 0.0775051316,
    "10-2020": 0.0743452619,
    "12-2020": 0.073710819,
    "02-2021": 0.067209205,
    "04-2021": 0.057086219,
    "06-2021": 0.0533689781,
    "08-2021": 0.042019051,
    "10-2021": 0.035960347,
    "12-2021": 0.0338255327,
    "02-2022": 0.0303608605,
    "04-2022": 0.0270416228,
    "06-2022": 0.0239594008,
    "08-2022": 0.0205144558,
    "10-2022": 0.01908481,
    "12-2022": 0.01571875,
    "02-2023": 0.012345679,
    "04-2023": 0.0085759612,
    "06-2023": 0.0082475283,
    "08-2023": 0.0081632653,
    "10-2023": 0.0080809074,
    "12-2023": 0.0082308743,
    "02-2024": 0.0050984303,
    "04-2024": 0.0077853598,
    "06-2024": 0.0079340638,
    "08-2024": 0.0113146312,
    "10-2024": 0.0116685321,
    "12-2024": 0.0183039377,
    "02-2025": 0.0199440243,
    "04-2025": 0.0225602755,
    "06-2025": 0.0261961179,
    "08-2025": 0.0250444007,
    "10-2025": 0.0231672932,
    "12-2025": 0.0281555091,
    "02-2026": 0.0282016461,
    "04-2026": 0.0345901639,
    "06-2026": 0.037892562,
    "08-2026": 0.0416891588,
    "10-2026": 0.0515663772,
    "12-2026": 0.0593212996,
    "02-2027": 0.067118394,
    "04-2027": 0.0762649898,
    "06-2027": 0.0765164184,
    "08-2027": 0.0875195706,
    "10-2027": 0.1042043945,
    "12-2027": 0.1220472441,
    "02-2028": 0.120075188,
    "04-2028": 0.1456634206,
    "06-2028": 0.1576778485,
    "08-2028": 0.1780519614,
    "10-2028": 0.185964314,
    "12-2028": 0.2194102736,
    "02-2029": 0.2385968691,
    "04-2029": 0.2612899928,
    "06-2029": 0.2717767296,
    "08-2029": 0.3176392573,
    "10-2029": 0.3458167966,
    "12-2029": 0.3904772969,
    "02-2030": 0.4171276845,
    "04-2030": 0.4687745252,
    "06-2030": 0.4362061428,
    "08-2030": 0.4238975818,
    "10-2030": 0.4161048774,
    "12-2030": 0.4149745166
  }
}
