{
  "median": {
    "02-2020": 0.032130587,
    "04-2020": 0.0289256198,
    "06-2020": 0.025751073,
    "08-2020": 0.0233477175,
    "10-2020": 0.020661157,
    "12-2020": 0.0169494569,
    "02-2021": 0.0138891866,
    "04-2021": 0.0125261506,
    "06-2021": 0.0083507671,
    "08-2021": 0.007889577,
    "10-2021": 0.0042283487,
    "12-2021": 0.004115296,
    "02-2022": 0.0039921591,
    "04-2022": 0.003984127,
    "06-2022": 0.0038910506,
    "08-2022": 0,
    "10-2022": 0,
    "12-2022": 0,
    "02-2023": 0,
    "04-2023": 0,
    "06-2023": 0,
    "08-2023": 0,
    "10-2023": 0,
    "12-2023": 0,
    "02-2024": 0,
    "04-2024": 0,
    "06-2024": 0,
    "08-2024": 0,
    "10-2024": 0,
    "12-2024": 0,
    "02-2025": 0,
    "04-2025": 0,
    "06-2025": 0,
    "08-2025": 0,
    "10-2025": 0,
    "12-2025": 0,
    "02-2026": 0,
    "04-2026": 0,
    "06-2026": 0,
    "08-2026": 0,
    "10-2026": 0,
    "12-2026": 0,
    "02-2027": 0,
    "04-2027": 0,
    "06-2027": 0,
    "08-2027": 0,
    "10-2027": 0,
    "12-2027": 0,
    "02-2028": 0,
    "04-2028": 0,
    "06-2028": 0,
    "08-2028": 0,
    "10-2028": 0,
    "12-2028": 0,
    "02-2029": 0,
    "04-2029": 0,
    "06-2029": 0,
    "08-2029": 0,
    "10-2029": 0,
    "12-2029": 0,
    "02-2030": 0,
    "04-2030": 0,
    "06-2030": 0,
    "08-2030": 0,
    "10-2030": 0,
    "12-2030": 0
  },
  "percentile_25": {
    "02-2020": 0.0161128385,
    "04-2020": 0.0125262591,
    "06-2020": 0.0121093117,
    "08-2020": 0.0083945712,
    "10-2020": 0.0078896381,
    "12-2020": 0.0045226181,
    "02-2021": 0.0040900307,
    "04-2021": 0.0039486788,
    "06-2021": 0,
    "08-2021": 0,
    "10-2021": 0,
    "12-2021": 0,
    "02-2022": 0,
    "04-2022": 0,
    "06-2022": 0,
    "08-2022": 0,
    "10-2022": 0,
    "12-2022": 0,
    "02-2023": 0,
    "04-2023": 0,
    "06-2023": 0,
    "08-2023": 0,
    "10-2023": 0,
    "12-2023": 0,
    "02-2024": 0,
    "04-2024": 0,
    "06-2024": 0,
    "08-2024": 0,
    "10-2024": 0,
    "12-2024": 0,
    "02-2025": 0,
    "04-2025": 0,
    "06-2025": 0,
    "08-2025": 0,
    "10-2025": 0,
    "12-2025": 0,
    "02-2026": 0,
    "04-2026": 0,
    "06-2026": 0,
    "08-2026": 0,
    "10-2026": 0,
    "12-2026": 0,
    "02-2027": 0,
    "04-2027": 0,
    "06-2027": 0,
    "08-2027": 0,
    "10-2027": 0,
    "12-2027": 0,
    "02-2028": 0,
    "04-2028": 0,
    "06-2028": 0,
    "08-2028": 0,
    "10-2028": 0,
    "12-2028": 0,
    "02-2029": 0,
    "04-2029": 0,
    "06-2029": 0,
    "08-2029": 0,
    "10-2029": 0,
    "12-2029": 0,
    "02-2030": 0,
    "04-2030": 0,
    "06-2030": 0,
    "08-2030": 0,
    "10-2030": 0,
    "12-2030": 0
  },
  "percentile_75": {
    "02-2020": 0.0583943515,
    "04-2020": 0.0550930869,
    "06-2020": 0.0534351145,
    "08-2020": 0.0497423839,
    "10-2020": 0.0439127026,
    "12-2020": 0.0421063102,
    "02-2021": 0.0354347317,
    "04-2021": 0.0309785232,
    "06-2021": 0.029294962,
    "08-2021": 0.0247685185,
    "10-2021": 0.0217688216,
    "12-2021": 0.022002924,
    "02-2022": 0.0189239992,
    "04-2022": 0.0164791824,
    "06-2022": 0.0138173591,
    "08-2022": 0.012195122,
    "10-2022": 0.0118235294,
    "12-2022": 0.0082389552,
    "02-2023": 0.0078743848,
    "04-2023": 0.0053733629,
    "06-2023": 0.0075330371,
    "08-2023": 0.0040781039,
    "10-2023": 0.0040366384,
    "12-2023": 0.0039722064,
    "02-2024": 0.0039100797,
    "04-2024": 0.0037490778,
    "06-2024": 0,
    "08-2024": 0.0035439877,
    "10-2024": 0,
    "12-2024": 0,
    "02-2025": 0,
    "04-2025": 0,
    "06-2025": 0.0036545509,
    "08-2025": 0.0009398496,
    "10-2025": 0,
    "12-2025": 0.003670669,
    "02-2026": 0.0037106136,
    "04-2026": 0.0039254284,
    "06-2026": 0.0038797394,
    "08-2026": 0.0037430287,
    "10-2026": 0.0037954396,
    "12-2026": 0.0046983807,
    "02-2027": 0.0072466643,
    "04-2027": 0.0046196059,
    "06-2027": 0.0036597355,
    "08-2027": 0.0072544195,
    "10-2027": 0.00481648,
    "12-2027": 0.0049181329,
    "02-2028": 0.0074935401,
    "04-2028": 0.0077772629,
    "06-2028": 0.0090539284,
    "08-2028": 0.0080483879,
    "10-2028": 0.0079288538,
    "12-2028": 0.0088585434,
    "02-2029": 0.0118344582,
    "04-2029": 0.0156257209,
    "06-2029": 0.0186317259,
    "08-2029": 0.0187120061,
    "10-2029": 0.0175323809,
    "12-2029": 0.0185942173,
    "02-2030": 0.0187359608,
    "04-2030": 0.0208277822,
    "06-2030": 0.0222846113,
    "08-2030": 0.0238503073,
    "10-2030": 0.0251035197,
    "12-2030": 0.0263901792
  }
}
