{
  "median": {
    "02-2020": 0.032130587,
    "04-2020": 0.0289256198,
    "06-2020": 0.025751073,
    "08-2020": 0.0233477175,
    "10-2020": 0.020661157,
    "12-2020": 0.0169494569,
    "02-2021": 0.0138891866,
    "04-2021": 0.0125261506,
    "06-2021": 0.0083507671,
    "08-2021": 0.007889577,
    "10-2021": 0.0042283487,
    "12-2021": 0.004115296,
    "02-2022": 0.004,
    "04-2022": 0.0039215686,
    "06-2022": 0.0038462107,
    "08-2022": 0,
    "10-2022": 0,
    "12-2022": 0,
    "02-2023": 0,
    "04-2023": 0,
    "06-2023": 0.001953125,
    "08-2023": 0,
    "10-2023": 0,
    "12-2023": 0,
    "02-2024": 0,
    "04-2024": 0,
    "06-2024": 0,
    "08-2024": 0,
    "10-2024": 0,
    "12-2024": 0,
    "02-2025": 0,
    "04-2025": 0,
    "06-2025": 0,
    "08-2025": 0.003629776,
    "10-2025": 0.0038023363,
    "12-2025": 0.0037950801,
    "02-2026": 0.0037300992,
    "04-2026": 0.0038842127,
    "06-2026": 0.0039218099,
    "08-2026": 0.0056550355,
    "10-2026": 0.0039705048,
    "12-2026": 0.0112659583,
    "02-2027": 0.0115468313,
    "04-2027": 0.0110906109,
    "06-2027": 0.0117591217,
    "08-2027": 0.0096455979,
    "10-2027": 0.0116127583,
    "12-2027": 0.0148180671,
    "02-2028": 0.015270735,
    "04-2028": 0.015384843,
    "06-2028": 0.0190909223,
    "08-2028": 0.0152044084,
    "10-2028": 0.0135529133,
    "12-2028": 0.0131466609,
    "02-2029": 0.0146291888,
    "04-2029": 0.0185883881,
    "06-2029": 0.0185529396,
    "08-2029": 0.0232178677,
    "10-2029": 0.0273955267,
    "12-2029": 0.0295798136,
    "02-2030": 0.0301627425,
    "04-2030": 0.0301327886,
    "06-2030": 0.0262105293,
    "08-2030": 0.0289264829,
    "10-2030": 0.0356915638,
    "12-2030": 0.0372502775
  },
  "percentile_25": {
    "02-2020": 0.0161128385,
    "04-2020": 0.0125262591,
    "06-2020": 0.0121093117,
    "08-2020": 0.0083945712,
    "10-2020": 0.0078896381,
    "12-2020": 0.0045226181,
    "02-2021": 0.0040900307,
    "04-2021": 0.0039486788,
    "06-2021": 0,
    "08-2021": 0,
    "10-2021": 0,
    "12-2021": 0,
    "02-2022": 0,
    "04-2022": 0,
    "06-2022": 0,
    "08-2022": 0,
    "10-2022": 0,
    "12-2022": 0,
    "02-2023": 0,
    "04-2023": 0,
    "06-2023": 0,
    "08-2023": 0,
    "10-2023": 0,
    "12-2023": 0,
    "02-2024": 0,
    "04-2024": 0,
    "06-2024": 0,
    "08-2024": 0,
    "10-2024": 0,
    "12-2024": 0,
    "02-2025": 0,
    "04-2025": 0,
    "06-2025": 0,
    "08-2025": 0,
    "10-2025": 0,
    "12-2025": 0,
    "02-2026": 0,
    "04-2026": 0,
    "06-2026": 0,
    "08-2026": 0,
    "10-2026": 0,
    "12-2026": 0,
    "02-2027": 0,
    "04-2027": 0,
    "06-2027": 0,
    "08-2027": 0,
    "10-2027": 0,
    "12-2027": 0,
    "02-2028": 0,
    "04-2028": 0,
    "06-2028": 0,
    "08-2028": 0,
    "10-2028": 0,
    "12-2028": 0,
    "02-2029": 0,
    "04-2029": 0,
    "06-2029": 0,
    "08-2029": 0,
    "10-2029": 0,
    "12-2029": 0,
    "02-2030": 0,
    "04-2030": 0,
    "06-2030": 0,
    "08-2030": 0,
    "10-2030": 0,
    "12-2030": 0
  },
  "percentile_75": {
    "02-2020": 0.0583943515,
    "04-2020": 0.0550930869,
    "06-2020": 0.0534351145,
    "08-2020": 0.0497423839,
    "10-2020": 0.0439127026,
    "12-2020": 0.0421063102,
    "02-2021": 0.0354347317,
    "04-2021": 0.0309785232,
    "06-2021": 0.029294962,
    "08-2021": 0.0247685185,
    "10-2021": 0.0217688216,
    "12-2021": 0.022002924,
    "02-2022": 0.0194194759,
    "04-2022": 0.0197058824,
    "06-2022": 0.0168076204,
    "08-2022": 0.017610385,
    "10-2022": 0.0218186843,
    "12-2022": 0.0212993272,
    "02-2023": 0.0246154625,
    "04-2023": 0.0271062078,
    "06-2023": 0.0316865634,
    "08-2023": 0.0371336314,
    "10-2023": 0.0404878371,
    "12-2023": 0.0478600347,
    "02-2024": 0.0546289712,
    "04-2024": 0.0647253521,
    "06-2024": 0.0725245499,
    "08-2024": 0.0773341544,
    "10-2024": 0.085,
    "12-2024": 0.1001222383,
    "02-2025": 0.1239928481,
    "04-2025": 0.1350588235,
    "06-2025": 0.1602108275,
    "08-2025": 0.1836072226,
    "10-2025": 0.1947865773,
    "12-2025": 0.2455591723,
    "02-2026": 0.2789440204,
    "04-2026": 0.3235057879,
    "06-2026": 0.3369198983,
    "08-2026": 0.351504953,
    "10-2026": 0.3951441691,
    "12-2026": 0.4442930191,
    "02-2027": 0.4851268591,
    "04-2027": 0.4955414855,
    "06-2027": 0.5094997595,
    "08-2027": 0.5082701655,
    "10-2027": 0.5064412238,
    "12-2027": 0.5179137005,
    "02-2028": 0.5192111877,
    "04-2028": 0.5063029076,
    "06-2028": 0.4865036868,
    "08-2028": 0.4675605192,
    "10-2028": 0.4660217747,
    "12-2028": 0.4641051567,
    "02-2029": 0.4552442862,
    "04-2029": 0.4614030438,
    "06-2029": 0.4595686004,
    "08-2029": 0.4703571336,
    "10-2029": 0.479930579,
    "12-2029": 0.4787916689,
    "02-2030": 0.4649867183,
    "04-2030": 0.4648426115,
    "06-2030": 0.4503613773,
    "08-2030": 0.443101681,
    "10-2030": 0.4414584396,
    "12-2030": 0.4327197249
  }
}
