{
  "median": {
    "02-2020": 0.032130587,
    "04-2020": 0.0289256198,
    "06-2020": 0.025751073,
    "08-2020": 0.0233477175,
    "10-2020": 0.020661157,
    "12-2020": 0.0169494569,
    "02-2021": 0.0138891866,
    "04-2021": 0.0125261506,
    "06-2021": 0.0083507671,
    "08-2021": 0.007889577,
    "10-2021": 0.0042283487,
    "12-2021": 0.004115296,
    "02-2022": 0.0039921591,
    "04-2022": 0.003984127,
    "06-2022": 0.0038835098,
    "08-2022": 0,
    "10-2022": 0,
    "12-2022": 0,
    "02-2023": 0,
    "04-2023": 0,
    "06-2023": 0,
    "08-2023": 0,
    "10-2023": 0,
    "12-2023": 0,
    "02-2024": 0,
    "04-2024": 0,
    "06-2024": 0,
    "08-2024": 0,
    "10-2024": 0,
    "12-2024": 0,
    "02-2025": 0,
    "04-2025": 0,
    "06-2025": 0,
    "08-2025": 0,
    "10-2025": 0,
    "12-2025": 0,
    "02-2026": 0,
    "04-2026": 0,
    "06-2026": 0,
    "08-2026": 0,
    "10-2026": 0,
    "12-2026": 0,
    "02-2027": 0,
    "04-2027": 0,
    "06-2027": 0,
    "08-2027": 0,
    "10-2027": 0,
    "12-2027": 0,
    "02-2028": 0,
    "04-2028": 0,
    "06-2028": 0,
    "08-2028": 0,
    "10-2028": 0,
    "12-2028": 0,
    "02-2029": 0,
    "04-2029": 0,
    "06-2029": 0,
    "08-2029": 0,
    "10-2029": 0,
    "12-2029": 0,
    "02-2030": 0,
    "04-2030": 0,
    "06-2030": 0,
    "08-2030": 0,
    "10-2030": 0,
    "12-2030": 0
  },
  "percentile_25": {
    "02-2020": 0.0161128385,
    "04-2020": 0.0125262591,
    "06-2020": 0.0121093117,
    "08-2020": 0.0083945712,
    "10-2020": 0.0078896381,
    "12-2020": 0.0045226181,
    "02-2021": 0.0040900307,
    "04-2021": 0.0039486788,
    "06-2021": 0,
    "08-2021": 0,
    "10-2021": 0,
    "12-2021": 0,
    "02-2022": 0,
    "04-2022": 0,
    "06-2022": 0,
    "08-2022": 0,
    "10-2022": 0,
    "12-2022": 0,
    "02-2023": 0,
    "04-2023": 0,
    "06-2023": 0,
    "08-2023": 0,
    "10-2023": 0,
    "12-2023": 0,
    "02-2024": 0,
    "04-2024": 0,
    "06-2024": 0,
    "08-2024": 0,
    "10-2024": 0,
    "12-2024": 0,
    "02-2025": 0,
    "04-2025": 0,
    "06-2025": 0,
    "08-2025": 0,
    "10-2025": 0,
    "12-2025": 0,
    "02-2026": 0,
    "04-2026": 0,
    "06-2026": 0,
    "08-2026": 0,
    "10-2026": 0,
    "12-2026": 0,
    "02-2027": 0,
    "04-2027": 0,
    "06-2027": 0,
    "08-2027": 0,
    "10-2027": 0,
    "12-2027": 0,
    "02-2028": 0,
    "04-2028": 0,
    "06-2028": 0,
    "08-2028": 0,
    "10-2028": 0,
    "12-2028": 0,
    "02-2029": 0,
    "04-2029": 0,
    "06-2029": 0,
    "08-2029": 0,
    "10-2029": 0,
    "12-2029": 0,
    "02-2030": 0,
    "04-2030": 0,
    "06-2030": 0,
    "08-2030": 0,
    "10-2030": 0,
    "12-2030": 0
  },
  "percentile_75": {
    "02-2020": 0.0583943515,
    "04-2020": 0.0550930869,
    "06-2020": 0.0534351145,
    "08-2020": 0.0497423839,
    "10-2020": 0.0439127026,
    "12-2020": 0.0421063102,
    "02-2021": 0.0354347317,
    "04-2021": 0.0309785232,
    "06-2021": 0.029294962,
    "08-2021": 0.0247685185,
    "10-2021": 0.0217688216,
    "12-2021": 0.022002924,
    "02-2022": 0.0189239992,
    "04-2022": 0.0164791824,
    "06-2022": 0.0125523013,
    "08-2022": 0.0120005807,
    "10-2022": 0.012295082,
    "12-2022": 0.0120603381,
    "02-2023": 0.0149763607,
    "04-2023": 0.0152577626,
    "06-2023": 0.0159533449,
    "08-2023": 0.0200631899,
    "10-2023": 0.0237894099,
    "12-2023": 0.0267713157,
    "02-2024": 0.0323333333,
    "04-2024": 0.0346169328,
    "06-2024": 0.0401523495,
    "08-2024": 0.0524053346,
    "10-2024": 0.0562195351,
    "12-2024": 0.0599776131,
    "02-2025": 0.0680617619,
    "04-2025": 0.0762790794,
    "06-2025": 0.0787504766,
    "08-2025": 0.0859799292,
    "10-2025": 0.0912156345,
    "12-2025": 0.1026904612,
    "02-2026": 0.1258231535,
    "04-2026": 0.1437916109,
    "06-2026": 0.1583151779,
    "08-2026": 0.1881760452,
    "10-2026": 0.2358180323,
    "12-2026": 0.2515,
    "02-2027": 0.2838090019,
    "04-2027": 0.3100602755,
    "06-2027": 0.340981902,
    "08-2027": 0.3731144117,
    "10-2027": 0.4013061507,
    "12-2027": 0.4261264822,
    "02-2028": 0.4600356608,
    "04-2028": 0.4625132282,
    "06-2028": 0.4633610792,
    "08-2028": 0.4670420611,
    "10-2028": 0.4925066313,
    "12-2028": 0.4835328077,
    "02-2029": 0.4817844897,
    "04-2029": 0.4804916986,
    "06-2029": 0.4733828847,
    "08-2029": 0.4498175182,
    "10-2029": 0.4508004562,
    "12-2029": 0.4523562024,
    "02-2030": 0.4426500144,
    "04-2030": 0.4326352995,
    "06-2030": 0.4228347702,
    "08-2030": 0.4328312688,
    "10-2030": 0.4241893635,
    "12-2030": 0.4388261543
  }
}
