{"median":{"02-2012":0.3556315789,"04-2012":0.3468323978,"06-2012":0.3484768957,"08-2012":0.3555918367,"10-2012":0.3556709957,"12-2012":0.3518312885,"02-2013":0.3210427254,"04-2013":0.2830168776,"06-2013":0.2334155702,"08-2013":0.2029712712,"10-2013":0.1757442386,"12-2013":0.1663091362,"02-2014":0.143750515,"04-2014":0.124745098,"06-2014":0.1057867049,"08-2014":0.1021276596,"10-2014":0.0945701357,"12-2014":0.0949163449,"02-2015":0.0857792181,"04-2015":0.0768952831,"06-2015":0.0693889111,"08-2015":0.0649102806,"10-2015":0.0611672278,"12-2015":0.0606082868,"02-2016":0.0560035842,"04-2016":0.0534592676,"06-2016":0.0516150516,"08-2016":0.0466035232,"10-2016":0.0469221661,"12-2016":0.0479852399,"02-2017":0.0448370393,"04-2017":0.0413665987,"06-2017":0.0386152195,"08-2017":0.0384622409,"10-2017":0.03828125,"12-2017":0.0387763967,"02-2018":0.0360903072,"04-2018":0.0362186235,"06-2018":0.0377337973,"08-2018":0.0365113064,"10-2018":0.0377045555,"12-2018":0.0368858655,"02-2019":0.0323315912,"04-2019":0.0314401309,"06-2019":0.0293502338,"08-2019":0.0282829437,"10-2019":0.0285622718,"12-2019":0.0289256198},"percentile_25":{"02-2012":0.2638278436,"04-2012":0.2540584416,"06-2012":0.256014256,"08-2012":0.2507239382,"10-2012":0.2594134537,"12-2012":0.2676478667,"02-2013":0.2336121157,"04-2013":0.2107858887,"06-2013":0.180757646,"08-2013":0.1555903632,"10-2013":0.1302671528,"12-2013":0.1175427801,"02-2014":0.1002788104,"04-2014":0.083337638,"06-2014":0.0758973549,"08-2014":0.0676744499,"10-2014":0.0608978247,"12-2014":0.0565217391,"02-2015":0.0500929204,"04-2015":0.0417974198,"06-2015":0.0393101678,"08-2015":0.0381598525,"10-2015":0.0333350552,"12-2015":0.0332987552,"02-2016":0.0290178571,"04-2016":0.0275900901,"06-2016":0.0257235611,"08-2016":0.0258364517,"10-2016":0.024897541,"12-2016":0.0206399007,"02-2017":0.0188679245,"04-2017":0.0168599085,"06-2017":0.0153316883,"08-2017":0.0162437049,"10-2017":0.0161780071,"12-2017":0.0167604474,"02-2018":0.0156709559,"04-2018":0.0155341556,"06-2018":0.0121740674,"08-2018":0.012345679,"10-2018":0.0129453879,"12-2018":0.01291716,"02-2019":0.0160007619,"04-2019":0.0146296202,"06-2019":0.0152091255,"08-2019":0.0159047604,"10-2019":0.0150382268,"12-2019":0.0148698885},"percentile_75":{"02-2012":0.4151256887,"04-2012":0.4125664894,"06-2012":0.4232548069,"08-2012":0.4255069454,"10-2012":0.4191540624,"12-2012":0.4202847806,"02-2013":0.3811688312,"04-2013":0.3323211876,"06-2013":0.2854155559,"08-2013":0.2489749561,"10-2013":0.2256946715,"12-2013":0.2156902967,"02-2014":0.1974895397,"04-2014":0.1715481172,"06-2014":0.1478897803,"08-2014":0.137012742,"10-2014":0.131411686,"12-2014":0.1336134454,"02-2015":0.1288734244,"04-2015":0.1156109154,"06-2015":0.1077209036,"08-2015":0.1028384576,"10-2015":0.0983656533,"12-2015":0.1004936636,"02-2016":0.09667254,"04-2016":0.0873771834,"06-2016":0.0785140687,"08-2016":0.0784048212,"10-2016":0.0804280156,"12-2016":0.0826409426,"02-2017":0.0810810811,"04-2017":0.077382271,"06-2017":0.0732509118,"08-2017":0.0712947676,"10-2017":0.0690863984,"12-2017":0.0716322651,"02-2018":0.069550544,"04-2018":0.0619570463,"06-2018":0.0651266417,"08-2018":0.0640308157,"10-2018":0.0659396156,"12-2018":0.0675790924,"02-2019":0.0653875397,"04-2019":0.0628274322,"06-2019":0.0628274322,"08-2019":0.0551478612,"10-2019":0.0526315789,"12-2019":0.0577153214}}