{"median":{"02-2007":0.3930770666,"04-2007":0.3935464079,"06-2007":0.3877098483,"08-2007":0.3880474752,"10-2007":0.3876936937,"12-2007":0.3971276384,"02-2008":0.3571466408,"04-2008":0.3114372924,"06-2008":0.2591225278,"08-2008":0.2240586298,"10-2008":0.2,"12-2008":0.1864784048,"02-2009":0.1610329398,"04-2009":0.1341229792,"06-2009":0.1193763408,"08-2009":0.1101841895,"10-2009":0.1089494163,"12-2009":0.1079959628,"02-2010":0.1042088353,"04-2010":0.092875,"06-2010":0.088534413,"08-2010":0.083691166,"10-2010":0.0783103365,"12-2010":0.0744228078,"02-2011":0.0702479339,"04-2011":0.0659162296,"06-2011":0.0643335362,"08-2011":0.0598343951,"10-2011":0.0615155385,"12-2011":0.0580552747,"02-2012":0.0568633952,"04-2012":0.0528971029,"06-2012":0.0514853504,"08-2012":0.0530691816,"10-2012":0.0525254669,"12-2012":0.0535015666,"02-2013":0.0520074891,"04-2013":0.0487804878,"06-2013":0.0458460684,"08-2013":0.0454844624,"10-2013":0.0445351429,"12-2013":0.0505905512,"02-2014":0.0484850464,"04-2014":0.0442672065,"06-2014":0.0409196067,"08-2014":0.0432221708,"10-2014":0.0449895686,"12-2014":0.0504237288,"02-2015":0.0485901639,"04-2015":0.0468778612,"06-2015":0.0482946264,"08-2015":0.0494061869,"10-2015":0.0527160249,"12-2015":0.0607540889,"02-2016":0.0605099706,"04-2016":0.0603327809,"06-2016":0.0637500996,"08-2016":0.06396372,"10-2016":0.0698508319,"12-2016":0.0720046083,"02-2017":0.0657620706,"04-2017":0.0617294405,"06-2017":0.0604917095,"08-2017":0.0647435897,"10-2017":0.0693644194,"12-2017":0.0734355045,"02-2018":0.0728159851,"04-2018":0.0686471739,"06-2018":0.0700748058,"08-2018":0.0749955598,"10-2018":0.0772058824,"12-2018":0.0904304029,"02-2019":0.0872044966,"04-2019":0.0827124139,"06-2019":0.0805944056,"08-2019":0.0839694656,"10-2019":0.0910749834,"12-2019":0.1},"percentile_25":{"02-2007":0.3360163864,"04-2007":0.3256696429,"06-2007":0.3252259036,"08-2007":0.3255480562,"10-2007":0.3222787861,"12-2007":0.3322510823,"02-2008":0.3048312388,"04-2008":0.2676257622,"06-2008":0.2229109275,"08-2008":0.1902361751,"10-2008":0.1615439797,"12-2008":0.1415556229,"02-2009":0.1203614458,"04-2009":0.104,"06-2009":0.088844086,"08-2009":0.0787567299,"10-2009":0.0731871472,"12-2009":0.0707844611,"02-2010":0.0649442809,"04-2010":0.0592885375,"06-2010":0.0508706732,"08-2010":0.0469962453,"10-2010":0.0469585379,"12-2010":0.0437380911,"02-2011":0.0398039216,"04-2011":0.0382094497,"06-2011":0.0358210017,"08-2011":0.032064513,"10-2011":0.0306009674,"12-2011":0.0306907582,"02-2012":0.0269277846,"04-2012":0.0238365759,"06-2012":0.0210311181,"08-2012":0.0223466003,"10-2012":0.0256990727,"12-2012":0.0251348921,"02-2013":0.0258234945,"04-2013":0.0248962656,"06-2013":0.0232700963,"08-2013":0.0238106398,"10-2013":0.0225479239,"12-2013":0.0238139535,"02-2014":0.0217907083,"04-2014":0.0212443604,"06-2014":0.018501435,"08-2014":0.0176723241,"10-2014":0.0183421429,"12-2014":0.0193014706,"02-2015":0.0173377248,"04-2015":0.0187977835,"06-2015":0.0179159609,"08-2015":0.0194933987,"10-2015":0.0206208947,"12-2015":0.0209977694,"02-2016":0.0223459389,"04-2016":0.0194933987,"06-2016":0.0208661645,"08-2016":0.0221256266,"10-2016":0.0239760956,"12-2016":0.0260265577,"02-2017":0.02516209,"04-2017":0.024837273,"06-2017":0.0273449921,"08-2017":0.0272482387,"10-2017":0.0294129487,"12-2017":0.0336490997,"02-2018":0.0350881177,"04-2018":0.0329607817,"06-2018":0.0327298964,"08-2018":0.0359285714,"10-2018":0.040561065,"12-2018":0.0466485753,"02-2019":0.0443333333,"04-2019":0.0434782609,"06-2019":0.0467753002,"08-2019":0.0493171413,"10-2019":0.0567842861,"12-2019":0.0612441871},"percentile_75":{"02-2007":0.4371731525,"04-2007":0.4367055085,"06-2007":0.4390509014,"08-2007":0.4370384517,"10-2007":0.44670372,"12-2007":0.4487078887,"02-2008":0.4022968968,"04-2008":0.3492347446,"06-2008":0.2991288547,"08-2008":0.2611283644,"10-2008":0.2416479485,"12-2008":0.2281065735,"02-2009":0.2036201268,"04-2009":0.173774871,"06-2009":0.1543031244,"08-2009":0.1452158729,"10-2009":0.1461393078,"12-2009":0.1493951613,"02-2010":0.1456892155,"04-2010":0.1342232015,"06-2010":0.1206752594,"08-2010":0.1224880757,"10-2010":0.1155362189,"12-2010":0.1188881521,"02-2011":0.1170741024,"04-2011":0.1038877864,"06-2011":0.096376988,"08-2011":0.0947971781,"10-2011":0.0907095078,"12-2011":0.0990740741,"02-2012":0.0943592728,"04-2012":0.0950592885,"06-2012":0.0935262065,"08-2012":0.0910128684,"10-2012":0.0901543053,"12-2012":0.0971842225,"02-2013":0.0953312372,"04-2013":0.0873791288,"06-2013":0.0869870616,"08-2013":0.0865539452,"10-2013":0.0949302135,"12-2013":0.1061409511,"02-2014":0.1052042768,"04-2014":0.1049930949,"06-2014":0.0950261159,"08-2014":0.0997960224,"10-2014":0.1042172285,"12-2014":0.106309394,"02-2015":0.1029371678,"04-2015":0.1007613144,"06-2015":0.1020987941,"08-2015":0.1045306122,"10-2015":0.1128806565,"12-2015":0.1218134564,"02-2016":0.1228924838,"04-2016":0.1148050847,"06-2016":0.1143275001,"08-2016":0.1220958257,"10-2016":0.1376127093,"12-2016":0.1381121414,"02-2017":0.1358350951,"04-2017":0.1262374066,"06-2017":0.1252314324,"08-2017":0.123204023,"10-2017":0.1326842105,"12-2017":0.136852788,"02-2018":0.1360579115,"04-2018":0.1263034336,"06-2018":0.125,"08-2018":0.1288124754,"10-2018":0.1309858213,"12-2018":0.1434078255,"02-2019":0.1407927504,"04-2019":0.135,"06-2019":0.1323899371,"08-2019":0.1346656217,"10-2019":0.1433894779,"12-2019":0.1520445135}}