{"median":{"02-2020":0.0583584704,"04-2020":0.056000896,"06-2020":0.0518302583,"08-2020":0.0477139063,"10-2020":0.046462565,"12-2020":0.0479706429,"02-2021":0.0431372549,"04-2021":0.0407870062,"06-2021":0.0347676933,"08-2021":0.0316210474,"10-2021":0.031936255,"12-2021":0.0302588303,"02-2022":0.0249223947,"04-2022":0.0202980896,"06-2022":0.0188340616,"08-2022":0.0148717382,"10-2022":0.0138179562,"12-2022":0.0136562244,"02-2023":0.011627907,"04-2023":0.0110497612,"06-2023":0.0076495539,"08-2023":0.0075197535,"10-2023":0.0078201369,"12-2023":0.0110924301,"02-2024":0.0110500611,"04-2024":0.0148221072,"06-2024":0.0168949259,"08-2024":0.0191261227,"10-2024":0.0205959499,"12-2024":0.0295319719,"02-2025":0.044384058,"04-2025":0.0545483397,"06-2025":0.0685064,"08-2025":0.0871891267,"10-2025":0.1104575163,"12-2025":0.1378676471,"02-2026":0.1734411809,"04-2026":0.1904761905,"06-2026":0.2187191652,"08-2026":0.2596120451,"10-2026":0.3104712107,"12-2026":0.3377148635,"02-2027":0.3874320391,"04-2027":0.415555133,"06-2027":0.4339234944,"08-2027":0.4599358974,"10-2027":0.4360778794,"12-2027":0.4445232708,"02-2028":0.4300592471,"04-2028":0.4183625337,"06-2028":0.4091343822,"08-2028":0.3942446043,"10-2028":0.3792540061,"12-2028":0.3864475836,"02-2029":0.3668554007,"04-2029":0.3570884933,"06-2029":0.3621973083,"08-2029":0.3488609725,"10-2029":0.3678858455,"12-2029":0.3769394714,"02-2030":0.3657449041,"04-2030":0.3808528428,"06-2030":0.3583467095,"08-2030":0.3506926858,"10-2030":0.3410498031,"12-2030":0.3309772627},"percentile_25":{"02-2020":0.0344827586,"04-2020":0.0299331761,"06-2020":0.0229007634,"08-2020":0.0201651623,"10-2020":0.0192440257,"12-2020":0.015180429,"02-2021":0.0119527559,"04-2021":0.010256507,"06-2021":0.007526049,"08-2021":0.0042553191,"10-2021":0.0039486788,"12-2021":0.0039486788,"02-2022":0.0037735849,"04-2022":0.0,"06-2022":0.0,"08-2022":0.0,"10-2022":0.0,"12-2022":0.0,"02-2023":0.0,"04-2023":0.0,"06-2023":0.0,"08-2023":0.0,"10-2023":0.0,"12-2023":0.0,"02-2024":0.0,"04-2024":0.0,"06-2024":0.0,"08-2024":0.0,"10-2024":0.0,"12-2024":0.0,"02-2025":0.0,"04-2025":0.0,"06-2025":0.0,"08-2025":0.0,"10-2025":0.0,"12-2025":0.0,"02-2026":0.0,"04-2026":0.0,"06-2026":0.0,"08-2026":0.0,"10-2026":0.0,"12-2026":0.0,"02-2027":0.0,"04-2027":0.0,"06-2027":0.0,"08-2027":0.0,"10-2027":0.0,"12-2027":0.0,"02-2028":0.0,"04-2028":0.0,"06-2028":0.0,"08-2028":0.0,"10-2028":0.0,"12-2028":0.0,"02-2029":0.0,"04-2029":0.0,"06-2029":0.0,"08-2029":0.0,"10-2029":0.0,"12-2029":0.0,"02-2030":0.0,"04-2030":0.0,"06-2030":0.0,"08-2030":0.0,"10-2030":0.0,"12-2030":0.0},"percentile_75":{"02-2020":0.0866548448,"04-2020":0.0788030484,"06-2020":0.0797827995,"08-2020":0.0876556513,"10-2020":0.0937209597,"12-2020":0.0985889111,"02-2021":0.0967037978,"04-2021":0.091582082,"06-2021":0.0853141622,"08-2021":0.0873057447,"10-2021":0.0867935505,"12-2021":0.0927419355,"02-2022":0.0875183284,"04-2022":0.0717018718,"06-2022":0.0717042938,"08-2022":0.0753458498,"10-2022":0.0722047469,"12-2022":0.0746493659,"02-2023":0.0824301338,"04-2023":0.0963194466,"06-2023":0.1132864767,"08-2023":0.128968254,"10-2023":0.1763515055,"12-2023":0.2185842669,"02-2024":0.2650115164,"04-2024":0.3207021277,"06-2024":0.3961512275,"08-2024":0.5059557572,"10-2024":0.5641192836,"12-2024":0.6226659519,"02-2025":0.6308223579,"04-2025":0.6372811446,"06-2025":0.6454603581,"08-2025":0.6399322169,"10-2025":0.6357476982,"12-2025":0.6228757647,"02-2026":0.6234726505,"04-2026":0.6129321911,"06-2026":0.6115288221,"08-2026":0.6109460378,"10-2026":0.6035244361,"12-2026":0.6007220217,"02-2027":0.587009516,"04-2027":0.5872455339,"06-2027":0.5777290871,"08-2027":0.5782511643,"10-2027":0.576486104,"12-2027":0.5759787658,"02-2028":0.5559796438,"04-2028":0.5444543298,"06-2028":0.5223388306,"08-2028":0.5170091967,"10-2028":0.5060188595,"12-2028":0.5128205128,"02-2029":0.5023383778,"04-2029":0.4865107914,"06-2029":0.4684660556,"08-2029":0.4757794008,"10-2029":0.47853218,"12-2029":0.4768720416,"02-2030":0.4648476056,"04-2030":0.4783677833,"06-2030":0.466894198,"08-2030":0.4539501996,"10-2030":0.4440346932,"12-2030":0.4303812741}}