{"median":{"02-2020":0.0583584704,"04-2020":0.056000896,"06-2020":0.0518302583,"08-2020":0.0477139063,"10-2020":0.046462565,"12-2020":0.0479706429,"02-2021":0.0431372549,"04-2021":0.0407870062,"06-2021":0.0347676933,"08-2021":0.0316210474,"10-2021":0.031936255,"12-2021":0.0302588303,"02-2022":0.0256881599,"04-2022":0.0258802143,"06-2022":0.0313962078,"08-2022":0.0340953119,"10-2022":0.0389919193,"12-2022":0.0424251101,"02-2023":0.048067197,"04-2023":0.0585859308,"06-2023":0.072960167,"08-2023":0.0839114833,"10-2023":0.0952440945,"12-2023":0.119491364,"02-2024":0.1498034095,"04-2024":0.1668627628,"06-2024":0.1908793398,"08-2024":0.2338403042,"10-2024":0.2818832582,"12-2024":0.3379904232,"02-2025":0.3841681574,"04-2025":0.4325515701,"06-2025":0.4863113265,"08-2025":0.508490566,"10-2025":0.5106891348,"12-2025":0.5033504607,"02-2026":0.5174472328,"04-2026":0.5183312071,"06-2026":0.5070134644,"08-2026":0.4981196364,"10-2026":0.5078292945,"12-2026":0.5018700598,"02-2027":0.4826441857,"04-2027":0.4836485422,"06-2027":0.4744191794,"08-2027":0.4655939299,"10-2027":0.4611864245,"12-2027":0.4499135162,"02-2028":0.4381295984,"04-2028":0.426839338,"06-2028":0.4275724276,"08-2028":0.4359585554,"10-2028":0.4290871583,"12-2028":0.4143568899,"02-2029":0.41206792,"04-2029":0.3987078652,"06-2029":0.3940458899,"08-2029":0.383974359,"10-2029":0.3875393194,"12-2029":0.3801313629,"02-2030":0.3870349771,"04-2030":0.3887035301,"06-2030":0.3956928362,"08-2030":0.3939949299,"10-2030":0.3933397683,"12-2030":0.3828522505},"percentile_25":{"02-2020":0.0344827586,"04-2020":0.0299331761,"06-2020":0.0229007634,"08-2020":0.0201651623,"10-2020":0.0192440257,"12-2020":0.015180429,"02-2021":0.0119527559,"04-2021":0.010256507,"06-2021":0.007526049,"08-2021":0.0042553191,"10-2021":0.0039486788,"12-2021":0.0039486788,"02-2022":0.0037418246,"04-2022":0.0,"06-2022":0.0,"08-2022":0.0,"10-2022":0.0,"12-2022":0.0,"02-2023":0.0,"04-2023":0.0,"06-2023":0.0,"08-2023":0.0,"10-2023":0.0,"12-2023":0.0,"02-2024":0.0,"04-2024":0.0,"06-2024":0.0,"08-2024":0.0,"10-2024":0.0,"12-2024":0.0,"02-2025":0.0,"04-2025":0.0,"06-2025":0.0,"08-2025":0.0,"10-2025":0.0,"12-2025":0.0,"02-2026":0.0,"04-2026":0.0,"06-2026":0.0,"08-2026":0.0,"10-2026":0.0,"12-2026":0.0,"02-2027":0.0,"04-2027":0.0,"06-2027":0.0,"08-2027":0.0,"10-2027":0.0,"12-2027":0.0,"02-2028":0.0,"04-2028":0.0,"06-2028":0.0,"08-2028":0.0,"10-2028":0.0,"12-2028":0.0,"02-2029":0.0,"04-2029":0.0,"06-2029":0.0,"08-2029":0.0,"10-2029":0.0,"12-2029":0.0,"02-2030":0.0,"04-2030":0.0,"06-2030":0.0,"08-2030":0.0,"10-2030":0.0,"12-2030":0.0},"percentile_75":{"02-2020":0.0866548448,"04-2020":0.0788030484,"06-2020":0.0797827995,"08-2020":0.0876556513,"10-2020":0.0937209597,"12-2020":0.0985889111,"02-2021":0.0967037978,"04-2021":0.091582082,"06-2021":0.0853141622,"08-2021":0.0873057447,"10-2021":0.0867935505,"12-2021":0.0927419355,"02-2022":0.0943089014,"04-2022":0.1007249336,"06-2022":0.1103953488,"08-2022":0.1353274829,"10-2022":0.1778740157,"12-2022":0.2214018924,"02-2023":0.2662077597,"04-2023":0.3179489755,"06-2023":0.3773062731,"08-2023":0.4670634921,"10-2023":0.530332508,"12-2023":0.6233759668,"02-2024":0.6505529354,"04-2024":0.6699771269,"06-2024":0.6918739156,"08-2024":0.6951953275,"10-2024":0.6796875,"12-2024":0.6788598191,"02-2025":0.6637651186,"04-2025":0.6583146697,"06-2025":0.6315628816,"08-2025":0.6305200376,"10-2025":0.6280923428,"12-2025":0.6141761123,"02-2026":0.6174081546,"04-2026":0.6063283815,"06-2026":0.6094035128,"08-2026":0.6010339066,"10-2026":0.5919827926,"12-2026":0.5844254511,"02-2027":0.571967655,"04-2027":0.5648048885,"06-2027":0.5544820532,"08-2027":0.5449457259,"10-2027":0.5380763116,"12-2027":0.5399470899,"02-2028":0.5175232619,"04-2028":0.5207198392,"06-2028":0.5143696412,"08-2028":0.5137065637,"10-2028":0.4954798249,"12-2028":0.4767439636,"02-2029":0.4795799134,"04-2029":0.4658694485,"06-2029":0.4666051922,"08-2029":0.4506576323,"10-2029":0.4596926714,"12-2029":0.4499131975,"02-2030":0.4540277024,"04-2030":0.4588259518,"06-2030":0.4569896672,"08-2030":0.4534574614,"10-2030":0.4432539683,"12-2030":0.428236825}}