{"median":{"02-2020":0.0583584704,"04-2020":0.056000896,"06-2020":0.0518302583,"08-2020":0.0477139063,"10-2020":0.046462565,"12-2020":0.0479706429,"02-2021":0.0496190435,"04-2021":0.0533935116,"06-2021":0.0554725275,"08-2021":0.0590185676,"10-2021":0.0697185109,"12-2021":0.0814990512,"02-2022":0.1073628776,"04-2022":0.1236024409,"06-2022":0.150279545,"08-2022":0.1776856018,"10-2022":0.2011450382,"12-2022":0.2389777947,"02-2023":0.2830499291,"04-2023":0.3232823543,"06-2023":0.3732142857,"08-2023":0.4417557979,"10-2023":0.4898523985,"12-2023":0.5487771473,"02-2024":0.5731523691,"04-2024":0.5970107635,"06-2024":0.5973296622,"08-2024":0.6003663004,"10-2024":0.5830108908,"12-2024":0.5848684897,"02-2025":0.5727865291,"04-2025":0.5569665803,"06-2025":0.5461801156,"08-2025":0.5471309423,"10-2025":0.5380954275,"12-2025":0.5305001505,"02-2026":0.5238299872,"04-2026":0.5219783169,"06-2026":0.5122855918,"08-2026":0.496181669,"10-2026":0.4890838361,"12-2026":0.4879868799,"02-2027":0.4900584795,"04-2027":0.4699150292,"06-2027":0.4545636564,"08-2027":0.4479646458,"10-2027":0.441570802,"12-2027":0.4437446854,"02-2028":0.4343232298,"04-2028":0.4345490716,"06-2028":0.4259303914,"08-2028":0.4274608754,"10-2028":0.4199851775,"12-2028":0.4073400673,"02-2029":0.4021054691,"04-2029":0.3986013986,"06-2029":0.3913214398,"08-2029":0.3887840671,"10-2029":0.3902877698,"12-2029":0.3908957862,"02-2030":0.3943944434,"04-2030":0.4141131182,"06-2030":0.4109583906,"08-2030":0.3953506234,"10-2030":0.3955910853,"12-2030":0.3821371611},"percentile_25":{"02-2020":0.0344827586,"04-2020":0.0299331761,"06-2020":0.0229007634,"08-2020":0.0201651623,"10-2020":0.0192440257,"12-2020":0.015180429,"02-2021":0.0125529551,"04-2021":0.0120725806,"06-2021":0.0115726413,"08-2021":0.0139815984,"10-2021":0.0156257097,"12-2021":0.0160164467,"02-2022":0.0181881732,"04-2022":0.0214505439,"06-2022":0.0181670077,"08-2022":0.0176035586,"10-2022":0.0182165505,"12-2022":0.0200348432,"02-2023":0.0254967511,"04-2023":0.0224316907,"06-2023":0.0238479081,"08-2023":0.0258635431,"10-2023":0.0240006214,"12-2023":0.0277230847,"02-2024":0.0331521739,"04-2024":0.0351206992,"06-2024":0.0461839341,"08-2024":0.0461761667,"10-2024":0.0562009419,"12-2024":0.0716337991,"02-2025":0.078670599,"04-2025":0.0917125123,"06-2025":0.099182914,"08-2025":0.1153962492,"10-2025":0.1262756127,"12-2025":0.1573983668,"02-2026":0.1742755676,"04-2026":0.1952673316,"06-2026":0.2370966479,"08-2026":0.2733692646,"10-2026":0.2820929864,"12-2026":0.2933212996,"02-2027":0.3059923902,"04-2027":0.3069484667,"06-2027":0.3197197357,"08-2027":0.3344794752,"10-2027":0.3262867647,"12-2027":0.3302046293,"02-2028":0.3280401584,"04-2028":0.3331006494,"06-2028":0.3274501661,"08-2028":0.3333916594,"10-2028":0.3278915836,"12-2028":0.3251644556,"02-2029":0.3200454769,"04-2029":0.3129558912,"06-2029":0.3226770338,"08-2029":0.3246538772,"10-2029":0.3185042072,"12-2029":0.3166042447,"02-2030":0.320810879,"04-2030":0.3336008699,"06-2030":0.3405296867,"08-2030":0.3297001911,"10-2030":0.3147904323,"12-2030":0.3094927536},"percentile_75":{"02-2020":0.0866548448,"04-2020":0.0788030484,"06-2020":0.0797827995,"08-2020":0.0876556513,"10-2020":0.0937209597,"12-2020":0.0985889111,"02-2021":0.1075265099,"04-2021":0.1213745915,"06-2021":0.1499053381,"08-2021":0.1872175878,"10-2021":0.2392337576,"12-2021":0.313607368,"02-2022":0.3684726522,"04-2022":0.4288957688,"06-2022":0.5078594421,"08-2022":0.6181649676,"10-2022":0.6663470471,"12-2022":0.6884171439,"02-2023":0.7082735533,"04-2023":0.7155743645,"06-2023":0.708936624,"08-2023":0.7133470422,"10-2023":0.6876174812,"12-2023":0.665726817,"02-2024":0.6595125281,"04-2024":0.6619961146,"06-2024":0.6687993148,"08-2024":0.6660967669,"10-2024":0.6606373496,"12-2024":0.6533988595,"02-2025":0.6381494671,"04-2025":0.6370172664,"06-2025":0.6261345853,"08-2025":0.6175278622,"10-2025":0.6017896373,"12-2025":0.6018911783,"02-2026":0.5883462819,"04-2026":0.5823901708,"06-2026":0.5763171575,"08-2026":0.5731137948,"10-2026":0.5643455099,"12-2026":0.5518442623,"02-2027":0.5555555556,"04-2027":0.5455345711,"06-2027":0.5436144103,"08-2027":0.5399794621,"10-2027":0.5196826331,"12-2027":0.5112801378,"02-2028":0.4936985194,"04-2028":0.4873183447,"06-2028":0.4831150708,"08-2028":0.4829789808,"10-2028":0.4636633011,"12-2028":0.4567065363,"02-2029":0.4545454545,"04-2029":0.4481211495,"06-2029":0.4359391581,"08-2029":0.4370629371,"10-2029":0.4467617271,"12-2029":0.450915404,"02-2030":0.450634058,"04-2030":0.4653892113,"06-2030":0.4577657935,"08-2030":0.4573212398,"10-2030":0.4424482559,"12-2030":0.4356591748}}