{"median":{"02-2020":0.0583584704,"04-2020":0.056000896,"06-2020":0.0518302583,"08-2020":0.0477139063,"10-2020":0.046462565,"12-2020":0.0479706429,"02-2021":0.0431372549,"04-2021":0.0407870062,"06-2021":0.0347676933,"08-2021":0.0316210474,"10-2021":0.031936255,"12-2021":0.0302588303,"02-2022":0.0249223947,"04-2022":0.0202980896,"06-2022":0.0188340616,"08-2022":0.0148717382,"10-2022":0.0138179562,"12-2022":0.0136562244,"02-2023":0.0112149925,"04-2023":0.0081138907,"06-2023":0.0072338644,"08-2023":0.0040817007,"10-2023":0.005695524,"12-2023":0.0037951894,"02-2024":0.003587963,"04-2024":0.0034667147,"06-2024":0.0,"08-2024":0.0,"10-2024":0.0,"12-2024":0.0,"02-2025":0.0,"04-2025":0.0,"06-2025":0.0,"08-2025":0.0,"10-2025":0.0,"12-2025":0.0,"02-2026":0.0,"04-2026":0.0,"06-2026":0.0,"08-2026":0.0,"10-2026":0.0,"12-2026":0.0,"02-2027":0.0,"04-2027":0.0,"06-2027":0.0,"08-2027":0.0,"10-2027":0.0,"12-2027":0.0,"02-2028":0.0,"04-2028":0.0,"06-2028":0.0,"08-2028":0.0,"10-2028":0.0,"12-2028":0.0,"02-2029":0.0,"04-2029":0.0,"06-2029":0.0,"08-2029":0.0,"10-2029":0.0,"12-2029":0.0,"02-2030":0.0,"04-2030":0.0,"06-2030":0.0,"08-2030":0.0,"10-2030":0.0,"12-2030":0.0},"percentile_25":{"02-2020":0.0344827586,"04-2020":0.0299331761,"06-2020":0.0229007634,"08-2020":0.0201651623,"10-2020":0.0192440257,"12-2020":0.015180429,"02-2021":0.0119527559,"04-2021":0.010256507,"06-2021":0.007526049,"08-2021":0.0042553191,"10-2021":0.0039486788,"12-2021":0.0039486788,"02-2022":0.0037735849,"04-2022":0.0,"06-2022":0.0,"08-2022":0.0,"10-2022":0.0,"12-2022":0.0,"02-2023":0.0,"04-2023":0.0,"06-2023":0.0,"08-2023":0.0,"10-2023":0.0,"12-2023":0.0,"02-2024":0.0,"04-2024":0.0,"06-2024":0.0,"08-2024":0.0,"10-2024":0.0,"12-2024":0.0,"02-2025":0.0,"04-2025":0.0,"06-2025":0.0,"08-2025":0.0,"10-2025":0.0,"12-2025":0.0,"02-2026":0.0,"04-2026":0.0,"06-2026":0.0,"08-2026":0.0,"10-2026":0.0,"12-2026":0.0,"02-2027":0.0,"04-2027":0.0,"06-2027":0.0,"08-2027":0.0,"10-2027":0.0,"12-2027":0.0,"02-2028":0.0,"04-2028":0.0,"06-2028":0.0,"08-2028":0.0,"10-2028":0.0,"12-2028":0.0,"02-2029":0.0,"04-2029":0.0,"06-2029":0.0,"08-2029":0.0,"10-2029":0.0,"12-2029":0.0,"02-2030":0.0,"04-2030":0.0,"06-2030":0.0,"08-2030":0.0,"10-2030":0.0,"12-2030":0.0},"percentile_75":{"02-2020":0.0866548448,"04-2020":0.0788030484,"06-2020":0.0797827995,"08-2020":0.0876556513,"10-2020":0.0937209597,"12-2020":0.0985889111,"02-2021":0.0967037978,"04-2021":0.091582082,"06-2021":0.0853141622,"08-2021":0.0873057447,"10-2021":0.0867935505,"12-2021":0.0927419355,"02-2022":0.0875183284,"04-2022":0.0717018718,"06-2022":0.0717042938,"08-2022":0.0753458498,"10-2022":0.0722047469,"12-2022":0.0746493659,"02-2023":0.0712842121,"04-2023":0.0619018776,"06-2023":0.0644141451,"08-2023":0.0632185193,"10-2023":0.0715921141,"12-2023":0.0837166636,"02-2024":0.0811693548,"04-2024":0.0757608617,"06-2024":0.0771025346,"08-2024":0.0743505535,"10-2024":0.0800589517,"12-2024":0.0942307692,"02-2025":0.0819829819,"04-2025":0.0774979261,"06-2025":0.0822032207,"08-2025":0.0875963959,"10-2025":0.095845461,"12-2025":0.1081186055,"02-2026":0.0994379891,"04-2026":0.0983343225,"06-2026":0.0922246558,"08-2026":0.092511731,"10-2026":0.0900807241,"12-2026":0.1044855442,"02-2027":0.1103524421,"04-2027":0.099956446,"06-2027":0.0930306552,"08-2027":0.0909719777,"10-2027":0.1064494379,"12-2027":0.1027242402,"02-2028":0.1028758106,"04-2028":0.0974162679,"06-2028":0.104002113,"08-2028":0.1087393095,"10-2028":0.1334063604,"12-2028":0.1297096774,"02-2029":0.1315184801,"04-2029":0.1154468085,"06-2029":0.1207017544,"08-2029":0.1371299615,"10-2029":0.1436998454,"12-2029":0.1500317864,"02-2030":0.1448776569,"04-2030":0.1651152369,"06-2030":0.2205846465,"08-2030":0.292097668,"10-2030":0.3819286522,"12-2030":0.4665451759}}