{"median":{"02-2020":0.0583584704,"04-2020":0.056000896,"06-2020":0.0518302583,"08-2020":0.0477139063,"10-2020":0.046462565,"12-2020":0.0479706429,"02-2021":0.0431372549,"04-2021":0.0407870062,"06-2021":0.0347676933,"08-2021":0.0316210474,"10-2021":0.031936255,"12-2021":0.0302588303,"02-2022":0.0249223947,"04-2022":0.0202980896,"06-2022":0.0188340616,"08-2022":0.0148717382,"10-2022":0.0138179562,"12-2022":0.0136562244,"02-2023":0.0112149925,"04-2023":0.0081138907,"06-2023":0.0072338644,"08-2023":0.0040817007,"10-2023":0.005695524,"12-2023":0.0037951894,"02-2024":0.0036900871,"04-2024":0.0035978672,"06-2024":0.0,"08-2024":0.0,"10-2024":0.0,"12-2024":0.0,"02-2025":0.0,"04-2025":0.0,"06-2025":0.0,"08-2025":0.0,"10-2025":0.0,"12-2025":0.0,"02-2026":0.0,"04-2026":0.0,"06-2026":0.0,"08-2026":0.0,"10-2026":0.0,"12-2026":0.0,"02-2027":0.0,"04-2027":0.0,"06-2027":0.0,"08-2027":0.0,"10-2027":0.0,"12-2027":0.0,"02-2028":0.0,"04-2028":0.0,"06-2028":0.0,"08-2028":0.0,"10-2028":0.0,"12-2028":0.0,"02-2029":0.0,"04-2029":0.0,"06-2029":0.0,"08-2029":0.0,"10-2029":0.0,"12-2029":0.0,"02-2030":0.0,"04-2030":0.0,"06-2030":0.0,"08-2030":0.0,"10-2030":0.0,"12-2030":0.0},"percentile_25":{"02-2020":0.0344827586,"04-2020":0.0299331761,"06-2020":0.0229007634,"08-2020":0.0201651623,"10-2020":0.0192440257,"12-2020":0.015180429,"02-2021":0.0119527559,"04-2021":0.010256507,"06-2021":0.007526049,"08-2021":0.0042553191,"10-2021":0.0039486788,"12-2021":0.0039486788,"02-2022":0.0037735849,"04-2022":0.0,"06-2022":0.0,"08-2022":0.0,"10-2022":0.0,"12-2022":0.0,"02-2023":0.0,"04-2023":0.0,"06-2023":0.0,"08-2023":0.0,"10-2023":0.0,"12-2023":0.0,"02-2024":0.0,"04-2024":0.0,"06-2024":0.0,"08-2024":0.0,"10-2024":0.0,"12-2024":0.0,"02-2025":0.0,"04-2025":0.0,"06-2025":0.0,"08-2025":0.0,"10-2025":0.0,"12-2025":0.0,"02-2026":0.0,"04-2026":0.0,"06-2026":0.0,"08-2026":0.0,"10-2026":0.0,"12-2026":0.0,"02-2027":0.0,"04-2027":0.0,"06-2027":0.0,"08-2027":0.0,"10-2027":0.0,"12-2027":0.0,"02-2028":0.0,"04-2028":0.0,"06-2028":0.0,"08-2028":0.0,"10-2028":0.0,"12-2028":0.0,"02-2029":0.0,"04-2029":0.0,"06-2029":0.0,"08-2029":0.0,"10-2029":0.0,"12-2029":0.0,"02-2030":0.0,"04-2030":0.0,"06-2030":0.0,"08-2030":0.0,"10-2030":0.0,"12-2030":0.0},"percentile_75":{"02-2020":0.0866548448,"04-2020":0.0788030484,"06-2020":0.0797827995,"08-2020":0.0876556513,"10-2020":0.0937209597,"12-2020":0.0985889111,"02-2021":0.0967037978,"04-2021":0.091582082,"06-2021":0.0853141622,"08-2021":0.0873057447,"10-2021":0.0867935505,"12-2021":0.0927419355,"02-2022":0.0875183284,"04-2022":0.0717018718,"06-2022":0.0717042938,"08-2022":0.0753458498,"10-2022":0.0722047469,"12-2022":0.0746493659,"02-2023":0.0712842121,"04-2023":0.0619018776,"06-2023":0.0644141451,"08-2023":0.0632185193,"10-2023":0.0715921141,"12-2023":0.0837166636,"02-2024":0.0939114905,"04-2024":0.1035065529,"06-2024":0.1279401334,"08-2024":0.1630244583,"10-2024":0.2013307985,"12-2024":0.280069025,"02-2025":0.3392405332,"04-2025":0.4214880031,"06-2025":0.5115861214,"08-2025":0.5861187424,"10-2025":0.6262302869,"12-2025":0.6228604477,"02-2026":0.6143105209,"04-2026":0.6103521672,"06-2026":0.6197373329,"08-2026":0.628406394,"10-2026":0.6185036624,"12-2026":0.607036369,"02-2027":0.6020682467,"04-2027":0.5863149916,"06-2027":0.5927102358,"08-2027":0.5904356061,"10-2027":0.5901449275,"12-2027":0.5607517483,"02-2028":0.5532141762,"04-2028":0.5511009437,"06-2028":0.54762309,"08-2028":0.5311124422,"10-2028":0.5270104895,"12-2028":0.5188511946,"02-2029":0.5028458498,"04-2029":0.4919059435,"06-2029":0.4827744811,"08-2029":0.4885228941,"10-2029":0.4942146089,"12-2029":0.4963569766,"02-2030":0.494410631,"04-2030":0.4819729075,"06-2030":0.4811637253,"08-2030":0.4635886294,"10-2030":0.4502846258,"12-2030":0.4420480549}}