{"median":{"02-2020":0.0632836016,"04-2020":0.0675757095,"06-2020":0.0769330611,"08-2020":0.0796863343,"10-2020":0.0823693482,"12-2020":0.0879723273,"02-2021":0.0890614673,"04-2021":0.0878261842,"06-2021":0.0830957383,"08-2021":0.0733095733,"10-2021":0.0659863946,"12-2021":0.0588528139,"02-2022":0.0503623188,"04-2022":0.0416666667,"06-2022":0.0357142857,"08-2022":0.0357854297,"10-2022":0.0311948921,"12-2022":0.0269151292,"02-2023":0.0267695233,"04-2023":0.0309409888,"06-2023":0.0333374491,"08-2023":0.0345521266,"10-2023":0.0439107346,"12-2023":0.0519095291,"02-2024":0.0636954545,"04-2024":0.080838679,"06-2024":0.0910421376,"08-2024":0.1027614541,"10-2024":0.1236766706,"12-2024":0.138804458,"02-2025":0.1797611795,"04-2025":0.2,"06-2025":0.2405297595,"08-2025":0.281499598,"10-2025":0.3396082713,"12-2025":0.4386737801,"02-2026":0.4983713816,"04-2026":0.5150067446,"06-2026":0.5089938842,"08-2026":0.4966442953,"10-2026":0.5046125461,"12-2026":0.5062040847,"02-2027":0.5063060179,"04-2027":0.4855635428,"06-2027":0.4884736803,"08-2027":0.4892629887,"10-2027":0.4585425006,"12-2027":0.458443189,"02-2028":0.4494949495,"04-2028":0.4450762992,"06-2028":0.4544652917,"08-2028":0.4364015335,"10-2028":0.430274786,"12-2028":0.4240165019,"02-2029":0.4187725632,"04-2029":0.4053308824,"06-2029":0.390120893,"08-2029":0.3847537355,"10-2029":0.3894637278,"12-2029":0.3896872959,"02-2030":0.3981132075,"04-2030":0.4068662881,"06-2030":0.413877814,"08-2030":0.4034190532,"10-2030":0.3883798289,"12-2030":0.3736639384},"percentile_25":{"02-2020":0.0376642036,"04-2020":0.0366973619,"06-2020":0.0343847962,"08-2020":0.0357674798,"10-2020":0.0383241887,"12-2020":0.0366828412,"02-2021":0.034750577,"04-2021":0.0310077519,"06-2021":0.0299007634,"08-2021":0.0241474772,"10-2021":0.0217521244,"12-2021":0.0197950894,"02-2022":0.0160183428,"04-2022":0.0122713075,"06-2022":0.0097452966,"08-2022":0.0039801113,"10-2022":0.0035684537,"12-2022":0.0,"02-2023":0.0,"04-2023":0.0,"06-2023":0.0,"08-2023":0.0,"10-2023":0.0,"12-2023":0.0,"02-2024":0.0,"04-2024":0.0,"06-2024":0.0,"08-2024":0.0,"10-2024":0.0,"12-2024":0.0,"02-2025":0.0,"04-2025":0.0,"06-2025":0.0,"08-2025":0.0,"10-2025":0.0,"12-2025":0.0,"02-2026":0.0,"04-2026":0.0,"06-2026":0.0,"08-2026":0.0,"10-2026":0.0,"12-2026":0.0,"02-2027":0.0,"04-2027":0.0,"06-2027":0.0,"08-2027":0.0,"10-2027":0.0,"12-2027":0.0,"02-2028":0.0,"04-2028":0.0,"06-2028":0.0,"08-2028":0.0,"10-2028":0.0,"12-2028":0.0,"02-2029":0.0,"04-2029":0.0,"06-2029":0.0,"08-2029":0.0,"10-2029":0.0,"12-2029":0.0,"02-2030":0.0,"04-2030":0.0,"06-2030":0.0,"08-2030":0.0,"10-2030":0.0,"12-2030":0.0},"percentile_75":{"02-2020":0.0991758242,"04-2020":0.1110003418,"06-2020":0.134958182,"08-2020":0.1532835889,"10-2020":0.1687432041,"12-2020":0.1831114894,"02-2021":0.1853180603,"04-2021":0.1821862348,"06-2021":0.176019012,"08-2021":0.1654464695,"10-2021":0.1578947368,"12-2021":0.1450263821,"02-2022":0.1329427083,"04-2022":0.1087446867,"06-2022":0.1017092564,"08-2022":0.1059955316,"10-2022":0.1033528439,"12-2022":0.1109243697,"02-2023":0.1290728817,"04-2023":0.1524942304,"06-2023":0.1873882137,"08-2023":0.2261544764,"10-2023":0.2771858289,"12-2023":0.3286380597,"02-2024":0.4036585366,"04-2024":0.5077077394,"06-2024":0.6290348202,"08-2024":0.6604279825,"10-2024":0.6563226247,"12-2024":0.6546941679,"02-2025":0.6474349421,"04-2025":0.645924486,"06-2025":0.6448733863,"08-2025":0.6551032028,"10-2025":0.6417089985,"12-2025":0.6427627977,"02-2026":0.6375141621,"04-2026":0.6347178318,"06-2026":0.623534681,"08-2026":0.6211089699,"10-2026":0.6248900366,"12-2026":0.6064548055,"02-2027":0.6024574018,"04-2027":0.5916020467,"06-2027":0.5889713761,"08-2027":0.5776962733,"10-2027":0.5751950667,"12-2027":0.5578220521,"02-2028":0.5600441059,"04-2028":0.5493764111,"06-2028":0.5419035393,"08-2028":0.5420225511,"10-2028":0.5301386714,"12-2028":0.5164749619,"02-2029":0.4972627737,"04-2029":0.4820497393,"06-2029":0.4908058842,"08-2029":0.4804073615,"10-2029":0.4746930997,"12-2029":0.4782287157,"02-2030":0.4740545156,"04-2030":0.4919929859,"06-2030":0.4815658059,"08-2030":0.4710480762,"10-2030":0.4576244946,"12-2030":0.439623582}}