{"median":{"02-2020":0.0632836016,"04-2020":0.0675757095,"06-2020":0.0769330611,"08-2020":0.0796863343,"10-2020":0.0823693482,"12-2020":0.0879723273,"02-2021":0.0890614673,"04-2021":0.0878261842,"06-2021":0.084807469,"08-2021":0.0791022337,"10-2021":0.0782602689,"12-2021":0.0780369733,"02-2022":0.0857037927,"04-2022":0.0990620107,"06-2022":0.1111026662,"08-2022":0.1389696563,"10-2022":0.1502155981,"12-2022":0.1819908698,"02-2023":0.2087912088,"04-2023":0.2601934455,"06-2023":0.2941833366,"08-2023":0.3295177499,"10-2023":0.3818941387,"12-2023":0.446668229,"02-2024":0.4895794325,"04-2024":0.5408775253,"06-2024":0.5683030737,"08-2024":0.5859810223,"10-2024":0.5764516926,"12-2024":0.5774736842,"02-2025":0.5706715328,"04-2025":0.5641370764,"06-2025":0.567851184,"08-2025":0.5524590164,"10-2025":0.551981472,"12-2025":0.5463701511,"02-2026":0.5394148392,"04-2026":0.5257653061,"06-2026":0.5178143923,"08-2026":0.5148885294,"10-2026":0.5096530853,"12-2026":0.4919953893,"02-2027":0.4960314961,"04-2027":0.4892386642,"06-2027":0.4849932554,"08-2027":0.4751007795,"10-2027":0.465948071,"12-2027":0.4523429052,"02-2028":0.4446486928,"04-2028":0.4392028986,"06-2028":0.4334471978,"08-2028":0.4285714286,"10-2028":0.4257767198,"12-2028":0.4186702682,"02-2029":0.4164945762,"04-2029":0.4111062335,"06-2029":0.4025383142,"08-2029":0.4051780508,"10-2029":0.4042954147,"12-2029":0.4000263501,"02-2030":0.3955987924,"04-2030":0.4077256666,"06-2030":0.4000137886,"08-2030":0.3990055152,"10-2030":0.3985834343,"12-2030":0.3940604142},"percentile_25":{"02-2020":0.0376642036,"04-2020":0.0366973619,"06-2020":0.0343847962,"08-2020":0.0357674798,"10-2020":0.0383241887,"12-2020":0.0366828412,"02-2021":0.034750577,"04-2021":0.0310077519,"06-2021":0.0297272727,"08-2021":0.0269496596,"10-2021":0.0242739868,"12-2021":0.022367253,"02-2022":0.0230769231,"04-2022":0.0229007634,"06-2022":0.0218390805,"08-2022":0.0231336806,"10-2022":0.0269557823,"12-2022":0.0248516871,"02-2023":0.028795582,"04-2023":0.0296610169,"06-2023":0.0283489867,"08-2023":0.030791891,"10-2023":0.0357750011,"12-2023":0.0402046784,"02-2024":0.0461525435,"04-2024":0.0578965644,"06-2024":0.0645577261,"08-2024":0.0735558408,"10-2024":0.0872608294,"12-2024":0.0985098737,"02-2025":0.116473726,"04-2025":0.1287224348,"06-2025":0.1434837611,"08-2025":0.1577656123,"10-2025":0.1783606048,"12-2025":0.1803450758,"02-2026":0.2127996559,"04-2026":0.2366013072,"06-2026":0.2834240851,"08-2026":0.3049380756,"10-2026":0.318931248,"12-2026":0.3406326034,"02-2027":0.3263155423,"04-2027":0.3462484625,"06-2027":0.3574428763,"08-2027":0.3539808143,"10-2027":0.3468128781,"12-2027":0.3453688355,"02-2028":0.3541925155,"04-2028":0.3427246646,"06-2028":0.3554908192,"08-2028":0.3470538492,"10-2028":0.3462967969,"12-2028":0.3422476113,"02-2029":0.3365395837,"04-2029":0.3203452333,"06-2029":0.3126218033,"08-2029":0.3205636491,"10-2029":0.3368764424,"12-2029":0.3209577114,"02-2030":0.3271568229,"04-2030":0.330450166,"06-2030":0.3333172159,"08-2030":0.3361980752,"10-2030":0.3193632435,"12-2030":0.3165827199},"percentile_75":{"02-2020":0.0991758242,"04-2020":0.1110003418,"06-2020":0.134958182,"08-2020":0.1532835889,"10-2020":0.1687432041,"12-2020":0.1831114894,"02-2021":0.1853180603,"04-2021":0.1821862348,"06-2021":0.1774893061,"08-2021":0.1851810427,"10-2021":0.1779624753,"12-2021":0.1979822318,"02-2022":0.2258682487,"04-2022":0.2572450805,"06-2022":0.3139838767,"08-2022":0.4018469569,"10-2022":0.4824291858,"12-2022":0.5755778589,"02-2023":0.676337381,"04-2023":0.7145314932,"06-2023":0.7398620166,"08-2023":0.7344098777,"10-2023":0.7257931698,"12-2023":0.7116547609,"02-2024":0.6965710965,"04-2024":0.6872254872,"06-2024":0.6700666083,"08-2024":0.6615950226,"10-2024":0.6624867784,"12-2024":0.6540151582,"02-2025":0.6471560847,"04-2025":0.6372819864,"06-2025":0.6314886772,"08-2025":0.6341798771,"10-2025":0.6200198374,"12-2025":0.6145604396,"02-2026":0.60663559,"04-2026":0.595366782,"06-2026":0.5798796791,"08-2026":0.5741541715,"10-2026":0.5712692849,"12-2026":0.5722989415,"02-2027":0.5549847793,"04-2027":0.551999328,"06-2027":0.5570841279,"08-2027":0.5405905906,"10-2027":0.5301523487,"12-2027":0.5323453458,"02-2028":0.5225100216,"04-2028":0.5180535757,"06-2028":0.5043134513,"08-2028":0.4879724453,"10-2028":0.4892840972,"12-2028":0.4696317406,"02-2029":0.4670720377,"04-2029":0.4667857143,"06-2029":0.4588547048,"08-2029":0.4451591512,"10-2029":0.4422709248,"12-2029":0.4529488615,"02-2030":0.4570326789,"04-2030":0.4736058999,"06-2030":0.4698131673,"08-2030":0.4537881261,"10-2030":0.4526075136,"12-2030":0.4474616183}}