{"median":{"02-2020":0.0579277286,"04-2020":0.0541926448,"06-2020":0.0537711272,"08-2020":0.0500066577,"10-2020":0.046593656,"12-2020":0.0444542012,"02-2021":0.0369008715,"04-2021":0.033212141,"06-2021":0.0311326469,"08-2021":0.0230333933,"10-2021":0.0196464413,"12-2021":0.015717153,"02-2022":0.0120048019,"04-2022":0.0108901515,"06-2022":0.0072248305,"08-2022":0.0038387857,"10-2022":0.0,"12-2022":0.0,"02-2023":0.0,"04-2023":0.0,"06-2023":0.0,"08-2023":0.0,"10-2023":0.0,"12-2023":0.0,"02-2024":0.0,"04-2024":0.0,"06-2024":0.0,"08-2024":0.0,"10-2024":0.0,"12-2024":0.0,"02-2025":0.0,"04-2025":0.0,"06-2025":0.0,"08-2025":0.0,"10-2025":0.0,"12-2025":0.0,"02-2026":0.0,"04-2026":0.0,"06-2026":0.0,"08-2026":0.0,"10-2026":0.0,"12-2026":0.0,"02-2027":0.0,"04-2027":0.0,"06-2027":0.0,"08-2027":0.0,"10-2027":0.0,"12-2027":0.0,"02-2028":0.0,"04-2028":0.0,"06-2028":0.0,"08-2028":0.0,"10-2028":0.0,"12-2028":0.0,"02-2029":0.0,"04-2029":0.0,"06-2029":0.0,"08-2029":0.0,"10-2029":0.0,"12-2029":0.0,"02-2030":0.0,"04-2030":0.0,"06-2030":0.0,"08-2030":0.0,"10-2030":0.0,"12-2030":0.0},"percentile_25":{"02-2020":0.0341881265,"04-2020":0.0318953681,"06-2020":0.0252373418,"08-2020":0.0230348947,"10-2020":0.0203668512,"12-2020":0.0191570881,"02-2021":0.0159204452,"04-2021":0.0113005051,"06-2021":0.0078354779,"08-2021":0.0041626655,"10-2021":0.0037737449,"12-2021":0.0,"02-2022":0.0,"04-2022":0.0,"06-2022":0.0,"08-2022":0.0,"10-2022":0.0,"12-2022":0.0,"02-2023":0.0,"04-2023":0.0,"06-2023":0.0,"08-2023":0.0,"10-2023":0.0,"12-2023":0.0,"02-2024":0.0,"04-2024":0.0,"06-2024":0.0,"08-2024":0.0,"10-2024":0.0,"12-2024":0.0,"02-2025":0.0,"04-2025":0.0,"06-2025":0.0,"08-2025":0.0,"10-2025":0.0,"12-2025":0.0,"02-2026":0.0,"04-2026":0.0,"06-2026":0.0,"08-2026":0.0,"10-2026":0.0,"12-2026":0.0,"02-2027":0.0,"04-2027":0.0,"06-2027":0.0,"08-2027":0.0,"10-2027":0.0,"12-2027":0.0,"02-2028":0.0,"04-2028":0.0,"06-2028":0.0,"08-2028":0.0,"10-2028":0.0,"12-2028":0.0,"02-2029":0.0,"04-2029":0.0,"06-2029":0.0,"08-2029":0.0,"10-2029":0.0,"12-2029":0.0,"02-2030":0.0,"04-2030":0.0,"06-2030":0.0,"08-2030":0.0,"10-2030":0.0,"12-2030":0.0},"percentile_75":{"02-2020":0.0887761834,"04-2020":0.0876724522,"06-2020":0.0895450808,"08-2020":0.0907149228,"10-2020":0.0942024793,"12-2020":0.0994047619,"02-2021":0.0884318363,"04-2021":0.0837272727,"06-2021":0.075100567,"08-2021":0.0638789747,"10-2021":0.0556318681,"12-2021":0.0567377637,"02-2022":0.0548677149,"04-2022":0.053565492,"06-2022":0.0522653061,"08-2022":0.0519032822,"10-2022":0.0572176417,"12-2022":0.051203442,"02-2023":0.0623910557,"04-2023":0.0669291339,"06-2023":0.0775486415,"08-2023":0.1001798561,"10-2023":0.113012705,"12-2023":0.1270833333,"02-2024":0.1564758884,"04-2024":0.1887382075,"06-2024":0.215997578,"08-2024":0.280754717,"10-2024":0.3318204455,"12-2024":0.4018290898,"02-2025":0.4761423939,"04-2025":0.5860058498,"06-2025":0.6094454887,"08-2025":0.6029518553,"10-2025":0.5829307568,"12-2025":0.6109661172,"02-2026":0.6003641282,"04-2026":0.5898477529,"06-2026":0.5822010126,"08-2026":0.5695355881,"10-2026":0.570891416,"12-2026":0.5517697842,"02-2027":0.5573524613,"04-2027":0.5520381961,"06-2027":0.5289480759,"08-2027":0.5156096804,"10-2027":0.5100924971,"12-2027":0.4995833333,"02-2028":0.4981649726,"04-2028":0.4950918992,"06-2028":0.4780028592,"08-2028":0.4637681159,"10-2028":0.4528089155,"12-2028":0.4555631868,"02-2029":0.4404571963,"04-2029":0.428204501,"06-2029":0.4270795578,"08-2029":0.4175185874,"10-2029":0.4364982742,"12-2029":0.4365346047,"02-2030":0.4309104202,"04-2030":0.4221044351,"06-2030":0.4315068493,"08-2030":0.4355731654,"10-2030":0.4172394121,"12-2030":0.4147092399}}