{"median":{"02-2020":0.0579277286,"04-2020":0.0541926448,"06-2020":0.0537711272,"08-2020":0.0500066577,"10-2020":0.046593656,"12-2020":0.0444542012,"02-2021":0.0396053581,"04-2021":0.0342918106,"06-2021":0.0352251838,"08-2021":0.0351610786,"10-2021":0.037602488,"12-2021":0.039398301,"02-2022":0.0406795722,"04-2022":0.0515289449,"06-2022":0.0637450199,"08-2022":0.0760116134,"10-2022":0.089141539,"12-2022":0.1063955615,"02-2023":0.117972223,"04-2023":0.140735281,"06-2023":0.171702503,"08-2023":0.1983514894,"10-2023":0.2068705828,"12-2023":0.2547445362,"02-2024":0.2892180451,"04-2024":0.3089176104,"06-2024":0.3826091212,"08-2024":0.4077490775,"10-2024":0.4488091245,"12-2024":0.4972504973,"02-2025":0.5084915085,"04-2025":0.5155018842,"06-2025":0.5192561738,"08-2025":0.5158878007,"10-2025":0.5103223701,"12-2025":0.5060303211,"02-2026":0.5019167217,"04-2026":0.5,"06-2026":0.4917642655,"08-2026":0.4804827141,"10-2026":0.4788082218,"12-2026":0.4582610372,"02-2027":0.4545426139,"04-2027":0.4418218393,"06-2027":0.4317737157,"08-2027":0.4313048558,"10-2027":0.427716489,"12-2027":0.4159936618,"02-2028":0.4159745293,"04-2028":0.4030012771,"06-2028":0.4065707877,"08-2028":0.3981917823,"10-2028":0.3996527778,"12-2028":0.4003930194,"02-2029":0.3883439042,"04-2029":0.3801925025,"06-2029":0.375,"08-2029":0.3725402959,"10-2029":0.3734798535,"12-2029":0.3812135198,"02-2030":0.3862615703,"04-2030":0.3886890488,"06-2030":0.4020547945,"08-2030":0.386201484,"10-2030":0.3841681574,"12-2030":0.3763111888},"percentile_25":{"02-2020":0.0341881265,"04-2020":0.0318953681,"06-2020":0.0252373418,"08-2020":0.0230348947,"10-2020":0.0203668512,"12-2020":0.0191570881,"02-2021":0.0155491207,"04-2021":0.011628427,"06-2021":0.0077444554,"08-2021":0.0042239912,"10-2021":0.0039293184,"12-2021":0.0026785714,"02-2022":0.0,"04-2022":0.0,"06-2022":0.0,"08-2022":0.0,"10-2022":0.0,"12-2022":0.0,"02-2023":0.0,"04-2023":0.0,"06-2023":0.0,"08-2023":0.0,"10-2023":0.0,"12-2023":0.0,"02-2024":0.0,"04-2024":0.0,"06-2024":0.0,"08-2024":0.0,"10-2024":0.0,"12-2024":0.0,"02-2025":0.0,"04-2025":0.0,"06-2025":0.0,"08-2025":0.0,"10-2025":0.0,"12-2025":0.0,"02-2026":0.0,"04-2026":0.0,"06-2026":0.0,"08-2026":0.0,"10-2026":0.0,"12-2026":0.0,"02-2027":0.0,"04-2027":0.0,"06-2027":0.0,"08-2027":0.0,"10-2027":0.0,"12-2027":0.0,"02-2028":0.0,"04-2028":0.0,"06-2028":0.0,"08-2028":0.0,"10-2028":0.0,"12-2028":0.0,"02-2029":0.0,"04-2029":0.0,"06-2029":0.0,"08-2029":0.0,"10-2029":0.0,"12-2029":0.0,"02-2030":0.0,"04-2030":0.0,"06-2030":0.0,"08-2030":0.0,"10-2030":0.0,"12-2030":0.0},"percentile_75":{"02-2020":0.0887761834,"04-2020":0.0876724522,"06-2020":0.0895450808,"08-2020":0.0907149228,"10-2020":0.0942024793,"12-2020":0.0994047619,"02-2021":0.0981912049,"04-2021":0.0966874872,"06-2021":0.1044068003,"08-2021":0.1108156935,"10-2021":0.1306446198,"12-2021":0.1632356207,"02-2022":0.2054639805,"04-2022":0.2530480296,"06-2022":0.3183645229,"08-2022":0.3993067443,"10-2022":0.4926731218,"12-2022":0.575594793,"02-2023":0.6757622507,"04-2023":0.6940053182,"06-2023":0.6981254206,"08-2023":0.7082899557,"10-2023":0.6913060897,"12-2023":0.6866366776,"02-2024":0.6854959472,"04-2024":0.6824784516,"06-2024":0.6628389654,"08-2024":0.6483855799,"10-2024":0.6514545303,"12-2024":0.6349366932,"02-2025":0.6322704082,"04-2025":0.6176721542,"06-2025":0.5998332238,"08-2025":0.5935155688,"10-2025":0.5860358588,"12-2025":0.5814901979,"02-2026":0.5740085639,"04-2026":0.5787401575,"06-2026":0.5642581082,"08-2026":0.5611607143,"10-2026":0.5449717721,"12-2026":0.5410882416,"02-2027":0.5389036251,"04-2027":0.525963305,"06-2027":0.5186546439,"08-2027":0.5073653962,"10-2027":0.4985294118,"12-2027":0.4903407858,"02-2028":0.4944029851,"04-2028":0.4793303682,"06-2028":0.4763490492,"08-2028":0.4641196827,"10-2028":0.4610074005,"12-2028":0.4589008363,"02-2029":0.4498172883,"04-2029":0.4431387078,"06-2029":0.434508553,"08-2029":0.4295366795,"10-2029":0.4335271318,"12-2029":0.4421768707,"02-2030":0.4443190035,"04-2030":0.459083142,"06-2030":0.45516412,"08-2030":0.446942446,"10-2030":0.4455967169,"12-2030":0.4388353827}}