{"median":{"02-2020":0.0579277286,"04-2020":0.0541926448,"06-2020":0.0537711272,"08-2020":0.0500066577,"10-2020":0.046593656,"12-2020":0.0444542012,"02-2021":0.0369008715,"04-2021":0.033212141,"06-2021":0.0311326469,"08-2021":0.0230333933,"10-2021":0.0196464413,"12-2021":0.015717153,"02-2022":0.0116508808,"04-2022":0.0114075038,"06-2022":0.0091564775,"08-2022":0.007299659,"10-2022":0.0018656716,"12-2022":0.0018656716,"02-2023":0.0,"04-2023":0.0,"06-2023":0.0,"08-2023":0.0,"10-2023":0.0,"12-2023":0.0,"02-2024":0.0,"04-2024":0.0,"06-2024":0.0,"08-2024":0.0,"10-2024":0.0,"12-2024":0.0,"02-2025":0.0,"04-2025":0.0,"06-2025":0.0,"08-2025":0.0,"10-2025":0.0,"12-2025":0.0,"02-2026":0.0,"04-2026":0.0,"06-2026":0.0,"08-2026":0.0,"10-2026":0.0,"12-2026":0.0,"02-2027":0.0,"04-2027":0.0,"06-2027":0.0,"08-2027":0.0,"10-2027":0.0,"12-2027":0.0,"02-2028":0.0,"04-2028":0.0,"06-2028":0.0,"08-2028":0.0,"10-2028":0.0,"12-2028":0.0,"02-2029":0.0,"04-2029":0.0,"06-2029":0.0,"08-2029":0.0,"10-2029":0.0,"12-2029":0.0,"02-2030":0.0,"04-2030":0.0,"06-2030":0.0,"08-2030":0.0,"10-2030":0.0,"12-2030":0.0},"percentile_25":{"02-2020":0.0341881265,"04-2020":0.0318953681,"06-2020":0.0252373418,"08-2020":0.0230348947,"10-2020":0.0203668512,"12-2020":0.0191570881,"02-2021":0.0159204452,"04-2021":0.0113005051,"06-2021":0.0078354779,"08-2021":0.0041626655,"10-2021":0.0037737449,"12-2021":0.0,"02-2022":0.0,"04-2022":0.0,"06-2022":0.0,"08-2022":0.0,"10-2022":0.0,"12-2022":0.0,"02-2023":0.0,"04-2023":0.0,"06-2023":0.0,"08-2023":0.0,"10-2023":0.0,"12-2023":0.0,"02-2024":0.0,"04-2024":0.0,"06-2024":0.0,"08-2024":0.0,"10-2024":0.0,"12-2024":0.0,"02-2025":0.0,"04-2025":0.0,"06-2025":0.0,"08-2025":0.0,"10-2025":0.0,"12-2025":0.0,"02-2026":0.0,"04-2026":0.0,"06-2026":0.0,"08-2026":0.0,"10-2026":0.0,"12-2026":0.0,"02-2027":0.0,"04-2027":0.0,"06-2027":0.0,"08-2027":0.0,"10-2027":0.0,"12-2027":0.0,"02-2028":0.0,"04-2028":0.0,"06-2028":0.0,"08-2028":0.0,"10-2028":0.0,"12-2028":0.0,"02-2029":0.0,"04-2029":0.0,"06-2029":0.0,"08-2029":0.0,"10-2029":0.0,"12-2029":0.0,"02-2030":0.0,"04-2030":0.0,"06-2030":0.0,"08-2030":0.0,"10-2030":0.0,"12-2030":0.0},"percentile_75":{"02-2020":0.0887761834,"04-2020":0.0876724522,"06-2020":0.0895450808,"08-2020":0.0907149228,"10-2020":0.0942024793,"12-2020":0.0994047619,"02-2021":0.0884318363,"04-2021":0.0837272727,"06-2021":0.075100567,"08-2021":0.0638789747,"10-2021":0.0556318681,"12-2021":0.0567377637,"02-2022":0.0598867596,"04-2022":0.0669039146,"06-2022":0.0689968652,"08-2022":0.0697755961,"10-2022":0.0764450434,"12-2022":0.1011278833,"02-2023":0.1252385496,"04-2023":0.1590956558,"06-2023":0.2035974213,"08-2023":0.2431106046,"10-2023":0.2856581212,"12-2023":0.3947196484,"02-2024":0.5155275468,"04-2024":0.6074786325,"06-2024":0.6340822714,"08-2024":0.6357620526,"10-2024":0.6498855835,"12-2024":0.6386704259,"02-2025":0.6437476511,"04-2025":0.6388788114,"06-2025":0.6400193798,"08-2025":0.6217897485,"10-2025":0.6140506646,"12-2025":0.6003759398,"02-2026":0.5819952403,"04-2026":0.5702468487,"06-2026":0.5761624396,"08-2026":0.5672303998,"10-2026":0.5669083398,"12-2026":0.5577414394,"02-2027":0.5457705604,"04-2027":0.5364786065,"06-2027":0.5213080872,"08-2027":0.5157915172,"10-2027":0.5144202254,"12-2027":0.5040149692,"02-2028":0.4935860135,"04-2028":0.4764008077,"06-2028":0.4640512314,"08-2028":0.4621129215,"10-2028":0.4511982571,"12-2028":0.4575831703,"02-2029":0.4576305609,"04-2029":0.4488614517,"06-2029":0.4315058829,"08-2029":0.4276975219,"10-2029":0.4290556901,"12-2029":0.4274275547,"02-2030":0.4224053922,"04-2030":0.4426814988,"06-2030":0.446715385,"08-2030":0.4343556525,"10-2030":0.4278954838,"12-2030":0.4165003518}}