{"median":{"02-2020":0.0579277286,"04-2020":0.0541926448,"06-2020":0.0537711272,"08-2020":0.0500066577,"10-2020":0.046593656,"12-2020":0.0444542012,"02-2021":0.0369008715,"04-2021":0.033212141,"06-2021":0.0302782324,"08-2021":0.0250186206,"10-2021":0.0199639772,"12-2021":0.0178029345,"02-2022":0.0166407196,"04-2022":0.0170215848,"06-2022":0.0169494569,"08-2022":0.0160092213,"10-2022":0.0174591099,"12-2022":0.0278261711,"02-2023":0.0278308064,"04-2023":0.0280821436,"06-2023":0.0308423711,"08-2023":0.030204163,"10-2023":0.03650413,"12-2023":0.0489861731,"02-2024":0.0570125042,"04-2024":0.0649546386,"06-2024":0.0786836443,"08-2024":0.0913309159,"10-2024":0.1153480637,"12-2024":0.1444692898,"02-2025":0.161407132,"04-2025":0.1992072813,"06-2025":0.2128677939,"08-2025":0.2359713063,"10-2025":0.2663724685,"12-2025":0.3170644867,"02-2026":0.3460917313,"04-2026":0.382998463,"06-2026":0.4348435253,"08-2026":0.4632985341,"10-2026":0.4627430009,"12-2026":0.4600943724,"02-2027":0.4345385257,"04-2027":0.4356776087,"06-2027":0.4270916057,"08-2027":0.4255856868,"10-2027":0.4101282051,"12-2027":0.4068928334,"02-2028":0.3868600072,"04-2028":0.3943036321,"06-2028":0.3817002138,"08-2028":0.3787280702,"10-2028":0.3584345479,"12-2028":0.3707423177,"02-2029":0.3510468594,"04-2029":0.3519494613,"06-2029":0.3495045256,"08-2029":0.3485915493,"10-2029":0.3355629877,"12-2029":0.351382249,"02-2030":0.3540009042,"04-2030":0.3728878842,"06-2030":0.3745629371,"08-2030":0.3679742661,"10-2030":0.3657217269,"12-2030":0.3487954653},"percentile_25":{"02-2020":0.0341881265,"04-2020":0.0318953681,"06-2020":0.0252373418,"08-2020":0.0230348947,"10-2020":0.0203668512,"12-2020":0.0191570881,"02-2021":0.0159204452,"04-2021":0.0113005051,"06-2021":0.0075686106,"08-2021":0.0041324414,"10-2021":0.0037737449,"12-2021":0.0,"02-2022":0.0,"04-2022":0.0,"06-2022":0.0,"08-2022":0.0,"10-2022":0.0,"12-2022":0.0,"02-2023":0.0,"04-2023":0.0,"06-2023":0.0,"08-2023":0.0,"10-2023":0.0,"12-2023":0.0,"02-2024":0.0,"04-2024":0.0,"06-2024":0.0,"08-2024":0.0,"10-2024":0.0,"12-2024":0.0,"02-2025":0.0,"04-2025":0.0,"06-2025":0.0,"08-2025":0.0,"10-2025":0.0,"12-2025":0.0,"02-2026":0.0,"04-2026":0.0,"06-2026":0.0,"08-2026":0.0,"10-2026":0.0,"12-2026":0.0,"02-2027":0.0,"04-2027":0.0,"06-2027":0.0,"08-2027":0.0,"10-2027":0.0,"12-2027":0.0,"02-2028":0.0,"04-2028":0.0,"06-2028":0.0,"08-2028":0.0,"10-2028":0.0,"12-2028":0.0,"02-2029":0.0,"04-2029":0.0,"06-2029":0.0,"08-2029":0.0,"10-2029":0.0,"12-2029":0.0,"02-2030":0.0,"04-2030":0.0,"06-2030":0.0,"08-2030":0.0,"10-2030":0.0,"12-2030":0.0},"percentile_75":{"02-2020":0.0887761834,"04-2020":0.0876724522,"06-2020":0.0895450808,"08-2020":0.0907149228,"10-2020":0.0942024793,"12-2020":0.0994047619,"02-2021":0.0884318363,"04-2021":0.0837272727,"06-2021":0.0760559597,"08-2021":0.069929422,"10-2021":0.0688344099,"12-2021":0.077224001,"02-2022":0.0845146871,"04-2022":0.0897683398,"06-2022":0.1166934866,"08-2022":0.1454094293,"10-2022":0.1672535211,"12-2022":0.2236660678,"02-2023":0.2818602261,"04-2023":0.3377719107,"06-2023":0.4280672995,"08-2023":0.5142674751,"10-2023":0.5914883362,"12-2023":0.645465421,"02-2024":0.6781446541,"04-2024":0.6681184669,"06-2024":0.6542410714,"08-2024":0.6474445167,"10-2024":0.6453097819,"12-2024":0.6475744913,"02-2025":0.6365253963,"04-2025":0.6209228952,"06-2025":0.610661514,"08-2025":0.6141418635,"10-2025":0.6045352857,"12-2025":0.5978354241,"02-2026":0.59628957,"04-2026":0.5889760337,"06-2026":0.5816509072,"08-2026":0.5594859382,"10-2026":0.5558608059,"12-2026":0.5631375653,"02-2027":0.5488647281,"04-2027":0.5438402007,"06-2027":0.5324303949,"08-2027":0.511404962,"10-2027":0.5118286445,"12-2027":0.5131425768,"02-2028":0.4946250711,"04-2028":0.496302212,"06-2028":0.4946898211,"08-2028":0.4764063013,"10-2028":0.4742686214,"12-2028":0.461745244,"02-2029":0.4582702745,"04-2029":0.4441607128,"06-2029":0.4393408427,"08-2029":0.4364202244,"10-2029":0.4390897213,"12-2029":0.4423060529,"02-2030":0.4401441533,"04-2030":0.4505605702,"06-2030":0.4453484028,"08-2030":0.4417435863,"10-2030":0.4367057762,"12-2030":0.4267097309}}