{"median":{"02-2020":0.0579277286,"04-2020":0.0541926448,"06-2020":0.0537711272,"08-2020":0.0500066577,"10-2020":0.046593656,"12-2020":0.0444542012,"02-2021":0.0369008715,"04-2021":0.033212141,"06-2021":0.0311326469,"08-2021":0.0230333933,"10-2021":0.0196464413,"12-2021":0.015717153,"02-2022":0.0120048019,"04-2022":0.0108901515,"06-2022":0.007226244,"08-2022":0.0038314176,"10-2022":0.0,"12-2022":0.0,"02-2023":0.0,"04-2023":0.0,"06-2023":0.0,"08-2023":0.0,"10-2023":0.0,"12-2023":0.0,"02-2024":0.0,"04-2024":0.0,"06-2024":0.0,"08-2024":0.0,"10-2024":0.0,"12-2024":0.0,"02-2025":0.0,"04-2025":0.0,"06-2025":0.0,"08-2025":0.0,"10-2025":0.0,"12-2025":0.0,"02-2026":0.0,"04-2026":0.0,"06-2026":0.0,"08-2026":0.0,"10-2026":0.0,"12-2026":0.0,"02-2027":0.0,"04-2027":0.0,"06-2027":0.0,"08-2027":0.0,"10-2027":0.0,"12-2027":0.0,"02-2028":0.0,"04-2028":0.0,"06-2028":0.0,"08-2028":0.0,"10-2028":0.0,"12-2028":0.0,"02-2029":0.0,"04-2029":0.0,"06-2029":0.0,"08-2029":0.0,"10-2029":0.0,"12-2029":0.0,"02-2030":0.0,"04-2030":0.0,"06-2030":0.0,"08-2030":0.0,"10-2030":0.0,"12-2030":0.0},"percentile_25":{"02-2020":0.0341881265,"04-2020":0.0318953681,"06-2020":0.0252373418,"08-2020":0.0230348947,"10-2020":0.0203668512,"12-2020":0.0191570881,"02-2021":0.0159204452,"04-2021":0.0113005051,"06-2021":0.0078354779,"08-2021":0.0041626655,"10-2021":0.0037737449,"12-2021":0.0,"02-2022":0.0,"04-2022":0.0,"06-2022":0.0,"08-2022":0.0,"10-2022":0.0,"12-2022":0.0,"02-2023":0.0,"04-2023":0.0,"06-2023":0.0,"08-2023":0.0,"10-2023":0.0,"12-2023":0.0,"02-2024":0.0,"04-2024":0.0,"06-2024":0.0,"08-2024":0.0,"10-2024":0.0,"12-2024":0.0,"02-2025":0.0,"04-2025":0.0,"06-2025":0.0,"08-2025":0.0,"10-2025":0.0,"12-2025":0.0,"02-2026":0.0,"04-2026":0.0,"06-2026":0.0,"08-2026":0.0,"10-2026":0.0,"12-2026":0.0,"02-2027":0.0,"04-2027":0.0,"06-2027":0.0,"08-2027":0.0,"10-2027":0.0,"12-2027":0.0,"02-2028":0.0,"04-2028":0.0,"06-2028":0.0,"08-2028":0.0,"10-2028":0.0,"12-2028":0.0,"02-2029":0.0,"04-2029":0.0,"06-2029":0.0,"08-2029":0.0,"10-2029":0.0,"12-2029":0.0,"02-2030":0.0,"04-2030":0.0,"06-2030":0.0,"08-2030":0.0,"10-2030":0.0,"12-2030":0.0},"percentile_75":{"02-2020":0.0887761834,"04-2020":0.0876724522,"06-2020":0.0895450808,"08-2020":0.0907149228,"10-2020":0.0942024793,"12-2020":0.0994047619,"02-2021":0.0884318363,"04-2021":0.0837272727,"06-2021":0.075100567,"08-2021":0.0638789747,"10-2021":0.0556318681,"12-2021":0.0567377637,"02-2022":0.0548677149,"04-2022":0.053565492,"06-2022":0.0504081312,"08-2022":0.0450771527,"10-2022":0.0421725757,"12-2022":0.0400806452,"02-2023":0.0343417113,"04-2023":0.0321818182,"06-2023":0.0321236489,"08-2023":0.0256904347,"10-2023":0.0190127077,"12-2023":0.0190126176,"02-2024":0.0144291588,"04-2024":0.012620374,"06-2024":0.008,"08-2024":0.0046483934,"10-2024":0.0045559141,"12-2024":0.003721174,"02-2025":0.0008417508,"04-2025":0.0,"06-2025":0.0,"08-2025":0.0,"10-2025":0.0,"12-2025":0.0,"02-2026":0.0,"04-2026":0.0,"06-2026":0.0,"08-2026":0.0,"10-2026":0.0,"12-2026":0.0,"02-2027":0.0,"04-2027":0.0,"06-2027":0.0,"08-2027":0.0,"10-2027":0.0,"12-2027":0.0,"02-2028":0.0,"04-2028":0.0,"06-2028":0.0,"08-2028":0.0,"10-2028":0.0,"12-2028":0.0,"02-2029":0.0,"04-2029":0.0,"06-2029":0.0,"08-2029":0.0,"10-2029":0.0,"12-2029":0.0,"02-2030":0.0,"04-2030":0.0,"06-2030":0.0,"08-2030":0.0,"10-2030":0.0,"12-2030":0.0}}