{"median":{"02-2020":0.0632836016,"04-2020":0.0675757095,"06-2020":0.0769330611,"08-2020":0.0796863343,"10-2020":0.0823693482,"12-2020":0.0879723273,"02-2021":0.0890614673,"04-2021":0.0878261842,"06-2021":0.0830957383,"08-2021":0.0733095733,"10-2021":0.0659863946,"12-2021":0.0588528139,"02-2022":0.0503623188,"04-2022":0.0416666667,"06-2022":0.035929432,"08-2022":0.032,"10-2022":0.027079405,"12-2022":0.0198415823,"02-2023":0.0174967896,"04-2023":0.0157502287,"06-2023":0.0107594611,"08-2023":0.0056344092,"10-2023":0.0037453184,"12-2023":0.0,"02-2024":0.0,"04-2024":0.0,"06-2024":0.0,"08-2024":0.0,"10-2024":0.0,"12-2024":0.0,"02-2025":0.0,"04-2025":0.0,"06-2025":0.0,"08-2025":0.0,"10-2025":0.0,"12-2025":0.0,"02-2026":0.0,"04-2026":0.0,"06-2026":0.0,"08-2026":0.0,"10-2026":0.0,"12-2026":0.0,"02-2027":0.0,"04-2027":0.0,"06-2027":0.0,"08-2027":0.0,"10-2027":0.0,"12-2027":0.0,"02-2028":0.0,"04-2028":0.0,"06-2028":0.0,"08-2028":0.0,"10-2028":0.0,"12-2028":0.0,"02-2029":0.0,"04-2029":0.0,"06-2029":0.0,"08-2029":0.0,"10-2029":0.0,"12-2029":0.0,"02-2030":0.0,"04-2030":0.0,"06-2030":0.0,"08-2030":0.0,"10-2030":0.0,"12-2030":0.0},"percentile_25":{"02-2020":0.0376642036,"04-2020":0.0366973619,"06-2020":0.0343847962,"08-2020":0.0357674798,"10-2020":0.0383241887,"12-2020":0.0366828412,"02-2021":0.034750577,"04-2021":0.0310077519,"06-2021":0.0299007634,"08-2021":0.0241474772,"10-2021":0.0217521244,"12-2021":0.0197950894,"02-2022":0.0160183428,"04-2022":0.0122713075,"06-2022":0.0109493395,"08-2022":0.0041767027,"10-2022":0.0036596615,"12-2022":0.0,"02-2023":0.0,"04-2023":0.0,"06-2023":0.0,"08-2023":0.0,"10-2023":0.0,"12-2023":0.0,"02-2024":0.0,"04-2024":0.0,"06-2024":0.0,"08-2024":0.0,"10-2024":0.0,"12-2024":0.0,"02-2025":0.0,"04-2025":0.0,"06-2025":0.0,"08-2025":0.0,"10-2025":0.0,"12-2025":0.0,"02-2026":0.0,"04-2026":0.0,"06-2026":0.0,"08-2026":0.0,"10-2026":0.0,"12-2026":0.0,"02-2027":0.0,"04-2027":0.0,"06-2027":0.0,"08-2027":0.0,"10-2027":0.0,"12-2027":0.0,"02-2028":0.0,"04-2028":0.0,"06-2028":0.0,"08-2028":0.0,"10-2028":0.0,"12-2028":0.0,"02-2029":0.0,"04-2029":0.0,"06-2029":0.0,"08-2029":0.0,"10-2029":0.0,"12-2029":0.0,"02-2030":0.0,"04-2030":0.0,"06-2030":0.0,"08-2030":0.0,"10-2030":0.0,"12-2030":0.0},"percentile_75":{"02-2020":0.0991758242,"04-2020":0.1110003418,"06-2020":0.134958182,"08-2020":0.1532835889,"10-2020":0.1687432041,"12-2020":0.1831114894,"02-2021":0.1853180603,"04-2021":0.1821862348,"06-2021":0.176019012,"08-2021":0.1654464695,"10-2021":0.1578947368,"12-2021":0.1450263821,"02-2022":0.1329427083,"04-2022":0.1087446867,"06-2022":0.0994500139,"08-2022":0.0968954558,"10-2022":0.0872462384,"12-2022":0.0746323529,"02-2023":0.0670212766,"04-2023":0.0611638061,"06-2023":0.0549743387,"08-2023":0.0499690687,"10-2023":0.0477682445,"12-2023":0.0408802334,"02-2024":0.034464979,"04-2024":0.0339015885,"06-2024":0.0290384005,"08-2024":0.0241521069,"10-2024":0.021437503,"12-2024":0.0240801718,"02-2025":0.0209949486,"04-2025":0.0163027814,"06-2025":0.0129250152,"08-2025":0.0079613741,"10-2025":0.0079340638,"12-2025":0.0079931973,"02-2026":0.0050988596,"04-2026":0.0048684647,"06-2026":0.0008896797,"08-2026":0.0,"10-2026":0.0,"12-2026":0.0,"02-2027":0.0,"04-2027":0.0,"06-2027":0.0,"08-2027":0.0,"10-2027":0.0,"12-2027":0.0,"02-2028":0.0,"04-2028":0.0,"06-2028":0.0,"08-2028":0.0,"10-2028":0.0,"12-2028":0.0,"02-2029":0.0,"04-2029":0.0,"06-2029":0.0,"08-2029":0.0,"10-2029":0.0,"12-2029":0.0,"02-2030":0.0,"04-2030":0.0,"06-2030":0.0,"08-2030":0.0,"10-2030":0.0,"12-2030":0.0}}