{"median":{"02-2020":0.0579277286,"04-2020":0.0541926448,"06-2020":0.0537711272,"08-2020":0.0500066577,"10-2020":0.046593656,"12-2020":0.0444542012,"02-2021":0.0369008715,"04-2021":0.033212141,"06-2021":0.0311326469,"08-2021":0.0230333933,"10-2021":0.0196464413,"12-2021":0.015717153,"02-2022":0.0120048019,"04-2022":0.0108901515,"06-2022":0.007226244,"08-2022":0.0038314176,"10-2022":0.0,"12-2022":0.0,"02-2023":0.0,"04-2023":0.0,"06-2023":0.0,"08-2023":0.0,"10-2023":0.0,"12-2023":0.0,"02-2024":0.0,"04-2024":0.0,"06-2024":0.0,"08-2024":0.0,"10-2024":0.0,"12-2024":0.0,"02-2025":0.0,"04-2025":0.0,"06-2025":0.0,"08-2025":0.0,"10-2025":0.0,"12-2025":0.0,"02-2026":0.0,"04-2026":0.0,"06-2026":0.0,"08-2026":0.0,"10-2026":0.0,"12-2026":0.0,"02-2027":0.0,"04-2027":0.0,"06-2027":0.0,"08-2027":0.0,"10-2027":0.0,"12-2027":0.0,"02-2028":0.0,"04-2028":0.0,"06-2028":0.0,"08-2028":0.0,"10-2028":0.0,"12-2028":0.0,"02-2029":0.0,"04-2029":0.0,"06-2029":0.0,"08-2029":0.0,"10-2029":0.0,"12-2029":0.0,"02-2030":0.0,"04-2030":0.0,"06-2030":0.0,"08-2030":0.0,"10-2030":0.0,"12-2030":0.0},"percentile_25":{"02-2020":0.0341881265,"04-2020":0.0318953681,"06-2020":0.0252373418,"08-2020":0.0230348947,"10-2020":0.0203668512,"12-2020":0.0191570881,"02-2021":0.0159204452,"04-2021":0.0113005051,"06-2021":0.0078354779,"08-2021":0.0041626655,"10-2021":0.0037737449,"12-2021":0.0,"02-2022":0.0,"04-2022":0.0,"06-2022":0.0,"08-2022":0.0,"10-2022":0.0,"12-2022":0.0,"02-2023":0.0,"04-2023":0.0,"06-2023":0.0,"08-2023":0.0,"10-2023":0.0,"12-2023":0.0,"02-2024":0.0,"04-2024":0.0,"06-2024":0.0,"08-2024":0.0,"10-2024":0.0,"12-2024":0.0,"02-2025":0.0,"04-2025":0.0,"06-2025":0.0,"08-2025":0.0,"10-2025":0.0,"12-2025":0.0,"02-2026":0.0,"04-2026":0.0,"06-2026":0.0,"08-2026":0.0,"10-2026":0.0,"12-2026":0.0,"02-2027":0.0,"04-2027":0.0,"06-2027":0.0,"08-2027":0.0,"10-2027":0.0,"12-2027":0.0,"02-2028":0.0,"04-2028":0.0,"06-2028":0.0,"08-2028":0.0,"10-2028":0.0,"12-2028":0.0,"02-2029":0.0,"04-2029":0.0,"06-2029":0.0,"08-2029":0.0,"10-2029":0.0,"12-2029":0.0,"02-2030":0.0,"04-2030":0.0,"06-2030":0.0,"08-2030":0.0,"10-2030":0.0,"12-2030":0.0},"percentile_75":{"02-2020":0.0887761834,"04-2020":0.0876724522,"06-2020":0.0895450808,"08-2020":0.0907149228,"10-2020":0.0942024793,"12-2020":0.0994047619,"02-2021":0.0884318363,"04-2021":0.0837272727,"06-2021":0.075100567,"08-2021":0.0638789747,"10-2021":0.0556318681,"12-2021":0.0567377637,"02-2022":0.0548677149,"04-2022":0.053565492,"06-2022":0.0504081312,"08-2022":0.0450771527,"10-2022":0.0421725757,"12-2022":0.0400806452,"02-2023":0.0343417113,"04-2023":0.0321818182,"06-2023":0.0306862305,"08-2023":0.0270522388,"10-2023":0.0226608279,"12-2023":0.0218581419,"02-2024":0.0196214393,"04-2024":0.023558263,"06-2024":0.0229186039,"08-2024":0.0228816723,"10-2024":0.0234810479,"12-2024":0.0226095743,"02-2025":0.0247017338,"04-2025":0.0311781242,"06-2025":0.0431675118,"08-2025":0.0577768684,"10-2025":0.0739379141,"12-2025":0.0936093427,"02-2026":0.1246385194,"04-2026":0.183835639,"06-2026":0.2700566819,"08-2026":0.3595830043,"10-2026":0.4164148352,"12-2026":0.4862594679,"02-2027":0.4927806619,"04-2027":0.5028129346,"06-2027":0.5310942883,"08-2027":0.5205812706,"10-2027":0.5222134387,"12-2027":0.5135177628,"02-2028":0.4949295908,"04-2028":0.4870980968,"06-2028":0.4778985507,"08-2028":0.4831848643,"10-2028":0.4664940956,"12-2028":0.4553693182,"02-2029":0.4493421053,"04-2029":0.4234174273,"06-2029":0.4389859785,"08-2029":0.4108661806,"10-2029":0.4210976929,"12-2029":0.4062969925,"02-2030":0.3992758467,"04-2030":0.395679329,"06-2030":0.4125846545,"08-2030":0.3975,"10-2030":0.4024845942,"12-2030":0.3734808102}}