{"median":{"02-2020":0.0579277286,"04-2020":0.0541926448,"06-2020":0.0537711272,"08-2020":0.0500066577,"10-2020":0.046593656,"12-2020":0.0444542012,"02-2021":0.0369008715,"04-2021":0.033212141,"06-2021":0.0311326469,"08-2021":0.0230333933,"10-2021":0.0196464413,"12-2021":0.015717153,"02-2022":0.0120048019,"04-2022":0.0108901515,"06-2022":0.007226244,"08-2022":0.0038314176,"10-2022":0.0,"12-2022":0.0,"02-2023":0.0,"04-2023":0.0,"06-2023":0.0,"08-2023":0.0,"10-2023":0.0,"12-2023":0.0,"02-2024":0.0,"04-2024":0.0,"06-2024":0.0,"08-2024":0.0,"10-2024":0.0,"12-2024":0.0,"02-2025":0.0,"04-2025":0.0,"06-2025":0.0,"08-2025":0.0,"10-2025":0.0,"12-2025":0.0,"02-2026":0.0,"04-2026":0.0,"06-2026":0.0,"08-2026":0.0,"10-2026":0.0,"12-2026":0.0,"02-2027":0.0,"04-2027":0.0,"06-2027":0.0,"08-2027":0.0,"10-2027":0.0,"12-2027":0.0,"02-2028":0.0,"04-2028":0.0,"06-2028":0.0,"08-2028":0.0,"10-2028":0.0,"12-2028":0.0,"02-2029":0.0,"04-2029":0.0,"06-2029":0.0,"08-2029":0.0,"10-2029":0.0,"12-2029":0.0,"02-2030":0.0,"04-2030":0.0,"06-2030":0.0,"08-2030":0.0,"10-2030":0.0,"12-2030":0.0},"percentile_25":{"02-2020":0.0341881265,"04-2020":0.0318953681,"06-2020":0.0252373418,"08-2020":0.0230348947,"10-2020":0.0203668512,"12-2020":0.0191570881,"02-2021":0.0159204452,"04-2021":0.0113005051,"06-2021":0.0078354779,"08-2021":0.0041626655,"10-2021":0.0037737449,"12-2021":0.0,"02-2022":0.0,"04-2022":0.0,"06-2022":0.0,"08-2022":0.0,"10-2022":0.0,"12-2022":0.0,"02-2023":0.0,"04-2023":0.0,"06-2023":0.0,"08-2023":0.0,"10-2023":0.0,"12-2023":0.0,"02-2024":0.0,"04-2024":0.0,"06-2024":0.0,"08-2024":0.0,"10-2024":0.0,"12-2024":0.0,"02-2025":0.0,"04-2025":0.0,"06-2025":0.0,"08-2025":0.0,"10-2025":0.0,"12-2025":0.0,"02-2026":0.0,"04-2026":0.0,"06-2026":0.0,"08-2026":0.0,"10-2026":0.0,"12-2026":0.0,"02-2027":0.0,"04-2027":0.0,"06-2027":0.0,"08-2027":0.0,"10-2027":0.0,"12-2027":0.0,"02-2028":0.0,"04-2028":0.0,"06-2028":0.0,"08-2028":0.0,"10-2028":0.0,"12-2028":0.0,"02-2029":0.0,"04-2029":0.0,"06-2029":0.0,"08-2029":0.0,"10-2029":0.0,"12-2029":0.0,"02-2030":0.0,"04-2030":0.0,"06-2030":0.0,"08-2030":0.0,"10-2030":0.0,"12-2030":0.0},"percentile_75":{"02-2020":0.0887761834,"04-2020":0.0876724522,"06-2020":0.0895450808,"08-2020":0.0907149228,"10-2020":0.0942024793,"12-2020":0.0994047619,"02-2021":0.0884318363,"04-2021":0.0837272727,"06-2021":0.075100567,"08-2021":0.0638789747,"10-2021":0.0556318681,"12-2021":0.0567377637,"02-2022":0.0548677149,"04-2022":0.053565492,"06-2022":0.0504081312,"08-2022":0.0450771527,"10-2022":0.0421725757,"12-2022":0.0400806452,"02-2023":0.0360761037,"04-2023":0.0397619048,"06-2023":0.0384684739,"08-2023":0.038849915,"10-2023":0.0415045481,"12-2023":0.040619294,"02-2024":0.051028027,"04-2024":0.0607499281,"06-2024":0.0869150041,"08-2024":0.1137162728,"10-2024":0.1440461717,"12-2024":0.1781598969,"02-2025":0.1983166079,"04-2025":0.2167309437,"06-2025":0.2768561301,"08-2025":0.3402218129,"10-2025":0.4136821705,"12-2025":0.4785654362,"02-2026":0.5698834292,"04-2026":0.5942232889,"06-2026":0.5994889682,"08-2026":0.5870910698,"10-2026":0.5806397373,"12-2026":0.5664601558,"02-2027":0.5462962963,"04-2027":0.5539000215,"06-2027":0.5403350154,"08-2027":0.5315310753,"10-2027":0.5278993147,"12-2027":0.514729207,"02-2028":0.5118298368,"04-2028":0.5103910414,"06-2028":0.4968241772,"08-2028":0.4770603385,"10-2028":0.4719535783,"12-2028":0.4673572925,"02-2029":0.4670394388,"04-2029":0.4589983022,"06-2029":0.4410946545,"08-2029":0.4318585891,"10-2029":0.4363518868,"12-2029":0.4379464286,"02-2030":0.4258323245,"04-2030":0.4228317607,"06-2030":0.4296588905,"08-2030":0.414946358,"10-2030":0.4068087664,"12-2030":0.4033928571}}