{"median":{"02-2020":0.0607215153,"04-2020":0.065087375,"06-2020":0.0762178994,"08-2020":0.0861464851,"10-2020":0.0929738374,"12-2020":0.0964298014,"02-2021":0.0984492656,"04-2021":0.0998154982,"06-2021":0.0992707615,"08-2021":0.088819564,"10-2021":0.090422521,"12-2021":0.0879370629,"02-2022":0.0777472527,"04-2022":0.0732179982,"06-2022":0.066022856,"08-2022":0.0645774562,"10-2022":0.0569932408,"12-2022":0.0590204866,"02-2023":0.0545483397,"04-2023":0.0518518519,"06-2023":0.0516883193,"08-2023":0.0510240568,"10-2023":0.0494325164,"12-2023":0.0477831431,"02-2024":0.0465024852,"04-2024":0.0492431308,"06-2024":0.0468362364,"08-2024":0.0387887888,"10-2024":0.0372215156,"12-2024":0.0357568788,"02-2025":0.039379845,"04-2025":0.0339302846,"06-2025":0.0411285363,"08-2025":0.0447731477,"10-2025":0.0555265171,"12-2025":0.0655544321,"02-2026":0.0867337217,"04-2026":0.1122931442,"06-2026":0.1379724666,"08-2026":0.165480427,"10-2026":0.1982057416,"12-2026":0.250515602,"02-2027":0.3232266918,"04-2027":0.3824186321,"06-2027":0.4483476851,"08-2027":0.525079313,"10-2027":0.5796226017,"12-2027":0.5719244003,"02-2028":0.5585745589,"04-2028":0.5604220341,"06-2028":0.5355186215,"08-2028":0.530634928,"10-2028":0.517818154,"12-2028":0.5239326376,"02-2029":0.5182552954,"04-2029":0.5025253096,"06-2029":0.5009007941,"08-2029":0.4929247996,"10-2029":0.4804800463,"12-2029":0.462514657,"02-2030":0.4460715584,"04-2030":0.4460448428,"06-2030":0.4174376979,"08-2030":0.4208633094,"10-2030":0.4091774989,"12-2030":0.4022556391},"percentile_25":{"02-2020":0.0324679898,"04-2020":0.0334689148,"06-2020":0.0328467153,"08-2020":0.0364390244,"10-2020":0.0343366452,"12-2020":0.0343915344,"02-2021":0.0341559653,"04-2021":0.0361319967,"06-2021":0.0340923655,"08-2021":0.0315195436,"10-2021":0.0265907651,"12-2021":0.0230328831,"02-2022":0.0175285241,"04-2022":0.0168231147,"06-2022":0.0143249358,"08-2022":0.0119939271,"10-2022":0.009187823,"12-2022":0.0074698294,"02-2023":0.0063841547,"04-2023":0.003785972,"06-2023":0.0035726331,"08-2023":0.0,"10-2023":0.0,"12-2023":0.0,"02-2024":0.0,"04-2024":0.0,"06-2024":0.0,"08-2024":0.0,"10-2024":0.0,"12-2024":0.0,"02-2025":0.0,"04-2025":0.0,"06-2025":0.0,"08-2025":0.0,"10-2025":0.0,"12-2025":0.0,"02-2026":0.0,"04-2026":0.0,"06-2026":0.0,"08-2026":0.0,"10-2026":0.0,"12-2026":0.0,"02-2027":0.0,"04-2027":0.0,"06-2027":0.0,"08-2027":0.0,"10-2027":0.0,"12-2027":0.0,"02-2028":0.0,"04-2028":0.0,"06-2028":0.0,"08-2028":0.0,"10-2028":0.0,"12-2028":0.0,"02-2029":0.0,"04-2029":0.0,"06-2029":0.0,"08-2029":0.0,"10-2029":0.0,"12-2029":0.0,"02-2030":0.0,"04-2030":0.0,"06-2030":0.0,"08-2030":0.0,"10-2030":0.0,"12-2030":0.0},"percentile_75":{"02-2020":0.1069632353,"04-2020":0.1244814815,"06-2020":0.1481833545,"08-2020":0.1695409677,"10-2020":0.1898254282,"12-2020":0.1994252874,"02-2021":0.2058913309,"04-2021":0.2042884401,"06-2021":0.2082720588,"08-2021":0.2065734266,"10-2021":0.2063270699,"12-2021":0.2019273619,"02-2022":0.1937466257,"04-2022":0.1699730831,"06-2022":0.1680150148,"08-2022":0.1606797712,"10-2022":0.1565277902,"12-2022":0.1549273465,"02-2023":0.1591020129,"04-2023":0.1531019732,"06-2023":0.1555790698,"08-2023":0.1493490576,"10-2023":0.158886619,"12-2023":0.1572485048,"02-2024":0.1593683988,"04-2024":0.1471108534,"06-2024":0.1426274921,"08-2024":0.1218856543,"10-2024":0.1340300644,"12-2024":0.121953405,"02-2025":0.1419860627,"04-2025":0.1573501911,"06-2025":0.1913741455,"08-2025":0.239184232,"10-2025":0.2829374926,"12-2025":0.351171794,"02-2026":0.4450429367,"04-2026":0.5181325408,"06-2026":0.6030044832,"08-2026":0.6667305236,"10-2026":0.6787414966,"12-2026":0.6947067449,"02-2027":0.6980671482,"04-2027":0.708530668,"06-2027":0.7093892963,"08-2027":0.7066047472,"10-2027":0.6769513068,"12-2027":0.6740005052,"02-2028":0.665221951,"04-2028":0.6521374966,"06-2028":0.6352398597,"08-2028":0.6434171365,"10-2028":0.6307825335,"12-2028":0.6094397266,"02-2029":0.6008622612,"04-2029":0.583102706,"06-2029":0.5816551626,"08-2029":0.5643116412,"10-2029":0.5528070175,"12-2029":0.5362284295,"02-2030":0.5262202104,"04-2030":0.5272727273,"06-2030":0.5173752979,"08-2030":0.5090752261,"10-2030":0.48576546,"12-2030":0.4734797297}}