{"median":{"02-2020":0.0555555556,"04-2020":0.0566373456,"06-2020":0.0568643755,"08-2020":0.0570757132,"10-2020":0.0579483888,"12-2020":0.0619255061,"02-2021":0.0590727817,"04-2021":0.0578036828,"06-2021":0.0569793061,"08-2021":0.0568385452,"10-2021":0.0518397118,"12-2021":0.0506824538,"02-2022":0.0465605892,"04-2022":0.0392579931,"06-2022":0.0355170577,"08-2022":0.0326679842,"10-2022":0.0314700704,"12-2022":0.0276956962,"02-2023":0.0230978261,"04-2023":0.0207303974,"06-2023":0.0252481559,"08-2023":0.0260708539,"10-2023":0.0311103057,"12-2023":0.0303606406,"02-2024":0.0383715333,"04-2024":0.0437171524,"06-2024":0.0489287402,"08-2024":0.055998217,"10-2024":0.0656934307,"12-2024":0.0798262548,"02-2025":0.0966908394,"04-2025":0.1155258519,"06-2025":0.1376890833,"08-2025":0.1817452333,"10-2025":0.2185314685,"12-2025":0.2573560997,"02-2026":0.3114522464,"04-2026":0.3542051004,"06-2026":0.4339663592,"08-2026":0.4973623937,"10-2026":0.4964289052,"12-2026":0.5052083333,"02-2027":0.4880307531,"04-2027":0.5104063918,"06-2027":0.513604501,"08-2027":0.5075017088,"10-2027":0.4923228945,"12-2027":0.4789471092,"02-2028":0.4750179211,"04-2028":0.4640820206,"06-2028":0.4514988814,"08-2028":0.4433106576,"10-2028":0.4304731619,"12-2028":0.4155257937,"02-2029":0.4112368584,"04-2029":0.3927792066,"06-2029":0.3850120138,"08-2029":0.3808608059,"10-2029":0.3741171287,"12-2029":0.3489824782,"02-2030":0.3532657468,"04-2030":0.3479748931,"06-2030":0.3432530919,"08-2030":0.3380277369,"10-2030":0.3363711682,"12-2030":0.3321361327},"percentile_25":{"02-2020":0.0297681335,"04-2020":0.0289828305,"06-2020":0.0292576591,"08-2020":0.028803507,"10-2020":0.027097561,"12-2020":0.0217997018,"02-2021":0.0186236984,"04-2021":0.0151957,"06-2021":0.0115389697,"08-2021":0.0078819788,"10-2021":0.0040264755,"12-2021":0.0035938991,"02-2022":0.0,"04-2022":0.0,"06-2022":0.0,"08-2022":0.0,"10-2022":0.0,"12-2022":0.0,"02-2023":0.0,"04-2023":0.0,"06-2023":0.0,"08-2023":0.0,"10-2023":0.0,"12-2023":0.0,"02-2024":0.0,"04-2024":0.0,"06-2024":0.0,"08-2024":0.0,"10-2024":0.0,"12-2024":0.0,"02-2025":0.0,"04-2025":0.0,"06-2025":0.0,"08-2025":0.0,"10-2025":0.0,"12-2025":0.0,"02-2026":0.0,"04-2026":0.0,"06-2026":0.0,"08-2026":0.0,"10-2026":0.0,"12-2026":0.0,"02-2027":0.0,"04-2027":0.0,"06-2027":0.0,"08-2027":0.0,"10-2027":0.0,"12-2027":0.0,"02-2028":0.0,"04-2028":0.0,"06-2028":0.0,"08-2028":0.0,"10-2028":0.0,"12-2028":0.0,"02-2029":0.0,"04-2029":0.0,"06-2029":0.0,"08-2029":0.0,"10-2029":0.0,"12-2029":0.0,"02-2030":0.0,"04-2030":0.0,"06-2030":0.0,"08-2030":0.0,"10-2030":0.0,"12-2030":0.0},"percentile_75":{"02-2020":0.0955767635,"04-2020":0.0984959377,"06-2020":0.1038766308,"08-2020":0.1107044017,"10-2020":0.1116114329,"12-2020":0.1156293964,"02-2021":0.1199473505,"04-2021":0.1168258002,"06-2021":0.1201845907,"08-2021":0.1189418003,"10-2021":0.1212022569,"12-2021":0.120155642,"02-2022":0.1170806114,"04-2022":0.1171538397,"06-2022":0.1140102333,"08-2022":0.1153421483,"10-2022":0.1229863222,"12-2022":0.125021857,"02-2023":0.1335125448,"04-2023":0.1485293502,"06-2023":0.1837769542,"08-2023":0.2300514626,"10-2023":0.2786860026,"12-2023":0.3557862665,"02-2024":0.416706779,"04-2024":0.4933653626,"06-2024":0.5864675825,"08-2024":0.6762120557,"10-2024":0.7187604063,"12-2024":0.7328021868,"02-2025":0.7067019239,"04-2025":0.6944444444,"06-2025":0.6747384917,"08-2025":0.6639492754,"10-2025":0.6793936333,"12-2025":0.6613847138,"02-2026":0.6512694127,"04-2026":0.626975822,"06-2026":0.6189109319,"08-2026":0.6299283154,"10-2026":0.6205569059,"12-2026":0.6138864517,"02-2027":0.6007633588,"04-2027":0.5962550051,"06-2027":0.588438444,"08-2027":0.5853516368,"10-2027":0.5754723666,"12-2027":0.5589388465,"02-2028":0.541915529,"04-2028":0.5328523434,"06-2028":0.5318819833,"08-2028":0.5181055646,"10-2028":0.5055002076,"12-2028":0.4982008236,"02-2029":0.4897134924,"04-2029":0.4782969811,"06-2029":0.4680944056,"08-2029":0.4477333012,"10-2029":0.4385577237,"12-2029":0.4296366709,"02-2030":0.4237445656,"04-2030":0.4177030545,"06-2030":0.4110560575,"08-2030":0.4102490421,"10-2030":0.3973684211,"12-2030":0.3888042078}}