{"median":{"02-2020":0.0555555556,"04-2020":0.0566373456,"06-2020":0.0568643755,"08-2020":0.0570757132,"10-2020":0.0579483888,"12-2020":0.0619255061,"02-2021":0.0571447231,"04-2021":0.0653884845,"06-2021":0.0660634985,"08-2021":0.080167264,"10-2021":0.0912420912,"12-2021":0.1136903878,"02-2022":0.1389859228,"04-2022":0.1667308539,"06-2022":0.1949870708,"08-2022":0.2405984866,"10-2022":0.276356505,"12-2022":0.3388932806,"02-2023":0.3772735689,"04-2023":0.4327380716,"06-2023":0.5218398089,"08-2023":0.5863275106,"10-2023":0.5841117216,"12-2023":0.5855902307,"02-2024":0.5996296399,"04-2024":0.6022930011,"06-2024":0.5921578422,"08-2024":0.6003842326,"10-2024":0.5793569527,"12-2024":0.5711309524,"02-2025":0.5583490238,"04-2025":0.5597473393,"06-2025":0.5576284528,"08-2025":0.5454283076,"10-2025":0.5398772268,"12-2025":0.5298877274,"02-2026":0.5125,"04-2026":0.4927521008,"06-2026":0.478097522,"08-2026":0.4709226954,"10-2026":0.4718750824,"12-2026":0.4748435544,"02-2027":0.4669963402,"04-2027":0.4598921641,"06-2027":0.4683082875,"08-2027":0.4530987645,"10-2027":0.4527103444,"12-2027":0.4362013197,"02-2028":0.4231420765,"04-2028":0.4151281298,"06-2028":0.4055463437,"08-2028":0.3955174414,"10-2028":0.3883876252,"12-2028":0.3852317935,"02-2029":0.3760843446,"04-2029":0.3672888912,"06-2029":0.3673223791,"08-2029":0.3624880077,"10-2029":0.3581692142,"12-2029":0.3533834586,"02-2030":0.3513939839,"04-2030":0.3509433962,"06-2030":0.3413154276,"08-2030":0.3334650688,"10-2030":0.3326898327,"12-2030":0.323926868},"percentile_25":{"02-2020":0.0297681335,"04-2020":0.0289828305,"06-2020":0.0292576591,"08-2020":0.028803507,"10-2020":0.027097561,"12-2020":0.0217997018,"02-2021":0.0195135747,"04-2021":0.0149534272,"06-2021":0.0112599536,"08-2021":0.0076365242,"10-2021":0.0038536073,"12-2021":0.0038953749,"02-2022":0.0037750042,"04-2022":0.0059321384,"06-2022":0.007571944,"08-2022":0.009699791,"10-2022":0.0091495675,"12-2022":0.0080780429,"02-2023":0.0135633803,"04-2023":0.0155460993,"06-2023":0.0206910761,"08-2023":0.021723711,"10-2023":0.0185025642,"12-2023":0.0237298533,"02-2024":0.025414512,"04-2024":0.0258988139,"06-2024":0.0274217246,"08-2024":0.0269787461,"10-2024":0.0260169945,"12-2024":0.0266857963,"02-2025":0.029535061,"04-2025":0.0359649123,"06-2025":0.0336879433,"08-2025":0.0472310861,"10-2025":0.059731702,"12-2025":0.0710539461,"02-2026":0.0809490752,"04-2026":0.0968337218,"06-2026":0.1020664611,"08-2026":0.1198509124,"10-2026":0.1274915468,"12-2026":0.1350174216,"02-2027":0.1518382353,"04-2027":0.1651378724,"06-2027":0.1576600076,"08-2027":0.1536195286,"10-2027":0.1591646391,"12-2027":0.1820963285,"02-2028":0.2195038622,"04-2028":0.2215847523,"06-2028":0.1927312635,"08-2028":0.197352911,"10-2028":0.2149756441,"12-2028":0.2250835086,"02-2029":0.2359344423,"04-2029":0.2522566025,"06-2029":0.2528060479,"08-2029":0.2477856147,"10-2029":0.2311997704,"12-2029":0.2374442539,"02-2030":0.2316908816,"04-2030":0.2398639228,"06-2030":0.2308434808,"08-2030":0.2249116608,"10-2030":0.2235648071,"12-2030":0.2182957393},"percentile_75":{"02-2020":0.0955767635,"04-2020":0.0984959377,"06-2020":0.1038766308,"08-2020":0.1107044017,"10-2020":0.1116114329,"12-2020":0.1156293964,"02-2021":0.1247791424,"04-2021":0.1313276887,"06-2021":0.155066441,"08-2021":0.1861766748,"10-2021":0.2179756312,"12-2021":0.2623258037,"02-2022":0.3241444867,"04-2022":0.3897545049,"06-2022":0.5108922656,"08-2022":0.6211670248,"10-2022":0.7015232975,"12-2022":0.7509469697,"02-2023":0.7384168969,"04-2023":0.7429257555,"06-2023":0.7255624585,"08-2023":0.7265065943,"10-2023":0.7079114187,"12-2023":0.7076932198,"02-2024":0.6851922024,"04-2024":0.6733682984,"06-2024":0.6682427496,"08-2024":0.6570708087,"10-2024":0.6448019463,"12-2024":0.6385098111,"02-2025":0.6292254737,"04-2025":0.6221203072,"06-2025":0.6114317425,"08-2025":0.6083326884,"10-2025":0.5934065934,"12-2025":0.58480773,"02-2026":0.5748550413,"04-2026":0.5662730221,"06-2026":0.5495287174,"08-2026":0.541775482,"10-2026":0.5293025872,"12-2026":0.5326593696,"02-2027":0.5285378278,"04-2027":0.5153431152,"06-2027":0.5269071132,"08-2027":0.5156279032,"10-2027":0.5004125413,"12-2027":0.485974456,"02-2028":0.4748165044,"04-2028":0.4653589022,"06-2028":0.4575139025,"08-2028":0.4485796341,"10-2028":0.4490547939,"12-2028":0.4449471264,"02-2029":0.4309030626,"04-2029":0.4164442467,"06-2029":0.4122356885,"08-2029":0.4121822413,"10-2029":0.40636313,"12-2029":0.40208418,"02-2030":0.3917278764,"04-2030":0.3964918582,"06-2030":0.3868892804,"08-2030":0.3814630917,"10-2030":0.3720864413,"12-2030":0.3851476476}}