{"median":{"02-2020":0.0555555556,"04-2020":0.0566373456,"06-2020":0.0568643755,"08-2020":0.0570757132,"10-2020":0.0579483888,"12-2020":0.0619255061,"02-2021":0.0590727817,"04-2021":0.0578036828,"06-2021":0.0569793061,"08-2021":0.0568385452,"10-2021":0.0518397118,"12-2021":0.0506824538,"02-2022":0.0465605892,"04-2022":0.0392579931,"06-2022":0.0349755368,"08-2022":0.0321028002,"10-2022":0.0287107189,"12-2022":0.0271419769,"02-2023":0.027354344,"04-2023":0.0346158967,"06-2023":0.0437730287,"08-2023":0.0480632552,"10-2023":0.0570014523,"12-2023":0.0758098224,"02-2024":0.0896860673,"04-2024":0.1064395776,"06-2024":0.1382759092,"08-2024":0.157960199,"10-2024":0.1933867463,"12-2024":0.2279533027,"02-2025":0.2677995392,"04-2025":0.3336699442,"06-2025":0.3858049954,"08-2025":0.506668395,"10-2025":0.540977705,"12-2025":0.5559607676,"02-2026":0.5491012975,"04-2026":0.5474477835,"06-2026":0.5391664674,"08-2026":0.5279669231,"10-2026":0.5355152094,"12-2026":0.5290216171,"02-2027":0.5215061412,"04-2027":0.506757961,"06-2027":0.5216570467,"08-2027":0.5084190355,"10-2027":0.4925028835,"12-2027":0.4697327889,"02-2028":0.4598991556,"04-2028":0.4337323981,"06-2028":0.4295460184,"08-2028":0.4186259444,"10-2028":0.4084821429,"12-2028":0.4057971014,"02-2029":0.3962773224,"04-2029":0.3743336665,"06-2029":0.3667310167,"08-2029":0.3644565986,"10-2029":0.3515799257,"12-2029":0.3482901019,"02-2030":0.3442704598,"04-2030":0.3443627451,"06-2030":0.3449833118,"08-2030":0.3405424363,"10-2030":0.3408802499,"12-2030":0.3223184122},"percentile_25":{"02-2020":0.0297681335,"04-2020":0.0289828305,"06-2020":0.0292576591,"08-2020":0.028803507,"10-2020":0.027097561,"12-2020":0.0217997018,"02-2021":0.0186236984,"04-2021":0.0151957,"06-2021":0.0115389697,"08-2021":0.0078819788,"10-2021":0.0040264755,"12-2021":0.0035938991,"02-2022":0.0,"04-2022":0.0,"06-2022":0.0,"08-2022":0.0,"10-2022":0.0,"12-2022":0.0,"02-2023":0.0,"04-2023":0.0,"06-2023":0.0,"08-2023":0.0,"10-2023":0.0,"12-2023":0.0,"02-2024":0.0,"04-2024":0.0,"06-2024":0.0,"08-2024":0.0,"10-2024":0.0,"12-2024":0.0,"02-2025":0.0,"04-2025":0.0,"06-2025":0.0,"08-2025":0.0,"10-2025":0.0,"12-2025":0.0,"02-2026":0.0,"04-2026":0.0,"06-2026":0.0,"08-2026":0.0,"10-2026":0.0,"12-2026":0.0,"02-2027":0.0,"04-2027":0.0,"06-2027":0.0,"08-2027":0.0,"10-2027":0.0,"12-2027":0.0,"02-2028":0.0,"04-2028":0.0,"06-2028":0.0,"08-2028":0.0,"10-2028":0.0,"12-2028":0.0,"02-2029":0.0,"04-2029":0.0,"06-2029":0.0,"08-2029":0.0,"10-2029":0.0,"12-2029":0.0,"02-2030":0.0,"04-2030":0.0,"06-2030":0.0,"08-2030":0.0,"10-2030":0.0,"12-2030":0.0},"percentile_75":{"02-2020":0.0955767635,"04-2020":0.0984959377,"06-2020":0.1038766308,"08-2020":0.1107044017,"10-2020":0.1116114329,"12-2020":0.1156293964,"02-2021":0.1199473505,"04-2021":0.1168258002,"06-2021":0.1201845907,"08-2021":0.1189418003,"10-2021":0.1212022569,"12-2021":0.120155642,"02-2022":0.1170806114,"04-2022":0.1171538397,"06-2022":0.1154020771,"08-2022":0.1238414104,"10-2022":0.1389085894,"12-2022":0.1607901525,"02-2023":0.1984650378,"04-2023":0.2334188426,"06-2023":0.3134468734,"08-2023":0.3933060109,"10-2023":0.4817477241,"12-2023":0.574660726,"02-2024":0.642981487,"04-2024":0.6987482003,"06-2024":0.7049191559,"08-2024":0.7086778853,"10-2024":0.6924611146,"12-2024":0.6871868572,"02-2025":0.6728535692,"04-2025":0.6773606272,"06-2025":0.6698241997,"08-2025":0.669614792,"10-2025":0.6538045965,"12-2025":0.6413725261,"02-2026":0.6341712889,"04-2026":0.6260457963,"06-2026":0.6214133137,"08-2026":0.5986302867,"10-2026":0.6112139052,"12-2026":0.6063582445,"02-2027":0.5998643746,"04-2027":0.582883693,"06-2027":0.5825317604,"08-2027":0.5749489564,"10-2027":0.5604494382,"12-2027":0.549625088,"02-2028":0.5422301209,"04-2028":0.5286320822,"06-2028":0.5114509456,"08-2028":0.506227758,"10-2028":0.4922270562,"12-2028":0.4832339512,"02-2029":0.4732403301,"04-2029":0.4559458605,"06-2029":0.4437132635,"08-2029":0.4315978796,"10-2029":0.4314553738,"12-2029":0.4144240349,"02-2030":0.4109768908,"04-2030":0.4049982983,"06-2030":0.4027803823,"08-2030":0.4095088264,"10-2030":0.3974562798,"12-2030":0.3955244626}}