{"median":{"02-2020":0.0555555556,"04-2020":0.0566373456,"06-2020":0.0568643755,"08-2020":0.0570757132,"10-2020":0.0579483888,"12-2020":0.0619255061,"02-2021":0.0590727817,"04-2021":0.0578036828,"06-2021":0.0569793061,"08-2021":0.0568385452,"10-2021":0.0518397118,"12-2021":0.0506824538,"02-2022":0.0465605892,"04-2022":0.0392579931,"06-2022":0.0355170577,"08-2022":0.0326679842,"10-2022":0.0314700704,"12-2022":0.0276956962,"02-2023":0.021107114,"04-2023":0.0184688852,"06-2023":0.0177058263,"08-2023":0.0158164541,"10-2023":0.0140907963,"12-2023":0.009039751,"02-2024":0.0110677083,"04-2024":0.0075761924,"06-2024":0.0107915065,"08-2024":0.0096830182,"10-2024":0.011022571,"12-2024":0.010933351,"02-2025":0.0143376543,"04-2025":0.0143583244,"06-2025":0.014410058,"08-2025":0.0161681279,"10-2025":0.0178336204,"12-2025":0.0233714856,"02-2026":0.0318322981,"04-2026":0.0423286329,"06-2026":0.0428768312,"08-2026":0.0497462826,"10-2026":0.0721036964,"12-2026":0.0879635944,"02-2027":0.1014091175,"04-2027":0.1201007093,"06-2027":0.1455449827,"08-2027":0.1745653618,"10-2027":0.1926142872,"12-2027":0.2023607777,"02-2028":0.2354836264,"04-2028":0.2848370927,"06-2028":0.3492107929,"08-2028":0.3862155388,"10-2028":0.3661561932,"12-2028":0.3883794466,"02-2029":0.4064740905,"04-2029":0.4021426602,"06-2029":0.3715461493,"08-2029":0.3638019103,"10-2029":0.3547449114,"12-2029":0.3544768146,"02-2030":0.3580682913,"04-2030":0.3582805589,"06-2030":0.3344709898,"08-2030":0.3404734632,"10-2030":0.3226155112,"12-2030":0.3268223182},"percentile_25":{"02-2020":0.0297681335,"04-2020":0.0289828305,"06-2020":0.0292576591,"08-2020":0.028803507,"10-2020":0.027097561,"12-2020":0.0217997018,"02-2021":0.0186236984,"04-2021":0.0151957,"06-2021":0.0115389697,"08-2021":0.0078819788,"10-2021":0.0040264755,"12-2021":0.0035938991,"02-2022":0.0,"04-2022":0.0,"06-2022":0.0,"08-2022":0.0,"10-2022":0.0,"12-2022":0.0,"02-2023":0.0,"04-2023":0.0,"06-2023":0.0,"08-2023":0.0,"10-2023":0.0,"12-2023":0.0,"02-2024":0.0,"04-2024":0.0,"06-2024":0.0,"08-2024":0.0,"10-2024":0.0,"12-2024":0.0,"02-2025":0.0,"04-2025":0.0,"06-2025":0.0,"08-2025":0.0,"10-2025":0.0,"12-2025":0.0,"02-2026":0.0,"04-2026":0.0,"06-2026":0.0,"08-2026":0.0,"10-2026":0.0,"12-2026":0.0,"02-2027":0.0,"04-2027":0.0,"06-2027":0.0,"08-2027":0.0,"10-2027":0.0,"12-2027":0.0,"02-2028":0.0,"04-2028":0.0,"06-2028":0.0,"08-2028":0.0,"10-2028":0.0,"12-2028":0.0,"02-2029":0.0,"04-2029":0.0,"06-2029":0.0,"08-2029":0.0,"10-2029":0.0,"12-2029":0.0,"02-2030":0.0,"04-2030":0.0,"06-2030":0.0,"08-2030":0.0,"10-2030":0.0,"12-2030":0.0},"percentile_75":{"02-2020":0.0955767635,"04-2020":0.0984959377,"06-2020":0.1038766308,"08-2020":0.1107044017,"10-2020":0.1116114329,"12-2020":0.1156293964,"02-2021":0.1199473505,"04-2021":0.1168258002,"06-2021":0.1201845907,"08-2021":0.1189418003,"10-2021":0.1212022569,"12-2021":0.120155642,"02-2022":0.1170806114,"04-2022":0.1171538397,"06-2022":0.1140102333,"08-2022":0.1153421483,"10-2022":0.1229863222,"12-2022":0.125021857,"02-2023":0.125,"04-2023":0.1238882592,"06-2023":0.1353735318,"08-2023":0.1390841014,"10-2023":0.1323088456,"12-2023":0.1449972103,"02-2024":0.1660045733,"04-2024":0.1742761242,"06-2024":0.2086504243,"08-2024":0.25044084,"10-2024":0.3060897436,"12-2024":0.3562974064,"02-2025":0.4388417502,"04-2025":0.5143502331,"06-2025":0.611309055,"08-2025":0.6675084175,"10-2025":0.7195292837,"12-2025":0.7057697623,"02-2026":0.6903901144,"04-2026":0.6929519071,"06-2026":0.6705619143,"08-2026":0.6641278922,"10-2026":0.6631889137,"12-2026":0.6485507246,"02-2027":0.638193493,"04-2027":0.6347067856,"06-2027":0.6427979237,"08-2027":0.6204431438,"10-2027":0.6146230805,"12-2027":0.6008573683,"02-2028":0.5820487192,"04-2028":0.5774205905,"06-2028":0.5570841279,"08-2028":0.5477611086,"10-2028":0.5412158357,"12-2028":0.5293197656,"02-2029":0.5090563824,"04-2029":0.5057518105,"06-2029":0.5068750905,"08-2029":0.4986842105,"10-2029":0.4784050179,"12-2029":0.4606676343,"02-2030":0.4422598308,"04-2030":0.442736788,"06-2030":0.4236762644,"08-2030":0.4239732317,"10-2030":0.4263519399,"12-2030":0.4081677548}}