{"median":{"02-2020":0.0555555556,"04-2020":0.0566373456,"06-2020":0.0568643755,"08-2020":0.0570757132,"10-2020":0.0579483888,"12-2020":0.0619255061,"02-2021":0.0590727817,"04-2021":0.0578036828,"06-2021":0.0569793061,"08-2021":0.0568385452,"10-2021":0.0518397118,"12-2021":0.0506824538,"02-2022":0.0465605892,"04-2022":0.0392579931,"06-2022":0.0355170577,"08-2022":0.0326679842,"10-2022":0.0314700704,"12-2022":0.0276956962,"02-2023":0.021107114,"04-2023":0.0184688852,"06-2023":0.0177058263,"08-2023":0.0158164541,"10-2023":0.0140907963,"12-2023":0.009039751,"02-2024":0.0106773736,"04-2024":0.0090695689,"06-2024":0.0075481372,"08-2024":0.0074779157,"10-2024":0.0057024793,"12-2024":0.0035971688,"02-2025":0.0033704937,"04-2025":0.0033704937,"06-2025":0.001754386,"08-2025":0.0,"10-2025":0.0017793594,"12-2025":0.0017605634,"02-2026":0.0017421603,"04-2026":0.0017421603,"06-2026":0.0035335689,"08-2026":0.0035335689,"10-2026":0.001984127,"12-2026":0.0019685039,"02-2027":0.0086805556,"04-2027":0.0134228188,"06-2027":0.0130718954,"08-2027":0.0081699346,"10-2027":0.0100671141,"12-2027":0.0101351351,"02-2028":0.013559322,"04-2028":0.018707483,"06-2028":0.0271186441,"08-2028":0.0306122449,"10-2028":0.0384615385,"12-2028":0.0394736842,"02-2029":0.0438311688,"04-2029":0.0488599349,"06-2029":0.0533333333,"08-2029":0.0564784053,"10-2029":0.0559210526,"12-2029":0.0635451505,"02-2030":0.067114094,"04-2030":0.0711864407,"06-2030":0.0755033557,"08-2030":0.0788590604,"10-2030":0.0802047782,"12-2030":0.0920138889},"percentile_25":{"02-2020":0.0297681335,"04-2020":0.0289828305,"06-2020":0.0292576591,"08-2020":0.028803507,"10-2020":0.027097561,"12-2020":0.0217997018,"02-2021":0.0186236984,"04-2021":0.0151957,"06-2021":0.0115389697,"08-2021":0.0078819788,"10-2021":0.0040264755,"12-2021":0.0035938991,"02-2022":0.0,"04-2022":0.0,"06-2022":0.0,"08-2022":0.0,"10-2022":0.0,"12-2022":0.0,"02-2023":0.0,"04-2023":0.0,"06-2023":0.0,"08-2023":0.0,"10-2023":0.0,"12-2023":0.0,"02-2024":0.0,"04-2024":0.0,"06-2024":0.0,"08-2024":0.0,"10-2024":0.0,"12-2024":0.0,"02-2025":0.0,"04-2025":0.0,"06-2025":0.0,"08-2025":0.0,"10-2025":0.0,"12-2025":0.0,"02-2026":0.0,"04-2026":0.0,"06-2026":0.0,"08-2026":0.0,"10-2026":0.0,"12-2026":0.0,"02-2027":0.0,"04-2027":0.0,"06-2027":0.0,"08-2027":0.0,"10-2027":0.0,"12-2027":0.0,"02-2028":0.0,"04-2028":0.0,"06-2028":0.0,"08-2028":0.0,"10-2028":0.0,"12-2028":0.0,"02-2029":0.0,"04-2029":0.0,"06-2029":0.0,"08-2029":0.0,"10-2029":0.0,"12-2029":0.0,"02-2030":0.0,"04-2030":0.0,"06-2030":0.0,"08-2030":0.0,"10-2030":0.0,"12-2030":0.0},"percentile_75":{"02-2020":0.0955767635,"04-2020":0.0984959377,"06-2020":0.1038766308,"08-2020":0.1107044017,"10-2020":0.1116114329,"12-2020":0.1156293964,"02-2021":0.1199473505,"04-2021":0.1168258002,"06-2021":0.1201845907,"08-2021":0.1189418003,"10-2021":0.1212022569,"12-2021":0.120155642,"02-2022":0.1170806114,"04-2022":0.1171538397,"06-2022":0.1140102333,"08-2022":0.1153421483,"10-2022":0.1229863222,"12-2022":0.125021857,"02-2023":0.125,"04-2023":0.1238882592,"06-2023":0.1353735318,"08-2023":0.1390841014,"10-2023":0.1323088456,"12-2023":0.1449972103,"02-2024":0.1451871658,"04-2024":0.1471038503,"06-2024":0.1595472067,"08-2024":0.1656824147,"10-2024":0.1829236151,"12-2024":0.208375051,"02-2025":0.2474597274,"04-2025":0.310265686,"06-2025":0.3806434907,"08-2025":0.4718820244,"10-2025":0.5617773491,"12-2025":0.6514271209,"02-2026":0.7034316777,"04-2026":0.6855423095,"06-2026":0.6856144102,"08-2026":0.6859555815,"10-2026":0.6638521044,"12-2026":0.6624644472,"02-2027":0.6631013016,"04-2027":0.6566378539,"06-2027":0.6563598616,"08-2027":0.654686313,"10-2027":0.6370537582,"12-2027":0.6126079248,"02-2028":0.6062037694,"04-2028":0.6008592276,"06-2028":0.5828532219,"08-2028":0.5662384135,"10-2028":0.5515342785,"12-2028":0.5464554098,"02-2029":0.5370595638,"04-2029":0.5230072464,"06-2029":0.5205841924,"08-2029":0.5056702254,"10-2029":0.4942518763,"12-2029":0.4851152369,"02-2030":0.4772172229,"04-2030":0.4708464067,"06-2030":0.4512635379,"08-2030":0.4402870827,"10-2030":0.4347846811,"12-2030":0.4265290077}}