{"median":{"02-2020":0.0607215153,"04-2020":0.065087375,"06-2020":0.0762178994,"08-2020":0.0861464851,"10-2020":0.0929738374,"12-2020":0.0964298014,"02-2021":0.0984492656,"04-2021":0.0998154982,"06-2021":0.0992707615,"08-2021":0.088819564,"10-2021":0.090422521,"12-2021":0.0879370629,"02-2022":0.0777472527,"04-2022":0.0732179982,"06-2022":0.066022856,"08-2022":0.0645774562,"10-2022":0.0569932408,"12-2022":0.0590204866,"02-2023":0.0545483397,"04-2023":0.0518518519,"06-2023":0.0515974813,"08-2023":0.0586049171,"10-2023":0.0582568872,"12-2023":0.0671648391,"02-2024":0.0836069605,"04-2024":0.0958632,"06-2024":0.1167945439,"08-2024":0.1538222544,"10-2024":0.1735084839,"12-2024":0.2241609922,"02-2025":0.2755,"04-2025":0.3252698582,"06-2025":0.3948750407,"08-2025":0.4622507123,"10-2025":0.5337002096,"12-2025":0.6003472222,"02-2026":0.6003472222,"04-2026":0.6027996613,"06-2026":0.5949556062,"08-2026":0.5907693984,"10-2026":0.5750022335,"12-2026":0.5740599171,"02-2027":0.5658464296,"04-2027":0.555998217,"06-2027":0.5671246464,"08-2027":0.572411901,"10-2027":0.5430565851,"12-2027":0.5265700483,"02-2028":0.5137931034,"04-2028":0.4959217406,"06-2028":0.4817375629,"08-2028":0.4776954752,"10-2028":0.4687737499,"12-2028":0.469337406,"02-2029":0.4601419995,"04-2029":0.4569444444,"06-2029":0.4418625493,"08-2029":0.4246430889,"10-2029":0.4154387866,"12-2029":0.4052450014,"02-2030":0.3913043478,"04-2030":0.3825249282,"06-2030":0.3781723929,"08-2030":0.3707609235,"10-2030":0.3568931069,"12-2030":0.3508294938},"percentile_25":{"02-2020":0.0324679898,"04-2020":0.0334689148,"06-2020":0.0328467153,"08-2020":0.0364390244,"10-2020":0.0343366452,"12-2020":0.0343915344,"02-2021":0.0341559653,"04-2021":0.0361319967,"06-2021":0.0340923655,"08-2021":0.0315195436,"10-2021":0.0265907651,"12-2021":0.0230328831,"02-2022":0.0175285241,"04-2022":0.0168231147,"06-2022":0.0143249358,"08-2022":0.0119939271,"10-2022":0.009187823,"12-2022":0.0074698294,"02-2023":0.0063841547,"04-2023":0.003785972,"06-2023":0.0025862069,"08-2023":0.0,"10-2023":0.0,"12-2023":0.0,"02-2024":0.0,"04-2024":0.0,"06-2024":0.0,"08-2024":0.0,"10-2024":0.0,"12-2024":0.0,"02-2025":0.0,"04-2025":0.0,"06-2025":0.0,"08-2025":0.0,"10-2025":0.0,"12-2025":0.0,"02-2026":0.0,"04-2026":0.0,"06-2026":0.0,"08-2026":0.0,"10-2026":0.0,"12-2026":0.0,"02-2027":0.0,"04-2027":0.0,"06-2027":0.0,"08-2027":0.0,"10-2027":0.0,"12-2027":0.0,"02-2028":0.0,"04-2028":0.0,"06-2028":0.0,"08-2028":0.0,"10-2028":0.0,"12-2028":0.0,"02-2029":0.0,"04-2029":0.0,"06-2029":0.0,"08-2029":0.0,"10-2029":0.0,"12-2029":0.0,"02-2030":0.0,"04-2030":0.0,"06-2030":0.0,"08-2030":0.0,"10-2030":0.0,"12-2030":0.0},"percentile_75":{"02-2020":0.1069632353,"04-2020":0.1244814815,"06-2020":0.1481833545,"08-2020":0.1695409677,"10-2020":0.1898254282,"12-2020":0.1994252874,"02-2021":0.2058913309,"04-2021":0.2042884401,"06-2021":0.2082720588,"08-2021":0.2065734266,"10-2021":0.2063270699,"12-2021":0.2019273619,"02-2022":0.1937466257,"04-2022":0.1699730831,"06-2022":0.1680150148,"08-2022":0.1606797712,"10-2022":0.1565277902,"12-2022":0.1549273465,"02-2023":0.1591020129,"04-2023":0.1531019732,"06-2023":0.1540875443,"08-2023":0.1632219412,"10-2023":0.1996486739,"12-2023":0.2248726655,"02-2024":0.2732487923,"04-2024":0.307267906,"06-2024":0.3819011631,"08-2024":0.4879998381,"10-2024":0.5788230241,"12-2024":0.6444919786,"02-2025":0.6935728104,"04-2025":0.7044944451,"06-2025":0.7184946061,"08-2025":0.7046793901,"10-2025":0.693066364,"12-2025":0.6898604269,"02-2026":0.6871331022,"04-2026":0.6888888889,"06-2026":0.6752622378,"08-2026":0.6596533548,"10-2026":0.6577984976,"12-2026":0.651465951,"02-2027":0.6431713163,"04-2027":0.6296934773,"06-2027":0.6369279765,"08-2027":0.6236367406,"10-2027":0.6247767834,"12-2027":0.6032888577,"02-2028":0.5860902256,"04-2028":0.5808611524,"06-2028":0.5601960784,"08-2028":0.5523280092,"10-2028":0.5426550531,"12-2028":0.5320533559,"02-2029":0.5232241443,"04-2029":0.5194444444,"06-2029":0.5034854875,"08-2029":0.496274654,"10-2029":0.4822668651,"12-2029":0.4672727273,"02-2030":0.451026842,"04-2030":0.4464222615,"06-2030":0.4398344652,"08-2030":0.4205370764,"10-2030":0.4101491696,"12-2030":0.4030749952}}