{"median":{"02-2020":0.0555555556,"04-2020":0.0566373456,"06-2020":0.0568643755,"08-2020":0.0570757132,"10-2020":0.0579483888,"12-2020":0.0619255061,"02-2021":0.0590727817,"04-2021":0.0578036828,"06-2021":0.0569793061,"08-2021":0.0568385452,"10-2021":0.0518397118,"12-2021":0.0506824538,"02-2022":0.0465605892,"04-2022":0.0392579931,"06-2022":0.0355170577,"08-2022":0.0326679842,"10-2022":0.0314700704,"12-2022":0.0276956962,"02-2023":0.021107114,"04-2023":0.0184688852,"06-2023":0.0177058263,"08-2023":0.0158164541,"10-2023":0.0140907963,"12-2023":0.009039751,"02-2024":0.0106773736,"04-2024":0.0090695689,"06-2024":0.0075621122,"08-2024":0.0076046727,"10-2024":0.0040840821,"12-2024":0.0036847534,"02-2025":0.0050075488,"04-2025":0.0032829588,"06-2025":0.0,"08-2025":0.0,"10-2025":0.0,"12-2025":0.0,"02-2026":0.0,"04-2026":0.0,"06-2026":0.0,"08-2026":0.0,"10-2026":0.0,"12-2026":0.0,"02-2027":0.0,"04-2027":0.0,"06-2027":0.0,"08-2027":0.0,"10-2027":0.0,"12-2027":0.0,"02-2028":0.0,"04-2028":0.0,"06-2028":0.0,"08-2028":0.0,"10-2028":0.0,"12-2028":0.0,"02-2029":0.0,"04-2029":0.0,"06-2029":0.0,"08-2029":0.0,"10-2029":0.0,"12-2029":0.0,"02-2030":0.0,"04-2030":0.0,"06-2030":0.0,"08-2030":0.0,"10-2030":0.0,"12-2030":0.0},"percentile_25":{"02-2020":0.0297681335,"04-2020":0.0289828305,"06-2020":0.0292576591,"08-2020":0.028803507,"10-2020":0.027097561,"12-2020":0.0217997018,"02-2021":0.0186236984,"04-2021":0.0151957,"06-2021":0.0115389697,"08-2021":0.0078819788,"10-2021":0.0040264755,"12-2021":0.0035938991,"02-2022":0.0,"04-2022":0.0,"06-2022":0.0,"08-2022":0.0,"10-2022":0.0,"12-2022":0.0,"02-2023":0.0,"04-2023":0.0,"06-2023":0.0,"08-2023":0.0,"10-2023":0.0,"12-2023":0.0,"02-2024":0.0,"04-2024":0.0,"06-2024":0.0,"08-2024":0.0,"10-2024":0.0,"12-2024":0.0,"02-2025":0.0,"04-2025":0.0,"06-2025":0.0,"08-2025":0.0,"10-2025":0.0,"12-2025":0.0,"02-2026":0.0,"04-2026":0.0,"06-2026":0.0,"08-2026":0.0,"10-2026":0.0,"12-2026":0.0,"02-2027":0.0,"04-2027":0.0,"06-2027":0.0,"08-2027":0.0,"10-2027":0.0,"12-2027":0.0,"02-2028":0.0,"04-2028":0.0,"06-2028":0.0,"08-2028":0.0,"10-2028":0.0,"12-2028":0.0,"02-2029":0.0,"04-2029":0.0,"06-2029":0.0,"08-2029":0.0,"10-2029":0.0,"12-2029":0.0,"02-2030":0.0,"04-2030":0.0,"06-2030":0.0,"08-2030":0.0,"10-2030":0.0,"12-2030":0.0},"percentile_75":{"02-2020":0.0955767635,"04-2020":0.0984959377,"06-2020":0.1038766308,"08-2020":0.1107044017,"10-2020":0.1116114329,"12-2020":0.1156293964,"02-2021":0.1199473505,"04-2021":0.1168258002,"06-2021":0.1201845907,"08-2021":0.1189418003,"10-2021":0.1212022569,"12-2021":0.120155642,"02-2022":0.1170806114,"04-2022":0.1171538397,"06-2022":0.1140102333,"08-2022":0.1153421483,"10-2022":0.1229863222,"12-2022":0.125021857,"02-2023":0.125,"04-2023":0.1238882592,"06-2023":0.1353735318,"08-2023":0.1390841014,"10-2023":0.1323088456,"12-2023":0.1449972103,"02-2024":0.1451871658,"04-2024":0.1471038503,"06-2024":0.1600586018,"08-2024":0.1435442776,"10-2024":0.1512381817,"12-2024":0.1569343066,"02-2025":0.1571714598,"04-2025":0.1594448665,"06-2025":0.1689035868,"08-2025":0.165786385,"10-2025":0.1728192463,"12-2025":0.1840537908,"02-2026":0.1914722848,"04-2026":0.1806196187,"06-2026":0.1864177623,"08-2026":0.1981837607,"10-2026":0.2204212369,"12-2026":0.2749451754,"02-2027":0.3476937553,"04-2027":0.421643885,"06-2027":0.5302072089,"08-2027":0.6069543974,"10-2027":0.6840885624,"12-2027":0.7216471436,"02-2028":0.7110576429,"04-2028":0.709396099,"06-2028":0.6887601611,"08-2028":0.6666666667,"10-2028":0.6549902865,"12-2028":0.645923813,"02-2029":0.6378526443,"04-2029":0.6285132721,"06-2029":0.6176929392,"08-2029":0.6178606119,"10-2029":0.6021505376,"12-2029":0.5914957859,"02-2030":0.5760511651,"04-2030":0.5646747649,"06-2030":0.5513950443,"08-2030":0.5394488288,"10-2030":0.5344967532,"12-2030":0.5193867778}}