{"median":{"02-2020":0.0555555556,"04-2020":0.0566373456,"06-2020":0.0568643755,"08-2020":0.0570757132,"10-2020":0.0579483888,"12-2020":0.0619255061,"02-2021":0.0590727817,"04-2021":0.0578036828,"06-2021":0.0569793061,"08-2021":0.0568385452,"10-2021":0.0518397118,"12-2021":0.0506824538,"02-2022":0.0465605892,"04-2022":0.0392579931,"06-2022":0.0355170577,"08-2022":0.0326679842,"10-2022":0.0314700704,"12-2022":0.0276956962,"02-2023":0.021107114,"04-2023":0.0184688852,"06-2023":0.0176757898,"08-2023":0.019273399,"10-2023":0.0174351497,"12-2023":0.0187331612,"02-2024":0.0197545568,"04-2024":0.0263729246,"06-2024":0.0306612077,"08-2024":0.0407496844,"10-2024":0.0513769099,"12-2024":0.0568686869,"02-2025":0.063784042,"04-2025":0.0720816448,"06-2025":0.0860805861,"08-2025":0.1170209921,"10-2025":0.1388715799,"12-2025":0.1747221632,"02-2026":0.2068774704,"04-2026":0.2565072785,"06-2026":0.3092580645,"08-2026":0.3605949042,"10-2026":0.4204514315,"12-2026":0.4758096655,"02-2027":0.4879352603,"04-2027":0.4995581304,"06-2027":0.5000926226,"08-2027":0.483021887,"10-2027":0.4964557859,"12-2027":0.4744216304,"02-2028":0.4675011151,"04-2028":0.4679867421,"06-2028":0.4489580749,"08-2028":0.4267078109,"10-2028":0.4114379085,"12-2028":0.414988904,"02-2029":0.3981730146,"04-2029":0.3906329649,"06-2029":0.3832006215,"08-2029":0.3629546653,"10-2029":0.3432620012,"12-2029":0.3388525613,"02-2030":0.3339393939,"04-2030":0.3166363706,"06-2030":0.3194527529,"08-2030":0.3255475097,"10-2030":0.3216887663,"12-2030":0.3106259288},"percentile_25":{"02-2020":0.0297681335,"04-2020":0.0289828305,"06-2020":0.0292576591,"08-2020":0.028803507,"10-2020":0.027097561,"12-2020":0.0217997018,"02-2021":0.0186236984,"04-2021":0.0151957,"06-2021":0.0115389697,"08-2021":0.0078819788,"10-2021":0.0040264755,"12-2021":0.0035938991,"02-2022":0.0,"04-2022":0.0,"06-2022":0.0,"08-2022":0.0,"10-2022":0.0,"12-2022":0.0,"02-2023":0.0,"04-2023":0.0,"06-2023":0.0,"08-2023":0.0,"10-2023":0.0,"12-2023":0.0,"02-2024":0.0,"04-2024":0.0,"06-2024":0.0,"08-2024":0.0,"10-2024":0.0,"12-2024":0.0,"02-2025":0.0,"04-2025":0.0,"06-2025":0.0,"08-2025":0.0,"10-2025":0.0,"12-2025":0.0,"02-2026":0.0,"04-2026":0.0,"06-2026":0.0,"08-2026":0.0,"10-2026":0.0,"12-2026":0.0,"02-2027":0.0,"04-2027":0.0,"06-2027":0.0,"08-2027":0.0,"10-2027":0.0,"12-2027":0.0,"02-2028":0.0,"04-2028":0.0,"06-2028":0.0,"08-2028":0.0,"10-2028":0.0,"12-2028":0.0,"02-2029":0.0,"04-2029":0.0,"06-2029":0.0,"08-2029":0.0,"10-2029":0.0,"12-2029":0.0,"02-2030":0.0,"04-2030":0.0,"06-2030":0.0,"08-2030":0.0,"10-2030":0.0,"12-2030":0.0},"percentile_75":{"02-2020":0.0955767635,"04-2020":0.0984959377,"06-2020":0.1038766308,"08-2020":0.1107044017,"10-2020":0.1116114329,"12-2020":0.1156293964,"02-2021":0.1199473505,"04-2021":0.1168258002,"06-2021":0.1201845907,"08-2021":0.1189418003,"10-2021":0.1212022569,"12-2021":0.120155642,"02-2022":0.1170806114,"04-2022":0.1171538397,"06-2022":0.1140102333,"08-2022":0.1153421483,"10-2022":0.1229863222,"12-2022":0.125021857,"02-2023":0.125,"04-2023":0.1238882592,"06-2023":0.1376062806,"08-2023":0.153855364,"10-2023":0.1750820232,"12-2023":0.2232095058,"02-2024":0.2622647023,"04-2024":0.3224563512,"06-2024":0.4126057362,"08-2024":0.494937408,"10-2024":0.5796440489,"12-2024":0.6688452851,"02-2025":0.7138411381,"04-2025":0.720041816,"06-2025":0.7065180103,"08-2025":0.7057939652,"10-2025":0.6841597843,"12-2025":0.6792184265,"02-2026":0.6696850917,"04-2026":0.6582733813,"06-2026":0.6375870537,"08-2026":0.6381548625,"10-2026":0.6344822988,"12-2026":0.6324814891,"02-2027":0.6287929413,"04-2027":0.622378674,"06-2027":0.6209905593,"08-2027":0.6098839362,"10-2027":0.5982186065,"12-2027":0.5750655896,"02-2028":0.5632277419,"04-2028":0.5528433269,"06-2028":0.5460509601,"08-2028":0.5299878302,"10-2028":0.5107913669,"12-2028":0.5082661851,"02-2029":0.4905389229,"04-2029":0.4765581776,"06-2029":0.4790574009,"08-2029":0.4732498418,"10-2029":0.4514246266,"12-2029":0.4320380692,"02-2030":0.429195231,"04-2030":0.4210046249,"06-2030":0.416333282,"08-2030":0.4037206502,"10-2030":0.3963902047,"12-2030":0.3848777309}}