{"median":{"02-2020":0.0607215153,"04-2020":0.065087375,"06-2020":0.0762178994,"08-2020":0.0861464851,"10-2020":0.0929738374,"12-2020":0.0964298014,"02-2021":0.0984492656,"04-2021":0.0998154982,"06-2021":0.0992707615,"08-2021":0.088819564,"10-2021":0.090422521,"12-2021":0.0879370629,"02-2022":0.0777472527,"04-2022":0.0732179982,"06-2022":0.066022856,"08-2022":0.0645774562,"10-2022":0.0569932408,"12-2022":0.0590204866,"02-2023":0.0545483397,"04-2023":0.0518518519,"06-2023":0.0516883193,"08-2023":0.0510240568,"10-2023":0.0494325164,"12-2023":0.0477831431,"02-2024":0.0465024852,"04-2024":0.0492431308,"06-2024":0.0468362364,"08-2024":0.0387887888,"10-2024":0.0372215156,"12-2024":0.0357568788,"02-2025":0.0356900452,"04-2025":0.0346153846,"06-2025":0.0340876835,"08-2025":0.0302458548,"10-2025":0.0275136693,"12-2025":0.0251347309,"02-2026":0.0219004356,"04-2026":0.0207614943,"06-2026":0.0259316174,"08-2026":0.0330205811,"10-2026":0.0303862804,"12-2026":0.0397194739,"02-2027":0.0556415216,"04-2027":0.0661746884,"06-2027":0.0834684365,"08-2027":0.1104356636,"10-2027":0.1332181449,"12-2027":0.1835678718,"02-2028":0.2595937661,"04-2028":0.3317481383,"06-2028":0.4085218667,"08-2028":0.4688237277,"10-2028":0.5183172303,"12-2028":0.5342476681,"02-2029":0.5574308174,"04-2029":0.5496031746,"06-2029":0.5446323792,"08-2029":0.5172816552,"10-2029":0.5182832435,"12-2029":0.4955260444,"02-2030":0.496333011,"04-2030":0.4910061469,"06-2030":0.482001709,"08-2030":0.4618548387,"10-2030":0.4505764572,"12-2030":0.4496298597},"percentile_25":{"02-2020":0.0324679898,"04-2020":0.0334689148,"06-2020":0.0328467153,"08-2020":0.0364390244,"10-2020":0.0343366452,"12-2020":0.0343915344,"02-2021":0.0341559653,"04-2021":0.0361319967,"06-2021":0.0340923655,"08-2021":0.0315195436,"10-2021":0.0265907651,"12-2021":0.0230328831,"02-2022":0.0175285241,"04-2022":0.0168231147,"06-2022":0.0143249358,"08-2022":0.0119939271,"10-2022":0.009187823,"12-2022":0.0074698294,"02-2023":0.0063841547,"04-2023":0.003785972,"06-2023":0.0035726331,"08-2023":0.0,"10-2023":0.0,"12-2023":0.0,"02-2024":0.0,"04-2024":0.0,"06-2024":0.0,"08-2024":0.0,"10-2024":0.0,"12-2024":0.0,"02-2025":0.0,"04-2025":0.0,"06-2025":0.0,"08-2025":0.0,"10-2025":0.0,"12-2025":0.0,"02-2026":0.0,"04-2026":0.0,"06-2026":0.0,"08-2026":0.0,"10-2026":0.0,"12-2026":0.0,"02-2027":0.0,"04-2027":0.0,"06-2027":0.0,"08-2027":0.0,"10-2027":0.0,"12-2027":0.0,"02-2028":0.0,"04-2028":0.0,"06-2028":0.0,"08-2028":0.0,"10-2028":0.0,"12-2028":0.0,"02-2029":0.0,"04-2029":0.0,"06-2029":0.0,"08-2029":0.0,"10-2029":0.0,"12-2029":0.0,"02-2030":0.0,"04-2030":0.0,"06-2030":0.0,"08-2030":0.0,"10-2030":0.0,"12-2030":0.0},"percentile_75":{"02-2020":0.1069632353,"04-2020":0.1244814815,"06-2020":0.1481833545,"08-2020":0.1695409677,"10-2020":0.1898254282,"12-2020":0.1994252874,"02-2021":0.2058913309,"04-2021":0.2042884401,"06-2021":0.2082720588,"08-2021":0.2065734266,"10-2021":0.2063270699,"12-2021":0.2019273619,"02-2022":0.1937466257,"04-2022":0.1699730831,"06-2022":0.1680150148,"08-2022":0.1606797712,"10-2022":0.1565277902,"12-2022":0.1549273465,"02-2023":0.1591020129,"04-2023":0.1531019732,"06-2023":0.1555790698,"08-2023":0.1493490576,"10-2023":0.158886619,"12-2023":0.1572485048,"02-2024":0.1593683988,"04-2024":0.1471108534,"06-2024":0.1426274921,"08-2024":0.1218856543,"10-2024":0.1340300644,"12-2024":0.121953405,"02-2025":0.1258838181,"04-2025":0.1252381777,"06-2025":0.1339489506,"08-2025":0.1414116278,"10-2025":0.1325825156,"12-2025":0.1415400718,"02-2026":0.1548088235,"04-2026":0.1825111339,"06-2026":0.2242039632,"08-2026":0.2669956584,"10-2026":0.3192489202,"12-2026":0.399701708,"02-2027":0.4764444444,"04-2027":0.5644070535,"06-2027":0.6584303711,"08-2027":0.7046346511,"10-2027":0.7318767739,"12-2027":0.7372605542,"02-2028":0.7327269761,"04-2028":0.7172043011,"06-2028":0.6992214533,"08-2028":0.6802302632,"10-2028":0.6738466312,"12-2028":0.6563289141,"02-2029":0.6464107593,"04-2029":0.6352847252,"06-2029":0.6300978951,"08-2029":0.6212440191,"10-2029":0.6128398908,"12-2029":0.5967292842,"02-2030":0.5910292289,"04-2030":0.5780684614,"06-2030":0.5509053774,"08-2030":0.5413563091,"10-2030":0.5336892232,"12-2030":0.5255175451}}