{"median":{"02-2020":0.0607215153,"04-2020":0.065087375,"06-2020":0.0762178994,"08-2020":0.0861464851,"10-2020":0.0929738374,"12-2020":0.0964298014,"02-2021":0.0984492656,"04-2021":0.0998154982,"06-2021":0.0992707615,"08-2021":0.088819564,"10-2021":0.090422521,"12-2021":0.0879370629,"02-2022":0.0805807623,"04-2022":0.0829433674,"06-2022":0.0911212933,"08-2022":0.1028156321,"10-2022":0.1203445606,"12-2022":0.1479447876,"02-2023":0.1791608392,"04-2023":0.2161174469,"06-2023":0.2541354226,"08-2023":0.2953608914,"10-2023":0.3384353741,"12-2023":0.4010610766,"02-2024":0.4748962576,"04-2024":0.5653608976,"06-2024":0.5793569527,"08-2024":0.6095798141,"10-2024":0.6035391143,"12-2024":0.6065037471,"02-2025":0.6025858299,"04-2025":0.5966829467,"06-2025":0.5949018889,"08-2025":0.5775486827,"10-2025":0.566329811,"12-2025":0.551348157,"02-2026":0.5485101643,"04-2026":0.5410719524,"06-2026":0.538914878,"08-2026":0.5287892082,"10-2026":0.5189711567,"12-2026":0.522690084,"02-2027":0.5147786838,"04-2027":0.5018743419,"06-2027":0.5052673082,"08-2027":0.4875429175,"10-2027":0.471853996,"12-2027":0.4532789192,"02-2028":0.4442669507,"04-2028":0.4329931973,"06-2028":0.4306104357,"08-2028":0.4282804679,"10-2028":0.4235000063,"12-2028":0.4200338573,"02-2029":0.4131267081,"04-2029":0.4043719473,"06-2029":0.394235322,"08-2029":0.3789504811,"10-2029":0.3760521886,"12-2029":0.3661937615,"02-2030":0.3599185256,"04-2030":0.3539540816,"06-2030":0.3553560261,"08-2030":0.3572653972,"10-2030":0.3381818182,"12-2030":0.3372690873},"percentile_25":{"02-2020":0.0324679898,"04-2020":0.0334689148,"06-2020":0.0328467153,"08-2020":0.0364390244,"10-2020":0.0343366452,"12-2020":0.0343915344,"02-2021":0.0341559653,"04-2021":0.0361319967,"06-2021":0.0340923655,"08-2021":0.0315195436,"10-2021":0.0265907651,"12-2021":0.0230328831,"02-2022":0.0181881732,"04-2022":0.0177347418,"06-2022":0.0180353551,"08-2022":0.015,"10-2022":0.0133349546,"12-2022":0.01125,"02-2023":0.0101068707,"04-2023":0.0163936161,"06-2023":0.0151670259,"08-2023":0.0193172089,"10-2023":0.0177804161,"12-2023":0.0222302767,"02-2024":0.0266921603,"04-2024":0.0299500771,"06-2024":0.029406662,"08-2024":0.0331995183,"10-2024":0.0323380941,"12-2024":0.0348378301,"02-2025":0.0394832475,"04-2025":0.0400396202,"06-2025":0.0435575976,"08-2025":0.0420579421,"10-2025":0.0495726496,"12-2025":0.0432835922,"02-2026":0.0544776119,"04-2026":0.066263044,"06-2026":0.0839925492,"08-2026":0.0968036261,"10-2026":0.1162503092,"12-2026":0.140625,"02-2027":0.1643356643,"04-2027":0.1758461558,"06-2027":0.193517386,"08-2027":0.2339527027,"10-2027":0.2577406954,"12-2027":0.2897811539,"02-2028":0.3219787273,"04-2028":0.310821382,"06-2028":0.3207068805,"08-2028":0.3380406545,"10-2028":0.3113316077,"12-2028":0.3207482234,"02-2029":0.3180397076,"04-2029":0.3152316249,"06-2029":0.2971269733,"08-2029":0.2915356286,"10-2029":0.2968320742,"12-2029":0.2703054299,"02-2030":0.2733255836,"04-2030":0.2729690522,"06-2030":0.264390692,"08-2030":0.2646744703,"10-2030":0.2679924242,"12-2030":0.2574910285},"percentile_75":{"02-2020":0.1069632353,"04-2020":0.1244814815,"06-2020":0.1481833545,"08-2020":0.1695409677,"10-2020":0.1898254282,"12-2020":0.1994252874,"02-2021":0.2058913309,"04-2021":0.2042884401,"06-2021":0.2082720588,"08-2021":0.2065734266,"10-2021":0.2063270699,"12-2021":0.2019273619,"02-2022":0.2068774704,"04-2022":0.1981757928,"06-2022":0.2202873996,"08-2022":0.2593003664,"10-2022":0.3134659091,"12-2022":0.3992439277,"02-2023":0.4940171293,"04-2023":0.5687343358,"06-2023":0.6500565611,"08-2023":0.7089641064,"10-2023":0.7191461596,"12-2023":0.7110344321,"02-2024":0.692159555,"04-2024":0.6779606209,"06-2024":0.6939544908,"08-2024":0.7080129243,"10-2024":0.7057158713,"12-2024":0.694158361,"02-2025":0.6877562101,"04-2025":0.6740991662,"06-2025":0.6645793694,"08-2025":0.6542423751,"10-2025":0.6401567703,"12-2025":0.6307911925,"02-2026":0.619047619,"04-2026":0.6074990185,"06-2026":0.5978831126,"08-2026":0.5878559232,"10-2026":0.5812670881,"12-2026":0.5876323595,"02-2027":0.584589668,"04-2027":0.567381025,"06-2027":0.5686645439,"08-2027":0.5453659518,"10-2027":0.5363007869,"12-2027":0.5151026131,"02-2028":0.5069688967,"04-2028":0.4982263607,"06-2028":0.4879708271,"08-2028":0.479872763,"10-2028":0.4761088124,"12-2028":0.4698301963,"02-2029":0.4565422477,"04-2029":0.4484165684,"06-2029":0.4410466211,"08-2029":0.4293022583,"10-2029":0.4281545303,"12-2029":0.417517278,"02-2030":0.4006975222,"04-2030":0.3969283276,"06-2030":0.4019654289,"08-2030":0.4002396229,"10-2030":0.393132671,"12-2030":0.389171113}}