{"median":{"02-2020":0.0607215153,"04-2020":0.065087375,"06-2020":0.0762178994,"08-2020":0.0861464851,"10-2020":0.0929738374,"12-2020":0.0964298014,"02-2021":0.0984492656,"04-2021":0.0998154982,"06-2021":0.0992707615,"08-2021":0.088819564,"10-2021":0.090422521,"12-2021":0.0879370629,"02-2022":0.0777472527,"04-2022":0.0732179982,"06-2022":0.066022856,"08-2022":0.0645774562,"10-2022":0.0569932408,"12-2022":0.0590204866,"02-2023":0.0545483397,"04-2023":0.0518518519,"06-2023":0.0516883193,"08-2023":0.0510240568,"10-2023":0.0494325164,"12-2023":0.0477831431,"02-2024":0.0465024852,"04-2024":0.0492431308,"06-2024":0.0468362364,"08-2024":0.0502918288,"10-2024":0.050196379,"12-2024":0.0490691278,"02-2025":0.0556523422,"04-2025":0.056013201,"06-2025":0.066013986,"08-2025":0.0946554966,"10-2025":0.1162504467,"12-2025":0.1398496241,"02-2026":0.1607262664,"04-2026":0.1965791806,"06-2026":0.2566077441,"08-2026":0.3203373687,"10-2026":0.3740802035,"12-2026":0.4299598578,"02-2027":0.4893248175,"04-2027":0.5150869242,"06-2027":0.5532487647,"08-2027":0.5674859191,"10-2027":0.560018763,"12-2027":0.544193191,"02-2028":0.5605382989,"04-2028":0.5485486049,"06-2028":0.5416982515,"08-2028":0.5154633716,"10-2028":0.510514775,"12-2028":0.5063978103,"02-2029":0.489330674,"04-2029":0.4896508355,"06-2029":0.4670246568,"08-2029":0.4510496521,"10-2029":0.4446631671,"12-2029":0.4305617449,"02-2030":0.4268707483,"04-2030":0.4246771218,"06-2030":0.4056218122,"08-2030":0.3974364044,"10-2030":0.3889705882,"12-2030":0.3816721431},"percentile_25":{"02-2020":0.0324679898,"04-2020":0.0334689148,"06-2020":0.0328467153,"08-2020":0.0364390244,"10-2020":0.0343366452,"12-2020":0.0343915344,"02-2021":0.0341559653,"04-2021":0.0361319967,"06-2021":0.0340923655,"08-2021":0.0315195436,"10-2021":0.0265907651,"12-2021":0.0230328831,"02-2022":0.0175285241,"04-2022":0.0168231147,"06-2022":0.0143249358,"08-2022":0.0119939271,"10-2022":0.009187823,"12-2022":0.0074698294,"02-2023":0.0063841547,"04-2023":0.003785972,"06-2023":0.0035726331,"08-2023":0.0,"10-2023":0.0,"12-2023":0.0,"02-2024":0.0,"04-2024":0.0,"06-2024":0.0,"08-2024":0.0,"10-2024":0.0,"12-2024":0.0,"02-2025":0.0,"04-2025":0.0,"06-2025":0.0,"08-2025":0.0,"10-2025":0.0,"12-2025":0.0,"02-2026":0.0,"04-2026":0.0,"06-2026":0.0,"08-2026":0.0,"10-2026":0.0,"12-2026":0.0,"02-2027":0.0,"04-2027":0.0,"06-2027":0.0,"08-2027":0.0,"10-2027":0.0,"12-2027":0.0,"02-2028":0.0,"04-2028":0.0,"06-2028":0.0,"08-2028":0.0,"10-2028":0.0,"12-2028":0.0,"02-2029":0.0,"04-2029":0.0,"06-2029":0.0,"08-2029":0.0,"10-2029":0.0,"12-2029":0.0,"02-2030":0.0,"04-2030":0.0,"06-2030":0.0,"08-2030":0.0,"10-2030":0.0,"12-2030":0.0},"percentile_75":{"02-2020":0.1069632353,"04-2020":0.1244814815,"06-2020":0.1481833545,"08-2020":0.1695409677,"10-2020":0.1898254282,"12-2020":0.1994252874,"02-2021":0.2058913309,"04-2021":0.2042884401,"06-2021":0.2082720588,"08-2021":0.2065734266,"10-2021":0.2063270699,"12-2021":0.2019273619,"02-2022":0.1937466257,"04-2022":0.1699730831,"06-2022":0.1680150148,"08-2022":0.1606797712,"10-2022":0.1565277902,"12-2022":0.1549273465,"02-2023":0.1591020129,"04-2023":0.1531019732,"06-2023":0.1555790698,"08-2023":0.1493490576,"10-2023":0.158886619,"12-2023":0.1572485048,"02-2024":0.1593683988,"04-2024":0.1471108534,"06-2024":0.1398173769,"08-2024":0.1350340453,"10-2024":0.1593790511,"12-2024":0.1985067691,"02-2025":0.2578810072,"04-2025":0.3218633548,"06-2025":0.4058385628,"08-2025":0.4958178439,"10-2025":0.5852224199,"12-2025":0.6559887117,"02-2026":0.6828559293,"04-2026":0.6876588983,"06-2026":0.6980420851,"08-2026":0.7108516484,"10-2026":0.6897038181,"12-2026":0.690075227,"02-2027":0.6790474042,"04-2027":0.6764250138,"06-2027":0.6780968468,"08-2027":0.6684088481,"10-2027":0.6554867645,"12-2027":0.6406343061,"02-2028":0.6321587868,"04-2028":0.6181223213,"06-2028":0.6093615101,"08-2028":0.5929160126,"10-2028":0.5850281492,"12-2028":0.5703046953,"02-2029":0.5643116412,"04-2029":0.5611694318,"06-2029":0.5483036707,"08-2029":0.5336899685,"10-2029":0.5241212995,"12-2029":0.5081742804,"02-2030":0.4982013695,"04-2030":0.4845028766,"06-2030":0.4731182796,"08-2030":0.4625149343,"10-2030":0.4626382665,"12-2030":0.4586089886}}