{"median":{"02-2020":0.0607215153,"04-2020":0.065087375,"06-2020":0.0762178994,"08-2020":0.0861464851,"10-2020":0.0929738374,"12-2020":0.0964298014,"02-2021":0.0984492656,"04-2021":0.0998154982,"06-2021":0.0992707615,"08-2021":0.088819564,"10-2021":0.090422521,"12-2021":0.0879370629,"02-2022":0.0777472527,"04-2022":0.0732179982,"06-2022":0.066022856,"08-2022":0.0645774562,"10-2022":0.0569932408,"12-2022":0.0590204866,"02-2023":0.0545483397,"04-2023":0.0518518519,"06-2023":0.0516883193,"08-2023":0.0510240568,"10-2023":0.0494325164,"12-2023":0.0477831431,"02-2024":0.0465024852,"04-2024":0.0492431308,"06-2024":0.0468362364,"08-2024":0.0387887888,"10-2024":0.0372215156,"12-2024":0.0357568788,"02-2025":0.0356900452,"04-2025":0.0346153846,"06-2025":0.032786994,"08-2025":0.0358983536,"10-2025":0.0383699781,"12-2025":0.0410727969,"02-2026":0.0474509438,"04-2026":0.0501586996,"06-2026":0.0530009197,"08-2026":0.067880527,"10-2026":0.0848143236,"12-2026":0.100436943,"02-2027":0.131344697,"04-2027":0.1546981263,"06-2027":0.1935131535,"08-2027":0.253795209,"10-2027":0.319813958,"12-2027":0.395397351,"02-2028":0.4791304348,"04-2028":0.5489771387,"06-2028":0.540030422,"08-2028":0.5313668601,"10-2028":0.5258153091,"12-2028":0.5074647575,"02-2029":0.5260967332,"04-2029":0.5154109589,"06-2029":0.5000642541,"08-2029":0.488632487,"10-2029":0.4733960892,"12-2029":0.4852734827,"02-2030":0.467648423,"04-2030":0.4474115238,"06-2030":0.4405783066,"08-2030":0.4511882415,"10-2030":0.4306493506,"12-2030":0.4245666306},"percentile_25":{"02-2020":0.0324679898,"04-2020":0.0334689148,"06-2020":0.0328467153,"08-2020":0.0364390244,"10-2020":0.0343366452,"12-2020":0.0343915344,"02-2021":0.0341559653,"04-2021":0.0361319967,"06-2021":0.0340923655,"08-2021":0.0315195436,"10-2021":0.0265907651,"12-2021":0.0230328831,"02-2022":0.0175285241,"04-2022":0.0168231147,"06-2022":0.0143249358,"08-2022":0.0119939271,"10-2022":0.009187823,"12-2022":0.0074698294,"02-2023":0.0063841547,"04-2023":0.003785972,"06-2023":0.0035726331,"08-2023":0.0,"10-2023":0.0,"12-2023":0.0,"02-2024":0.0,"04-2024":0.0,"06-2024":0.0,"08-2024":0.0,"10-2024":0.0,"12-2024":0.0,"02-2025":0.0,"04-2025":0.0,"06-2025":0.0,"08-2025":0.0,"10-2025":0.0,"12-2025":0.0,"02-2026":0.0,"04-2026":0.0,"06-2026":0.0,"08-2026":0.0,"10-2026":0.0,"12-2026":0.0,"02-2027":0.0,"04-2027":0.0,"06-2027":0.0,"08-2027":0.0,"10-2027":0.0,"12-2027":0.0,"02-2028":0.0,"04-2028":0.0,"06-2028":0.0,"08-2028":0.0,"10-2028":0.0,"12-2028":0.0,"02-2029":0.0,"04-2029":0.0,"06-2029":0.0,"08-2029":0.0,"10-2029":0.0,"12-2029":0.0,"02-2030":0.0,"04-2030":0.0,"06-2030":0.0,"08-2030":0.0,"10-2030":0.0,"12-2030":0.0},"percentile_75":{"02-2020":0.1069632353,"04-2020":0.1244814815,"06-2020":0.1481833545,"08-2020":0.1695409677,"10-2020":0.1898254282,"12-2020":0.1994252874,"02-2021":0.2058913309,"04-2021":0.2042884401,"06-2021":0.2082720588,"08-2021":0.2065734266,"10-2021":0.2063270699,"12-2021":0.2019273619,"02-2022":0.1937466257,"04-2022":0.1699730831,"06-2022":0.1680150148,"08-2022":0.1606797712,"10-2022":0.1565277902,"12-2022":0.1549273465,"02-2023":0.1591020129,"04-2023":0.1531019732,"06-2023":0.1555790698,"08-2023":0.1493490576,"10-2023":0.158886619,"12-2023":0.1572485048,"02-2024":0.1593683988,"04-2024":0.1471108534,"06-2024":0.1426274921,"08-2024":0.1218856543,"10-2024":0.1340300644,"12-2024":0.121953405,"02-2025":0.1258838181,"04-2025":0.1252381777,"06-2025":0.1344368725,"08-2025":0.1532991492,"10-2025":0.1762620412,"12-2025":0.2091715336,"02-2026":0.2626735235,"04-2026":0.3270418668,"06-2026":0.4228303553,"08-2026":0.5035767463,"10-2026":0.5662534435,"12-2026":0.6570545121,"02-2027":0.7080111684,"04-2027":0.7259752809,"06-2027":0.7383171913,"08-2027":0.7248636608,"10-2027":0.7360860556,"12-2027":0.7204123711,"02-2028":0.691290139,"04-2028":0.6663481062,"06-2028":0.6453711855,"08-2028":0.6451920025,"10-2028":0.6391447368,"12-2028":0.629524275,"02-2029":0.6196643858,"04-2029":0.601183085,"06-2029":0.5951998757,"08-2029":0.5831084821,"10-2029":0.5759182909,"12-2029":0.5666959877,"02-2030":0.5550738775,"04-2030":0.5368868758,"06-2030":0.5216684435,"08-2030":0.5141510157,"10-2030":0.5131365114,"12-2030":0.5041732752}}