{"median":{"02-2020":0.0555555556,"04-2020":0.0566373456,"06-2020":0.0568643755,"08-2020":0.0570757132,"10-2020":0.0579483888,"12-2020":0.0619255061,"02-2021":0.0590727817,"04-2021":0.0578036828,"06-2021":0.0569793061,"08-2021":0.0568385452,"10-2021":0.0518397118,"12-2021":0.0506824538,"02-2022":0.0475233772,"04-2022":0.0447321841,"06-2022":0.044550173,"08-2022":0.0498530008,"10-2022":0.0555735294,"12-2022":0.0704202899,"02-2023":0.0864695341,"04-2023":0.1003972698,"06-2023":0.1168939394,"08-2023":0.1409723694,"10-2023":0.1707213436,"12-2023":0.2221590909,"02-2024":0.250929368,"04-2024":0.3147574819,"06-2024":0.3633006727,"08-2024":0.3894168894,"10-2024":0.4531336244,"12-2024":0.5207191647,"02-2025":0.5647344672,"04-2025":0.5615546218,"06-2025":0.5587460955,"08-2025":0.5636397297,"10-2025":0.5569777852,"12-2025":0.5480466768,"02-2026":0.5461215247,"04-2026":0.5307324178,"06-2026":0.5220654122,"08-2026":0.5161557581,"10-2026":0.5187980552,"12-2026":0.5068298368,"02-2027":0.5018384589,"04-2027":0.4922732987,"06-2027":0.4982515559,"08-2027":0.4854936121,"10-2027":0.4641305682,"12-2027":0.4522560199,"02-2028":0.4348797251,"04-2028":0.4361756976,"06-2028":0.4288185863,"08-2028":0.4131671788,"10-2028":0.4051094891,"12-2028":0.4017788781,"02-2029":0.3951833154,"04-2029":0.3865557137,"06-2029":0.382260101,"08-2029":0.3644605504,"10-2029":0.3587173385,"12-2029":0.3458333333,"02-2030":0.3440555841,"04-2030":0.3414837728,"06-2030":0.332148898,"08-2030":0.3259931438,"10-2030":0.3223017293,"12-2030":0.3308267488},"percentile_25":{"02-2020":0.0297681335,"04-2020":0.0289828305,"06-2020":0.0292576591,"08-2020":0.028803507,"10-2020":0.027097561,"12-2020":0.0217997018,"02-2021":0.0186236984,"04-2021":0.0151957,"06-2021":0.0115389697,"08-2021":0.0078819788,"10-2021":0.0040264755,"12-2021":0.0035938991,"02-2022":0.0,"04-2022":0.0,"06-2022":0.0,"08-2022":0.0,"10-2022":0.0,"12-2022":0.0,"02-2023":0.0,"04-2023":0.0,"06-2023":0.0,"08-2023":0.0,"10-2023":0.0,"12-2023":0.0,"02-2024":0.0,"04-2024":0.0,"06-2024":0.0,"08-2024":0.0,"10-2024":0.0,"12-2024":0.0,"02-2025":0.0,"04-2025":0.0,"06-2025":0.0,"08-2025":0.0,"10-2025":0.0,"12-2025":0.0,"02-2026":0.0,"04-2026":0.0,"06-2026":0.0,"08-2026":0.0,"10-2026":0.0,"12-2026":0.0,"02-2027":0.0,"04-2027":0.0,"06-2027":0.0,"08-2027":0.0,"10-2027":0.0,"12-2027":0.0,"02-2028":0.0,"04-2028":0.0,"06-2028":0.0,"08-2028":0.0,"10-2028":0.0,"12-2028":0.0,"02-2029":0.0,"04-2029":0.0,"06-2029":0.0,"08-2029":0.0,"10-2029":0.0,"12-2029":0.0,"02-2030":0.0,"04-2030":0.0,"06-2030":0.0,"08-2030":0.0,"10-2030":0.0,"12-2030":0.0},"percentile_75":{"02-2020":0.0955767635,"04-2020":0.0984959377,"06-2020":0.1038766308,"08-2020":0.1107044017,"10-2020":0.1116114329,"12-2020":0.1156293964,"02-2021":0.1199473505,"04-2021":0.1168258002,"06-2021":0.1201845907,"08-2021":0.1189418003,"10-2021":0.1212022569,"12-2021":0.120155642,"02-2022":0.1288947368,"04-2022":0.1458083028,"06-2022":0.1765451275,"08-2022":0.1985847878,"10-2022":0.244214384,"12-2022":0.3092304625,"02-2023":0.3897628436,"04-2023":0.4885380344,"06-2023":0.5669019734,"08-2023":0.6766454688,"10-2023":0.7075645756,"12-2023":0.7181141439,"02-2024":0.7231028784,"04-2024":0.7086199648,"06-2024":0.7017578125,"08-2024":0.6925396563,"10-2024":0.6853744022,"12-2024":0.688856305,"02-2025":0.6682161235,"04-2025":0.6588147197,"06-2025":0.6642133757,"08-2025":0.6443014706,"10-2025":0.6381494671,"12-2025":0.6260227273,"02-2026":0.6156737999,"04-2026":0.6053171869,"06-2026":0.5950136218,"08-2026":0.5982113106,"10-2026":0.5874319845,"12-2026":0.5733823529,"02-2027":0.5754447566,"04-2027":0.5685213594,"06-2027":0.5695945066,"08-2027":0.5524178225,"10-2027":0.5508230205,"12-2027":0.5217757283,"02-2028":0.5105164373,"04-2028":0.5,"06-2028":0.4884232062,"08-2028":0.4705811808,"10-2028":0.465128994,"12-2028":0.4536363636,"02-2029":0.4542156787,"04-2029":0.4475748194,"06-2029":0.4405070937,"08-2029":0.4372664513,"10-2029":0.4313835025,"12-2029":0.4140354509,"02-2030":0.4028159341,"04-2030":0.4029376243,"06-2030":0.3906343061,"08-2030":0.387660003,"10-2030":0.380057455,"12-2030":0.3755600789}}