{"median":{"02-2020":0.0607215153,"04-2020":0.065087375,"06-2020":0.0762178994,"08-2020":0.0861464851,"10-2020":0.0929738374,"12-2020":0.0964298014,"02-2021":0.0984492656,"04-2021":0.0998154982,"06-2021":0.0992707615,"08-2021":0.088819564,"10-2021":0.090422521,"12-2021":0.0879370629,"02-2022":0.0777472527,"04-2022":0.0732179982,"06-2022":0.066022856,"08-2022":0.0645774562,"10-2022":0.0569932408,"12-2022":0.0590204866,"02-2023":0.0545483397,"04-2023":0.0518518519,"06-2023":0.0516883193,"08-2023":0.0510240568,"10-2023":0.0494325164,"12-2023":0.0477831431,"02-2024":0.0465024852,"04-2024":0.0492431308,"06-2024":0.0468362364,"08-2024":0.0387887888,"10-2024":0.0372215156,"12-2024":0.0357568788,"02-2025":0.0356900452,"04-2025":0.0346153846,"06-2025":0.0340876835,"08-2025":0.0302458548,"10-2025":0.0275136693,"12-2025":0.0251347309,"02-2026":0.0219827413,"04-2026":0.0213225269,"06-2026":0.0182952934,"08-2026":0.0165331342,"10-2026":0.0134337562,"12-2026":0.0110632691,"02-2027":0.0144882501,"04-2027":0.0140984016,"06-2027":0.0107148324,"08-2027":0.0068626989,"10-2027":0.0067458421,"12-2027":0.0050938967,"02-2028":0.0068152792,"04-2028":0.0035188621,"06-2028":0.0033112583,"08-2028":0.0,"10-2028":0.0,"12-2028":0.0,"02-2029":0.0,"04-2029":0.0,"06-2029":0.0,"08-2029":0.0,"10-2029":0.0,"12-2029":0.0,"02-2030":0.0,"04-2030":0.0,"06-2030":0.0,"08-2030":0.0,"10-2030":0.0,"12-2030":0.0},"percentile_25":{"02-2020":0.0324679898,"04-2020":0.0334689148,"06-2020":0.0328467153,"08-2020":0.0364390244,"10-2020":0.0343366452,"12-2020":0.0343915344,"02-2021":0.0341559653,"04-2021":0.0361319967,"06-2021":0.0340923655,"08-2021":0.0315195436,"10-2021":0.0265907651,"12-2021":0.0230328831,"02-2022":0.0175285241,"04-2022":0.0168231147,"06-2022":0.0143249358,"08-2022":0.0119939271,"10-2022":0.009187823,"12-2022":0.0074698294,"02-2023":0.0063841547,"04-2023":0.003785972,"06-2023":0.0035726331,"08-2023":0.0,"10-2023":0.0,"12-2023":0.0,"02-2024":0.0,"04-2024":0.0,"06-2024":0.0,"08-2024":0.0,"10-2024":0.0,"12-2024":0.0,"02-2025":0.0,"04-2025":0.0,"06-2025":0.0,"08-2025":0.0,"10-2025":0.0,"12-2025":0.0,"02-2026":0.0,"04-2026":0.0,"06-2026":0.0,"08-2026":0.0,"10-2026":0.0,"12-2026":0.0,"02-2027":0.0,"04-2027":0.0,"06-2027":0.0,"08-2027":0.0,"10-2027":0.0,"12-2027":0.0,"02-2028":0.0,"04-2028":0.0,"06-2028":0.0,"08-2028":0.0,"10-2028":0.0,"12-2028":0.0,"02-2029":0.0,"04-2029":0.0,"06-2029":0.0,"08-2029":0.0,"10-2029":0.0,"12-2029":0.0,"02-2030":0.0,"04-2030":0.0,"06-2030":0.0,"08-2030":0.0,"10-2030":0.0,"12-2030":0.0},"percentile_75":{"02-2020":0.1069632353,"04-2020":0.1244814815,"06-2020":0.1481833545,"08-2020":0.1695409677,"10-2020":0.1898254282,"12-2020":0.1994252874,"02-2021":0.2058913309,"04-2021":0.2042884401,"06-2021":0.2082720588,"08-2021":0.2065734266,"10-2021":0.2063270699,"12-2021":0.2019273619,"02-2022":0.1937466257,"04-2022":0.1699730831,"06-2022":0.1680150148,"08-2022":0.1606797712,"10-2022":0.1565277902,"12-2022":0.1549273465,"02-2023":0.1591020129,"04-2023":0.1531019732,"06-2023":0.1555790698,"08-2023":0.1493490576,"10-2023":0.158886619,"12-2023":0.1572485048,"02-2024":0.1593683988,"04-2024":0.1471108534,"06-2024":0.1426274921,"08-2024":0.1218856543,"10-2024":0.1340300644,"12-2024":0.121953405,"02-2025":0.1258838181,"04-2025":0.1252381777,"06-2025":0.1339489506,"08-2025":0.1414116278,"10-2025":0.1325825156,"12-2025":0.1415400718,"02-2026":0.1489737933,"04-2026":0.1416925466,"06-2026":0.1500163039,"08-2026":0.153510909,"10-2026":0.1540544127,"12-2026":0.1711518157,"02-2027":0.1745329181,"04-2027":0.1815656566,"06-2027":0.1921349467,"08-2027":0.2054195804,"10-2027":0.1998529555,"12-2027":0.2016621932,"02-2028":0.208800174,"04-2028":0.2065456546,"06-2028":0.2196467195,"08-2028":0.2342957746,"10-2028":0.2643271289,"12-2028":0.3258214134,"02-2029":0.4050702895,"04-2029":0.4796920935,"06-2029":0.5677064295,"08-2029":0.6420918866,"10-2029":0.6850547316,"12-2029":0.6979572872,"02-2030":0.7120232774,"04-2030":0.7108696547,"06-2030":0.6897157853,"08-2030":0.6714785677,"10-2030":0.658898115,"12-2030":0.6509858834}}