{"median":{"02-2020":0.0555555556,"04-2020":0.0566373456,"06-2020":0.0568643755,"08-2020":0.0570757132,"10-2020":0.0579483888,"12-2020":0.0619255061,"02-2021":0.0590727817,"04-2021":0.0578036828,"06-2021":0.0583941606,"08-2021":0.0598688,"10-2021":0.0568704044,"12-2021":0.0579228292,"02-2022":0.065599245,"04-2022":0.0748488869,"06-2022":0.0934699821,"08-2022":0.1169630643,"10-2022":0.1342975521,"12-2022":0.1636840305,"02-2023":0.1992947997,"04-2023":0.2490184694,"06-2023":0.2937340643,"08-2023":0.3390696524,"10-2023":0.3840892681,"12-2023":0.4355497575,"02-2024":0.4752895753,"04-2024":0.5496012198,"06-2024":0.5759132498,"08-2024":0.59001443,"10-2024":0.5899479213,"12-2024":0.5852938142,"02-2025":0.5842374537,"04-2025":0.5746290282,"06-2025":0.561241678,"08-2025":0.5563053613,"10-2025":0.5525424396,"12-2025":0.5413561077,"02-2026":0.5400153397,"04-2026":0.5261185305,"06-2026":0.5140031336,"08-2026":0.5051729674,"10-2026":0.4991289199,"12-2026":0.5,"02-2027":0.5,"04-2027":0.479362888,"06-2027":0.4947326918,"08-2027":0.4749997222,"10-2027":0.467875943,"12-2027":0.4444330228,"02-2028":0.4311684444,"04-2028":0.4261731733,"06-2028":0.4187907771,"08-2028":0.4014421475,"10-2028":0.397810219,"12-2028":0.3889676113,"02-2029":0.3846153846,"04-2029":0.3803104575,"06-2029":0.3701823949,"08-2029":0.3601535129,"10-2029":0.3532790309,"12-2029":0.3400785039,"02-2030":0.3460969565,"04-2030":0.3411030096,"06-2030":0.3407164264,"08-2030":0.328036732,"10-2030":0.3308121247,"12-2030":0.3265277778},"percentile_25":{"02-2020":0.0297681335,"04-2020":0.0289828305,"06-2020":0.0292576591,"08-2020":0.028803507,"10-2020":0.027097561,"12-2020":0.0217997018,"02-2021":0.0186236984,"04-2021":0.0151957,"06-2021":0.0115498541,"08-2021":0.007477333,"10-2021":0.0038986797,"12-2021":0.0037750042,"02-2022":0.002851711,"04-2022":0.0,"06-2022":0.0,"08-2022":0.0,"10-2022":0.0,"12-2022":0.0,"02-2023":0.0,"04-2023":0.0,"06-2023":0.0,"08-2023":0.0,"10-2023":0.0,"12-2023":0.0,"02-2024":0.0,"04-2024":0.0,"06-2024":0.0,"08-2024":0.0,"10-2024":0.0,"12-2024":0.0,"02-2025":0.0,"04-2025":0.0,"06-2025":0.0,"08-2025":0.0,"10-2025":0.0,"12-2025":0.0,"02-2026":0.0,"04-2026":0.0,"06-2026":0.0,"08-2026":0.0,"10-2026":0.0,"12-2026":0.0,"02-2027":0.0,"04-2027":0.0,"06-2027":0.0,"08-2027":0.0,"10-2027":0.0,"12-2027":0.0,"02-2028":0.0,"04-2028":0.0,"06-2028":0.0,"08-2028":0.0,"10-2028":0.0,"12-2028":0.0,"02-2029":0.0,"04-2029":0.0,"06-2029":0.0,"08-2029":0.0,"10-2029":0.0,"12-2029":0.0,"02-2030":0.0,"04-2030":0.0,"06-2030":0.0,"08-2030":0.0,"10-2030":0.0,"12-2030":0.0},"percentile_75":{"02-2020":0.0955767635,"04-2020":0.0984959377,"06-2020":0.1038766308,"08-2020":0.1107044017,"10-2020":0.1116114329,"12-2020":0.1156293964,"02-2021":0.1199473505,"04-2021":0.1168258002,"06-2021":0.1241940981,"08-2021":0.127904087,"10-2021":0.1401056958,"12-2021":0.1616214721,"02-2022":0.1991328984,"04-2022":0.2502340824,"06-2022":0.2980371758,"08-2022":0.3716124661,"10-2022":0.4784720527,"12-2022":0.5728839478,"02-2023":0.6547744273,"04-2023":0.707215251,"06-2023":0.7290661945,"08-2023":0.73284471,"10-2023":0.7246197382,"12-2023":0.7132426376,"02-2024":0.7117086237,"04-2024":0.7118893659,"06-2024":0.6849524881,"08-2024":0.6754260072,"10-2024":0.6658305463,"12-2024":0.6578561193,"02-2025":0.6441909,"04-2025":0.6333546221,"06-2025":0.6281407542,"08-2025":0.6245336624,"10-2025":0.6162468892,"12-2025":0.60790938,"02-2026":0.5960310777,"04-2026":0.5960214072,"06-2026":0.5741298527,"08-2026":0.5693950178,"10-2026":0.5660122052,"12-2026":0.5586088676,"02-2027":0.557708367,"04-2027":0.5496980676,"06-2027":0.5510743663,"08-2027":0.5375295508,"10-2027":0.5250508448,"12-2027":0.4987785016,"02-2028":0.4852124183,"04-2028":0.4758841727,"06-2028":0.4779816752,"08-2028":0.4621234279,"10-2028":0.4559468524,"12-2028":0.4451053031,"02-2029":0.4365026596,"04-2029":0.4332155521,"06-2029":0.4189303552,"08-2029":0.4170539356,"10-2029":0.4054744675,"12-2029":0.4035524739,"02-2030":0.3954781106,"04-2030":0.3892677373,"06-2030":0.3806628576,"08-2030":0.3782434738,"10-2030":0.3764609631,"12-2030":0.3779491118}}