{"median":{"02-2020":0.0607215153,"04-2020":0.065087375,"06-2020":0.0762178994,"08-2020":0.0861464851,"10-2020":0.0929738374,"12-2020":0.0964298014,"02-2021":0.0984492656,"04-2021":0.0998154982,"06-2021":0.0992707615,"08-2021":0.088819564,"10-2021":0.090422521,"12-2021":0.0879370629,"02-2022":0.0777472527,"04-2022":0.0732179982,"06-2022":0.066022856,"08-2022":0.0645774562,"10-2022":0.0569932408,"12-2022":0.0590204866,"02-2023":0.0545483397,"04-2023":0.0518518519,"06-2023":0.0516883193,"08-2023":0.0510240568,"10-2023":0.0494325164,"12-2023":0.0477831431,"02-2024":0.0534351145,"04-2024":0.0602831197,"06-2024":0.0689817194,"08-2024":0.0795739978,"10-2024":0.0926654741,"12-2024":0.0995153253,"02-2025":0.1235035072,"04-2025":0.1490079688,"06-2025":0.195262125,"08-2025":0.2593575719,"10-2025":0.3207468343,"12-2025":0.3867861523,"02-2026":0.475912999,"04-2026":0.5286863719,"06-2026":0.5739768683,"08-2026":0.5807776528,"10-2026":0.587038231,"12-2026":0.5797141248,"02-2027":0.5945079683,"04-2027":0.5774794929,"06-2027":0.5861634372,"08-2027":0.5810334983,"10-2027":0.5613520024,"12-2027":0.5372587197,"02-2028":0.5180620762,"04-2028":0.5051311688,"06-2028":0.5008196721,"08-2028":0.4991467577,"10-2028":0.5043806082,"12-2028":0.4964146191,"02-2029":0.4753282876,"04-2029":0.4696238721,"06-2029":0.4506318504,"08-2029":0.4354830421,"10-2029":0.4277978339,"12-2029":0.413539283,"02-2030":0.413990957,"04-2030":0.4092664093,"06-2030":0.4003745318,"08-2030":0.3829733707,"10-2030":0.3756461993,"12-2030":0.3643266765},"percentile_25":{"02-2020":0.0324679898,"04-2020":0.0334689148,"06-2020":0.0328467153,"08-2020":0.0364390244,"10-2020":0.0343366452,"12-2020":0.0343915344,"02-2021":0.0341559653,"04-2021":0.0361319967,"06-2021":0.0340923655,"08-2021":0.0315195436,"10-2021":0.0265907651,"12-2021":0.0230328831,"02-2022":0.0175285241,"04-2022":0.0168231147,"06-2022":0.0143249358,"08-2022":0.0119939271,"10-2022":0.009187823,"12-2022":0.0074698294,"02-2023":0.0063841547,"04-2023":0.003785972,"06-2023":0.0035726331,"08-2023":0.0,"10-2023":0.0,"12-2023":0.0,"02-2024":0.0,"04-2024":0.0,"06-2024":0.0,"08-2024":0.0,"10-2024":0.0,"12-2024":0.0,"02-2025":0.0,"04-2025":0.0,"06-2025":0.0,"08-2025":0.0,"10-2025":0.0,"12-2025":0.0,"02-2026":0.0,"04-2026":0.0,"06-2026":0.0,"08-2026":0.0,"10-2026":0.0,"12-2026":0.0,"02-2027":0.0,"04-2027":0.0,"06-2027":0.0,"08-2027":0.0,"10-2027":0.0,"12-2027":0.0,"02-2028":0.0,"04-2028":0.0,"06-2028":0.0,"08-2028":0.0,"10-2028":0.0,"12-2028":0.0,"02-2029":0.0,"04-2029":0.0,"06-2029":0.0,"08-2029":0.0,"10-2029":0.0,"12-2029":0.0,"02-2030":0.0,"04-2030":0.0,"06-2030":0.0,"08-2030":0.0,"10-2030":0.0,"12-2030":0.0},"percentile_75":{"02-2020":0.1069632353,"04-2020":0.1244814815,"06-2020":0.1481833545,"08-2020":0.1695409677,"10-2020":0.1898254282,"12-2020":0.1994252874,"02-2021":0.2058913309,"04-2021":0.2042884401,"06-2021":0.2082720588,"08-2021":0.2065734266,"10-2021":0.2063270699,"12-2021":0.2019273619,"02-2022":0.1937466257,"04-2022":0.1699730831,"06-2022":0.1680150148,"08-2022":0.1606797712,"10-2022":0.1565277902,"12-2022":0.1549273465,"02-2023":0.1591020129,"04-2023":0.1531019732,"06-2023":0.1555790698,"08-2023":0.1493490576,"10-2023":0.158886619,"12-2023":0.1572485048,"02-2024":0.1709443574,"04-2024":0.1827517843,"06-2024":0.1859834485,"08-2024":0.2315232477,"10-2024":0.2959642532,"12-2024":0.3616851169,"02-2025":0.4665481577,"04-2025":0.5552900296,"06-2025":0.6300398955,"08-2025":0.6897768188,"10-2025":0.7009860417,"12-2025":0.7157842158,"02-2026":0.7126623377,"04-2026":0.7201733275,"06-2026":0.711080299,"08-2026":0.6949120204,"10-2026":0.6721854509,"12-2026":0.6776862027,"02-2027":0.6727347418,"04-2027":0.6597112028,"06-2027":0.6598639456,"08-2027":0.6467532468,"10-2027":0.6418357167,"12-2027":0.6146796714,"02-2028":0.6,"04-2028":0.5973921911,"06-2028":0.5842136587,"08-2028":0.5745792868,"10-2028":0.5700368045,"12-2028":0.5618022717,"02-2029":0.543172936,"04-2029":0.5272256784,"06-2029":0.511986726,"08-2029":0.5004295533,"10-2029":0.4910684172,"12-2029":0.480129717,"02-2030":0.4690536661,"04-2030":0.4502622378,"06-2030":0.4483554581,"08-2030":0.4366477273,"10-2030":0.4199217097,"12-2030":0.4180427649}}