{"median":{"02-2005":0.3660287081,"04-2005":0.3610534809,"06-2005":0.3516465444,"08-2005":0.3611701942,"10-2005":0.3598418972,"12-2005":0.3657759738,"02-2006":0.3341228422,"04-2006":0.2894254868,"06-2006":0.2450953238,"08-2006":0.2092050209,"10-2006":0.1917517007,"12-2006":0.173990933,"02-2007":0.1506972112,"04-2007":0.1254901961,"06-2007":0.1124515504,"08-2007":0.098943,"10-2007":0.0903736298,"12-2007":0.0882177612,"02-2008":0.083499336,"04-2008":0.0700389105,"06-2008":0.0679892142,"08-2008":0.0676535793,"10-2008":0.0685483871,"12-2008":0.0657109125,"02-2009":0.0625010851,"04-2009":0.0573632641,"06-2009":0.0531357128,"08-2009":0.0524227642,"10-2009":0.0512829879,"12-2009":0.0506082845,"02-2010":0.0447161861,"04-2010":0.0392378216,"06-2010":0.0384079586,"08-2010":0.0370376643,"10-2010":0.0392180988,"12-2010":0.0407333665,"02-2011":0.0404081633,"04-2011":0.0379231424,"06-2011":0.0391059079,"08-2011":0.0400880491,"10-2011":0.0402546491,"12-2011":0.0438253968,"02-2012":0.0421698433,"04-2012":0.0399330464,"06-2012":0.0391370933,"08-2012":0.0374234932,"10-2012":0.0383041147,"12-2012":0.0421462126,"02-2013":0.0401622784,"04-2013":0.04,"06-2013":0.0414314087,"08-2013":0.0424148759,"10-2013":0.0405479452,"12-2013":0.0434640747,"02-2014":0.0443021593,"04-2014":0.0439613527,"06-2014":0.0421891433,"08-2014":0.0421819847,"10-2014":0.0442700742,"12-2014":0.048649957,"02-2015":0.0494303724,"04-2015":0.0473174367,"06-2015":0.0447276362,"08-2015":0.0451762523,"10-2015":0.0494553976,"12-2015":0.0505870392,"02-2016":0.0500965251,"04-2016":0.0508475981,"06-2016":0.0486918707,"08-2016":0.0491274483,"10-2016":0.0540935673,"12-2016":0.0561868687,"02-2017":0.0561954887,"04-2017":0.0565872857,"06-2017":0.0534988484,"08-2017":0.0549639364,"10-2017":0.0571973828,"12-2017":0.061579176,"02-2018":0.063670412,"04-2018":0.0652651281,"06-2018":0.0677628469,"08-2018":0.06841133,"10-2018":0.0747241283,"12-2018":0.0808175034,"02-2019":0.083499336,"04-2019":0.0753637691,"06-2019":0.0708994709,"08-2019":0.0738542579,"10-2019":0.0763497571,"12-2019":0.0827202899},"percentile_25":{"02-2005":0.2767857143,"04-2005":0.2854395604,"06-2005":0.2936072614,"08-2005":0.2936170213,"10-2005":0.2916199552,"12-2005":0.2907081352,"02-2006":0.2705341898,"04-2006":0.2338281698,"06-2006":0.1965762977,"08-2006":0.1670121804,"10-2006":0.145812247,"12-2006":0.1239917355,"02-2007":0.1036569149,"04-2007":0.0865990381,"06-2007":0.0716420034,"08-2007":0.0605457909,"10-2007":0.057854179,"12-2007":0.0587825619,"02-2008":0.0547634271,"04-2008":0.0463647484,"06-2008":0.0401204819,"08-2008":0.0387573475,"10-2008":0.0396925841,"12-2008":0.0369614512,"02-2009":0.0349423564,"04-2009":0.0327868852,"06-2009":0.03125,"08-2009":0.0294474088,"10-2009":0.026515278,"12-2009":0.0260029856,"02-2010":0.0209430245,"04-2010":0.0171536797,"06-2010":0.0165297654,"08-2010":0.0158737599,"10-2010":0.0163779371,"12-2010":0.0166675276,"02-2011":0.0156709559,"04-2011":0.0129310345,"06-2011":0.0124225193,"08-2011":0.0129034041,"10-2011":0.0150382268,"12-2011":0.0130168169,"02-2012":0.012739025,"04-2012":0.0120123351,"06-2012":0.0122592593,"08-2012":0.0120481928,"10-2012":0.012282536,"12-2012":0.0150801532,"02-2013":0.0143585868,"04-2013":0.012345679,"06-2013":0.0122713075,"08-2013":0.0120361446,"10-2013":0.0127933507,"12-2013":0.0118697479,"02-2014":0.014254386,"04-2014":0.0119761905,"06-2014":0.0118344571,"08-2014":0.0131446529,"10-2014":0.016021718,"12-2014":0.017703202,"02-2015":0.015180429,"04-2015":0.0129182879,"06-2015":0.0119761905,"08-2015":0.0145958639,"10-2015":0.012739025,"12-2015":0.0151662426,"02-2016":0.0121213599,"04-2016":0.0120973595,"06-2016":0.0120967742,"08-2016":0.0126719736,"10-2016":0.0156557565,"12-2016":0.0182831676,"02-2017":0.0189085653,"04-2017":0.0185712919,"06-2017":0.018691784,"08-2017":0.0218931475,"10-2017":0.0237165179,"12-2017":0.0262911492,"02-2018":0.0230548187,"04-2018":0.0229231975,"06-2018":0.0238571406,"08-2018":0.0272373541,"10-2018":0.0305053261,"12-2018":0.0309798913,"02-2019":0.03258693,"04-2019":0.0303685795,"06-2019":0.0309798913,"08-2019":0.0335199005,"10-2019":0.037454748,"12-2019":0.0391134085},"percentile_75":{"02-2005":0.4297124335,"04-2005":0.4305474923,"06-2005":0.4452027879,"08-2005":0.4359784076,"10-2005":0.4293181309,"12-2005":0.425731982,"02-2006":0.3850280621,"04-2006":0.3333333333,"06-2006":0.2831969566,"08-2006":0.2489029536,"10-2006":0.225485742,"12-2006":0.2123854827,"02-2007":0.1867704657,"04-2007":0.1610367893,"06-2007":0.1414835165,"08-2007":0.1294307792,"10-2007":0.1305771787,"12-2007":0.1326945932,"02-2008":0.1266287284,"04-2008":0.1139777719,"06-2008":0.1062682927,"08-2008":0.1028133202,"10-2008":0.1046615603,"12-2008":0.1100562588,"02-2009":0.1016059435,"04-2009":0.0917385057,"06-2009":0.0860580633,"08-2009":0.0798800589,"10-2009":0.0843018058,"12-2009":0.0887229027,"02-2010":0.0818006215,"04-2010":0.0764826776,"06-2010":0.0697446975,"08-2010":0.0701841735,"10-2010":0.0753241107,"12-2010":0.0753263052,"02-2011":0.0764341591,"04-2011":0.0732453957,"06-2011":0.0766396635,"08-2011":0.0732148224,"10-2011":0.0732763172,"12-2011":0.0820578231,"02-2012":0.0886454183,"04-2012":0.0867139959,"06-2012":0.0807348985,"08-2012":0.0843373494,"10-2012":0.0878995816,"12-2012":0.0882755921,"02-2013":0.0876395188,"04-2013":0.0832406639,"06-2013":0.0846815835,"08-2013":0.0924838595,"10-2013":0.0927002083,"12-2013":0.0996887967,"02-2014":0.1020382771,"04-2014":0.093591339,"06-2014":0.0971935601,"08-2014":0.1022231909,"10-2014":0.1113116727,"12-2014":0.12772907,"02-2015":0.1213614458,"04-2015":0.1173238526,"06-2015":0.1228651035,"08-2015":0.1203760008,"10-2015":0.1191233782,"12-2015":0.1268275862,"02-2016":0.1229149852,"04-2016":0.1170576735,"06-2016":0.1216177839,"08-2016":0.125246063,"10-2016":0.1285825119,"12-2016":0.1524942304,"02-2017":0.1602130396,"04-2017":0.1550387597,"06-2017":0.1466248038,"08-2017":0.1634496774,"10-2017":0.1654541218,"12-2017":0.1743265993,"02-2018":0.166394453,"04-2018":0.154393039,"06-2018":0.1534461095,"08-2018":0.1538461538,"10-2018":0.1694033339,"12-2018":0.1783892383,"02-2019":0.169745884,"04-2019":0.1600581629,"06-2019":0.1496082648,"08-2019":0.14511704,"10-2019":0.1497756845,"12-2019":0.1626272488}}